—ίa8”N@’n‰Ώφ¦’n“_ƒf[ƒ^κ——,,,,,,,,,,,,,,,,,,,,,,,,,,,,,,,,,,,,,,,,,,,,,,
p‘±’n“_,“s“Ή•{§s‹ζ’¬‘ΊƒR[ƒh,‘ΞΫ”Nia—οj,•W€’n–Ό,•W€’n”Τ†i—p“rj,•W€’n”Τ†iA”Τj,‹ζs’¬‘Ί–Ό,’n”Τ,Z‹•\¦,“–”N‰Ώii‰~j,‘O”N‰Ώii‰~j,‘Ξ‘O”N•Ο“®—¦i“j,’nΟi‡uj,`σ‹ζ•ª,Τϋi”δ—¦j,‰si”δ—¦j,——p‚Μ»‹µ,\‘Ά,’nγK,’n‰ΊK,ό•Σ‚Μ“y’n‚Μ——p‚Μ»‹µ,‘O–Κ“ΉH‹ζ•ª,‘O–Κ“ΉH‚Μ•ϋΚ,‘O–Κ“ΉH‚Μ•υ(m),‘O–Κ“ΉH‚Μ‰w‘O‹ζ•ª,‘¤“Ή‹ζ•ª,‘¤“Ή•ϋΚ,ƒKƒX,…“Ή,‰Ί…“Ή,ε—vπ’Κ{έ,π’Κ{έ‚Ζ‚Μ‹ίΪ‹ζ•ª,π’Κ{έ‚ά‚Ε‚Μ“ΉH‹——£im),—p“r‹ζ•ª,–h‰Ξ’nζ,w’θ•Α—¦i“j,w’θ—eΟ—¦i“j,„‘—eΟ—¦l—¶‹ζ•ª,‹ζζ‹ζ•ª,X—Ρ–@,φ‰€–@,‹¤’Κ’n“_‹ζ•ª,‘O‰ρ’n‰Ώ’²Έ“s“Ή•{§s‹ζ’¬‘ΊƒR[ƒh,‘O‰ρ’n‰Ώ’²Έ”Τ†i—p“rj,‘O‰ρ’n‰Ώ’²Έ”Τ†iA”Τj,‘O‰ρ’n‰Ώ’²Έ‰Ώii‰~j,‘Ξ‘O‰ρ’n‰Ώ’²Έ•Ο“®—¦i“j
Z,13101 ,8 ,η‘γ“c,0 ,1 ,η‘γ“c‹ζ,O”Τ’¬‚U”Τ‚Q‚T,,"4,410,000 ","3,960,000 ",11.4 ,969 ,,1,1.5,‹¤“―Z‘ξ,‚r‚q‚b,10F,,ƒ}ƒ“ƒVƒ‡ƒ“AZ‘ξA––±“™‚ª¬έ‚·‚ιZ‘ξ’nζ,‹ζ“Ή,“μ,11,,,,ƒKƒX,…“Ή,‰Ί…“Ή,”Ό‘ –ε,,500 ,‚QZ‹,–h‰Ξ,60 ,400 ,,,,,,,,,,
Z,13101 ,8 ,η‘γ“c,0 ,2 ,η‘γ“c‹ζ,‹I”φδ’¬‚R”Τ‚Q‚VO,‹I”φδ’¬‚R|‚R‚Q,"2,800,000 ","2,530,000 ",10.7 ,535 ,,1,1,‹¤“―Z‘ξ,‚q‚b,5F,,’†‘w‚Μƒ}ƒ“ƒVƒ‡ƒ“A––±“™‚ª¬έ‚·‚ιZ‘ξ’nζ,‹ζ“Ή,–k,5.4,,,,ƒKƒX,…“Ή,‰Ί…“Ή,‰i“c’¬,,300 ,‚QZ‹,–h‰Ξ,60 ,400 ,,,,,,,,,,
Z,13101 ,8 ,η‘γ“c,0 ,3 ,η‘γ“c‹ζ,Z”Τ’¬‚U”Τ‚PO,,"5,300,000 ","4,830,000 ",9.7 ,"2,266 ",,1,1,‹¤“―Z‘ξ,‚r‚q‚b,10F,1B,’†‚‘wƒ}ƒ“ƒVƒ‡ƒ“A––±“™‚ª¬έ‚·‚ιZ‘ξ’nζ,‹ζ“Ή,–kΌ,15,,,,ƒKƒX,…“Ή,‰Ί…“Ή,lƒc’J,,330 ,‚QZ‹,–h‰Ξ,60 ,400 ,,,,,*,13101,0 ,1 ,"5,100,000 ",3.9 
Z,13101 ,8 ,η‘γ“c,0 ,4 ,η‘γ“c‹ζ,•xm©‚P’–Ϊ‚W”Τ‚U,•xm©‚P|‚S|‚P‚Q,"2,180,000 ","1,970,000 ",10.7 ,142 ,,1.2,1,‹¤“―Z‘ξ,‚q‚b,5F,,κ”ΚZ‘ξA‹¤“―Z‘ξA––±“™‚ª¬έ‚·‚ι’nζ,‹ζ“Ή,“μ“,8,,‘¤“Ή,–k“,ƒKƒX,…“Ή,‰Ί…“Ή,”Ρ“c‹΄,,360 ,‚PZ‹,–h‰Ξ,60 ,400 ,,,,,,,,,,
Z,13101 ,8 ,η‘γ“c,0 ,5 ,η‘γ“c‹ζ,‹γ’i–k‚Q’–Ϊ‚U”Τ‚Q‚U,‹γ’i–k‚Q|‚R|‚Q‚T,"4,070,000 ","3,680,000 ",10.6 ,"1,511 ",‘δ`,1.5,1,‹¤“―Z‘ξ,‚r‚q‚b,14F,1B,––±AwZAƒ}ƒ“ƒVƒ‡ƒ““™‚ª¬έ‚·‚ιZ‘ξ’nζ,‹ζ“Ή,–k,12.5,,‘¤“Ή,“,ƒKƒX,…“Ή,‰Ί…“Ή,‹γ’i‰Ί,,450 ,‚PZ‹,–h‰Ξ,60 ,400 ,,,,,,,,,,
Z,13101 ,8 ,η‘γ“c,0 ,6 ,η‘γ“c‹ζ,•½‰Ν’¬‚Q’–Ϊ‚Q‚P”Τ‚P,•½‰Ν’¬‚Q|‚P‚Q|‚W,"2,510,000 ","2,270,000 ",10.6 ,590 ,‘δ`,1,1,‹¤“―Z‘ξ,‚q‚b,4F,,’†‘w‚Μ‹¤“―Z‘ξ‚Ζ––±‚ª¬έ‚·‚ιZ‘ξ’nζ,‹ζ“Ή,“μ,5.4,,‘¤“Ή,Ό,ƒKƒX,…“Ή,‰Ί…“Ή,‰i“c’¬,,240 ,‚QZ‹,–h‰Ξ,60 ,400 ,,,,,,,,,,
Z,13101 ,8 ,η‘γ“c,0 ,7 ,η‘γ“c‹ζ,κ”Τ’¬‚P‚U”Τ‚R,,"4,150,000 ","3,740,000 ",11.0 ,792 ,,1,1.2,‹¤“―Z‘ξ,‚q‚b,14F,2B,’†‚‘wƒ}ƒ“ƒVƒ‡ƒ“‚Μ‘½‚ΆΥΓ‚ΘZ‘ξ’nζ,‹ζ“Ή,“μΌ,8,,,,ƒKƒX,…“Ή,‰Ί…“Ή,”Ό‘ –ε,,220 ,‚QZ‹,–h‰Ξ,60 ,400 ,,,,,,,,,,
Z,13101 ,8 ,η‘γ“c,5 ,1 ,η‘γ“c‹ζ,‘εθ’¬‚P’–Ϊ‚P‚P”ΤO,‘εθ’¬‚P|‚S|‚Q,"14,900,000 ","14,600,000 ",2.1 ,"6,119 ",‘δ`,1.5,1,––±,‚r,22F,2B,‚‘w––±ƒrƒ‹‚ª‚Ώ•ΐ‚Τ’†S“I¤‹Ζ’nζ,“s“Ή,“μΌ,40,,O•ϋH,,ƒKƒX,…“Ή,‰Ί…“Ή,’|‹΄,‹ίΪ,0 ,¤‹Ζ,–h‰Ξ,80 ,900 ,,,,,,,,,,
Z,13101 ,8 ,η‘γ“c,5 ,2 ,η‘γ“c‹ζ,Ϋ‚Μ“ΰ‚Q’–Ϊ‚Q”Τ‚PO,Ϋ‚Μ“ΰ‚Q|‚S|‚P,"37,600,000 ","37,100,000 ",1.3 ,"10,027 ",,1.2,1,––±““X•ά,‚r,38F,4B,“Α’θX‹ζ“™‚Ι‚ζ‚ι‘ε‹K–Νƒrƒ‹’†S‚Μ¤‹Ζ’nζ,“s“Ή,“,0,‰w‘OLκ,l•ϋH,,ƒKƒX,…“Ή,‰Ί…“Ή,“‹,‰w‘OLκΪ–Κ,0 ,¤‹Ζ,–h‰Ξ,80 ,"1,300 ",,,,,,,,,,
Z,13101 ,8 ,η‘γ“c,5 ,3 ,η‘γ“c‹ζ,_“c‹Ρ’¬‚Q’–Ϊ‚V”Τ‚P‚T,,"2,100,000 ","1,760,000 ",19.3 ,110 ,,1,2,“X•ά“––±,‚q‚b,5F,,’†‚‘w‚Μ––±A‹¤“―Z‘ξ‚ª¬έ‚·‚ι¤‹Ζ’nζ,‹ζ“Ή,–k,6,,,,ƒKƒX,…“Ή,‰Ί…“Ή,’|‹΄,,400 ,¤‹Ζ,–h‰Ξ,80 ,600 ,,,,,,,,,,
Z,13101 ,8 ,η‘γ“c,5 ,4 ,η‘γ“c‹ζ,_“cβ–{’¬‚P”Τ‚QO,,"4,240,000 ","3,790,000 ",11.9 ,289 ,•s®`,1,2.5,“X•άA––±“Z‘ξ,‚r‚q‚b,9F,1B,’†‚‘w‚Μ––±ƒrƒ‹‚ª‘½‚Ά‰w‹ίΪ‚Μ¤‹Ζ’nζ,“s“Ή,“μ,36,,,,ƒKƒX,…“Ή,‰Ί…“Ή,β–{’¬,‹ίΪ,0 ,¤‹Ζ,–h‰Ξ,80 ,800 ,,,,,,,,,,
Z,13101 ,8 ,η‘γ“c,5 ,5 ,η‘γ“c‹ζ,O_“c‚R’–Ϊ‚S‚V”Τ‚U,O_“c‚R|‚W|‚X,"3,710,000 ","3,200,000 ",15.9 ,215 ,,1.5,1,“X•άA––±“Z‘ξ,‚r‚q‚b,10F,,’†‚‘w‚Μ“X•άA––±ƒrƒ‹“™‚ª‚Ώ•ΐ‚Τ¤‹Ζ’nζ,‹ζ“Ή,–k,27,,O•ϋH,,ƒKƒX,…“Ή,‰Ί…“Ή,––L’¬,‹ίΪ,0 ,¤‹Ζ,–h‰Ξ,80 ,600 ,,,,,,,,,,
Z,13101 ,8 ,η‘γ“c,5 ,6 ,η‘γ“c‹ζ,O_“c‚Q’–Ϊ‚X”Τ‚PO,O_“c‚Q|‚P‚R|‚R,"1,900,000 ","1,580,000 ",20.3 ,246 ,,1,1.2,––±“Z‘ξ,‚q‚b,4F,1B,’†’α‘w‚Μ––±A‹¤“―Z‘ξ“™‚ª‚Ώ•ΐ‚Τ¤‹Ζ’nζ,‹ζ“Ή,Ό,6,,,,ƒKƒX,…“Ή,‰Ί…“Ή,––L’¬,,300 ,¤‹Ζ,–h‰Ξ,80 ,500 ,,,,,,,,,,
Z,13101 ,8 ,η‘γ“c,5 ,7 ,η‘γ“c‹ζ,_“c¬μ’¬‚P’–Ϊ‚P”Τ‚PO,,"7,540,000 ","6,780,000 ",11.2 ,817 ,•s®`,1,1.5,‹βs“––±,‚r,8F,1B,’†‚‘w‚Μ“X•ά“––±‚Μ‚Ώ•ΐ‚Τ¤‹Ζ’nζ,“s“Ή,–kΌ,36,,O•ϋH,,ƒKƒX,…“Ή,‰Ί…“Ή,’WH’¬,‹ίΪ,0 ,¤‹Ζ,–h‰Ξ,80 ,800 ,,,,,*,13101,5 ,25 ,"7,190,000 ",4.9 
Z,13101 ,8 ,η‘γ“c,5 ,8 ,η‘γ“c‹ζ,_“cOθ’¬‚R’–Ϊ‚V”Τ‚WO,_“cOθ’¬‚R|‚S|‚X,"4,470,000 ","3,970,000 ",12.6 ,285 ,,1,1,––±,‚r‚q‚b,8F,,’†‚‘w‚Μ“X•άA––±ƒrƒ‹‚ª‚Ώ•ΐ‚Τ¤‹Ζ’nζ,‹ζ“Ή,–k“,22,,,,ƒKƒX,…“Ή,‰Ί…“Ή,…“Ή‹΄,,120 ,¤‹Ζ,–h‰Ξ,80 ,600 ,,,,,,,,,,
Z,13101 ,8 ,η‘γ“c,5 ,9 ,η‘γ“c‹ζ,’¬‚P’–Ϊ‚P‚Q”Τ‚UO,,"4,710,000 ","4,390,000 ",7.3 ,"1,602 ",•s®`,1,2,“X•άA––±“’“Τκ,‚r‚q‚b,10F,1B,“X•ά“––±ƒrƒ‹“™‚ª©‚η‚κ‚ι¤‹Ζ’nζ,“s“Ή,“,27,,‘¤“Ή,“μ,ƒKƒX,…“Ή,‰Ί…“Ή,”Ό‘ –ε,,200 ,¤‹Ζ,–h‰Ξ,80 ,500 ,,,,,,,,,,
Z,13101 ,8 ,η‘γ“c,5 ,10 ,η‘γ“c‹ζ,‹γ’i“μ‚Q’–Ϊ‚P”Τ‚QO,‹γ’i“μ‚Q|‚Q|‚T,"4,480,000 ","4,060,000 ",10.3 ,182 ,,1,1,“X•ά“––±,‚q‚b,12F,1B,’†‚‘w‚Μ––±ƒrƒ‹‚ª‚Ώ•ΐ‚Τ¤‹Ζ’nζ,“s“Ή,–k,27,,,,ƒKƒX,…“Ή,‰Ί…“Ή,‹γ’i‰Ί,,320 ,¤‹Ζ,–h‰Ξ,80 ,700 ,,,,,,,,,,
Z,13101 ,8 ,η‘γ“c,5 ,11 ,η‘γ“c‹ζ,”Ρ“c‹΄‚S’–Ϊ‚P‚P”Τ‚W,”Ρ“c‹΄‚S|‚V|‚P‚O,"5,330,000 ","4,840,000 ",10.1 ,217 ,,1,1,“X•ά“––±,‚r‚q‚b,9F,,’†‚‘w‚Μ“X•άA––±ƒrƒ‹‚ªW‚ά‚ι¤‹Ζ’nζ,“s“Ή,–k“,27,,,,ƒKƒX,…“Ή,‰Ί…“Ή,”Ρ“c‹΄,,90 ,¤‹Ζ,–h‰Ξ,80 ,700 ,,,,,,,,,,
Z,13101 ,8 ,η‘γ“c,5 ,12 ,η‘γ“c‹ζ,‰ΰ‚ªΦ‚P’–Ϊ‚P‚P”ΤO,‰ΰ‚ªΦ‚P|‚S|‚P,"16,100,000 ","15,600,000 ",3.2 ,"3,985 ",,1,3,“X•ά“––±,‚r‚q‚b,17F,2B,‘ε‹K–Ν‚Θ––±ƒrƒ‹‚ª‚Ώ•ΐ‚Τ¤‹Ζ’nζ,‘“Ή,–kΌ,45,,O•ϋH,,ƒKƒX,…“Ή,‰Ί…“Ή,Υƒm–ε,‹ίΪ,0 ,¤‹Ζ,–h‰Ξ,80 ,800 ,,,,,,,,,,
Z,13101 ,8 ,η‘γ“c,5 ,13 ,η‘γ“c‹ζ,β–{’¬‚Q’–Ϊ‚P‚V‚Q”Τ‚R,β–{’¬‚Q|‚Q|‚P‚O,"1,710,000 ","1,430,000 ",19.6 ,112 ,,1.2,1,––±,‚r,7F,,’†‚‘w––±ƒrƒ‹A‹¤“―Z‘ξ‚ª‚Ώ•ΐ‚Τ¤‹Ζ’nζ,‹ζ“Ή,–k“,8,,,,ƒKƒX,…“Ή,‰Ί…“Ή,β–{’¬,,270 ,¤‹Ζ,–h‰Ξ,80 ,600 ,,,,,,,,,,
Z,13101 ,8 ,η‘γ“c,5 ,14 ,η‘γ“c‹ζ,‰i“c’¬‚Q’–Ϊ‚W‚P”Τ‚PO,‰i“c’¬‚Q|‚P‚R|‚P,"9,400,000 ","8,950,000 ",5.0 ,335 ,‘δ`,2,1,––±,‚r,9F,,‚‘w‚Μ“X•ά“––±ƒrƒ‹‚ª‚Ώ•ΐ‚Τ¤‹Ζ’nζ,“s“Ή,Ό,40,,O•ϋH,,ƒKƒX,…“Ή,‰Ί…“Ή,Τβ©•,,140 ,¤‹Ζ,–h‰Ξ,80 ,700 ,,,,,,,,,,
Z,13101 ,8 ,η‘γ“c,5 ,15 ,η‘γ“c‹ζ,“ρ”Τ’¬‚R”Τ‚S,,"5,640,000 ","5,190,000 ",8.7 ,628 ,‘δ`,1,1,––±“ΤΙ,‚r‚q‚b,8F,2B,’†‚‘w‚Μ“X•άA––±ƒrƒ‹‚ª‘½‚Ά¤‹Ζ’nζ,‹ζ“Ή,“μΌ,16,,,,ƒKƒX,…“Ή,‰Ί…“Ή,’¬,,80 ,¤‹Ζ,–h‰Ξ,80 ,600 ,,,,,,,,,,
Z,13101 ,8 ,η‘γ“c,5 ,16 ,η‘γ“c‹ζ,_“c_•Ϋ’¬‚P’–Ϊ‚Q‚X”Τ‚RO,,"2,480,000 ","2,080,000 ",19.2 ,226 ,,1,1.5,––±A“X•ά“Z‘ξ,‚q‚b,5F,1B,’†‘w‚Μ“X•ά“––±ƒrƒ‹‚ª‘½‚­©‚η‚κ‚ι¤‹Ζ’nζ,‹ζ“Ή,“μ,8,,”w–Κ“Ή,,ƒKƒX,…“Ή,‰Ί…“Ή,_•Ϋ’¬,,170 ,¤‹Ζ,–h‰Ξ,80 ,600 ,,,,,,,,,,
Z,13101 ,8 ,η‘γ“c,5 ,17 ,η‘γ“c‹ζ,κƒc‹΄‚Q’–Ϊ‚X”Τ‚P‚V,κƒc‹΄‚Q|‚U|‚W,"2,450,000 ","2,070,000 ",18.4 ,203 ,,1.2,1,––±“Z‘ξ,‚q‚b,7F,,’†‘w––±ƒrƒ‹‚ª‚Ώ•ΐ‚Τ¤‹Ζ’nζ,‹ζ“Ή,–k,8,,,,ƒKƒX,…“Ή,‰Ί…“Ή,_•Ϋ’¬,,170 ,¤‹Ζ,–h‰Ξ,80 ,600 ,,,,,,,,,,
Z,13101 ,8 ,η‘γ“c,5 ,18 ,η‘γ“c‹ζ,_“cOθ’¬‚R’–Ϊ‚T”Τ‚WO,_“cOθ’¬‚R|‚R|‚R,"2,230,000 ","1,850,000 ",20.5 ,113 ,,1,2,––±,‚q‚b,8F,,’†‚‘w‚Μ––±ƒrƒ‹“™‚ª‚Ώ•ΐ‚Τ¤‹Ζ’nζ,‹ζ“Ή,“μ“,8,,,,ƒKƒX,…“Ή,‰Ί…“Ή,…“Ή‹΄,,290 ,¤‹Ζ,–h‰Ξ,80 ,500 ,,,,,,,,,,
Z,13101 ,8 ,η‘γ“c,5 ,19 ,η‘γ“c‹ζ,Ϋ‚Μ“ΰ‚R’–Ϊ‚Q”ΤO,Ϋ‚Μ“ΰ‚R|‚R|‚P,"27,500,000 ","27,100,000 ",1.5 ,"9,827 ",,1,1.2,––±A“X•ά“’“Τκ“™,‚r‚q‚b,9F,4B,‘ε‹K–Ν‚Θ‚‘w––±ƒrƒ‹‚ª‚Ώ•ΐ‚Τ¤‹Ζ’nζ,“s“Ή,–k,36,,l•ϋH,,ƒKƒX,…“Ή,‰Ί…“Ή,“‹,,480 ,¤‹Ζ,–h‰Ξ,80 ,"1,300 ",,,,,*,13101,5 ,1 ,"27,300,000 ",0.7 
Z,13101 ,8 ,η‘γ“c,5 ,20 ,η‘γ“c‹ζ,”Ρ“c‹΄‚R’–Ϊ‚Q‚T”Τ‚QO,”Ρ“c‹΄‚R|‚P‚R|‚P,"4,980,000 ","4,420,000 ",12.7 ,"8,749 ",•s®`,1,2,––±,‚r‚q‚b,23F,2B,‚‘w‚Μ––±ƒrƒ‹Aƒzƒeƒ‹“™‚ª‚Ώ•ΐ‚Τ¤‹Ζ’nζ,‹ζ“Ή,“,25,,‘¤“Ή,“μ,ƒKƒX,…“Ή,‰Ί…“Ή,…“Ή‹΄,,200 ,¤‹Ζ,–h‰Ξ,80 ,500 ,,,,,,,,,,
Z,13101 ,8 ,η‘γ“c,5 ,21 ,η‘γ“c‹ζ,‘εθ’¬‚Q’–Ϊ‚S”Τ‚QO,‘εθ’¬‚Q|‚Q|‚P,"29,800,000 ","29,400,000 ",1.4 ,"8,530 ",‘δ`,1.5,1,“X•άA––±“’“Τκ,‚r‚q‚b,10F,3B,‚‘w––±ƒrƒ‹‚ª‚Ώ•ΐ‚Τ’†S“I‹Ζ–±¤‹Ζ’nζ,‘“Ή,“μ,36,,O•ϋH,,ƒKƒX,…“Ή,‰Ί…“Ή,‘εθ’¬,‹ίΪ,0 ,¤‹Ζ,–h‰Ξ,80 ,"1,300 ",,,,,,,,,,
Z,13101 ,8 ,η‘γ“c,5 ,22 ,η‘γ“c‹ζ,_“c‘¶’¬‚P‚O‚P”ΤO,,"11,800,000 ","10,700,000 ",10.3 ,"1,233 ",,2,1,“X•άA––±“’“Τκ,‚r‚q‚b,16F,2B,––±ƒrƒ‹A“X•ά‚Θ‚Η‚ª‚Ώ•ΐ‚Τ‰w‘O‚Μ¤‹Ζ’nζ,‹ζ“Ή,“μ,0,‰w‘OLκ,O•ϋH,,ƒKƒX,…“Ή,‰Ί…“Ή,H—t΄,‰w‘OLκΪ–Κ,0 ,¤‹Ζ,–h‰Ξ,80 ,800 ,,,,,,,,,,
Z,13101 ,8 ,η‘γ“c,5 ,23 ,η‘γ“c‹ζ,‰i“c’¬‚Q’–Ϊ‚Q‚V”Τ‚P,‰i“c’¬‚Q|‚P‚V|‚P‚S,"3,860,000 ","3,270,000 ",18.0 ,446 ,‘δ`,1,1,––±“’“Τκ,‚r‚q‚b,7F,1B,’†‚‘w‚Μ––±“™‚ª‚Ώ•ΐ‚Τ¤‹Ζ’nζ,‹ζ“Ή,–k“,7.5,,,,ƒKƒX,…“Ή,‰Ί…“Ή,‰i“c’¬,,160 ,¤‹Ζ,–h‰Ξ,80 ,500 ,,,,,,,,,,
Z,13101 ,8 ,η‘γ“c,5 ,24 ,η‘γ“c‹ζ,’b–θ’¬‚Q’–Ϊ‚Q”Τ‚Q‚W,’b–θ’¬‚Q|‚R|‚P‚S,"5,250,000 ","4,730,000 ",11.0 ,229 ,,1,1.5,––±A“X•ά“Z‘ξ“™,‚r‚q‚b,8F,1B,’†‚‘w“X•ά“––±A––±‚ª‚Ώ•ΐ‚Τ¤‹Ζ’nζ,‹ζ“Ή,“μ“,22,,‘¤“Ή,–k“,ƒKƒX,…“Ή,‰Ί…“Ή,_“c,,170 ,¤‹Ζ,–h‰Ξ,80 ,600 ,,,,,,,,,,
Z,13101 ,8 ,η‘γ“c,5 ,25 ,η‘γ“c‹ζ,—Ly’¬‚P’–Ϊ‚P‚Q”Τ‚Q,—Ly’¬‚P|‚P|‚R,"22,000,000 ","21,700,000 ",1.4 ,"3,850 ",,1,1,€κA––±““X•ά“™,‚r‚q‚b,19F,4B,‚‘w‚Μƒzƒeƒ‹A€κA––±“™‚ªW‚ά‚ι¤‹Ζ’nζ,‹ζ“Ή,“μΌ,18,,‘¤“Ή,“μ“,ƒKƒX,…“Ή,‰Ί…“Ή,“ϊ”δ’J,,100 ,¤‹Ζ,–h‰Ξ,80 ,900 ,,,,,,,,,,
Z,13101 ,8 ,η‘γ“c,5 ,26 ,η‘γ“c‹ζ,_“cx‰Ν‘δ‚Q’–Ϊ‚P”Τ‚S‚V,,"3,730,000 ","3,120,000 ",19.6 ,438 ,,1,1,––±,‚r‚q‚b,7F,1B,’†‚‘w‚Μ––±‚Μ‚Ω‚©wZA•a‰@‚ΰ‚ ‚ι¤‹Ζ’nζ,‹ζ“Ή,–kΌ,8,,,,ƒKƒX,…“Ή,‰Ί…“Ή,δ’ƒƒm…,,190 ,¤‹Ζ,–h‰Ξ,80 ,500 ,,,,,*,13101,5 ,17 ,"3,460,000 ",7.8 
Z,13101 ,8 ,η‘γ“c,5 ,27 ,η‘γ“c‹ζ,_“c_•Ϋ’¬‚Q’–Ϊ‚Q”Τ‚P‚T,,"7,070,000 ","6,390,000 ",10.6 ,163 ,,1,2,“X•άA––±“Z‘ξ,‚r‚q‚b,9F,1B,’†‚‘w‚Μ“X•άA––±‚ª‚Ώ•ΐ‚Τ‰w‘O‚Μ¤‹Ζ’nζ,“s“Ή,“μ,33,,,,ƒKƒX,…“Ή,‰Ί…“Ή,_•Ϋ’¬,‹ίΪ,0 ,¤‹Ζ,–h‰Ξ,80 ,700 ,,,,,,,,,,
Z,13101 ,8 ,η‘γ“c,5 ,28 ,η‘γ“c‹ζ,‹γ’i–k‚S’–Ϊ‚W”Τ‚R‚VO,‹γ’i–k‚S|‚R|‚R‚Q,"3,240,000 ","2,750,000 ",17.8 ,231 ,,1,1.2,––±“Z‘ξ,‚r‚q‚b,8F,,’†‘w‚Μ––±ƒrƒ‹AwZ“™‚Μ¬έ‚·‚ι¤‹Ζ’nζ,‹ζ“Ή,–k“,11.5,,,,ƒKƒX,…“Ή,‰Ί…“Ή,“s‰csƒ–’J,,360 ,¤‹Ζ,–h‰Ξ,80 ,500 ,,,,,,,,,,
Z,13101 ,8 ,η‘γ“c,5 ,29 ,η‘γ“c‹ζ,’¬‚S’–Ϊ‚S”Τ‚Q,,"7,870,000 ","7,250,000 ",8.6 ,357 ,,1,2,’z’†,,,,’†‚‘w‚Μ“X•άA––±ƒrƒ‹‚ª‚Ώ•ΐ‚Τ¤‹Ζ’nζ,‘“Ή,“μ,33,,”w–Κ“Ή,,ƒKƒX,…“Ή,‰Ί…“Ή,’¬,,200 ,¤‹Ζ,–h‰Ξ,80 ,800 ,,,,,*,13101,5 ,18 ,"7,560,000 ",4.1 
,13101 ,8 ,η‘γ“c,5 ,30 ,η‘γ“c‹ζ,‘εθ’¬‚P’–Ϊ‚R”Τ‚RO,‘εθ’¬‚P|‚V|‚Q,"27,800,000 ",,,"6,261 ",,1,1.5,––±AW‰οκ““X•ά“™,‚r‚q‚b,31F,4B,’΄‚‘w––±ƒrƒ‹‚ª‚Ώ•ΐ‚Τ‹Ζ–±‚“x¤‹Ζ’nζ,“s“Ή,“,22,,O•ϋH,,ƒKƒX,…“Ή,‰Ί…“Ή,‘εθ’¬,‹ίΪ,0 ,¤‹Ζ,–h‰Ξ,80 ,"1,300 ",,,,,,,,,,
Z,13101 ,8 ,η‘γ“c,5 ,31 ,η‘γ“c‹ζ,“ΰ_“c‚Q’–Ϊ‚X”Τ‚P‚T,“ΰ_“c‚Q|‚P‚S|‚P‚Q,"4,330,000 ","3,640,000 ",19.0 ,132 ,,1,2,“X•ά“––±,‚q‚b,4F,,’†‘w‚Μ“X•άA––±ƒrƒ‹“™‚ª‚Ώ•ΐ‚Τ¤‹Ζ’nζ,‹ζ“Ή,“,11,,,,ƒKƒX,…“Ή,‰Ί…“Ή,_“c,,200 ,¤‹Ζ,–h‰Ξ,80 ,600 ,,,,,,,,,,
Z,13101 ,8 ,η‘γ“c,5 ,32 ,η‘γ“c‹ζ,‹γ’i–k‚S’–Ϊ‚Q”Τ‚W,‹γ’i–k‚S|‚Q|‚U,"7,370,000 ","6,830,000 ",7.9 ,780 ,,1,1.5,“X•άA––±“’“Τκ“™,‚r‚q‚b,8F,2B,’†‚‘w‚Μ“X•ά“––±ƒrƒ‹‚ª‚Ώ•ΐ‚Τ¤‹Ζ’nζ,“s“Ή,“μ“,27,,,,ƒKƒX,…“Ή,‰Ί…“Ή,“s‰csƒ–’J,‹ίΪ,0 ,¤‹Ζ,–h‰Ξ,80 ,700 ,,,,,,,,,,
Z,13101 ,8 ,η‘γ“c,5 ,33 ,η‘γ“c‹ζ,_“ci’¬‚Q’–Ϊ‚P‚X”Τ‚Q‚T,,"2,720,000 ","2,260,000 ",20.4 ,79 ,,1,2,––±AZ‘ξ“ΤΙ,‚r,6F,,¬‹K–Ν‚Θ––±“Z‘ξ‚ª‘½‚­©‚η‚κ‚ι¤‹Ζ’nζ,‹ζ“Ή,Ό,8,,,,ƒKƒX,…“Ή,‰Ί…“Ή,¬μ’¬,,180 ,¤‹Ζ,–h‰Ξ,80 ,600 ,,,,,,,,,,
Z,13101 ,8 ,η‘γ“c,5 ,34 ,η‘γ“c‹ζ,_“c‰y’¬‚Q’–Ϊ‚S”Τ‚Q,_“c‰y’¬‚Q|‚T|‚S,"2,540,000 ","2,160,000 ",17.6 ,467 ,,1,2,––±“ΤΙ,‚q‚b,8F,,’†‚‘w––±ƒrƒ‹‚Μ‚Ω‚©wZ‚ΰ©‚η‚κ‚ι¤‹Ζ’nζ,‹ζ“Ή,“μΌ,11,,”w–Κ“Ή,,ƒKƒX,…“Ή,‰Ί…“Ή,…“Ή‹΄,,440 ,¤‹Ζ,–h‰Ξ,80 ,500 ,,,,,,,,,,
Z,13101 ,8 ,η‘γ“c,5 ,35 ,η‘γ“c‹ζ,“_“c‚R’–Ϊ‚U”Τ‚Q,“_“c‚R|‚R|‚P‚O,"1,600,000 ","1,340,000 ",19.4 ,114 ,,1,2,––±“’“Τκ,‚r,7F,,’†‚‘w––±ƒrƒ‹A‘qΙ“™‚ª¬έ‚·‚ι¤‹Ζ’nζ,‹ζ“Ή,“μ,11,,,,ƒKƒX,…“Ή,‰Ί…“Ή,σ‘‹΄,,290 ,¤‹Ζ,–h‰Ξ,80 ,500 ,,,,,,,,,,
Z,13101 ,8 ,η‘γ“c,5 ,36 ,η‘γ“c‹ζ,•½‰Ν’¬‚P’–Ϊ‚P”Τ‚U,•½‰Ν’¬‚P|‚R|‚P‚Q,"4,520,000 ","3,770,000 ",19.9 ,174 ,,1,2,“X•ά“––±,‚r‚q‚b,8F,1B,’†‚‘w‚Μ“X•άA––±“™‚ª‚Ώ•ΐ‚Τ¤‹Ζ’nζ,‹ζ“Ή,–k,11,,,,ƒKƒX,…“Ή,‰Ί…“Ή,”Ό‘ –ε,,220 ,¤‹Ζ,–h‰Ξ,80 ,600 ,,,,,,,,,,
Z,13101 ,8 ,η‘γ“c,5 ,37 ,η‘γ“c‹ζ,O_“c‚P’–Ϊ‚T‚U”Τ‚Q,O_“c‚P|‚P‚U|‚W,"7,150,000 ","6,490,000 ",10.2 ,940 ,,1,1.5,“X•ά“––±,‚r‚q‚b,9F,2B,’†‚‘w‚Μ“X•ά“––±ƒrƒ‹‚ª‚Ώ•ΐ‚Τ¤‹Ζ’nζ,‹ζ“Ή,–k,22,,,,ƒKƒX,…“Ή,‰Ί…“Ή,H—t΄,,120 ,¤‹Ζ,–h‰Ξ,80 ,800 ,,,,,,,,,,
Z,13101 ,8 ,η‘γ“c,5 ,39 ,η‘γ“c‹ζ,O_“c‚T’–Ϊ‚T‚P”Τ‚RO,O_“c‚T|‚Q|‚P‚P,"1,890,000 ","1,590,000 ",18.9 ,198 ,,1,2,––±“ΤΙ,‚q‚b,7F,1B,’†‚‘w‚Μ––±ƒrƒ‹A“X•ά“™‚ª¬έ‚·‚ι¤‹Ζ’nζ,‹ζ“Ή,“,8,,”w–Κ“Ή,,ƒKƒX,…“Ή,‰Ί…“Ή,––L’¬,,140 ,¤‹Ζ,–h‰Ξ,80 ,600 ,,,,,,,,,,
Z,13101 ,8 ,η‘γ“c,5 ,40 ,η‘γ“c‹ζ,κ”Τ’¬‚P‚R”Τ‚W,,"4,070,000 ","3,500,000 ",16.3 ,210 ,,1,2.5,“X•ά“––±,‚r‚q‚b,8F,,“X•ά“––±Aƒ}ƒ“ƒVƒ‡ƒ““™‚ª¬έ‚·‚ι¤‹Ζ’nζ,‹ζ“Ή,–kΌ,11,,,,ƒKƒX,…“Ή,‰Ί…“Ή,”Ό‘ –ε,,110 ,¤‹Ζ,–h‰Ξ,80 ,500 ,,,,,,,,,,
Z,13101 ,8 ,η‘γ“c,5 ,41 ,η‘γ“c‹ζ,_“c‹Ρ’¬‚P’–Ϊ‚U”Τ‚PO,,"7,320,000 ","6,500,000 ",12.6 ,"1,084 ",,1,1.2,––±,‚r,10F,1B,‚‘w‚Μ––±ƒrƒ‹‚ª‘½‚­‚Ώ•ΐ‚Τ¤‹Ζ’nζ,“s“Ή,“,33,,O•ϋH,,ƒKƒX,…“Ή,‰Ί…“Ή,¬μ’¬,,150 ,¤‹Ζ,–h‰Ξ,80 ,800 ,,,,,,,,,,
Z,13101 ,8 ,η‘γ“c,5 ,42 ,η‘γ“c‹ζ,_“c‹Ρ’¬‚R’–Ϊ‚P‚W”Τ‚PO,,"5,060,000 ","4,500,000 ",12.4 ,751 ,,1,1.2,’“Τκ“––±,‚r‚q‚b,8F,,’†‚‘w‚Μ––±ƒrƒ‹“™‚ª‚Ώ•ΐ‚Τ¤‹Ζ’nζ,‹ζ“Ή,Ό,22,,”w–Κ“Ή,,ƒKƒX,…“Ή,‰Ί…“Ή,_•Ϋ’¬,,290 ,¤‹Ζ,–h‰Ξ,80 ,600 ,,,,,,,,,,
Z,13101 ,8 ,η‘γ“c,5 ,43 ,η‘γ“c‹ζ,_“cx‰Ν‘δ‚R’–Ϊ‚R”Τ‚P‚V,,"2,340,000 ","1,970,000 ",18.8 ,109 ,,1,1.5,––±“’“Τκ,‚q‚b,6F,1B,’†‘w––±ƒrƒ‹“™‚ª‚Ώ•ΐ‚Τ¤‹Ζ’nζ,‹ζ“Ή,“μ,6,,,,ƒKƒX,…“Ή,‰Ί…“Ή,Vδ’ƒƒm…,,140 ,¤‹Ζ,–h‰Ξ,80 ,500 ,,,,,,,,,,
Z,13101 ,8 ,η‘γ“c,5 ,44 ,η‘γ“c‹ζ,‹γ’i“μ‚S’–Ϊ‚P‚P”Τ‚P‚OO,‹γ’i“μ‚S|‚Q|‚P‚Q,"1,820,000 ","1,530,000 ",19.0 ,140 ,,1.5,1,––±“ΤΙ,‚q‚b,5F,,’†‘w‚Μ––±ƒrƒ‹AZ‘ξ“™‚ª¬έ‚·‚ι¤‹Ζ’nζ,‹ζ“Ή,–kΌ,6,,,,ƒKƒX,…“Ή,‰Ί…“Ή,“s‰csƒ–’J,,180 ,¤‹Ζ,–h‰Ξ,80 ,500 ,,,,,,,,,,
Z,13101 ,8 ,η‘γ“c,5 ,45 ,η‘γ“c‹ζ,_“c²‹vΤ’¬‚R’–Ϊ‚Q‚S”Τ‚RO,,"2,470,000 ","2,080,000 ",18.8 ,236 ,,1,2,––±,‚r‚q‚b,7F,,’†‚‘w‚Μ“X•άA––±ƒrƒ‹‚Μ‘½‚Ά¤‹Ζ’nζ,‹ζ“Ή,–k,15,,”w–Κ“Ή,,ƒKƒX,…“Ή,‰Ί…“Ή,H—t΄,,340 ,¤‹Ζ,–h‰Ξ,80 ,600 ,,,,,,,,,,
Z,13101 ,8 ,η‘γ“c,5 ,46 ,η‘γ“c‹ζ,“ΰK’¬‚P’–Ϊ‚S”ΤO,“ΰK’¬‚P|‚Q|‚P,"15,400,000 ","15,000,000 ",2.7 ,"1,755 ",,1.2,1,––±“’“Τκ,‚r‚q‚b,11F,2B,‚‘w‚Μ––±ƒrƒ‹‚ª‚Ώ•ΐ‚Τ¤‹Ζ’nζ,“s“Ή,–kΌ,44,,O•ϋH,,ƒKƒX,…“Ή,‰Ί…“Ή,“ΰK’¬,‹ίΪ,0 ,¤‹Ζ,–h‰Ξ,80 ,800 ,,,,,,,,,,
Z,13101 ,8 ,η‘γ“c,5 ,47 ,η‘γ“c‹ζ,“ΰ_“c‚P’–Ϊ‚R‚P”Τ‚U,“ΰ_“c‚P|‚P|‚V,"6,570,000 ","5,720,000 ",14.9 ,843 ,,1,2,––±,‚r‚q‚b,9F,1B,‚‘w‚Μ“X•ά––±ƒrƒ‹‚ª‚Ώ•ΐ‚Τ¤‹Ζ’nζ,“s“Ή,–k,27,,,,ƒKƒX,…“Ή,‰Ί…“Ή,‘εθ’¬,,300 ,¤‹Ζ,–h‰Ξ,80 ,800 ,,,,,,,,,,
Z,13101 ,8 ,η‘γ“c,5 ,48 ,η‘γ“c‹ζ,—Ly’¬‚P’–Ϊ‚P‚S”Τ‚P‚UO,—Ly’¬‚P|‚Q|‚X,"5,050,000 ","4,590,000 ",10.0 ,87 ,,1,2,“X•άA––±“‘qΙ,‚r,8F,,’†‚‘w‚ΜωH“X•άƒrƒ‹“™‚ª‚Ώ•ΐ‚Τ¤‹Ζ’nζ,‹ζ“Ή,“μ“,8,,”w–Κ“Ή,,ƒKƒX,…“Ή,‰Ί…“Ή,“ϊ”δ’J,,160 ,¤‹Ζ,–h‰Ξ,80 ,900 ,,,,,,,,,,
Z,13101 ,8 ,η‘γ“c,5 ,49 ,η‘γ“c‹ζ,_“c®‰®’¬‚S‚V”Τ‚P,,"2,920,000 ","2,540,000 ",15.0 ,104 ,,1,1,“X•ά“––±,‚q‚b,7F,,’†¬‹K–Ν‚Μ“X•άA––±ƒrƒ‹‚ª‚Ώ•ΐ‚Τ¤‹Ζ’nζ,‹ζ“Ή,“μΌ,11,,‘¤“Ή,“μ“,ƒKƒX,…“Ή,‰Ί…“Ή,_“c,,160 ,¤‹Ζ,–h‰Ξ,80 ,600 ,,,,,,,,,,
Z,13101 ,8 ,η‘γ“c,5 ,50 ,η‘γ“c‹ζ,‹I”φδ’¬‚P”Τ‚SO,‹I”φδ’¬‚P|‚P,"4,200,000 ","3,900,000 ",7.7 ,"2,587 ",,1,1.5,“X•ά“––±,‚r‚q‚b,7F,2B,’†‘w“X•ά•t––±ƒrƒ‹Aƒzƒeƒ‹“™‚ª‚Ώ•ΐ‚Τ’nζ,‹ζ“Ή,“,11,,,,ƒKƒX,…“Ή,‰Ί…“Ή,‰i“c’¬,,150 ,‚QZ‹,€–h,60 ,300 ,,,,,,,,,,
Z,13101 ,8 ,η‘γ“c,5 ,51 ,η‘γ“c‹ζ,’¬‚T’–Ϊ‚V”Τ‚PO,,"2,750,000 ","2,370,000 ",16.0 ,"2,658 ",•s®`,2.5,1,––±“ΤΙ,‚r‚q‚b,7F,2B,‚‘w‚Μ––±ƒrƒ‹‚ª‚Ώ•ΐ‚Τ¤‹Ζ’nζ,‹ζ“Ή,“μΌ,7,,,,ƒKƒX,…“Ή,‰Ί…“Ή,’¬,,400 ,‚QZ‹,–h‰Ξ,60 ,400 ,,,,,,,,,,
Z,13101 ,8 ,η‘γ“c,5 ,52 ,η‘γ“c‹ζ,O_“c‚Q’–Ϊ‚U‚O”Τ‚PO,O_“c‚Q|‚X|‚P‚O,"3,290,000 ","2,800,000 ",17.5 ,262 ,,1,1.5,––±“‘qΙ,‚r,8F,1B,’†‚‘w‚Μ“X•ά“––±‚ª‚Ώ•ΐ‚Τ¤‹Ζ’nζ,“s“Ή,“,22,,,,ƒKƒX,…“Ή,‰Ί…“Ή,––L’¬,,400 ,¤‹Ζ,–h‰Ξ,80 ,600 ,,,,,,,,,,
Z,13101 ,8 ,η‘γ“c,5 ,53 ,η‘γ“c‹ζ,_“c_•Ϋ’¬‚P’–Ϊ‚Q‚O”Τ‚U,,"1,270,000 ","1,050,000 ",21.0 ,46 ,,1,2,“X•ά“Z‘ξ,‚r,3F,,¬‹K–Ν‚Μ“X•ά“Z‘ξ“™‚ª‘½‚ΆΧXH‰‚Ά¤‹Ζ’nζ,‹ζ“Ή,“μΌ,3,,,,ƒKƒX,…“Ή,‰Ί…“Ή,_•Ϋ’¬,,170 ,¤‹Ζ,–h‰Ξ,80 ,500 ,,,,,,,,,,
Z,13102 ,8 ,’†‰›,0 ,1 ,’†‰›‹ζ,“‡‚Q’–Ϊ‚P‚U‚P‚W”Τ,“‡‚Q|‚P‚U|‚X,"1,430,000 ","1,270,000 ",12.6 ,82 ,,1,1.5,––±Aμ‹Ζ“Z‘ξ,‚q‚b,5F,,κ”ΚZ‘ξA’†‚‘w“X•ά“‹¤“―Z‘ξ¬έ‚ΜZ‘ξ’nζ,‹ζ“Ή,–kΌ,10.9,,,,ƒKƒX,…“Ή,‰Ί…“Ή,“‡,,300 ,‚QZ‹,–h‰Ξ,80 ,400 ,,,,,,,,,,
Z,13102 ,8 ,’†‰›,0 ,2 ,’†‰›‹ζ,–ΎΞ’¬‚T‚Q‚W”Τ‚Q,–ΎΞ’¬‚T|‚P‚X,"2,530,000 ","2,210,000 ",14.5 ,435 ,,1,2,f—ΓA‹¤“―Z‘ξ“––±,‚q‚b,8F,,ƒ}ƒ“ƒVƒ‡ƒ“A––±A“X•ά“™‚ª¬έ‚·‚ιZ‘ξ’nζ,‹ζ“Ή,“μΌ,13,,,,ƒKƒX,…“Ή,‰Ί…“Ή,’z’n,,430 ,‚QZ‹,–h‰Ξ,60 ,400 ,,,,,,,,,,
Z,13102 ,8 ,’†‰›,0 ,3 ,’†‰›‹ζ,‚Η‚«‚R’–Ϊ‚S‚P‚X”Τ‚P,‚Η‚«‚R|‚S|‚P‚W,"1,950,000 ","1,710,000 ",14.0 ,799 ,,1.2,1,‹¤“―Z‘ξ““X•ά,‚r‚q‚b,10F,1B,’†‚‘wƒ}ƒ“ƒVƒ‡ƒ“A–‹Ζ“™‚ª¬έ‚·‚ιZ‘ξ’nζ,‹ζ“Ή,–kΌ,10.9,,,,ƒKƒX,…“Ή,‰Ί…“Ή,‚Η‚«,,200 ,‚QZ‹,–h‰Ξ,80 ,400 ,,,,,,,,,,
Z,13102 ,8 ,’†‰›,0 ,4 ,’†‰›‹ζ,“‡‚R’–Ϊ‚Q‚T‚O‚R”Τ,“‡‚R|‚Q‚T|‚R,"1,970,000 ","1,720,000 ",14.5 ,558 ,,1,1,‹¤“―Z‘ξ,‚q‚b,9F,,’†‚‘w‚Μƒ}ƒ“ƒVƒ‡ƒ“AZ‘ξ“™‚ª¬έ‚·‚ιZ‘ξ’nζ,‹ζ“Ή,“μ“,10.9,,,,ƒKƒX,…“Ή,‰Ί…“Ή,‚Η‚«,,500 ,‚QZ‹,–h‰Ξ,80 ,400 ,,,,,*,13102,0 ,2 ,"1,850,000 ",6.5 
Z,13102 ,8 ,’†‰›,0 ,5 ,’†‰›‹ζ,’Ο‚R’–Ϊ‚Q‚Q”Τ‚X,’Ο‚R|‚P‚P|‚P‚R,"1,310,000 ","1,130,000 ",15.9 ,59 ,,1,2,Z‘ξ,‚k‚r,4F,,¬‹K–Ν‚Θκ”ΚZ‘ξA–‹Ζ“™‚ª¬έ‚·‚ιZ‘ξ’nζ,‹ζ“Ή,–kΌ,10.9,,,,ƒKƒX,…“Ή,‰Ί…“Ή,“‡,,160 ,‚PZ‹,–h‰Ξ,80 ,400 ,,,,,,,,,,
,13102 ,8 ,’†‰›,0 ,6 ,’†‰›‹ζ,’Ο‚R’–Ϊ‚Q‚O‚Q”Τ‚Q,’Ο‚R|‚Q|‚P‚Q,"2,850,000 ",,,533 ,,1,2,‹¤“―Z‘ξ,‚q‚b,12F,,‚‘wƒ}ƒ“ƒVƒ‡ƒ“‚ª‚Ώ•ΐ‚Τ—•Φ«‚Μ‚ζ‚ΆZ‘ξ’nζ,“s“Ή,–kΌ,36,,,,ƒKƒX,…“Ή,‰Ί…“Ή,“‡,,180 ,¤‹Ζ,–h‰Ξ,80 ,600 ,,,,,,,,,,
,13102 ,8 ,’†‰›,0 ,7 ,’†‰›‹ζ,’Ο‚Q’–Ϊ‚Q‚O‚W”Τ‚P,’Ο‚Q|‚P‚Q|‚P‚Q,"1,910,000 ",,,742 ,,1,2,‹¤“―Z‘ξ,‚r‚q‚b,8F,,ƒ}ƒ“ƒVƒ‡ƒ“Aκ”ΚZ‘ξA“X•ά“™‚ª¬έ‚·‚ι’nζ,‹ζ“Ή,–kΌ,10.9,,,,ƒKƒX,…“Ή,‰Ί…“Ή,“‡,,230 ,‚QZ‹,–h‰Ξ,80 ,400 ,,,,,,,,,,
Z,13102 ,8 ,’†‰›,0 ,8 ,’†‰›‹ζ,°C‚T’–Ϊ‚P”Τ‚S,°C‚T|‚P|‚X,"1,520,000 ","1,370,000 ",10.9 ,"4,158 ",,1.2,1,‹¤“―Z‘ξ“’“Τκ,‚r‚q‚b,20F,,‚‘wƒ}ƒ“ƒVƒ‡ƒ“‚ª‚Ώ•ΐ‚ΤZ‘ξ’nζ,‹ζ“Ή,“μ“,20,,l•ϋH,,ƒKƒX,…“Ή,‰Ί…“Ή,‚Η‚«,,900 ,¤‹Ζ,–h‰Ξ,80 ,500 ,,,,,*,13102,0 ,3 ,"1,440,000 ",5.6 
Z,13102 ,8 ,’†‰›,0 ,9 ,’†‰›‹ζ,“ϊ–{‹΄’†F‚P‚O”Τ‚Q,“ϊ–{‹΄’†F‚Q|‚R,"1,900,000 ","1,660,000 ",14.5 ,880 ,•s®`,1,2,‹¤“―Z‘ξ,‚r‚q‚b,12F,,’†‚‘w‚Μ‹¤“―Z‘ξ‚ª‚Ώ•ΐ‚ΤZ‘ξ’nζ,‹ζ“Ή,“μ“,11,,‘¤“Ή,–k“,ƒKƒX,…“Ή,‰Ί…“Ή,…“V‹{‘O,,370 ,¤‹Ζ,–h‰Ξ,80 ,500 ,,,,,,,,,,
Z,13102 ,8 ,’†‰›,5 ,1 ,’†‰›‹ζ,‹βΐ‚Q’–Ϊ‚Q‚P‚R”Τ‚P‚S,‹βΐ‚Q|‚P‚U|‚P‚Q,"4,770,000 ","4,030,000 ",18.4 ,340 ,,1,2,“X•ά“––±,‚r‚q‚b,8F,1B,’†‚‘w‚Μ“X•άA––±ƒrƒ‹‚ª‘½‚Ά¤‹Ζ’nζ,‹ζ“Ή,“μΌ,15,,‘¤“Ή,–kΌ,ƒKƒX,…“Ή,‰Ί…“Ή,“‹βΐ,,230 ,¤‹Ζ,–h‰Ξ,80 ,600 ,,,,,,,,,,
Z,13102 ,8 ,’†‰›,5 ,2 ,’†‰›‹ζ,‹βΐ‚U’–Ϊ‚S”Τ‚P‚RO,‹βΐ‚U|‚W|‚R,"35,000,000 ","30,800,000 ",13.6 ,260 ,,1,1.2,“X•ά,‚r,10F,1B,‚‘w‚Μ“X•άA“X•ά“––±“™‚ª‚Ώ•ΐ‚Τ¤‹Ζ’nζ,‹ζ“Ή,–k“,14.5,,‘¤“Ή,“μ“,ƒKƒX,…“Ή,‰Ί…“Ή,‹βΐ,,150 ,¤‹Ζ,–h‰Ξ,80 ,700 ,,,,,*,13102,5 ,14 ,"33,000,000 ",6.1 
Z,13102 ,8 ,’†‰›,5 ,4 ,’†‰›‹ζ,‹βΐ‚R’–Ϊ‚R”Τ‚P,‹βΐ‚R|‚V|‚P,"19,700,000 ","17,700,000 ",11.3 ,290 ,,1.2,1,“X•ά,‚r,6F,,’†‚‘w‚Μ“X•άA––±ƒrƒ‹‚ª‘½‚Ά¤‹Ζ’nζ,‹ζ“Ή,–k“,14.5,,‘¤“Ή,–kΌ,ƒKƒX,…“Ή,‰Ί…“Ή,‹βΐ,,160 ,¤‹Ζ,–h‰Ξ,80 ,700 ,,,,,,,,,,
Z,13102 ,8 ,’†‰›,5 ,5 ,’†‰›‹ζ,‹‹΄‚P’–Ϊ‚P”Τ‚PO,‹‹΄‚P|‚P|‚P,"24,500,000 ","23,700,000 ",3.4 ,"1,948 ",,2,1,––±““X•ά,‚r‚q‚b,11F,3B,’†‚‘w––±ƒrƒ‹“™‚ª‚Ώ•ΐ‚Τ’†S“I¤‹Ζ’nζ,“s“Ή,–k“,44,,O•ϋH,,ƒKƒX,…“Ή,‰Ί…“Ή,“‹,,300 ,¤‹Ζ,–h‰Ξ,80 ,800 ,,,,,,,,,,
,13102 ,8 ,’†‰›,5 ,6 ,’†‰›‹ζ,““ϊ–{‹΄‚R’–Ϊ‚P‚O”Τ‚TO,““ϊ–{‹΄‚R|‚U|‚P‚P,"3,320,000 ",,,426 ,,1,1.5,“X•άA––±“’“Τκ,‚r‚q‚b,7F,2B,’†‚‘w“X•ά––±A‹¤“―Z‘ξ‚ª‚Ώ•ΐ‚Τ¤‹Ζ’nζ,‹ζ“Ή,–k“,22,,‘¤“Ή,–kΌ,ƒKƒX,…“Ή,‰Ί…“Ή,”n‹ς‰΅R,,70 ,¤‹Ζ,–h‰Ξ,80 ,600 ,,,,,,,,,,
Z,13102 ,8 ,’†‰›,5 ,7 ,’†‰›‹ζ,”ªdF‚P’–Ϊ‚P‚O‚T”Τ‚X,”ªdF‚P|‚T|‚X,"10,500,000 ","9,580,000 ",9.6 ,316 ,,1,3,“X•ά“––±,‚r‚q‚b,9F,1B,’†‚‘w‚Μ“X•άA––±ƒrƒ‹‚ª‚Ώ•ΐ‚Τ¤‹Ζ’nζ,‹ζ“Ή,“μ“,11,,‘¤“Ή,“μΌ,ƒKƒX,…“Ή,‰Ί…“Ή,“ϊ–{‹΄,,160 ,¤‹Ζ,–h‰Ξ,80 ,800 ,,,,,,,,,,
Z,13102 ,8 ,’†‰›,5 ,8 ,’†‰›‹ζ,“ϊ–{‹΄‚R’–Ϊ‚P‚P”Τ‚P,“ϊ–{‹΄‚R|‚P‚P|‚P,"9,790,000 ","9,120,000 ",7.3 ,"1,376 ",,1,1.2,––±,‚r‚q‚b,10F,1B,’†‚‘w‚Μ––±ƒrƒ‹‚ª‚Ώ•ΐ‚Τ¤‹Ζ’nζ,“s“Ή,“μ“,44,,O•ϋH,,ƒKƒX,…“Ή,‰Ί…“Ή,“ϊ–{‹΄,,330 ,¤‹Ζ,–h‰Ξ,80 ,800 ,,,,,,,,,,
Z,13102 ,8 ,’†‰›,5 ,9 ,’†‰›‹ζ,“ϊ–{‹΄l`’¬‚P’–Ϊ‚P‚W”Τ‚Q‚WO,“ϊ–{‹΄l`’¬‚P|‚P‚W|‚X,"4,460,000 ","3,860,000 ",15.5 ,118 ,•s®`,1,2,“X•άA––±“Z‘ξ,‚r,9F,,’†‚‘w‚Μ“X•άA––±‚ª‘½‚­‚Ώ•ΐ‚Τ¤‹Ζ’nζ,‹ζ“Ή,–k“,27.3,,,,ƒKƒX,…“Ή,‰Ί…“Ή,l`’¬,,70 ,¤‹Ζ,–h‰Ξ,80 ,700 ,,,,,,,,,,
Z,13102 ,8 ,’†‰›,5 ,10 ,’†‰›‹ζ,’z’n‚T’–Ϊ‚Q”Τ‚P‚PO,’z’n‚T|‚R|‚R,"3,550,000 ","3,250,000 ",9.2 ,"2,543 ",‘δ`,1,1,“X•άA––±“’“Τκ,‚r‚q‚b,14F,2B,’†‚‘w‚Μ“X•άA––±“™‚ª‚Ώ•ΐ‚Τ¤‹Ζ’nζ,“s“Ή,“μ“,33,,‘¤“Ή,“μΌ,ƒKƒX,…“Ή,‰Ί…“Ή,’z’nsκ,,230 ,¤‹Ζ,–h‰Ξ,80 ,600 ,,,,,,,,,,
Z,13102 ,8 ,’†‰›,5 ,11 ,’†‰›‹ζ,“ϊ–{‹΄•’¬‚P‚R‚R”ΤO,“ϊ–{‹΄•’¬‚P‚R|‚P,"7,020,000 ","6,340,000 ",10.7 ,"1,105 ",,1.5,1,“X•ά“––±,‚r‚q‚b,9F,2B,‚‘w‚Μ––±ƒrƒ‹‚ª‚Ώ•ΐ‚Τω¬¤‹Ζ’nζ,“s“Ή,–k“,33,,l•ϋH,,ƒKƒX,…“Ή,‰Ί…“Ή,κ’¬,‹ίΪ,0 ,¤‹Ζ,–h‰Ξ,80 ,700 ,,,,,,,,,,
Z,13102 ,8 ,’†‰›,5 ,12 ,’†‰›‹ζ,“ϊ–{‹΄¬“`”n’¬‚P‚O‚Q”Τ‚VO,“ϊ–{‹΄¬“`”n’¬‚P‚Q|‚Q,"4,180,000 ","3,580,000 ",16.8 ,149 ,,1,2,“X•άA––±“Z‘ξ,‚r‚q‚b,10F,,’†‚‘w‚Μ“X•άA––±ƒrƒ‹‚ª‚Ώ•ΐ‚Τ¤‹Ζ’nζ,‹ζ“Ή,“μΌ,22,,,,ƒKƒX,…“Ή,‰Ί…“Ή,¬“`”n’¬,‹ίΪ,0 ,¤‹Ζ,–h‰Ξ,80 ,700 ,,,,,,,,,,
Z,13102 ,8 ,’†‰›,5 ,13 ,’†‰›‹ζ,‚Η‚«‚S’–Ϊ‚Q‚O‚P”Τ,‚Η‚«‚S|‚Q|‚P‚S,"3,000,000 ","2,610,000 ",14.9 ,471 ,,1,1.5,“X•ά“‹¤“―Z‘ξ,‚q‚b,12F,,’†‚‘w‚Μ“X•ά“‹¤“―Z‘ξ“™‚ª‚Ώ•ΐ‚Τ¤‹Ζ’nζ,‹ζ“Ή,–kΌ,36,,,,ƒKƒX,…“Ή,‰Ί…“Ή,‚Η‚«,,120 ,¤‹Ζ,–h‰Ξ,80 ,600 ,,,,,,,,,,
Z,13102 ,8 ,’†‰›,5 ,14 ,’†‰›‹ζ,V•x‚P’–Ϊ‚T”Τ‚P,V•x‚P|‚X|‚P,"3,440,000 ","2,900,000 ",18.6 ,207 ,,1,1.2,“X•ά“––±,‚r,8F,,––±ƒrƒ‹“™‚Μ‚Ω‚©‹¤“―Z‘ξ‚ΰ‚Ώ•ΐ‚Τ¤‹Ζ’nζ,‹ζ“Ή,–kΌ,18,,‘¤“Ή,–k“,ƒKƒX,…“Ή,‰Ί…“Ή,V•x’¬,,190 ,¤‹Ζ,–h‰Ξ,80 ,600 ,,,,,*,13102,5 ,9 ,"3,190,000 ",7.8 
Z,13102 ,8 ,’†‰›,5 ,15 ,’†‰›‹ζ,“ϊ–{‹΄ak’¬‚P’–Ϊ‚P‚U”Τ‚TO,“ϊ–{‹΄ak’¬‚P|‚P‚U|‚P‚P,"3,710,000 ","3,130,000 ",18.5 ,275 ,•s®`,1,1.2,“X•ά“––±,‚r‚q‚b,10F,1B,’†‚‘w‚Μ“X•άA––±ƒrƒ‹‚ª‚Ώ•ΐ‚Τ¤‹Ζ’nζ,“s“Ή,“μ“,33,,”w–Κ“Ή,,ƒKƒX,…“Ή,‰Ί…“Ή,…“V‹{‘O,,200 ,¤‹Ζ,–h‰Ξ,80 ,700 ,,,,,,,,,,
Z,13102 ,8 ,’†‰›,5 ,16 ,’†‰›‹ζ,“ϊ–{‹΄–{’¬‚S’–Ϊ‚P‚T”Τ‚R,“ϊ–{‹΄–{’¬‚S|‚P|‚P‚P,"7,270,000 ","6,550,000 ",11.0 ,330 ,,1,1,––±“’“Τκ,‚r‚q‚b,9F,1B,‚‘w‚Μ“X•άA––±ƒrƒ‹‚ª‘½‚Άω¬¤‹Ζ’nζ,‘“Ή,“μ“,27,,,,ƒKƒX,…“Ή,‰Ί…“Ή,V“ϊ–{‹΄,‹ίΪ,0 ,¤‹Ζ,–h‰Ξ,80 ,800 ,,,,,*,13102,5 ,4 ,"6,900,000 ",5.4 
Z,13102 ,8 ,’†‰›,5 ,17 ,’†‰›‹ζ,Vμ‚P’–Ϊ‚T”Τ‚P‚S,Vμ‚P|‚P‚V|‚Q‚V,"3,640,000 ","3,090,000 ",17.8 ,195 ,,1.5,1,“X•άA––±“Z‘ξ“™,‚r‚q‚b,11F,,’†‚‘w‚Μ––±ƒrƒ‹‚ª‚Ώ•ΐ‚ΤHό¤‹Ζ’nζ,“s“Ή,“μΌ,33,,,,ƒKƒX,…“Ή,‰Ί…“Ή,κ’¬,,250 ,¤‹Ζ,–h‰Ξ,80 ,700 ,,,,,,,,,,
Z,13102 ,8 ,’†‰›,5 ,18 ,’†‰›‹ζ,‹βΐ‚S’–Ϊ‚P‚O‚R”Τ‚PO,‹βΐ‚S|‚Q|‚P‚T,"35,600,000 ","32,100,000 ",10.9 ,829 ,•s®`,1,2.5,“X•ά“––±,‚r‚q‚b,12F,3B,‚‘w‚Μ“X•άA––±ƒrƒ‹‚ª‘½‚Ά’†S¤‹Ζ’nζ,“s“Ή,–kΌ,30,,O•ϋH,,ƒKƒX,…“Ή,‰Ί…“Ή,‹βΐ,‹ίΪ,0 ,¤‹Ζ,–h‰Ξ,80 ,800 ,,,,,,,,,,
Z,13102 ,8 ,’†‰›,5 ,19 ,’†‰›‹ζ,’z’n‚Q’–Ϊ‚P‚S‚O‚S”Τ‚U,’z’n‚Q|‚P‚S|‚T,"3,290,000 ","2,770,000 ",18.8 ,241 ,,1.2,1,“X•άA––±“Z‘ξ“™,‚r‚q‚b,8F,,’†‚‘w“X•ά“––±‚ª‘½‚­©‚η‚κ‚ι¤‹Ζ’nζ,‹ζ“Ή,–k“,11,,,,ƒKƒX,…“Ή,‰Ί…“Ή,’z’n,,90 ,¤‹Ζ,–h‰Ξ,80 ,600 ,,,,,,,,,,
Z,13102 ,8 ,’†‰›,5 ,20 ,’†‰›‹ζ,“ϊ–{‹΄l`’¬‚Q’–Ϊ‚Q‚P”Τ‚P‚O,“ϊ–{‹΄l`’¬‚Q|‚Q‚P|‚P‚O,"2,850,000 ","2,400,000 ",18.8 ,147 ,,1,2,“X•άA––±“Z‘ξ,‚r,7F,,’†‚‘w‚Μ“X•άA––±ƒrƒ‹“™‚ª‘½‚Ά¤‹Ζ’nζ,‹ζ“Ή,“μ“,15,,,,ƒKƒX,…“Ή,‰Ί…“Ή,l`’¬,,160 ,¤‹Ζ,–h‰Ξ,80 ,500 ,,,,,*,13102,5 ,20 ,"2,650,000 ",7.5 
Z,13102 ,8 ,’†‰›,5 ,21 ,’†‰›‹ζ,Vμ‚Q’–Ϊ‚P‚O‚P”Τ‚P‚OO,Vμ‚Q|‚P‚Q|‚P‚T,"3,390,000 ","2,900,000 ",16.9 ,458 ,‘δ`,1.5,1,––±“’“Τκ,‚r‚q‚b,8F,1B,’†‚‘w‚Μ“X•άA––±“™‚ª‘½‚Ά¤‹Ζ’nζ,‹ζ“Ή,“μΌ,22,,‘¤“Ή,“μ“,ƒKƒX,…“Ή,‰Ί…“Ή,”ª’–x,,380 ,¤‹Ζ,–h‰Ξ,80 ,500 ,,,,,,,,,,
Z,13102 ,8 ,’†‰›,5 ,22 ,’†‰›‹ζ,‹βΐ‚S’–Ϊ‚Q”Τ‚S,‹βΐ‚S|‚T|‚U,"67,100,000 ","60,500,000 ",10.9 ,454 ,,1,2.5,“X•ά,‚r,8F,2B,‚‘w‚Μ“X•ά––±ƒrƒ‹‚ª‚Ώ•ΐ‚Τ¤‹Ζ’nζ,‘“Ή,“μ“,27,,”w–Κ“Ή,,ƒKƒX,…“Ή,‰Ί…“Ή,‹βΐ,‹ίΪ,0 ,¤‹Ζ,–h‰Ξ,80 ,800 ,,,,,,,,,,
Z,13102 ,8 ,’†‰›,5 ,23 ,’†‰›‹ζ,‹βΐ‚V’–Ϊ‚P”Τ‚QO,‹βΐ‚V|‚X|‚P‚X,"47,600,000 ","43,100,000 ",10.4 ,426 ,,1,2.5,“X•ά,‚q‚b,5F,,’†‚‘w‚Μ“X•άƒrƒ‹“™‚ª‚Ώ•ΐ‚Τ”Ι‰Ψ‚Θ¤‹Ζ’nζ,‘“Ή,–kΌ,27,,”w–Κ“Ή,,ƒKƒX,…“Ή,‰Ί…“Ή,‹βΐ,,260 ,¤‹Ζ,–h‰Ξ,80 ,800 ,,,,,,,,,,
Z,13102 ,8 ,’†‰›,5 ,24 ,’†‰›‹ζ,“ϊ–{‹΄κ’¬‚Q’–Ϊ‚P‚O”Τ‚R,“ϊ–{‹΄κ’¬‚Q|‚S|‚U,"3,410,000 ","2,880,000 ",18.4 ,148 ,,1,1.5,“X•ά“––±,‚r‚q‚b,8F,,’†‚‘w‚Μ“X•άA––±ƒrƒ‹‚ª‚Ώ•ΐ‚Τ¤‹Ζ’nζ,‹ζ“Ή,“μ“,11,,,,ƒKƒX,…“Ή,‰Ί…“Ή,κ’¬,,100 ,¤‹Ζ,–h‰Ξ,80 ,600 ,,,,,,,,,,
Z,13102 ,8 ,’†‰›,5 ,25 ,’†‰›‹ζ,“ϊ–{‹΄•x‘ς’¬‚P‚O”Τ‚P‚P,“ϊ–{‹΄•x‘ς’¬‚V|‚P‚T,"2,420,000 ","2,040,000 ",18.6 ,111 ,,1,2,––±,‚r‚q‚b,9F,,’†‚‘w––±‚Μ’†‚Ι‹¤“―Z‘ξ‚ª©‚η‚κ‚ι¤‹Ζ’nζ,‹ζ“Ή,“μ“,11,,,,ƒKƒX,…“Ή,‰Ί…“Ή,l`’¬,,280 ,¤‹Ζ,–h‰Ξ,80 ,600 ,,,,,,,,,,
Z,13102 ,8 ,’†‰›,5 ,26 ,’†‰›‹ζ,”ª’–x‚P’–Ϊ‚P‚O‚T”Τ‚T,”ª’–x‚P|‚X|‚V,"5,790,000 ","5,300,000 ",9.2 ,296 ,,1,2,––±,‚q‚b,10F,,‚‘w‚Μ“X•ά“––±‚ª‚Ώ•ΐ‚Τ¤‹Ζ’nζ,‹ζ“Ή,“μΌ,33,,”w–Κ“Ή,,ƒKƒX,…“Ή,‰Ί…“Ή,”ª’–x,,150 ,¤‹Ζ,–h‰Ξ,80 ,700 ,,,,,,,,,,
Z,13102 ,8 ,’†‰›,5 ,27 ,’†‰›‹ζ,‹βΐ‚Q’–Ϊ‚P‚O‚R”Τ‚U,‹βΐ‚Q|‚R|‚P‚W,"7,100,000 ","6,450,000 ",10.1 ,105 ,,1,1.5,“X•άA––±“Z‘ξ“™,‚q‚b,6F,1B,’†‘w‚Μ––±ƒrƒ‹A“X•ά“™‚ª‚Ώ•ΐ‚Τ¤‹Ζ’nζ,‹ζ“Ή,–kΌ,8,,,,ƒKƒX,…“Ή,‰Ί…“Ή,‹βΐκ’–Ϊ,,90 ,¤‹Ζ,–h‰Ξ,80 ,700 ,,,,,,,,,,
Z,13102 ,8 ,’†‰›,5 ,28 ,’†‰›‹ζ,”ªdF‚Q’–Ϊ‚P‚O”Τ‚PO,”ªdF‚Q|‚P‚O|‚P‚V,"14,300,000 ","13,900,000 ",2.9 ,"1,724 ",•s®`,1,1.2,––±,‚r‚q‚b,12F,4B,‚‘w––±ƒrƒ‹‚Μ’†A’“Τκ‚ΰ©‚η‚κ‚ι¤‹Ζ’nζ,“s“Ή,–kΌ,36,,O•ϋH,,ƒKƒX,…“Ή,‰Ί…“Ή,—Ly’¬,,320 ,¤‹Ζ,–h‰Ξ,80 ,800 ,,,,,,,,,,
Z,13102 ,8 ,’†‰›,5 ,29 ,’†‰›‹ζ,‹βΐ‚Q’–Ϊ‚Q”Τ‚P‚XO,‹βΐ‚Q|‚U|‚V,"49,600,000 ","44,400,000 ",11.7 ,353 ,,1,1,“X•ά“––±,‚q‚b,8F,1B,’†‚‘w‚Μ“X•άA“X•ά“––±‚ª‚Ώ•ΐ‚Τ¤‹Ζ’nζ,‘“Ή,“μ“,27,,,,ƒKƒX,…“Ή,‰Ί…“Ή,‹βΐκ’–Ϊ,‹ίΪ,0 ,¤‹Ζ,–h‰Ξ,80 ,800 ,,,,,*,13102,5 ,13 ,"46,900,000 ",5.8 
Z,13102 ,8 ,’†‰›,5 ,30 ,’†‰›‹ζ,Vμ‚P’–Ϊ‚Q‚O‚W”Τ‚S,Vμ‚P|‚P‚P|‚T,"1,780,000 ","1,480,000 ",20.3 ,138 ,,1,1.5,––±AHκ“Z‘ξ,‚q‚b,5F,,’†’α‘w––±ƒrƒ‹Aσό“™‚ª¬έ‚·‚ι¤‹Ζ’nζ,‹ζ“Ή,“μ“,8,,,,ƒKƒX,…“Ή,‰Ί…“Ή,κ’¬,,450 ,¤‹Ζ,–h‰Ξ,80 ,500 ,,,,,,,,,,
Z,13102 ,8 ,’†‰›,5 ,31 ,’†‰›‹ζ,“‡‚R’–Ϊ‚X‚P‚Q”Τ,“‡‚R|‚X|‚P‚O,"2,320,000 ","1,960,000 ",18.4 ,74 ,,1,3.5,“X•ά“‘qΙ,‚r,3F,,¬‹K–Ν‚Θ’α‘w“X•ά“™‚ª‚Ώ•ΐ‚Τω¬‚Μ¤‹Ζ’nζ,‹ζ“Ή,–kΌ,10.9,,,,ƒKƒX,…“Ή,‰Ί…“Ή,“‡,,300 ,¤‹Ζ,–h‰Ξ,80 ,500 ,,,,,,,,,,
Z,13102 ,8 ,’†‰›,5 ,32 ,’†‰›‹ζ,“ό‘D‚R’–Ϊ‚P”Τ‚PO,“ό‘D‚R|‚P|‚P‚R,"3,690,000 ","3,110,000 ",18.6 ,478 ,,1,1,“X•ά“––±,‚r‚q‚b,8F,1B,’†‚‘w‚Μ––±A‹¤“―Z‘ξ“™‚ª¬έ‚·‚ι¤‹Ζ’nζ,“s“Ή,–kΌ,33,,O•ϋH,,ƒKƒX,…“Ή,‰Ί…“Ή,V•x’¬,,120 ,¤‹Ζ,–h‰Ξ,80 ,700 ,,,,,,,,,,
Z,13102 ,8 ,’†‰›,5 ,33 ,’†‰›‹ζ,‹‹΄‚P’–Ϊ‚U”Τ‚PO,‹‹΄‚P|‚U|‚P,"18,400,000 ","17,900,000 ",2.8 ,"2,237 ",,1,2,“X•άA––±“’“Τκ“™,‚r‚q‚b,11F,6B,‚‘w‚Μ“X•ά“––±ƒrƒ‹‚ª‚Ώ•ΐ‚Τ¤‹Ζ’nζ,‘“Ή,–kΌ,27,,O•ϋH,,ƒKƒX,…“Ή,‰Ί…“Ή,‹‹΄,,100 ,¤‹Ζ,–h‰Ξ,80 ,800 ,,,,,,,,,,
Z,13102 ,8 ,’†‰›,5 ,34 ,’†‰›‹ζ,“ϊ–{‹΄l`’¬‚P’–Ϊ‚T”Τ‚T‚X,“ϊ–{‹΄l`’¬‚P|‚T|‚P‚T,"1,990,000 ","1,660,000 ",19.9 ,107 ,,1,2,––±,‚q‚b,6F,,’†’α‘w“X•ά•Ή—pZ‘ξA––±ƒrƒ‹‚ª‘½‚Ά¤‹Ζ’nζ,‹ζ“Ή,“μ“,8,,,,ƒKƒX,…“Ή,‰Ί…“Ή,l`’¬,,120 ,¤‹Ζ,–h‰Ξ,80 ,600 ,,,,,,,,,,
Z,13102 ,8 ,’†‰›,5 ,35 ,’†‰›‹ζ,“ϊ–{‹΄‚Q’–Ϊ‚P”Τ‚PO,“ϊ–{‹΄‚Q|‚P|‚P‚O,"22,700,000 ","22,000,000 ",3.2 ,"2,222 ",,1,1.5,“X•ά“––±,‚r‚q‚b,12F,4B,‚‘w‚Μ––±ƒrƒ‹“™‚ª‚Ώ•ΐ‚Τ’†S“I¤‹Ζ’nζ,‘“Ή,“μ“,27,,‘¤“Ή,–k“,ƒKƒX,…“Ή,‰Ί…“Ή,“ϊ–{‹΄,‹ίΪ,0 ,¤‹Ζ,–h‰Ξ,80 ,800 ,,,,,,,,,,
Z,13102 ,8 ,’†‰›,5 ,36 ,’†‰›‹ζ,“ϊ–{‹΄”n‹ς’¬‚Q’–Ϊ‚R”Τ‚Q‚O,“ϊ–{‹΄”n‹ς’¬‚Q|‚U|‚P‚P,"1,970,000 ","1,660,000 ",18.7 ,128 ,‘δ`,1,1.5,––±AZ‘ξ“ΤΙ,‚q‚b,8F,,’†‚‘w‚Μ¬‹K–Ν‚Θ‰c‹Ζ“––±‚ª‘½‚Ά¤‹Ζ’nζ,‹ζ“Ή,–k,15,,,,ƒKƒX,…“Ή,‰Ί…“Ή,σ‘‹΄,,300 ,¤‹Ζ,–h‰Ξ,80 ,500 ,,,,,,,,,,
Z,13102 ,8 ,’†‰›,5 ,37 ,’†‰›‹ζ,“ϊ–{‹΄ak’¬‚Q’–Ϊ‚P‚R”Τ‚P‚T,“ϊ–{‹΄ak’¬‚Q|‚P‚R|‚X,"1,700,000 ","1,430,000 ",18.9 ,140 ,,1,1.5,––±,‚q‚b,5F,1B,’†‘w––±ƒrƒ‹‚Μ‘Ό‹¤“―Z‘ξ‚ΰ©‚η‚κ‚ι¤‹Ζ’nζ,‹ζ“Ή,“μ“,6,,,,ƒKƒX,…“Ή,‰Ί…“Ή,…“V‹{‘O,,130 ,¤‹Ζ,–h‰Ξ,80 ,700 ,,,,,,,,,,
Z,13102 ,8 ,’†‰›,5 ,38 ,’†‰›‹ζ,”ª’–x‚S’–Ϊ‚U”Τ‚T,”ª’–x‚S|‚W|‚P,"4,760,000 ","3,980,000 ",19.6 ,172 ,,1.5,1,––±AZ‘ξ“ΤΙ“™,‚r‚q‚b,10F,1B,’†‚‘w‚Μ“X•άA––±‚ª‚Ώ•ΐ‚Τ‰w‹ί‚Μ¤‹Ζ’nζ,‹ζ“Ή,–k,22,,‘¤“Ή,Ό,ƒKƒX,…“Ή,‰Ί…“Ή,”ª’–x,,60 ,¤‹Ζ,–h‰Ξ,80 ,700 ,,,,,,,,,,
Z,13102 ,8 ,’†‰›,5 ,39 ,’†‰›‹ζ,“ϊ–{‹΄Ί’¬‚P’–Ϊ‚P‚S”Τ‚U,“ϊ–{‹΄Ί’¬‚P|‚P‚P|‚W,"4,610,000 ","3,930,000 ",17.3 ,297 ,,1.5,1,“X•άA––±“‹¤“―Z‘ξ,‚r‚q‚b,8F,1B,’†‚‘w‚Μ“X•άA––±ƒrƒ‹“™‚ª‚Ώ•ΐ‚Τ¤‹Ζ’nζ,‹ζ“Ή,–k“,11,,‘¤“Ή,–kΌ,ƒKƒX,…“Ή,‰Ί…“Ή,O‰z‘O,,170 ,¤‹Ζ,–h‰Ξ,80 ,700 ,,,,,,,,,,
Z,13102 ,8 ,’†‰›,5 ,40 ,’†‰›‹ζ,“ϊ–{‹΄” θ’¬‚Q‚O”Τ‚R‚RO,“ϊ–{‹΄” θ’¬‚Q‚O|‚P,"1,960,000 ","1,640,000 ",19.5 ,226 ,,1,1.5,––±“’“Τκ,‚r‚q‚b,8F,,’†‚‘w––±Aƒ}ƒ“ƒVƒ‡ƒ““™‚ª¬έ‚·‚ι¤‹Ζ’nζ,‹ζ“Ή,“μΌ,11,,,,ƒKƒX,…“Ή,‰Ί…“Ή,…“V‹{‘O,,220 ,¤‹Ζ,–h‰Ξ,80 ,500 ,,,,,,,,,,
Z,13102 ,8 ,’†‰›,5 ,41 ,’†‰›‹ζ,‹βΐ‚T’–Ϊ‚P‚O‚R”Τ‚P‚U,‹βΐ‚T|‚S|‚R,"57,000,000 ","51,700,000 ",10.3 ,435 ,,1,1.2,“X•ά“––±,‚r‚q‚b,8F,2B,‚‘w‚Μ“X•άA––±ƒrƒ‹‚ª‚Ώ•ΐ‚Τ’†S¤‹Ζ’nζ,“s“Ή,–k“,36,,‘¤“Ή,“μ“,ƒKƒX,…“Ή,‰Ί…“Ή,‹βΐ,‹ίΪ,0 ,¤‹Ζ,–h‰Ξ,80 ,800 ,,,,,,,,,,
Z,13102 ,8 ,’†‰›,5 ,42 ,’†‰›‹ζ,’z’n‚S’–Ϊ‚Q”Τ‚P,’z’n‚S|‚V|‚T,"5,290,000 ","4,790,000 ",10.4 ,"1,461 ",,1.5,1,“X•ά“––±,‚r‚q‚b,8F,1B,’†‚‘w‚Μ“X•άA––±ƒrƒ‹“™‚ª‚Ώ•ΐ‚Τ¤‹Ζ’nζ,“s“Ή,–k“,36,,O•ϋH,,ƒKƒX,…“Ή,‰Ί…“Ή,’z’n,,170 ,¤‹Ζ,–h‰Ξ,80 ,800 ,,,,,,,,,,
Z,13102 ,8 ,’†‰›,5 ,43 ,’†‰›‹ζ,”ªdF‚P’–Ϊ‚P‚O‚T”Τ‚T‚R,”ªdF‚P|‚T|‚Q‚O,"24,300,000 ","23,600,000 ",3.0 ,623 ,,1.2,1,“X•άA––±“’“Τκ,‚r‚q‚b,11F,2B,’†‚‘w‚Μ“X•άA––±ƒrƒ‹‚ª‚Ώ•ΐ‚Τ¤‹Ζ’nζ,“s“Ή,–kΌ,40,,l•ϋH,,ƒKƒX,…“Ή,‰Ί…“Ή,“‹,,280 ,¤‹Ζ,–h‰Ξ,80 ,800 ,,,,,,,,,,
Z,13102 ,8 ,’†‰›,5 ,44 ,’†‰›‹ζ,‹βΐ‚T’–Ϊ‚Q‚O‚P”Τ‚SO,‹βΐ‚T|‚P‚R|‚P‚U,"11,700,000 ","10,500,000 ",11.4 ,660 ,,1,1.5,“X•ά“––±,‚r‚q‚b,9F,1B,’†‚‘w‚Μ“X•ά“––±ƒrƒ‹‚ª‚Ώ•ΐ‚Τ¤‹Ζ’nζ,“s“Ή,–kΌ,44,,”w–Κ“Ή,,ƒKƒX,…“Ή,‰Ί…“Ή,“‹βΐ,,60 ,¤‹Ζ,–h‰Ξ,80 ,800 ,,,,,,,,,,
Z,13102 ,8 ,’†‰›,5 ,45 ,’†‰›‹ζ,“ϊ–{‹΄Ί’¬‚S’–Ϊ‚R”Τ‚P‚Q,“ϊ–{‹΄Ί’¬‚S|‚Q|‚P‚V,"3,420,000 ","2,990,000 ",14.4 ,157 ,,1.5,1,“X•ά“––±,‚r‚q‚b,8F,1B,’†‚‘w‚Μ“X•ά“––±ƒrƒ‹‚ª‚Ώ•ΐ‚Τ¤‹Ζ’nζ,‹ζ“Ή,“μ“,11,,,,ƒKƒX,…“Ή,‰Ί…“Ή,V“ϊ–{‹΄,,200 ,¤‹Ζ,–h‰Ξ,80 ,600 ,,,,,,,,,,
Z,13102 ,8 ,’†‰›,5 ,46 ,’†‰›‹ζ,“ϊ–{‹΄κ’¬‚R’–Ϊ‚P‚U”Τ‚TO,“ϊ–{‹΄κ’¬‚R|‚Q|‚P‚Q,"4,310,000 ","3,640,000 ",18.4 ,336 ,,1,1.5,“X•ά“––±,‚r‚q‚b,8F,,’†‚‘w‚Μ––±ƒrƒ‹‚ª‚Ώ•ΐ‚Τ¤‹Ζ’nζ,‹ζ“Ή,–kΌ,18,,‘¤“Ή,–k“,ƒKƒX,…“Ή,‰Ί…“Ή,κ’¬,,300 ,¤‹Ζ,–h‰Ξ,80 ,600 ,,,,,,,,,,
Z,13102 ,8 ,’†‰›,5 ,47 ,’†‰›‹ζ,’z’n‚R’–Ϊ‚P‚Q‚O‚X”Τ‚UO,’z’n‚R|‚P‚Q|‚T,"2,060,000 ","1,720,000 ",19.8 ,225 ,,1,1.2,“X•άA––±“Z‘ξ,‚q‚b,6F,1B,’†‚‘w‚Μ“X•άA––±ƒrƒ‹‚ª‚Ώ•ΐ‚Τ¤‹Ζ’nζ,‹ζ“Ή,“μ“,8,,,,ƒKƒX,…“Ή,‰Ί…“Ή,’z’n,,130 ,¤‹Ζ,–h‰Ξ,80 ,500 ,,,,,,,,,,
Z,13102 ,8 ,’†‰›,5 ,48 ,’†‰›‹ζ,“ό‘D‚R’–Ϊ‚P‚T”Τ‚PO,“ό‘D‚R|‚W|‚X,"2,270,000 ","1,900,000 ",19.5 ,162 ,,1.2,1,“X•άA––±“Z‘ξ,‚r‚q‚b,8F,,’†‚‘w“X•ά“‹¤“―Z‘ξA––±¬έ‚Μ¤‹Ζ’nζ,‹ζ“Ή,“μΌ,11,,,,ƒKƒX,…“Ή,‰Ί…“Ή,V•x’¬,,210 ,¤‹Ζ,–h‰Ξ,80 ,500 ,,,,,,,,,,
Z,13102 ,8 ,’†‰›,5 ,49 ,’†‰›‹ζ,“ϊ–{‹΄–{’¬‚R’–Ϊ‚V”Τ‚TO,“ϊ–{‹΄–{’¬‚R|‚Q|‚P‚R,"4,440,000 ","3,760,000 ",18.1 ,575 ,,1,1.5,––±“’“Τκ,‚r‚q‚b,8F,1B,’†‚‘w‚Μ“X•άA––±ƒrƒ‹‚ª‚Ώ•ΐ‚Τ¤‹Ζ’nζ,‹ζ“Ή,“μ“,8,,”w–Κ“Ή,,ƒKƒX,…“Ή,‰Ί…“Ή,V“ϊ–{‹΄,,110 ,¤‹Ζ,–h‰Ξ,80 ,700 ,,,,,,,,,,
Z,13102 ,8 ,’†‰›,5 ,50 ,’†‰›‹ζ,“ϊ–{‹΄‚R’–Ϊ‚Q”Τ‚RO,“ϊ–{‹΄‚R|‚Q|‚P‚S,"7,230,000 ","6,630,000 ",9.0 ,220 ,,1,2,“X•άA––±“Z‘ξ,‚r,7F,1B,¬‹K–Ν‚Μ“X•ά“––±ƒrƒ‹‚ª‚Ώ•ΐ‚Τ¤‹Ζ’nζ,‹ζ“Ή,“μΌ,8,,,,ƒKƒX,…“Ή,‰Ί…“Ή,“ϊ–{‹΄,,200 ,¤‹Ζ,–h‰Ξ,80 ,700 ,,,,,,,,,,
Z,13102 ,8 ,’†‰›,5 ,51 ,’†‰›‹ζ,“ϊ–{‹΄–{’¬‚S’–Ϊ‚X”Τ‚TO,“ϊ–{‹΄–{’¬‚S|‚S|‚Q,"8,710,000 ","8,160,000 ",6.7 ,"1,131 ",,1,2,––±A“X•ά“’“Τκ,‚r,13F,1B,‚‘w‚Μ“X•ά“––±ƒrƒ‹‚ª‚Ώ•ΐ‚Τ¤‹Ζ’nζ,‘“Ή,“μΌ,27,,O•ϋH,,ƒKƒX,…“Ή,‰Ί…“Ή,V“ϊ–{‹΄,,150 ,¤‹Ζ,–h‰Ξ,80 ,800 ,,,,,,,,,,
Z,13102 ,8 ,’†‰›,5 ,52 ,’†‰›‹ζ,°C‚Q’–Ϊ‚P‚O‚V”Τ,°C‚Q|‚P|‚S‚O,"2,000,000 ","1,920,000 ",4.2 ,"7,250 ",,1,1.2,––±““X•ά,‚r,17F,1B,‚‘w‚Μ––±ƒrƒ‹“™‚ª‚Ώ•ΐ‚Τ¤‹Ζ’nζ,“s“Ή,–kΌ,50,,O•ϋH,,ƒKƒX,…“Ή,‰Ί…“Ή,‚Η‚«,,780 ,€H,–h‰Ξ,60 ,400 ,,,,,,,,,,
Z,13102 ,8 ,’†‰›,5 ,53 ,’†‰›‹ζ,‹βΐ‚W’–Ϊ‚P‚O‚X”Τ‚V,‹βΐ‚W|‚U|‚Q‚O,"15,200,000 ","14,300,000 ",6.3 ,181 ,,1,2,“X•ά,‚r,8F,1B,’†‚‘w‚Μ“X•άA“X•ά“––±‚ª‚Ώ•ΐ‚Τ¤‹Ζ’nζ,‹ζ“Ή,–kΌ,14.5,,,,ƒKƒX,…“Ή,‰Ί…“Ή,V‹΄,,200 ,¤‹Ζ,–h‰Ξ,80 ,700 ,,,,,,,,,,
Z,13102 ,8 ,’†‰›,5 ,54 ,’†‰›‹ζ,‹βΐ‚V’–Ϊ‚T”Τ‚Q,‹βΐ‚V|‚P‚P|‚P‚S,"9,390,000 ","8,510,000 ",10.3 ,160 ,,1.5,1,––±““X•ά,‚r,10F,,’†‚‘w‚Μ“X•άA––±‚ª‘½‚Ά¤‹Ζ’nζ,‹ζ“Ή,–kΌ,13,,,,ƒKƒX,…“Ή,‰Ί…“Ή,‹βΐ,,400 ,¤‹Ζ,–h‰Ξ,80 ,700 ,,,,,*,13102,5 ,5 ,"8,850,000 ",6.1 
Z,13102 ,8 ,’†‰›,5 ,55 ,’†‰›‹ζ,“ϊ–{‹΄•l’¬‚Q’–Ϊ‚U‚V”Τ‚X,“ϊ–{‹΄•l’¬‚Q|‚S‚U|‚R,"1,310,000 ","1,090,000 ",20.2 ,58 ,,1,1.5,“X•ά“‹¤“―Z‘ξ,‚r,3F,,“X•ά“‹¤“―Z‘ξAκ”ΚZ‘ξ“™‚ª¬έ‚·‚ι¤‹Ζ’nζ,‹ζ“Ή,–kΌ,4,,,,ƒKƒX,…“Ή,‰Ί…“Ή,•l’¬,,150 ,¤‹Ζ,–h‰Ξ,80 ,500 ,,,,,,,,,,
Z,13103 ,8 ,`,0 ,1 ,`‹ζ,Τβ‚U’–Ϊ‚P‚X‚P‚P”Τ,Τβ‚U|‚P‚X|‚Q‚R,"4,080,000 ","3,390,000 ",20.4 ,"2,045 ",‘δ`,1,1.5,‹¤“―Z‘ξ“’“Τκ,‚q‚b,7F,1B,’†‹K–Νƒ}ƒ“ƒVƒ‡ƒ“‚ª‘½‚­©‚η‚κ‚ι‚‘δ‚ΜZ‘ξ’nζ,‹ζ“Ή,“μ“,8,,,,ƒKƒX,…“Ή,‰Ί…“Ή,Z–{–Ψκ’–Ϊ,,350 ,‚P’†κ,€–h,60 ,300 ,,,,,,,,,,
Z,13103 ,8 ,`,0 ,2 ,`‹ζ,Z–{–Ψ‚T’–Ϊ‚R‚U‚V”Τ‚P,Z–{–Ψ‚T|‚P‚R|‚P,"3,290,000 ","2,810,000 ",17.1 ,365 ,,1,1.5,‹¤“―Z‘ξ,‚q‚b,4F,1B,ƒ}ƒ“ƒVƒ‡ƒ“‚Ι‘εgΩ“™‚ΰ©‚η‚κ‚ιΥΓ‚ΘZ‘ξ’nζ,‹ζ“Ή,–k,8.5,,‘¤“Ή,Ό,ƒKƒX,…“Ή,‰Ί…“Ή,–ƒ•z\”Τ,,400 ,‚Q’†κ,€–h,60 ,300 ,,,,,*,13103,0 ,6 ,"3,000,000 ",9.7 
Z,13103 ,8 ,`,0 ,3 ,`‹ζ,“μΒR‚S’–Ϊ‚R‚S‚Q”ΤO,“μΒR‚S|‚Q‚O|‚S,"3,770,000 ","3,220,000 ",17.1 ,456 ,,1,1,‹¤“―Z‘ξ“––±,‚q‚b,4F,1B,ƒ}ƒ“ƒVƒ‡ƒ“‚Μ‚Ω‚©κ”ΚZ‘ξ“™‚ΰ©‚η‚κ‚ιZ‘ξ’nζ,‹ζ“Ή,–k“,5.4,,‘¤“Ή,–kΌ,ƒKƒX,…“Ή,‰Ί…“Ή,•\Q“Ή,,360 ,‚P’†κ,€–h,60 ,300 ,,,,,,,,,,
Z,13103 ,8 ,`,0 ,4 ,`‹ζ,Τβ‚P’–Ϊ‚P‚S‚Q‚S”Τ‚P,Τβ‚P|‚P‚S|‚P‚P,"7,110,000 ","5,900,000 ",20.5 ,"1,053 ",,1,2,‹¤“―Z‘ξ,‚q‚b,10F,1B,ƒ}ƒ“ƒVƒ‡ƒ“‚Ι‘εgΩAƒzƒeƒ‹‚ΰ©‚η‚κ‚ιZ‘ξ’nζ,‹ζ“Ή,“μ“,8.5,,,,ƒKƒX,…“Ή,‰Ί…“Ή,—­’rR‰¤,,420 ,‚QZ‹,–h‰Ξ,60 ,400 ,,,,,*,13103,0 ,10 ,"6,430,000 ",10.6 
Z,13103 ,8 ,`,0 ,5 ,`‹ζ,Ό–ƒ•z‚P’–Ϊ‚P”Τ‚P‚S‚V,Ό–ƒ•z‚P|‚W|‚P‚X,"2,150,000 ","1,860,000 ",15.6 ,169 ,,1,1.2,Z‘ξ“ΤΙ,‚q‚b,3F,,κ”ΚZ‘ξAƒ}ƒ“ƒVƒ‡ƒ“‚ª©‚η‚κ‚ιZ‘ξ’nζ,‹ζ“Ή,–k,5.2,,,,ƒKƒX,…“Ή,‰Ί…“Ή,Z–{–Ψ,,430 ,‚Q’†κ,€–h,60 ,300 ,,,,,,,,,,
Z,13103 ,8 ,`,0 ,6 ,`‹ζ,”’‹ΰ‘δ‚S’–Ϊ‚Q‚V‚R”Τ‚P‚X‚U,”’‹ΰ‘δ‚S|‚P‚U|‚S,"1,520,000 ","1,320,000 ",15.2 ,143 ,‘δ`,1,1,Z‘ξ,‚k‚r,3F,,κ”ΚZ‘ξ‚Μ‚Ω‚©‹¤“―Z‘ξ“™‚ª©‚η‚κ‚ιZ‘ξ’nζ,‹ζ“Ή,–k“,3.9,,,,ƒKƒX,…“Ή,‰Ί…“Ή,”’‹ΰ‘δ,,180 ,‚PZ‹,€–h,60 ,300 ,,,,,,,,,,
Z,13103 ,8 ,`,0 ,7 ,`‹ζ,“μ–ƒ•z‚T’–Ϊ‚P‚W”Τ‚P‚V,“μ–ƒ•z‚T|‚X|‚Q,"2,970,000 ","2,550,000 ",16.5 ,163 ,,1,1.5,Z‘ξ,‚v,3F,1B,’†‹K–Νκ”ΚZ‘ξAƒ}ƒ“ƒVƒ‡ƒ““™‚ª‘½‚ΆZ‘ξ’nζ,‹ζ“Ή,–k,4.4,,,,ƒKƒX,…“Ή,‰Ί…“Ή,L”φ,,250 ,‚P’†κ,€–h,60 ,300 ,,,,,,,,,,
Z,13103 ,8 ,`,0 ,8 ,`‹ζ,”’‹ΰ‘δ‚Q’–Ϊ‚P‚W‚S”Τ‚T,”’‹ΰ‘δ‚Q|‚P‚R|‚Q,"1,780,000 ","1,560,000 ",14.1 ,153 ,,1,1,Z‘ξ“ΤΙ,‚v,3F,,’†‹K–Νκ”ΚZ‘ξ‚ª‘½‚­‚Ώ•ΐ‚ΤZ‘ξ’nζ,‹ζ“Ή,–k,4.5,,,,ƒKƒX,…“Ή,‰Ί…“Ή,‚—Φ‘δ,,320 ,‚P’†κ,€–h,60 ,200 ,,,,,,,,,,
Z,13103 ,8 ,`,0 ,9 ,`‹ζ,‚—Φ‚P’–Ϊ‚V‚O‚P”Τ‚U‚P,‚—Φ‚P|‚X|‚T,"2,160,000 ","1,880,000 ",14.9 ,150 ,,1,1.2,Z‘ξ,‚v,2F,,’†‹K–Νκ”ΚZ‘ξ‚ª‘½‚Ά‹ζ‰ζ®‘R‚Ζ‚µ‚½Z‘ξ’nζ,‹ζ“Ή,“μ,6.5,,,,ƒKƒX,…“Ή,‰Ί…“Ή,”’‹ΰ‚—Φ,,250 ,‚P’†κ,€–h,60 ,300 ,,,,,*,13103,0 ,8 ,"1,990,000 ",8.5 
Z,13103 ,8 ,`,0 ,10 ,`‹ζ,O“c‚Q’–Ϊ‚R‚O‚X”Τ‚P‚U,O“c‚Q|‚Q|‚Q‚O,"2,380,000 ","2,070,000 ",15.0 ,331 ,,1,1,‹¤“―Z‘ξ,‚q‚b,3F,,ƒ}ƒ“ƒVƒ‡ƒ“‚Μ‚Ω‚©‘εgΩAwZ“™‚ª‚ ‚ιZ‘ξ’nζ,‹ζ“Ή,“,8,,‘¤“Ή,“μ,ƒKƒX,…“Ή,‰Ί…“Ή,–ƒ•z\”Τ,,700 ,‚P’†κ,€–h,60 ,300 ,,,,,,,,,,
Z,13103 ,8 ,`,0 ,11 ,`‹ζ,Τβ‚W’–Ϊ‚P‚R‚O”ΤO,Τβ‚W|‚Q|‚P‚V,"3,040,000 ","2,600,000 ",16.9 ,173 ,,1,2,‹¤“―Z‘ξ,‚q‚b,3F,1B,ƒ}ƒ“ƒVƒ‡ƒ“‚Ι‘εgΩ‚ΰ©‚η‚κ‚ιΥΓ‚ΘZ‘ξ’nζ,‹ζ“Ή,“μΌ,6,,,,ƒKƒX,…“Ή,‰Ί…“Ή,ΒRκ’–Ϊ,,320 ,‚P’†κ,€–h,60 ,300 ,,,,,,,,,,
Z,13103 ,8 ,`,0 ,12 ,`‹ζ,‚—Φ‚S’–Ϊ‚R‚O”Τ‚R‚O‚RO,‚—Φ‚S|‚Q‚O|‚P‚X,"2,020,000 ","1,750,000 ",15.4 ,233 ,•s®`,1,2,‹¤“―Z‘ξ,‚k‚r,3F,,’†’α‘w‹¤“―Z‘ξ‚ª‘½‚­©‚η‚κ‚ιΥΓ‚ΘZ‘ξ’nζ,‹ζ“Ή,Ό,5,,,,ƒKƒX,…“Ή,‰Ί…“Ή,•iμ,,620 ,‚P’†κ,€–h,60 ,200 ,,,,,,,,,,
Z,13103 ,8 ,`,0 ,13 ,`‹ζ,³–ƒ•z‚Q’–Ϊ‚P‚R‚W”Τ‚XO,³–ƒ•z‚Q|‚R|‚Q‚S,"3,690,000 ","3,180,000 ",16.0 ,633 ,,1.5,1,‹¤“―Z‘ξ,‚q‚b,6F,,ƒ}ƒ“ƒVƒ‡ƒ“‚Μ‚Ω‚©wZA•a‰@‚ª¬έ‚·‚ιZ‘ξ’nζ,‹ζ“Ή,“μΌ,15,,‘¤“Ή,“μ“,ƒKƒX,…“Ή,‰Ί…“Ή,L”φ,,700 ,‚PZ‹,€–h,60 ,300 ,,,,,,,,,,
Z,13103 ,8 ,`,0 ,14 ,`‹ζ,³–ƒ•z‚R’–Ϊ‚Q‚S‚Q”Τ‚R‚OO,³–ƒ•z‚R|‚U|‚Q,"2,760,000 ","2,360,000 ",16.9 ,278 ,,1,2,‹¤“―Z‘ξ,‚q‚b,3F,,’†‹K–Νκ”ΚZ‘ξ‚Ζ‹¤“―Z‘ξ‚ª©‚η‚κ‚ιZ‘ξ’nζ,‹ζ“Ή,–k“,5.3,,,,ƒKƒX,…“Ή,‰Ί…“Ή,Z–{–Ψ,,650 ,‚P’†κ,€–h,60 ,300 ,,,,,,,,,,
Z,13103 ,8 ,`,0 ,15 ,`‹ζ,Τβ‚S’–Ϊ‚P‚P‚Q‚Q”Τ,Τβ‚S|‚P‚P|‚P‚W,"1,910,000 ","1,670,000 ",14.4 ,94 ,,1,1.2,Z‘ξ,‚r,3F,,’†’α‘wκ”ΚZ‘ξAƒAƒp[ƒg“™‚ª©‚η‚κ‚ιZ‘ξ’nζ,‹ζ“Ή,–k,3.6,,,,ƒKƒX,…“Ή,‰Ί…“Ή,Τβ,,550 ,‚PZ‹,€–h,60 ,300 ,,,,,,,,,,
Z,13103 ,8 ,`,0 ,16 ,`‹ζ,“μ–ƒ•z‚S’–Ϊ‚P‚Q”Τ‚P,“μ–ƒ•z‚S|‚X|‚R‚S,"4,990,000 ","4,320,000 ",15.5 ,"3,507 ",•s®`,2,1,‹¤“―Z‘ξ,‚q‚b,8F,1B,’†‚‘wƒ}ƒ“ƒVƒ‡ƒ“Aκ”ΚZ‘ξ‚ª¬έ‚·‚ιZ‘ξ’nζ,‹ζ“Ή,Ό,5.8,,‘¤“Ή,“μ,ƒKƒX,…“Ή,‰Ί…“Ή,L”φ,,650 ,‚P’†κ,€–h,60 ,200 ,,,,,,,,,,
Z,13103 ,8 ,`,0 ,17 ,`‹ζ,Ε‰Y‚Q’–Ϊ‚P”Τ‚R‚R,Ε‰Y‚Q|‚R|‚Q‚V,"2,740,000 ","2,280,000 ",20.2 ,993 ,,2,1,‹¤“―Z‘ξ,‚q‚b,11F,,’†‚‘w‚Μ‹¤“―Z‘ξA––±“™‚ª¬έ‚·‚ιZ‘ξ’nζ,‹ζ“Ή,–kΌ,11,,,,ƒKƒX,…“Ή,‰Ί…“Ή,“c’¬,,760 ,€H,–h‰Ξ,60 ,400 ,,,,,,,,,,
Z,13103 ,8 ,`,0 ,18 ,`‹ζ,“μΒR‚Q’–Ϊ‚Q‚U”Τ‚RO,“μΒR‚Q|‚S|‚P‚P,"3,190,000 ","2,750,000 ",16.0 ,374 ,,1,1.5,––±“‹¤“―Z‘ξ,‚r‚q‚b,7F,1B,––±A“X•ά“‹¤“―Z‘ξ“™‚ª¬έ‚·‚ι’nζ,‹ζ“Ή,“μΌ,5.1,,,,ƒKƒX,…“Ή,‰Ί…“Ή,ΒRκ’–Ϊ,,230 ,‚QZ‹,–h‰Ξ,60 ,400 ,,,,,,,,,,
Z,13103 ,8 ,`,0 ,19 ,`‹ζ,`“μ‚R’–Ϊ‚U”Τ‚V,`“μ‚R|‚V|‚Q‚R,"2,260,000 ","1,850,000 ",22.2 ,"1,157 ",,1,2,‹¤“―Z‘ξ,‚q‚b,12F,1B,‚‘wƒ}ƒ“ƒVƒ‡ƒ“‚ª‘½‚­‚Ώ•ΐ‚Τ‹¤“―Z‘ξ’nζ,‹ζ“Ή,Ό,10,,,,ƒKƒX,…“Ή,‰Ί…“Ή,•iμ,,"1,100 ",€H,–h‰Ξ,60 ,400 ,,,,,,,,,,
Z,13103 ,8 ,`,0 ,20 ,`‹ζ,”’‹ΰ‚R’–Ϊ‚V‚P”Τ‚S,”’‹ΰ‚R|‚P‚Q|‚P‚R,"2,290,000 ","1,990,000 ",15.1 ,125 ,,1,1.2,‹¤“―Z‘ξ,‚q‚b,5F,1B,’†‘w‹¤“―Z‘ξ‚ª‘½‚­©‚η‚κ‚ιZ‘ξ’nζ,‹ζ“Ή,“μ,5.5,,‘¤“Ή,Ό,ƒKƒX,…“Ή,‰Ί…“Ή,”’‹ΰ‚—Φ,,580 ,€H,€–h,60 ,300 ,,,,,,,,,,
Z,13103 ,8 ,`,0 ,21 ,`‹ζ,“μΒR‚S’–Ϊ‚P‚X‚O”Τ‚PO,,"2,820,000 ","2,410,000 ",17.0 ,483 ,,1.2,1,‹σ’n,,,,ƒ}ƒ“ƒVƒ‡ƒ“‚Μ‚Ω‚©“X•ά“™‚ΰ©‚η‚κ‚ιZ‘ξ’nζ,‹ζ“Ή,–k“,4.1,,‘¤“Ή,–kΌ,ƒKƒX,…“Ή,‰Ί…“Ή,O‰‘‘O,,600 ,‚Q’†κ,€–h,60 ,200 ,,,,,,,,,,
Z,13103 ,8 ,`,0 ,22 ,`‹ζ,“μ–ƒ•z‚P’–Ϊ‚Q‚Q‚T”Τ‚S‚WO,“μ–ƒ•z‚P|‚Q‚V|‚R‚R,"2,450,000 ","2,130,000 ",15.0 ,380 ,‘δ`,1,1.2,Z‘ξ,‚v,2F,,κ”ΚZ‘ξ‚Μ‚Ω‚©ƒ}ƒ“ƒVƒ‡ƒ“‚ΰ©‚η‚κ‚ιZ‘ξ’nζ,‹ζ“Ή,“μ,5.4,,‘¤“Ή,“μΌ,ƒKƒX,…“Ή,‰Ί…“Ή,”’‹ΰ‚—Φ,,760 ,‚P’†κ,€–h,60 ,200 ,,,,,,,,,,
Z,13103 ,8 ,`,0 ,23 ,`‹ζ,O“c‚Q’–Ϊ‚R‚T”Τ‚P,O“c‚Q|‚V|‚Q‚T,"2,980,000 ","2,520,000 ",18.3 ,363 ,,1,2,‹¤“―Z‘ξ“’“Τκ,‚q‚b,8F,1B,’†‚‘w‚Μƒ}ƒ“ƒVƒ‡ƒ““™‚ª‚Ώ•ΐ‚ΤΥΓ‚ΘZ‘ξ’nζ,‹ζ“Ή,“μ,7.2,,,,ƒKƒX,…“Ή,‰Ί…“Ή,Τ‰H‹΄,,560 ,‚PZ‹,–h‰Ξ,60 ,400 ,,,,,,,,,,
Z,13103 ,8 ,`,0 ,24 ,`‹ζ,‚—Φ‚Q’–Ϊ‚S‚T”Τ‚P‚V,‚—Φ‚Q|‚P‚Q|‚T‚P,"1,950,000 ","1,680,000 ",16.1 ,288 ,,1,2.5,‹¤“―Z‘ξ,‚q‚b,3F,,ƒ}ƒ“ƒVƒ‡ƒ“‚Μ‚Ω‚©κ”ΚZ‘ξ“™‚ΰ©‚η‚κ‚ιZ‘ξ’nζ,‹ζ“Ή,“,4.7,,‘¤“Ή,–k,ƒKƒX,…“Ή,‰Ί…“Ή,ςx›,,270 ,‚P’†κ,€–h,60 ,300 ,,,,,,,,,,
Z,13103 ,8 ,`,0 ,25 ,`‹ζ,Z–{–Ψ‚R’–Ϊ‚Q‚W”Τ‚P,Z–{–Ψ‚R|‚T|‚P‚U,"2,060,000 ","1,760,000 ",17.0 ,96 ,,1,1.2,Z‘ξ,‚q‚b,3F,,κ”ΚZ‘ξ‚π’†S‚Ι‹¤“―Z‘ξ‚ΰ©‚η‚κ‚ιZ‘ξ’nζ,‹ζ“Ή,“μ,2.7,,,,ƒKƒX,…“Ή,‰Ί…“Ή,Z–{–Ψ,,350 ,‚QZ‹,€–h,60 ,300 ,,,,,,,,,,
Z,13103 ,8 ,`,0 ,26 ,`‹ζ,“–ƒ•z‚Q’–Ϊ‚P‚V”Τ‚P‚T,“–ƒ•z‚Q|‚P‚V|‚W,"2,180,000 ","1,890,000 ",15.3 ,146 ,,1,2,‹¤“―Z‘ξ,‚q‚b,4F,,κ”ΚZ‘ξAƒ}ƒ“ƒVƒ‡ƒ“A––±“™¬έ‚ΜZ‘ξ’nζ,‹ζ“Ή,“μΌ,6,,,,ƒKƒX,…“Ή,‰Ί…“Ή,Τ‰H‹΄,,300 ,‚PZ‹,€–h,60 ,300 ,,,,,,,,,,
Z,13103 ,8 ,`,0 ,27 ,`‹ζ,”’‹ΰ‚S’–Ϊ‚S‚U‚W”Τ‚S‚XO,”’‹ΰ‚S|‚P‚S|‚U,"2,150,000 ","1,870,000 ",15.0 ,254 ,,1,1.5,Z‘ξ,‚q‚b,2F,1B,κ”ΚZ‘ξ“™‚ª‚Ώ•ΐ‚Τ‹ζ‰ζ®‘R‚Ζ‚µ‚½Z‘ξ’nζ,‹ζ“Ή,“,5.5,,,,ƒKƒX,…“Ή,‰Ί…“Ή,”’‹ΰ‘δ,,310 ,‚P’†κ,€–h,60 ,300 ,,,,,,,,,,
Z,13103 ,8 ,`,0 ,28 ,`‹ζ,“μ–ƒ•z‚P’–Ϊ‚R‚T”Τ‚PO,“μ–ƒ•z‚P|‚T|‚P‚P,"4,760,000 ","4,070,000 ",17.0 ,"1,040 ",,1,2,‹¤“―Z‘ξ,‚q‚b,10F,,‹¤“―Z‘ξ‚Μ’†‚Ι––±“™‚ΰ©‚η‚κ‚ιZ‘ξ’nζ,‹ζ“Ή,–k“,9.8,,,,ƒKƒX,…“Ή,‰Ί…“Ή,–ƒ•z\”Τ,,350 ,€H,–h‰Ξ,60 ,400 ,,,,,,,,,,
Z,13103 ,8 ,`,0 ,29 ,`‹ζ,”’‹ΰ‘δ‚R’–Ϊ‚T‚T”Τ‚SO,”’‹ΰ‘δ‚R|‚P‚U|‚P‚O,"5,480,000 ","4,700,000 ",16.6 ,935 ,,1,1.2,‹¤“―Z‘ξ“f—Γ,‚r‚q‚b,11F,,‚‘w‹¤“―Z‘ξA“X•ά“‹¤“―Z‘ξ‚Μ‚Ώ•ΐ‚Τ’nζ,“s“Ή,–kΌ,30,,,,ƒKƒX,…“Ή,‰Ί…“Ή,”’‹ΰ‘δ,,180 ,¤‹Ζ,–h‰Ξ,80 ,500 ,,,,,,,,,,
Z,13103 ,8 ,`,0 ,30 ,`‹ζ,‚—Φ‚R’–Ϊ‚R‚T‚U”Τ‚X,‚—Φ‚R|‚P‚U|‚W,"3,480,000 ","2,980,000 ",16.8 ,"1,445 ",‘δ`,1.2,1,‹¤“―Z‘ξ,‚q‚b,6F,2B,’†‚‘wƒ}ƒ“ƒVƒ‡ƒ““™‚ª‚Ώ•ΐ‚ΤZ‘ξ’nζ,‹ζ“Ή,–k“,10.9,,‘¤“Ή,“μ“,ƒKƒX,…“Ή,‰Ί…“Ή,‚—ΦƒQ[ƒgƒEƒFƒC,,600 ,‚P’†κ,€–h,60 ,300 ,,,,,,,,,,
Z,13103 ,8 ,`,5 ,1 ,`‹ζ,V‹΄‚P’–Ϊ‚P‚O‚R”Τ‚S,V‹΄‚P|‚P‚W|‚P‚U,"15,100,000 ","14,600,000 ",3.4 ,"1,176 ",,1.2,1,“X•άA––±“’“Τκ,‚r‚q‚b,9F,3B,‚‘w‚Μ“X•ά“––±‚ª‚Ώ•ΐ‚Τ¤‹Ζ’nζ,“s“Ή,“μΌ,33,,,,ƒKƒX,…“Ή,‰Ί…“Ή,“ΰK’¬,‹ίΪ,0 ,¤‹Ζ,–h‰Ξ,80 ,800 ,,,,,*,13103,5 ,5 ,"14,600,000 ",3.4 
Z,13103 ,8 ,`,5 ,2 ,`‹ζ,Z–{–Ψ‚S’–Ϊ‚P‚S”Τ‚S,Z–{–Ψ‚S|‚X|‚T,"11,500,000 ","10,900,000 ",5.5 ,132 ,,1,1.5,“X•ά“––±,‚r‚q‚b,8F,1B,’†‚‘w‚Μ“X•άƒrƒ‹‚ª‚Ώ•ΐ‚Τ”Ι‰Ψ‚Θ¤‹Ζ’nζ,“s“Ή,“μ“,40,,,,ƒKƒX,…“Ή,‰Ί…“Ή,Z–{–Ψ,‹ίΪ,0 ,¤‹Ζ,–h‰Ξ,80 ,700 ,,,,,,,,,,
Z,13103 ,8 ,`,5 ,3 ,`‹ζ,Ε‚Q’–Ϊ‚S‚O‚P”Τ‚P,,"4,790,000 ","4,080,000 ",17.4 ,499 ,,1.2,1,’z’†,,,,‚‘w‚Μ“X•άA––±ƒrƒ‹“™‚ª‚Ώ•ΐ‚Τ¤‹Ζ’nζ,‘“Ή,“,36,,,,ƒKƒX,…“Ή,‰Ί…“Ή,‘ε–ε,,500 ,¤‹Ζ,–h‰Ξ,80 ,700 ,,,,,,,,,,
Z,13103 ,8 ,`,5 ,4 ,`‹ζ,‚—Φ‚R’–Ϊ‚S‚U‚U”Τ‚P‚T,‚—Φ‚R|‚Q‚T|‚Q‚Q,"7,750,000 ","6,550,000 ",18.3 ,537 ,,1,1.2,“X•ά“––±,‚r,9F,1B,‚‘w‚Μ“X•ά“––±ƒrƒ‹“™‚ª‘½‚Ά¤‹Ζ’nζ,‘“Ή,Ό,33,,,,ƒKƒX,…“Ή,‰Ί…“Ή,•iμ,,200 ,¤‹Ζ,–h‰Ξ,80 ,600 ,,,,,,,,,,
Z,13103 ,8 ,`,5 ,5 ,`‹ζ,V‹΄‚R’–Ϊ‚Q‚W”Τ‚P‚R,V‹΄‚R|‚P‚O|‚X,"7,740,000 ","6,630,000 ",16.7 ,189 ,,1.2,1,ƒzƒeƒ‹““X•ά,‚r,12F,1B,’†‚‘w‚Μ“X•άA––±ƒrƒ‹‚ª‚Ώ•ΐ‚Τ¤‹Ζ’nζ,‹ζ“Ή,–kΌ,18,,‘¤“Ή,“μΌ,ƒKƒX,…“Ή,‰Ί…“Ή,V‹΄,,280 ,¤‹Ζ,–h‰Ξ,80 ,700 ,,,,,,,,,,
Z,13103 ,8 ,`,5 ,6 ,`‹ζ,Τβ‚S’–Ϊ‚P‚S‚V”Τ‚PO,Τβ‚S|‚P|‚R‚O,"7,710,000 ","6,590,000 ",17.0 ,202 ,,1.2,1,“X•άA––±“Z‘ξ,‚r‚q‚b,9F,,‚‘w‚Μ“X•ά“––±“™‚ª‚Ώ•ΐ‚Τ¤‹Ζ’nζ,‘“Ή,–kΌ,40,,,,ƒKƒX,…“Ή,‰Ί…“Ή,Τβ©•,,200 ,¤‹Ζ,–h‰Ξ,80 ,700 ,,,,,,,,,,
Z,13103 ,8 ,`,5 ,7 ,`‹ζ,Τβ‚Q’–Ϊ‚P‚R‚O‚P”Τ‚TO,Τβ‚Q|‚P‚R|‚Q‚R,"6,720,000 ","5,750,000 ",16.9 ,129 ,,1.2,1,“X•ά“––±,‚r‚q‚b,7F,1B,’†‚‘w‚Μ“X•άƒrƒ‹“™‚ª‚Ώ•ΐ‚Τ”Ι‰Ψ‚Θ¤‹Ζ’nζ,“s“Ή,–k,15,,,,ƒKƒX,…“Ή,‰Ί…“Ή,Τβ,,90 ,¤‹Ζ,–h‰Ξ,80 ,600 ,,,,,*,13103,5 ,18 ,"6,200,000 ",8.4 
Z,13103 ,8 ,`,5 ,8 ,`‹ζ,“μΒR‚R’–Ϊ‚R‚W‚T”ΤO,“μΒR‚R|‚P‚V|‚W,"15,200,000 ","14,300,000 ",6.3 ,383 ,‘δ`,1,1,“X•ά,‚r,2F,1B,’†‘w“X•άƒrƒ‹“™‚ª‚Ώ•ΐ‚Τ”Ι‰Ψ‚Θ¤‹Ζ’nζ,“s“Ή,“μΌ,14.5,,‘¤“Ή,“μ“,ƒKƒX,…“Ή,‰Ί…“Ή,•\Q“Ή,,100 ,‚QZ‹,€–h,60 ,300 ,,,,,,,,,,
Z,13103 ,8 ,`,5 ,9 ,`‹ζ,“μΒR‚Q’–Ϊ‚S‚U‚P”Τ‚PO,“μΒR‚Q|‚Q‚V|‚Q‚T,"12,300,000 ","11,800,000 ",4.2 ,"1,038 ",•s®`,1,1.2,“X•άA––±“’“Τκ,‚r,9F,1B,’†‚‘w‚Μ“X•άA––±ƒrƒ‹“™‚ª‚Ώ•ΐ‚Τ¤‹Ζ’nζ,‘“Ή,–kΌ,40,,”w–Κ“Ή,,ƒKƒX,…“Ή,‰Ί…“Ή,O‰‘‘O,,120 ,¤‹Ζ,–h‰Ξ,80 ,700 ,,,,,,,,,,
Z,13103 ,8 ,`,5 ,10 ,`‹ζ,‚—Φ‚Q’–Ϊ‚P”Τ‚X,‚—Φ‚Q|‚P‚X|‚P‚X,"5,980,000 ","5,000,000 ",19.6 ,737 ,,1,2,––±,‚r,8F,1B,‚‘w‚Μ“X•ά“––±ƒrƒ‹“™‚ª‚Ώ•ΐ‚Τ¤‹Ζ’nζ,‘“Ή,–kΌ,33,,,,ƒKƒX,…“Ή,‰Ί…“Ή,ςx›,‹ίΪ,0 ,¤‹Ζ,–h‰Ξ,80 ,600 ,,,,,*,13103,5 ,4 ,"5,500,000 ",8.7 
Z,13103 ,8 ,`,5 ,11 ,`‹ζ,–ƒ•z\”Τ‚Q’–Ϊ‚Q‚O”Τ‚QO,–ƒ•z\”Τ‚Q|‚Q‚O|‚V,"5,220,000 ","4,390,000 ",18.9 ,187 ,,1,2,“X•άA––±“Z‘ξ,‚r‚q‚b,9F,,’†‚‘w“X•ά“ƒ}ƒ“ƒVƒ‡ƒ““™‚ª‚Ώ•ΐ‚Τ¤‹Ζ’nζ,“s“Ή,“,40,,,,ƒKƒX,…“Ή,‰Ί…“Ή,–ƒ•z\”Τ,,80 ,¤‹Ζ,–h‰Ξ,80 ,600 ,,,,,,,,,,
Z,13103 ,8 ,`,5 ,12 ,`‹ζ,Ε‘ε–ε‚Q’–Ϊ‚Q‚O‚P”Τ‚PO,Ε‘ε–ε‚Q|‚P‚P|‚P,"3,590,000 ","3,070,000 ",16.9 ,400 ,,1.2,1,––±“ΤΙ,‚r‚q‚b,8F,,’†‚‘w‚Μ––±ƒrƒ‹‚ª‚Ώ•ΐ‚Τ¤‹Ζ’nζ,‹ζ“Ή,–k,11,,‘¤“Ή,“,ƒKƒX,…“Ή,‰Ί…“Ή,‘ε–ε,,220 ,¤‹Ζ,–h‰Ξ,80 ,600 ,,,,,*,13103,5 ,23 ,"3,320,000 ",8.1 
Z,13103 ,8 ,`,5 ,13 ,`‹ζ,Ε‚T’–Ϊ‚Q‚O‚Q”Τ‚PO,Ε‚T|‚R‚P|‚P‚V,"8,050,000 ","6,720,000 ",19.8 ,709 ,•s®`,1,1.5,––±“’“Τκ,‚r‚q‚b,12F,1B,‚‘w“X•ά“––±ƒrƒ‹“™‚ª‚Ώ•ΐ‚Τ‰w‘O¤‹Ζ’nζ,‘“Ή,“μ“,33,,”w–Κ“Ή,,ƒKƒX,…“Ή,‰Ί…“Ή,“c’¬,,170 ,¤‹Ζ,–h‰Ξ,80 ,700 ,,,,,,,,,,
Z,13103 ,8 ,`,5 ,14 ,`‹ζ,”’‹ΰ‘δ‚Q’–Ϊ‚Q‚P”Τ‚TO,”’‹ΰ‘δ‚Q|‚Q‚U|‚W,"3,560,000 ","3,010,000 ",18.3 ,212 ,•s®`,1,2,“X•ά“‹¤“―Z‘ξ,‚q‚b,7F,,’†‚‘w“X•ά“‹¤“―Z‘ξ“™‚ª‚Ώ•ΐ‚Τ¤‹Ζ’nζ,‘“Ή,“μ“,35,,,,ƒKƒX,…“Ή,‰Ί…“Ή,‚—Φ‘δ,‹ίΪ,0 ,¤‹Ζ,–h‰Ξ,80 ,500 ,,,,,,,,,,
Z,13103 ,8 ,`,5 ,15 ,`‹ζ,Ε‘ε–ε‚P’–Ϊ‚R‚O‚Q”Τ‚VO,Ε‘ε–ε‚P|‚S|‚W,"7,300,000 ","6,220,000 ",17.4 ,686 ,,1,1.2,“X•ά“––±,‚r‚q‚b,9F,2B,‚‘w‚Μ“X•άA––±ƒrƒ‹‚ª‘½‚Ά¤‹Ζ’nζ,‘“Ή,“,36,,”w–Κ“Ή,,ƒKƒX,…“Ή,‰Ί…“Ή,‘ε–ε,,100 ,¤‹Ζ,–h‰Ξ,80 ,700 ,,,,,,,,,,
Z,13103 ,8 ,`,5 ,16 ,`‹ζ,Υƒm–ε‚T’–Ϊ‚P‚S”Τ‚PO,Υƒm–ε‚T|‚P‚Q|‚P‚P,"9,340,000 ","7,940,000 ",17.6 ,874 ,,1.2,1,‰wΙA“X•ά“––±,‚r,8F,2B,‚‘w‚Μ“X•ά“––±ƒrƒ‹‚ª‚Ώ•ΐ‚Τ¤‹Ζ’nζ,‘“Ή,–kΌ,27,,”w–Κ“Ή,,ƒKƒX,…“Ή,‰Ί…“Ή,_’J’¬,‹ίΪ,0 ,¤‹Ζ,–h‰Ξ,80 ,600 ,,,,,,,,,,
Z,13103 ,8 ,`,5 ,17 ,`‹ζ,“V‹΄‚P’–Ϊ‚P‚Q”Τ‚QO,“V‹΄‚P|‚X|‚R,"12,400,000 ","11,900,000 ",4.2 ,"5,518 ",,1,1.2,––±“’“Τκ,‚r,27F,4B,‚‘w‚Μ––±“™‚Μ‚Ώ•ΐ‚ΤΔJ”­‚³‚κ‚½¤‹Ζ’nζ,‹ζ“Ή,“μΌ,16,,‘¤“Ή,“μ“,ƒKƒX,…“Ή,‰Ί…“Ή,¬—―,,240 ,¤‹Ζ,–h‰Ξ,80 ,700 ,,,,,,,,,,
Z,13103 ,8 ,`,5 ,18 ,`‹ζ,ΌV‹΄‚Q’–Ϊ‚R‚P‚P”Τ‚P‚V,ΌV‹΄‚Q|‚P‚P|‚P‚R,"2,340,000 ","1,980,000 ",18.2 ,82 ,,1,1.2,––±“Z‘ξ,‚q‚b,5F,,’†‘w‚Μ––±A“X•ά“™‚ª©‚η‚κ‚ι¤‹Ζ’nζ,‹ζ“Ή,–kΌ,6,,,,ƒKƒX,…“Ή,‰Ί…“Ή,Υƒm–εƒqƒ‹ƒY,,370 ,¤‹Ζ,–h‰Ξ,80 ,600 ,,,,,,,,,,
Z,13103 ,8 ,`,5 ,19 ,`‹ζ,³Τβ‚P’–Ϊ‚T‚O‚V”Τ‚PO,³Τβ‚P|‚T|‚V,"3,510,000 ","3,000,000 ",17.0 ,454 ,,1,2.5,––±,‚q‚b,8F,,‚‘w‚Μ––±ƒrƒ‹“™‚ª‚Ώ•ΐ‚Τ¤‹Ζ’nζ,‹ζ“Ή,“μ“,7.4,,,,ƒKƒX,…“Ή,‰Ί…“Ή,Τβ©•,,220 ,¤‹Ζ,–h‰Ξ,80 ,500 ,,,,,,,,,,
Z,13103 ,8 ,`,5 ,20 ,`‹ζ,“μΒR‚R’–Ϊ‚R”Τ‚TO,“μΒR‚R|‚P|‚T,"5,820,000 ","5,020,000 ",15.9 ,287 ,‘δ`,1,1,“X•ά“––±,‚q‚b,5F,1B,’†‚‘w‚Μ“X•ά“––±‚ª‘½‚­‚Ώ•ΐ‚Τ¤‹Ζ’nζ,“s“Ή,–k“,22,,,,ƒKƒX,…“Ή,‰Ί…“Ή,O‰‘‘O,,250 ,‹ί¤,–h‰Ξ,80 ,400 ,,,,,,,,,,
Z,13103 ,8 ,`,5 ,21 ,`‹ζ,Υƒm–ε‚S’–Ϊ‚P‚V”Τ‚P‚Q,Υƒm–ε‚S|‚P|‚P‚V,"8,330,000 ","7,770,000 ",7.2 ,"2,208 ",,1.2,1,––±A“X•ά“‹¤“―Z‘ξ,‚r,12F,2B,‚‘w‚Μ“X•ά“––±ƒrƒ‹“™‚ª‚Ώ•ΐ‚Τ¤‹Ζ’nζ,‹ζ“Ή,“μΌ,12,,,,ƒKƒX,…“Ή,‰Ί…“Ή,_’J’¬,,150 ,¤‹Ζ,–h‰Ξ,80 ,500 ,,,,,,,,,,
Z,13103 ,8 ,`,5 ,22 ,`‹ζ,Ό–ƒ•z‚S’–Ϊ‚T‚Q”Τ‚TO,Ό–ƒ•z‚S|‚P|‚P‚O,"3,230,000 ","2,730,000 ",18.3 ,256 ,,1,2,“X•ά“‹¤“―Z‘ξ,‚q‚b,9F,,’†‚‘w‚Μ“X•ά“‹¤“―Z‘ξ‚ª‘½‚Ά¤‹Ζ’nζ,‹ζ“Ή,Ό,8,,,,ƒKƒX,…“Ή,‰Ί…“Ή,Z–{–Ψ,,680 ,‹ί¤,–h‰Ξ,80 ,400 ,,,,,,,,,,
Z,13103 ,8 ,`,5 ,23 ,`‹ζ,Τβ‚U’–Ϊ‚P‚R‚P‚O”Τ,Τβ‚U|‚P‚R|‚P‚W,"4,480,000 ","3,850,000 ",16.4 ,438 ,,1.2,1,––±“ΤΙ,‚r‚q‚b,7F,1B,’†‚‘w“X•ά“––±ƒrƒ‹“™‚ª‚Ώ•ΐ‚Τ¤‹Ζ’nζ,“s“Ή,–kΌ,15,,,,ƒKƒX,…“Ή,‰Ί…“Ή,Τβ,,220 ,¤‹Ζ,–h‰Ξ,80 ,600 ,,,,,,,,,,
Z,13103 ,8 ,`,5 ,24 ,`‹ζ,`“μ‚Q’–Ϊ‚W”Τ‚U‚V,`“μ‚Q|‚R|‚P,"7,610,000 ","6,500,000 ",17.1 ,379 ,,1.2,1,“X•ά“––±,‚q‚b,7F,1B,’†‚‘w‚Μ“X•ά“––±ƒrƒ‹‚ª‘½‚Ά‰w‘O¤‹Ζ’nζ,‹ζ“Ή,–k,26,,‘¤“Ή,Ό,ƒKƒX,…“Ή,‰Ί…“Ή,•iμ,,200 ,¤‹Ζ,–h‰Ξ,80 ,600 ,,,,,,,,,,
Z,13103 ,8 ,`,5 ,25 ,`‹ζ,“–ƒ•z‚Q’–Ϊ‚R‚Q”Τ‚P‚UO,“–ƒ•z‚Q|‚R‚Q|‚P‚O,"3,270,000 ","2,800,000 ",16.8 ,280 ,,1,1.2,“X•ά“––±,‚r‚q‚b,7F,,’†‚‘w––±Aƒ}ƒ“ƒVƒ‡ƒ““™‚ª¬έ‚·‚ι¤‹Ζ’nζ,“s“Ή,“μΌ,30,,,,ƒKƒX,…“Ή,‰Ί…“Ή,Τ‰H‹΄,,280 ,‹ί¤,–h‰Ξ,80 ,400 ,,,,,,,,,,
Z,13103 ,8 ,`,5 ,26 ,`‹ζ,`“μ‚Q’–Ϊ‚P‚U”Τ‚QO,`“μ‚Q|‚P‚U|‚Q,"12,600,000 ","12,100,000 ",4.1 ,"3,811 ",•s®`,1,2.5,––±A“X•ά“’“Τκ,‚r,30F,3B,‚‘w‚Μ––±ƒrƒ‹“™‚ª‚Ώ•ΐ‚Τ‘ε‹K–ΝJ”­’nζ,‹ζ“Ή,Ό,25,,,,ƒKƒX,…“Ή,‰Ί…“Ή,•iμ,,200 ,¤‹Ζ,–h‰Ξ,80 ,700 ,,,,,,,,,,
Z,13103 ,8 ,`,5 ,27 ,`‹ζ,•lΌ’¬‚P’–Ϊ‚P‚P‚T”Τ‚XO,•lΌ’¬‚P|‚P‚Q|‚P‚O,"2,510,000 ","2,150,000 ",16.7 ,228 ,,1,1.2,––±,‚q‚b,6F,,’†‘w‚Μ––±ƒrƒ‹‚ª‘½‚­‚Ώ•ΐ‚Τ¤‹Ζ’nζ,‹ζ“Ή,“μ,6,,,,ƒKƒX,…“Ή,‰Ί…“Ή,•lΌ’¬,,350 ,¤‹Ζ,–h‰Ξ,80 ,600 ,,,,,,,,,,
,13103 ,8 ,`,5 ,28 ,`‹ζ,•lΌ’¬‚Q’–Ϊ‚P‚O‚V”Τ‚W,•lΌ’¬‚Q|‚P‚P|‚V,"2,750,000 ",,,89 ,•s®`,1,1,––±,‚r‚q‚b,7F,,¬‹K–Ν‚Μ“X•άA––±“™‚ª¬έ‚·‚ι¤‹Ζ’nζ,‹ζ“Ή,“,8,,,,ƒKƒX,…“Ή,‰Ί…“Ή,•lΌ’¬,,240 ,¤‹Ζ,–h‰Ξ,80 ,600 ,,,,,,,,,,
Z,13103 ,8 ,`,5 ,29 ,`‹ζ,“V‹΄‚Q’–Ϊ‚T‚X”Τ‚UO,“V‹΄‚Q|‚S|‚U,"5,060,000 ","4,450,000 ",13.7 ,330 ,,1,2,“X•ά“––±,‚r‚q‚b,10F,,‚‘w‚Μ“X•ά“––±ƒrƒ‹“™‚ª‚Ώ•ΐ‚Τ¤‹Ζ’nζ,‹ζ“Ή,“μ“,12,,‘¤“Ή,“μΌ,ƒKƒX,…“Ή,‰Ί…“Ή,¬—―,,270 ,¤‹Ζ,–h‰Ξ,80 ,700 ,,,,,,,,,,
Z,13103 ,8 ,`,5 ,31 ,`‹ζ,Ε‚T’–Ϊ‚Q”Τ‚P‚Q‚QO,Ε‚T|‚X|‚P‚O,"3,050,000 ","2,600,000 ",17.3 ,360 ,,1,1.2,––±,‚r‚q‚b,7F,1B,’†’α‘w‚Μ“X•ά“––±ƒrƒ‹‚ª‚Ώ•ΐ‚Τ¤‹Ζ’nζ,‹ζ“Ή,“μ,10,,‘¤“Ή,Ό,ƒKƒX,…“Ή,‰Ί…“Ή,O“c,,210 ,¤‹Ζ,–h‰Ξ,80 ,500 ,,,,,,,,,,
Z,13103 ,8 ,`,5 ,32 ,`‹ζ,V‹΄‚Q’–Ϊ‚Q‚U”Τ‚QO,V‹΄‚Q|‚X|‚V,"10,100,000 ","9,510,000 ",6.2 ,113 ,,1.2,1,“X•ά“––±,‚r,10F,1B,’†‚‘w‚Μ“X•άƒrƒ‹“™‚ª‚Ώ•ΐ‚Τ‰w‹ί‚Μ¤‹Ζ’nζ,‹ζ“Ή,“,18,,,,ƒKƒX,…“Ή,‰Ί…“Ή,V‹΄,,90 ,¤‹Ζ,–h‰Ξ,80 ,700 ,,,,,,,,,,
Z,13103 ,8 ,`,5 ,33 ,`‹ζ,V‹΄‚Q’–Ϊ‚W”Τ‚TO,V‹΄‚Q|‚P‚X|‚R,"12,800,000 ","12,300,000 ",4.1 ,293 ,,1,1.2,“X•ά“––±,‚r‚q‚b,11F,2B,‚‘w“X•ά“––±ƒrƒ‹‚ª‚Ώ•ΐ‚Τ¤‹Ζ’nζ,“s“Ή,–k“,33,,,,ƒKƒX,…“Ή,‰Ί…“Ή,V‹΄,,140 ,¤‹Ζ,–h‰Ξ,80 ,"1,000 ",,,,,,,,,,
Z,13103 ,8 ,`,5 ,34 ,`‹ζ,Ε‚R’–Ϊ‚R‚P”Τ‚S‚S,Ε‚R|‚U|‚X,"5,330,000 ","4,550,000 ",17.1 ,247 ,,1,1,––±Af—Γ“’“Τκ,‚r‚q‚b,9F,1B,’†‚‘w‚Μ––±ƒrƒ‹‚ª‚Ώ•ΐ‚Τ¤‹Ζ’nζ,“s“Ή,“,27.2,,‘¤“Ή,“μ,ƒKƒX,…“Ή,‰Ί…“Ή,Εφ‰€,‹ίΪ,0 ,¤‹Ζ,–h‰Ξ,80 ,600 ,,,,,,,,,,
Z,13103 ,8 ,`,5 ,35 ,`‹ζ,Τβ‚Q’–Ϊ‚Q‚O‚V”Τ,Τβ‚Q|‚Q|‚P‚V,"11,100,000 ","10,600,000 ",4.7 ,615 ,,1.5,1,––±A“X•ά“’“Τκ,‚r,8F,1B,‚‘w‚Μ“X•ά“––±ƒrƒ‹‚ª‚Ώ•ΐ‚Τ¤‹Ζ’nζ,“s“Ή,“μΌ,40,,,,ƒKƒX,…“Ή,‰Ί…“Ή,—­’rR‰¤,‹ίΪ,0 ,¤‹Ζ,–h‰Ξ,80 ,700 ,,,,,,,,,,
Z,13103 ,8 ,`,5 ,36 ,`‹ζ,ΌV‹΄‚P’–Ϊ‚P‚O‚S”Τ‚UO,,"10,200,000 ","9,840,000 ",3.7 ,338 ,,1,1.5,’z’†,,,,’†‚‘w‚Μ“X•άA––±ƒrƒ‹‚ª‚Ώ•ΐ‚Τ¤‹Ζ’nζ,“s“Ή,“μ“,33,,”w–Κ“Ή,,ƒKƒX,…“Ή,‰Ί…“Ή,“ΰK’¬,,110 ,¤‹Ζ,–h‰Ξ,80 ,700 ,,,,,,,,,,
Z,13103 ,8 ,`,5 ,37 ,`‹ζ,V‹΄‚U’–Ϊ‚P‚V”Τ‚R,V‹΄‚U|‚R|‚T,"4,060,000 ","3,530,000 ",15.0 ,85 ,,1,2,“X•άA––±“Z‘ξ,‚r‚q‚b,8F,1B,’†¬‹K–Ν‚Μ“X•ά“––±ƒrƒ‹‚ª‚Ώ•ΐ‚Τ¤‹Ζ’nζ,‹ζ“Ή,“μ“,16.8,,,,ƒKƒX,…“Ή,‰Ί…“Ή,δ¬–ε,,290 ,¤‹Ζ,–h‰Ξ,80 ,600 ,,,,,,,,,,
Z,13103 ,8 ,`,5 ,38 ,`‹ζ,V‹΄‚R’–Ϊ‚P‚Q”Τ‚Q,V‹΄‚R|‚P‚W|‚R,"2,710,000 ","2,250,000 ",20.4 ,78 ,,1,1,“X•ά“––±,‚q‚b,4F,1B,¬‹K–Ν‚Μ“X•ά“––±ƒrƒ‹‚ª–§W‚·‚ι¤‹Ζ’nζ,‹ζ“Ή,“μ“,5,,,,ƒKƒX,…“Ή,‰Ί…“Ή,V‹΄,,120 ,¤‹Ζ,–h‰Ξ,80 ,700 ,,,,,,,,,,
Z,13103 ,8 ,`,5 ,39 ,`‹ζ,Υƒm–ε‚P’–Ϊ‚R‚T”Τ,Υƒm–ε‚P|‚P‚T|‚P‚U,"12,800,000 ","12,300,000 ",4.1 ,"1,223 ",,1,1,––±“’“Τκ,‚r,12F,1B,‚‘w“X•ά“––±ƒrƒ‹“™‚ª‚Ώ•ΐ‚Τ¤‹Ζ’nζ,‘“Ή,–kΌ,27,,l•ϋH,,ƒKƒX,…“Ή,‰Ί…“Ή,Υƒm–ε,,60 ,¤‹Ζ,–h‰Ξ,80 ,700 ,,,,,,,,,,
Z,13103 ,8 ,`,5 ,40 ,`‹ζ,V‹΄‚P’–Ϊ‚R‚O”Τ‚X,V‹΄‚P|‚P‚V|‚P,"8,280,000 ","7,090,000 ",16.8 ,126 ,,1,2,––±,‚r‚q‚b,8F,1B,“X•ά“––±Aƒzƒeƒ‹“™‚ªWΟ‚·‚ι¤‹Ζ’nζ,‹ζ“Ή,–k“,11,,,,ƒKƒX,…“Ή,‰Ί…“Ή,V‹΄,,260 ,¤‹Ζ,–h‰Ξ,80 ,800 ,,,,,,,,,,
Z,13103 ,8 ,`,5 ,41 ,`‹ζ,ΌV‹΄‚P’–Ϊ‚P‚T”Τ‚P,ΌV‹΄‚P|‚P‚O|‚W,"4,410,000 ","3,770,000 ",17.0 ,148 ,,1,1,––±“’“Τκ,‚q‚b,6F,,’†‘w‚Μ“X•ά“––±ƒrƒ‹“™‚ª‚Ώ•ΐ‚Τ¤‹Ζ’nζ,‹ζ“Ή,“μΌ,8,,‘¤“Ή,–kΌ,ƒKƒX,…“Ή,‰Ί…“Ή,“ΰK’¬,,260 ,¤‹Ζ,–h‰Ξ,80 ,700 ,,,,,,,,,,
Z,13103 ,8 ,`,5 ,42 ,`‹ζ,“μΒR‚Q’–Ϊ‚V‚V”Τ‚PO,,"14,900,000 ","14,400,000 ",3.5 ,"4,480 ",,1,1.5,ζ‰σ’†,,,,‚‘w‚Μ––±ƒrƒ‹A“X•ά“™‚ª‚Ώ•ΐ‚Τ¤‹Ζ’nζ,‘“Ή,–kΌ,40,,O•ϋH,,ƒKƒX,…“Ή,‰Ί…“Ή,ΒRκ’–Ϊ,‹ίΪ,0 ,¤‹Ζ,–h‰Ξ,80 ,700 ,,,,,,,,,,
,13103 ,8 ,`,5 ,43 ,`‹ζ,“μΒR‚T’–Ϊ‚R‚X‚U”Τ,“μΒR‚T|‚S|‚T‚O,"7,000,000 ",,,618 ,,1,1.5,“X•ά,‚r,2F,,’†’α‘w‚Μ“X•άA‹¤“―Z‘ξ“™‚ª‚Ώ•ΐ‚Τ¤‹Ζ’nζ,‹ζ“Ή,–kΌ,4.1,,,,ƒKƒX,…“Ή,‰Ί…“Ή,•\Q“Ή,,230 ,‚Q’†κ,€–h,60 ,300 ,,,,,,,,,,
Z,13103 ,8 ,`,5 ,44 ,`‹ζ,–ƒ•z‘δ‚R’–Ϊ‚T”Τ‚XO,–ƒ•z‘δ‚R|‚S|‚P‚O,"4,960,000 ","4,200,000 ",18.1 ,199 ,,1,2.5,“X•άA––±“Z‘ξ,‚r‚q‚b,7F,1B,‚‘w‚Μ“X•ά“––±“™‚ª‚Ώ•ΐ‚Τ¤‹Ζ’nζ,“s“Ή,–k“,18.3,,,,ƒKƒX,…“Ή,‰Ί…“Ή,Z–{–Ψκ’–Ϊ,,320 ,¤‹Ζ,–h‰Ξ,80 ,500 ,,,,,*,13103,5 ,13 ,"4,550,000 ",9.0 
Z,13103 ,8 ,`,5 ,45 ,`‹ζ,Τβ‚R’–Ϊ‚P‚O‚O‚P”Τ‚Q,Τβ‚R|‚P‚O|‚P,"8,350,000 ","7,100,000 ",17.6 ,238 ,,1.5,1,“X•ά“––±,‚q‚b,7F,3B,’†‚‘w‚Μ“X•άƒrƒ‹“™‚ª‚Ώ•ΐ‚Τ¤‹Ζ’nζ,‹ζ“Ή,–k,6.3,,‘¤“Ή,“,ƒKƒX,…“Ή,‰Ί…“Ή,Τβ©•,,60 ,¤‹Ζ,–h‰Ξ,80 ,500 ,,,,,,,,,,
Z,13103 ,8 ,`,5 ,46 ,`‹ζ,–ƒ•z\”Τ‚R’–Ϊ‚V”Τ‚QO,–ƒ•z\”Τ‚R|‚V|‚P‚P,"3,990,000 ","3,400,000 ",17.4 ,475 ,•s®`,1,2,“X•ά“‹¤“―Z‘ξ,‚r‚q‚b,9F,,“X•ά“‹¤“―Z‘ξ“™‚ª‚Ώ•ΐ‚Τ‹ί—Χ¤‹Ζ’nζ,‹ζ“Ή,Ό,10,,,,ƒKƒX,…“Ή,‰Ί…“Ή,–ƒ•z\”Τ,,220 ,¤‹Ζ,–h‰Ξ,80 ,500 ,,,,,,,,,,
Z,13103 ,8 ,`,5 ,47 ,`‹ζ,Cέ‚P’–Ϊ‚Q‚P”Τ‚XO,Cέ‚P|‚X|‚P‚W,"4,730,000 ","3,940,000 ",20.1 ,"1,901 ",•s®`,1.5,1,“X•άA––±“’“Τκ,‚r‚q‚b,9F,,––±ƒrƒ‹Aƒ}ƒ“ƒVƒ‡ƒ““™‚ª¬έ‚·‚ι¤‹Ζ’nζ,‹ζ“Ή,“μΌ,21.5,,‘¤“Ή,–kΌ,ƒKƒX,…“Ή,‰Ί…“Ή,•lΌ’¬,,400 ,€H,–h‰Ξ,60 ,400 ,,,,,,,,,,
Z,13103 ,8 ,`,5 ,48 ,`‹ζ,Z–{–Ψ‚V’–Ϊ‚Q‚P‚Q”Τ‚Q‚U,Z–{–Ψ‚V|‚S|‚W,"5,390,000 ","4,750,000 ",13.5 ,182 ,,1,1.5,“X•ά,‚q‚b,5F,1B,“X•άAƒIƒtƒBƒX‹y‚Ρƒ}ƒ“ƒVƒ‡ƒ““™‚ª¬έ‚·‚ι’nζ,‹ζ“Ή,“μ“,21.5,,,,ƒKƒX,…“Ή,‰Ί…“Ή,Z–{–Ψ,,300 ,‹ί¤,–h‰Ξ,80 ,400 ,,,,,,,,,,
Z,13103 ,8 ,`,5 ,49 ,`‹ζ,Ε‰Y‚R’–Ϊ‚P‚U”Τ‚S,Ε‰Y‚R|‚T|‚R‚X,"6,100,000 ","5,230,000 ",16.6 ,436 ,,1,1,“X•ά“––±,‚r,6F,,’†‚‘w“X•ά“––±ƒrƒ‹“™‚ª‚Ώ•ΐ‚Τ¤‹Ζ’nζ,‹ζ“Ή,–k“,21.8,,‘¤“Ή,–kΌ,ƒKƒX,…“Ή,‰Ί…“Ή,“c’¬,,210 ,¤‹Ζ,–h‰Ξ,80 ,500 ,,,,,,,,,,
Z,13103 ,8 ,`,5 ,50 ,`‹ζ,Τβ‚Q’–Ϊ‚V‚O‚P”Τ‚P,Τβ‚Q|‚W|‚P‚S,"4,270,000 ","3,650,000 ",17.0 ,213 ,,1,1.5,“X•άA––±“Z‘ξ,‚r‚q‚b,9F,,“X•άA––±ƒrƒ‹“™‚ª‚Ώ•ΐ‚Τ¤‹Ζ’nζ,‹ζ“Ή,“μΌ,9.7,,,,ƒKƒX,…“Ή,‰Ί…“Ή,—­’rR‰¤,,180 ,¤‹Ζ,–h‰Ξ,80 ,600 ,,,,,,,,,,
Z,13103 ,8 ,`,5 ,51 ,`‹ζ,O“c‚S’–Ϊ‚T‚R‚X”Τ‚SO,O“c‚S|‚V|‚Q‚V,"3,130,000 ","2,650,000 ",18.1 ,231 ,,1,2,––±Aμ‹Ζ“‘qΙ,‚q‚b,6F,,––±ƒrƒ‹A‹¤“―Z‘ξ“™‚ª‚Ώ•ΐ‚Τ¤‹Ζ’nζ,‘“Ή,–kΌ,25,,,,ƒKƒX,…“Ή,‰Ί…“Ή,”’‹ΰ‚—Φ,,260 ,¤‹Ζ,–h‰Ξ,80 ,500 ,,,,,,,,,,
Z,13103 ,8 ,`,5 ,52 ,`‹ζ,”’‹ΰ‚P’–Ϊ‚R‚R‚X”Τ‚P‚RO,”’‹ΰ‚P|‚Q‚T|‚Q‚O,"3,160,000 ","2,700,000 ",17.0 ,495 ,,1,2,“X•ά“‹¤“―Z‘ξ,‚q‚b,10F,,’†‚‘w“X•ά“‹¤“―Z‘ξ“™‚ª‚Ώ•ΐ‚Τ‹ί—Χ¤‹Ζ’nζ,“s“Ή,“μ,10.9,,‘¤“Ή,“,ƒKƒX,…“Ή,‰Ί…“Ή,”’‹ΰ‚—Φ,,200 ,€H,–h‰Ξ,60 ,400 ,,,,,,,,,,
Z,13104 ,8 ,Vh,0 ,1 ,Vh‹ζ,‘ε‹v•Ϋ‚P’–Ϊ‚Q‚P‚X”Τ‚S,‘ε‹v•Ϋ‚P|‚P‚S|‚V,"919,000 ","786,000 ",16.9 ,230 ,,1,2,Z‘ξ,‚q‚b,3F,,κ”ΚZ‘ξAƒAƒp[ƒg“™‚ª¬έ‚·‚ιZ‘ξ’nζ,‹ζ“Ή,Ό,2.4,,,,ƒKƒX,…“Ή,‰Ί…“Ή,V‘ε‹v•Ϋ,,440 ,‚PZ‹,€–h,60 ,300 ,,,,,,,,,,
Z,13104 ,8 ,Vh,0 ,2 ,Vh‹ζ,s’J¶“ΰ’¬‚Q‚Q”Τ,,"1,570,000 ","1,390,000 ",12.9 ,290 ,‘δ`,1,3,ƒzƒeƒ‹,‚q‚b,4F,1B,‹¤“―Z‘ξA––±ƒrƒ‹“™‚ª¬έ‚·‚ιZ‘ξ’nζ,‹ζ“Ή,“μΌ,6,,,,ƒKƒX,…“Ή,‰Ί…“Ή,sƒP’J,,330 ,‚PZ‹,€–h,60 ,300 ,,,,,,,,,,
Z,13104 ,8 ,Vh,0 ,3 ,Vh‹ζ,Ό‘ξ“c‚Q’–Ϊ‚U‚T‚U”Τ‚U,Ό‘ξ“c‚Q|‚P‚X|‚Q,"1,390,000 ","1,250,000 ",11.2 ,103 ,,1,1.5,Z‘ξ,‚q‚b,4F,1B,’†‘wƒ}ƒ“ƒVƒ‡ƒ“Aκ”ΚZ‘ξ“™‚ª¬έ‚·‚ιZ‘ξ’nζ,“s“Ή,“μ,20,,‘¤“Ή,Ό,ƒKƒX,…“Ή,‰Ί…“Ή,Ό‘ξ“c,,120 ,‚PZ‹,–h‰Ξ,60 ,400 ,,,,,,,,,,
Z,13104 ,8 ,Vh,0 ,4 ,Vh‹ζ,‘ε‹’¬‚U”Τ‚W,,"1,250,000 ","1,130,000 ",10.6 ,201 ,,1,1.5,Z‘ξ,‚v,2F,,’†‹K–Νκ”ΚZ‘ξAƒ}ƒ“ƒVƒ‡ƒ“‚ª¬έ‚·‚ιZ‘ξ’nζ,‹ζ“Ή,–k,3.7,,,,ƒKƒX,…“Ή,‰Ί…“Ή,l’JO’–Ϊ,,300 ,‚P’†κ,€–h,60 ,300 ,,,,,*,13104,0 ,12 ,"1,170,000 ",6.8 
Z,13104 ,8 ,Vh,0 ,5 ,Vh‹ζ,–kVh‚S’–Ϊ‚Q‚Q”Τ‚R‚O,–kVh‚S|‚Q‚Q|‚P‚U,"1,010,000 ","921,000 ",9.7 ,161 ,,1,1,‹¤“―Z‘ξ,‚q‚b,4F,,ƒ}ƒ“ƒVƒ‡ƒ“‚Μ‚Ω‚©‚Ι––±“™‚ΰ©‚η‚κ‚ιZ‘ξ’nζ,‹ζ“Ή,“,6,,,,ƒKƒX,…“Ή,‰Ί…“Ή,“’†–μ,,750 ,‚PZ‹,–h‰Ξ,60 ,400 ,,,,,,,,,,
Z,13104 ,8 ,Vh,0 ,6 ,Vh‹ζ,‰Ί—‡‚S’–Ϊ‚U‚O‚S”Τ‚T‚T,‰Ί—‡‚S|‚P‚V|‚R,"902,000 ","813,000 ",10.9 ,127 ,,1,1.2,Z‘ξ,‚v,2F,,κ”ΚZ‘ξA‹¤“―Z‘ξ“™‚ª¬έ‚·‚ιZ‘ξ’nζ,‹ζ“Ή,“μ,4,,,,ƒKƒX,…“Ή,‰Ί…“Ή,‰Ί—‡,,630 ,‚P’ακ,€–h,60 ,150 ,,,,,,,,,,
,13104 ,8 ,Vh,0 ,7 ,Vh‹ζ,’†—‡‚S’–Ϊ‚P‚U‚W‚O”Τ‚P‚R‚VO,’†—‡‚S|‚W|‚R‚O,"762,000 ",,,175 ,,1,1.2,Z‘ξ,‚v,2F,,κ”ΚZ‘ξ‚ª‚Ώ•ΐ‚ΤΥΓ‚ΘZ‘ξ’nζ,‹ζ“Ή,Ό,5.3,,,,ƒKƒX,…“Ή,‰Ί…“Ή,—‡“μ’·θ,,420 ,‚P’ακ,€–h,50 ,100 ,,,,,,,,,,
Z,13104 ,8 ,Vh,0 ,8 ,Vh‹ζ,‰Ί—‡‚Q’–Ϊ‚S‚P‚V”Τ‚Q‚P,‰Ί—‡‚Q|‚P‚W|‚P‚P,"1,310,000 ","1,190,000 ",10.1 ,396 ,,1,2.5,‹¤“―Z‘ξ,‚r,3F,,κ”ΚZ‘ξA‹¤“―Z‘ξ‚ª‚Ώ•ΐ‚ΤΥΓ‚ΘZ‘ξ’nζ,‹ζ“Ή,–k,5.4,,,,ƒKƒX,…“Ή,‰Ί…“Ή,–Ϊ”’,,450 ,‚P’ακ,€–h,60 ,150 ,,,,,,,,,,
Z,13104 ,8 ,Vh,0 ,9 ,Vh‹ζ,ΌVh‚T’–Ϊ‚S‚X‚W”Τ‚Q,ΌVh‚T|‚P‚T|‚S,"1,020,000 ","921,000 ",10.7 ,132 ,,1,1.2,Z‘ξ,‚v,2F,,κ”ΚZ‘ξAƒAƒp[ƒg“™‚ª¬έ‚·‚ιZ‘ξ’nζ,‹ζ“Ή,“μ,4,,,,ƒKƒX,…“Ή,‰Ί…“Ή,ΌVhά’–Ϊ,,500 ,‚QZ‹,€–h,60 ,300 ,,,,,,,,,,
Z,13104 ,8 ,Vh,0 ,10 ,Vh‹ζ,–ξ—’¬‚R‚T”Τ‚T,,"1,170,000 ","1,060,000 ",10.4 ,115 ,,1,1.5,Z‘ξ,‚q‚b,2F,,’†‹K–Νκ”ΚZ‘ξ‚Ι––±“™‚ª©‚η‚κ‚ιZ‘ξ’nζ,‹ζ“Ή,–k,4.1,,,,ƒKƒX,…“Ή,‰Ί…“Ή,_yβ,,350 ,‚P’†κ,€–h,60 ,300 ,,,,,,,,,,
Z,13104 ,8 ,Vh,0 ,11 ,Vh‹ζ,Ό—‡‚R’–Ϊ‚P‚T‚W”Τ‚U,Ό—‡‚R|‚P‚V|‚T,"810,000 ","737,000 ",9.9 ,314 ,,1,1.5,Z‘ξ,‚v,2F,,’†‹K–Νκ”ΚZ‘ξ‚ª‘½‚ΆΥΓ‚ΘZ‘ξ’nζ,‹ζ“Ή,Ό,6.1,,,,ƒKƒX,…“Ή,‰Ί…“Ή,—‡“μ’·θ,,400 ,‚P’ακ,€–h,50 ,100 ,,,,,,,,,,
Z,13104 ,8 ,Vh,0 ,12 ,Vh‹ζ,‘ξ“c’ίª’¬‚T‚Q‚R”Τ‚U,,"1,130,000 ","995,000 ",13.6 ,197 ,,1,1.5,’z’†,,,,‹¤“―Z‘ξ‚π’†S‚Ι–‹Ζ“™‚ΰ¬έ‚·‚ιZ‘ξ’nζ,‹ζ“Ή,“μΌ,6,,,,ƒKƒX,…“Ή,‰Ί…“Ή,‘ξ“c,,300 ,‚QZ‹,–h‰Ξ,60 ,400 ,,,,,,,,,,
Z,13104 ,8 ,Vh,0 ,13 ,Vh‹ζ,Vh‚U’–Ϊ‚S‚R‚W”Τ‚U,Vh‚U|‚R|‚P‚P,"1,100,000 ","990,000 ",11.1 ,212 ,,1,2,Z‘ξ,‚q‚b,3F,,κ”ΚZ‘ξA‹¤“―Z‘ξA‰c‹Ζ‚ª¬έ‚·‚ιZ‘ξ’nζ,‹ζ“Ή,Ό,6,,,,ƒKƒX,…“Ή,‰Ί…“Ή,“Vh,,560 ,‚PZ‹,€–h,60 ,300 ,,,,,,,,,,
Z,13104 ,8 ,Vh,0 ,14 ,Vh‹ζ,l’JO‰h’¬‚P‚T”Τ‚U,l’JO‰h’¬‚P‚S|‚Q‚U,"1,100,000 ","1,000,000 ",10.0 ,236 ,,1,1,Z‘ξ,‚q‚b,2F,,’†‹K–Νκ”ΚZ‘ξAƒAƒp[ƒg“™‚ª¬έ‚·‚ιZ‘ξ’nζ,‹ζ“Ή,–k“,3.1,,,,ƒKƒX,…“Ή,‰Ί…“Ή,lƒc’J,,550 ,‚P’†κ,€–h,60 ,300 ,,,,,,,,,,
Z,13104 ,8 ,Vh,0 ,16 ,Vh‹ζ,γ—‡‚P’–Ϊ‚T‚P‚V”Τ‚W,γ—‡‚P|‚Q‚W|‚X,"763,000 ","710,000 ",7.5 ,250 ,,1,2,Z‘ξ,‚v,2F,,’†‹K–Νκ”ΚZ‘ξAƒAƒp[ƒg“™‚ª¬έ‚·‚ιZ‘ξ’nζ,‹ζ“Ή,–k,3,,,,ƒKƒX,…“Ή,‰Ί…“Ή,—‡,,350 ,‚PZ‹,€–h,60 ,300 ,,,,,,,,,,
Z,13104 ,8 ,Vh,0 ,17 ,Vh‹ζ,‚“c”nκ‚P’–Ϊ‚P‚W‚Q”Τ‚R‚QO,‚“c”nκ‚P|‚Q‚P|‚Q‚P,"1,070,000 ","930,000 ",15.1 ,205 ,,1,1,‹¤“―Z‘ξ,‚v,3F,,’†‹K–Νκ”ΚZ‘ξAƒAƒp[ƒg“™‚ª¬έ‚·‚ιZ‘ξ’nζ,‹ζ“Ή,–k,3.7,,,,ƒKƒX,…“Ή,‰Ί…“Ή,‚“c”nκ,,390 ,‚P’†κ,€–h,60 ,300 ,,,,,*,13104,0 ,9 ,"976,000 ",9.6 
Z,13104 ,8 ,Vh,0 ,18 ,Vh‹ζ,Τι‰Ί’¬‚U‚X”Τ‚QO,,"1,090,000 ","958,000 ",13.8 ,140 ,,1,2,Z‘ξ,‚v,2F,,κ”ΚZ‘ξ‚Μ’†‚ΙƒAƒp[ƒg“™‚ª¬έ‚·‚ιZ‘ξ’nζ,‹ζ“Ή,“,2.2,,,,ƒKƒX,…“Ή,‰Ί…“Ή,_yβ,,350 ,‚QZ‹,€–h,60 ,300 ,,,,,,,,,,
Z,13104 ,8 ,Vh,0 ,19 ,Vh‹ζ,μ‹vδ’¬‚R‚S”Τ‚T‚W,,"962,000 ","865,000 ",11.2 ,146 ,,1,1.2,Z‘ξ,‚k‚r,2F,,κ”ΚZ‘ξAƒAƒp[ƒg“™‚ª¬έ‚·‚ιZ‘ξ’nζ,‹ζ“Ή,–kΌ,4,,‘¤“Ή,–k“,ƒKƒX,…“Ή,‰Ί…“Ή,‘ξ“c,,620 ,‚P’†κ,€–h,60 ,300 ,,,,,,,,,,
Z,13104 ,8 ,Vh,0 ,20 ,Vh‹ζ,s’J’‡”V’¬‚P‚R”Τ,s’J’‡”V’¬‚Q|‚V,"1,730,000 ","1,550,000 ",11.6 ,"1,688 ",‘δ`,1,1.2,‹¤“―Z‘ξ,‚q‚b,5F,1B,κ”ΚZ‘ξAƒ}ƒ“ƒVƒ‡ƒ““™‚ª¬έ‚·‚ιZ‘ξ’nζ,‹ζ“Ή,“μ,5.7,,,,ƒKƒX,…“Ή,‰Ί…“Ή,‹΄,,210 ,‚Q’†κ,€–h,60 ,300 ,,,,,,,,,,
Z,13104 ,8 ,Vh,0 ,21 ,Vh‹ζ,“μ³’¬‚S”Τ‚S‚X,,"1,960,000 ","1,760,000 ",11.4 ,"2,199 ",,1,2.5,‹¤“―Z‘ξ,‚q‚b,6F,1B,’†‚‘w‚Μƒ}ƒ“ƒVƒ‡ƒ“‚ª‘½‚­‚Ώ•ΐ‚ΤZ‘ξ’nζ,‹ζ“Ή,Ό,6,,l•ϋH,,ƒKƒX,…“Ή,‰Ί…“Ή,M”Z’¬,,420 ,‚Q’†κ,€–h,60 ,300 ,,,,,,,,,,
Z,13104 ,8 ,Vh,0 ,22 ,Vh‹ζ,’†’¬‚R‚Q”Τ‚P,,"1,510,000 ","1,350,000 ",11.9 ,322 ,,1,1,Z‘ξ,‚q‚b,3F,,’†‹K–Νκ”ΚZ‘ξA‹¤“―Z‘ξ“™¬έ‚ΜZ‘ξ’nζ,‹ζ“Ή,“μ“,5.6,,,,ƒKƒX,…“Ή,‰Ί…“Ή,‹_yβ,,320 ,‚P’†κ,€–h,60 ,300 ,,,,,,,,,,
Z,13104 ,8 ,Vh,0 ,23 ,Vh‹ζ,‚“c”nκ‚S’–Ϊ‚U‚X‚U”Τ‚P‚QO,‚“c”nκ‚S|‚R‚Q|‚P‚O,"956,000 ","865,000 ",10.5 ,192 ,,1,2,Z‘ξ,‚v,2F,,κ”ΚZ‘ξA‹¤“―Z‘ξA––±“™‚Μ‚Β’nζ,‹ζ“Ή,“μΌ,5.8,,,,ƒKƒX,…“Ή,‰Ί…“Ή,‚“c”nκ,,760 ,‚P’†κ,€–h,60 ,300 ,,,,,,,,,,
Z,13104 ,8 ,Vh,0 ,24 ,Vh‹ζ,Ό‘ξ“c‚Q’–Ϊ‚R‚T”Τ‚T,Ό‘ξ“c‚Q|‚P‚W|‚R‚T,"930,000 ","840,000 ",10.7 ,130 ,,1,1.2,Z‘ξ,‚v,2F,1B,κ”ΚZ‘ξ“™‚Μ’†‚Ιƒ}ƒ“ƒVƒ‡ƒ“‚ΰ©‚η‚κ‚ιZ‘ξ’nζ,‹ζ“Ή,“,3.8,,,,ƒKƒX,…“Ή,‰Ί…“Ή,Ό‘ξ“c,,260 ,‚P’†κ,€–h,60 ,300 ,,,,,,,,,,
Z,13104 ,8 ,Vh,0 ,25 ,Vh‹ζ,•x‹v’¬‚T‚X”Τ‚Q‚O‚W,•x‹v’¬‚R‚Q|‚U,"1,000,000 ","909,000 ",10.0 ,86 ,,1,1.2,Z‘ξ“‹¤“―Z‘ξ,‚v,3F,,’†¬‹K–Ν‚Μκ”ΚZ‘ξ“™‚ª‘½‚­‚Ώ•ΐ‚ΤZ‘ξ’nζ,‹ζ“Ή,–k,4,,,,ƒKƒX,…“Ή,‰Ί…“Ή,Vhδ‰‘‘O,,700 ,‚P’†κ,€–h,60 ,300 ,,,,,,,,,,
Z,13104 ,8 ,Vh,0 ,26 ,Vh‹ζ,α—t‚P’–Ϊ‚P‚X”Τ‚P‚W,,"1,270,000 ","1,150,000 ",10.4 ,140 ,,1.2,1,Z‘ξ,‚q‚b,3F,1B,’†‹K–Νκ”ΚZ‘ξ‚Μ‚Ω‚©‹¤“―Z‘ξ‚ΰ‘¶‚·‚ιZ‘ξ’nζ,‹ζ“Ή,Ό,4.2,,,,ƒKƒX,…“Ή,‰Ί…“Ή,lƒc’J,,680 ,‚P’†κ,€–h,60 ,300 ,,,,,,,,,,
,13104 ,8 ,Vh,0 ,27 ,Vh‹ζ,¤Z’¬‚V”Τ‚P‚Q,,"1,180,000 ",,,102 ,,1,1.5,‹¤“―Z‘ξ,‚r,3F,,κ”ΚZ‘ξAƒAƒp[ƒg“™‚ª¬έ‚·‚ιZ‘ξ’nζ,‹ζ“Ή,“,3.9,,,,ƒKƒX,…“Ή,‰Ί…“Ή,l’JO’–Ϊ,,190 ,‚Q’†κ,€–h,60 ,300 ,,,,,,,,,,
Z,13104 ,8 ,Vh,0 ,28 ,Vh‹ζ,—]’’¬‚T‚Q”Τ‚W,—]’’¬‚P‚Q|‚Q‚S,"1,070,000 ","954,000 ",12.2 ,201 ,,1,1.5,‹¤“―Z‘ξ,‚r,3F,,ƒAƒp[ƒgAƒ}ƒ“ƒVƒ‡ƒ““™‚ª‘½‚Άω¬Z‘ξ’nζ,‹ζ“Ή,–k“,4,,,,ƒKƒX,…“Ή,‰Ί…“Ή,αΌ‰Ν“c,,250 ,‚P’†κ,€–h,60 ,300 ,,,,,,,,,,
Z,13104 ,8 ,Vh,0 ,29 ,Vh‹ζ,’†δ‚Q’–Ϊ‚Q‚P‚T‚Q”Τ‚P‚O,’†δ‚Q|‚Q‚V|‚P‚R,"750,000 ","700,000 ",7.1 ,161 ,,1,1.2,‹¤“―Z‘ξ,‚v,2F,,’†‹K–Νκ”ΚZ‘ξ‚Μ‚Ω‚©ƒAƒp[ƒg‚ΰ‘¶‚·‚ιZ‘ξ’nζ,‹ζ“Ή,–k,3.7,,,,ƒKƒX,…“Ή,‰Ί…“Ή,’†δ,,790 ,‚P’ακ,€–h,50 ,100 ,,,,,,,,,,
Z,13104 ,8 ,Vh,5 ,1 ,Vh‹ζ,‰Μ•‘κ’¬‚P’–Ϊ‚T‚Q”Τ‚WO,‰Μ•‘κ’¬‚P|‚P|‚P‚U,"9,880,000 ","9,350,000 ",5.7 ,401 ,,1,1.5,“X•ά“––±,‚r‚q‚b,11F,2B,‚‘w‚Μ“X•άA––±ƒrƒ‹‚ª‚Ώ•ΐ‚Τ¤‹Ζ’nζ,“s“Ή,“μ,40,,,,ƒKƒX,…“Ή,‰Ί…“Ή,Vh,,450 ,¤‹Ζ,–h‰Ξ,80 ,900 ,,,,,,,,,,
Z,13104 ,8 ,Vh,5 ,2 ,Vh‹ζ,—]’’¬‚Q‚S”Τ‚S,—]’’¬‚U|‚Q‚R,"1,810,000 ","1,600,000 ",13.1 ,224 ,,1,1.5,––±AΤΙ“‹¤“―Z‘ξ,‚q‚b,7F,1B,’†‚‘w‚Μ“X•ά“‹¤“―Z‘ξ“™‚ª‚ΒHό¤‹Ζ’nζ,“s“Ή,–k“,25,,,,ƒKƒX,…“Ή,‰Ί…“Ή,“Vh,,600 ,‹ί¤,–h‰Ξ,80 ,400 ,,,,,,,,,,
Z,13104 ,8 ,Vh,5 ,3 ,Vh‹ζ,Vh‚Q’–Ϊ‚V‚W”Τ‚PO,Vh‚Q|‚T|‚P‚O,"8,200,000 ","7,250,000 ",13.1 ,886 ,•s®`,1,1.5,“X•ά“––±,‚r‚q‚b,10F,1B,’†‚‘w‚Μ“X•άƒrƒ‹‚ª‘½‚Ά”Ι‰Ψ‚Θ¤‹Ζ’nζ,‹ζ“Ή,–k,22,,”w–Κ“Ή,,ƒKƒX,…“Ή,‰Ί…“Ή,VhO’–Ϊ,,220 ,¤‹Ζ,–h‰Ξ,80 ,800 ,,,,,,,,,,
Z,13104 ,8 ,Vh,5 ,4 ,Vh‹ζ,ΌVh‚V’–Ϊ‚V‚R‚V”Τ‚P‚SO,ΌVh‚V|‚P|‚P‚Q,"7,800,000 ","7,340,000 ",6.3 ,314 ,,1,2.5,––±,‚r‚q‚b,8F,1B,’†‚‘w‚Μ“X•άA––±ƒrƒ‹‚ª‚Ώ•ΐ‚Τ¤‹Ζ’nζ,‹ζ“Ή,Ό,20,,”w–Κ“Ή,,ƒKƒX,…“Ή,‰Ί…“Ή,Vh,,410 ,¤‹Ζ,–h‰Ξ,80 ,700 ,,,,,,,,,,
Z,13104 ,8 ,Vh,5 ,5 ,Vh‹ζ,ΌVh‚P’–Ϊ‚V”Τ‚R,ΌVh‚P|‚V|‚P,"23,300,000 ","22,200,000 ",5.0 ,"1,092 ",,1,2,“X•ά“––±,‚r‚q‚b,9F,5B,‚‘w‚Μ––±ƒrƒ‹“™‚ª‘¶‚·‚ι‰w‘O‚Μ¤‹Ζ’nζ,“s“Ή,“,0,‰w‘OLκ,O•ϋH,,ƒKƒX,…“Ή,‰Ί…“Ή,Vh,‰w‘OLκΪ–Κ,0 ,¤‹Ζ,–h‰Ξ,80 ,"1,000 ",,,,,,,,,,
Z,13104 ,8 ,Vh,5 ,6 ,Vh‹ζ,‚“c”nκ‚Q’–Ϊ‚P‚S‚O”Τ‚P‚RO,‚“c”nκ‚Q|‚W|‚S,"3,300,000 ","2,820,000 ",17.0 ,204 ,,1,1.5,“X•άA––±“Z‘ξ,‚r‚q‚b,6F,2B,’†‚‘w‚Μ“X•ά“––±“™‚ª‚Ώ•ΐ‚Τ¤‹Ζ’nζ,“s“Ή,“μ,22,,,,ƒKƒX,…“Ή,‰Ί…“Ή,‚“c”nκ,,450 ,¤‹Ζ,–h‰Ξ,80 ,600 ,,,,,*,13104,5 ,11 ,"2,960,000 ",11.5 
Z,13104 ,8 ,Vh,5 ,7 ,Vh‹ζ,l’JO‰h’¬‚X”Τ‚X,l’JO‰h’¬‚S|‚P‚O,"2,010,000 ","1,800,000 ",11.7 ,234 ,,1,1.5,––±,‚q‚b,5F,1B,’†‘w‚Μ––±ƒrƒ‹‚ª‘½‚Ά¤‹Ζ’nζ,‹ζ“Ή,–k“,11,,,,ƒKƒX,…“Ή,‰Ί…“Ή,lƒc’J,,450 ,‹ί¤,–h‰Ξ,80 ,400 ,,,,,,,,,,
Z,13104 ,8 ,Vh,5 ,8 ,Vh‹ζ,l’J‚R’–Ϊ‚P”Τ‚W,,"6,000,000 ","5,200,000 ",15.4 ,533 ,,1,1.5,––±,‚r‚q‚b,8F,2B,’†‚‘w‚Μ“X•άA––±ƒrƒ‹‚ª‚Ώ•ΐ‚Τ¤‹Ζ’nζ,‘“Ή,–k,40,,”w–Κ“Ή,,ƒKƒX,…“Ή,‰Ί…“Ή,l’JO’–Ϊ,,140 ,¤‹Ζ,–h‰Ξ,80 ,700 ,,,,,*,13104,5 ,15 ,"5,450,000 ",10.1 
Z,13104 ,8 ,Vh,5 ,9 ,Vh‹ζ,ΌVh‚Q’–Ϊ‚U”Τ,ΌVh‚Q|‚U|‚P,"14,200,000 ","13,500,000 ",5.2 ,"14,445 ",,1,1.5,––±A“X•ά“φ‰ο“°“™,‚r,52F,4B,‚‘w“X•ά“––±ƒrƒ‹‚ª‚Ώ•ΐ‚Τ’†S“I¤‹Ζ’nζ,“s“Ή,“μ,40,,l•ϋH,,ƒKƒX,…“Ή,‰Ί…“Ή,Vh,,640 ,¤‹Ζ,–h‰Ξ,80 ,"1,000 ",,,,,*,13104,5 ,13 ,"13,800,000 ",2.9 
Z,13104 ,8 ,Vh,5 ,10 ,Vh‹ζ,‚“c”nκ‚P’–Ϊ‚R‚O‚Q”Τ‚P‚T,‚“c”nκ‚P|‚Q‚V|‚U,"5,130,000 ","4,590,000 ",11.8 ,149 ,,1,1.5,“X•ά,‚r‚q‚b,7F,1B,’†‚‘w‚Μ¤‹Ζƒrƒ‹‚Μ‚Ώ•ΐ‚Τ‰w‘O¤‹Ζ’nζ,‹ζ“Ή,Ό,15,,,,ƒKƒX,…“Ή,‰Ί…“Ή,‚“c”nκ,,100 ,¤‹Ζ,–h‰Ξ,80 ,700 ,,,,,,,,,,
Z,13104 ,8 ,Vh,5 ,11 ,Vh‹ζ,_yβ‚Q’–Ϊ‚P‚Q”Τ‚P‚W,,"4,310,000 ","3,860,000 ",11.7 ,126 ,,1,1,“X•ά“––±,‚q‚b,5F,,’†‘w‚Μ¬”„“X•άAωH“X•ά‚ª‚Ώ•ΐ‚Τ¤‹Ζ’nζ,‹ζ“Ή,“μΌ,10.9,,,,ƒKƒX,…“Ή,‰Ί…“Ή,”Ρ“c‹΄,,200 ,¤‹Ζ,–h‰Ξ,80 ,500 ,,,,,,,,,,
Z,13104 ,8 ,Vh,5 ,12 ,Vh‹ζ,R’¬‚R‚R‚P”Τ‚W,,"1,930,000 ","1,650,000 ",17.0 ,169 ,‘δ`,1,1.5,μ‹Ζ“––±,‚q‚b,4F,,“X•ά“‹¤“―Z‘ξA––±ƒrƒ‹‚ª‚Ώ•ΐ‚Τ¤‹Ζ’nζ,‹ζ“Ή,–k,30,,‘¤“Ή,“,ƒKƒX,…“Ή,‰Ί…“Ή,‘ξ“c,,680 ,¤‹Ζ,–h‰Ξ,80 ,500 ,,,,,,,,,,
Z,13104 ,8 ,Vh,5 ,13 ,Vh‹ζ,αΌ’¬‚P‚P‚O”Τ‚R,αΌ’¬‚R‚R|‚X,"2,190,000 ","1,900,000 ",15.3 ,236 ,,1,1.5,“X•άA––±“‹¤“―Z‘ξ,‚r‚q‚b,11F,1B,’†’α‘w“X•άA‚‘wƒ}ƒ“ƒVƒ‡ƒ“‚ª¬έ‚·‚ι¤‹Ζ’nζ,“s“Ή,“μ,15,,‘¤“Ή,Ό,ƒKƒX,…“Ή,‰Ί…“Ή,αΌ‰Ν“c,,300 ,¤‹Ζ,–h‰Ξ,80 ,500 ,,,,,*,13104,5 ,19 ,"2,100,000 ",4.3 
Z,13104 ,8 ,Vh,5 ,14 ,Vh‹ζ,•Sl’¬‚P’–Ϊ‚P‚X‚R”Τ‚T,•Sl’¬‚P|‚P‚U|‚P‚S,"3,270,000 ","2,740,000 ",19.3 ,148 ,‘δ`,1,1.5,“X•ά“––±,‚q‚b,5F,1B,’†‚‘w‚Μ“X•άA––±“™‚ª‚Ώ•ΐ‚Τ¤‹Ζ’nζ,“s“Ή,–k,16,,,,ƒKƒX,…“Ή,‰Ί…“Ή,V‘ε‹v•Ϋ,,160 ,¤‹Ζ,–h‰Ξ,80 ,500 ,,,,,,,,,,
Z,13104 ,8 ,Vh,5 ,15 ,Vh‹ζ,Vh‚R’–Ϊ‚T”Τ‚QO,Vh‚R|‚T|‚S,"22,000,000 ","20,000,000 ",10.0 ,972 ,,1.5,1,“X•ά,‚r,9F,2B,’†‚‘w“X•άƒrƒ‹“™‚ª‚Ώ•ΐ‚Τ”Ι‰Ψ‚Θ¤‹Ζ’nζ,“s“Ή,–kΌ,22,,”w–Κ“Ή,,ƒKƒX,…“Ή,‰Ί…“Ή,VhO’–Ϊ,‹ίΪ,0 ,¤‹Ζ,–h‰Ξ,80 ,800 ,,,,,*,13104,5 ,10 ,"21,500,000 ",2.3 
Z,13104 ,8 ,Vh,5 ,16 ,Vh‹ζ,‰Ί—‡‚R’–Ϊ‚S‚W‚S”Τ‚T,‰Ί—‡‚R|‚P‚Q|‚Q‚O,"1,550,000 ","1,340,000 ",15.7 ,218 ,,1,2.5,“X•ά“‹¤“―Z‘ξ,‚q‚b,7F,,’†‚‘w‚Μ“X•ά•tƒ}ƒ“ƒVƒ‡ƒ“‚ª‘½‚ΆHό¤‹Ζ’nζ,“s“Ή,–k,18,,,,ƒKƒX,…“Ή,‰Ί…“Ή,–Ϊ”’,,800 ,¤‹Ζ,–h‰Ξ,80 ,400 ,,,,,,,,,,
Z,13104 ,8 ,Vh,5 ,17 ,Vh‹ζ,Vh‚R’–Ϊ‚P‚O‚V”Τ‚P‚S,Vh‚R|‚Q‚W|‚X,"20,200,000 ","18,500,000 ",9.2 ,327 ,,2.5,1,“X•ά,‚r‚q‚b,8F,2B,’†‚‘w‚ΜωH“X“™ƒrƒ‹‚ªWΟ‚·‚ι”Ι‰Ψ‚Θ¤‹Ζ’nζ,‹ζ“Ή,Ό,11,,‘¤“Ή,–k,ƒKƒX,…“Ή,‰Ί…“Ή,Vh,,150 ,¤‹Ζ,–h‰Ξ,80 ,800 ,,,,,,,,,,
Z,13104 ,8 ,Vh,5 ,18 ,Vh‹ζ,‰Μ•‘κ’¬‚Q’–Ϊ‚S‚R‚W”Τ‚P‚P,‰Μ•‘κ’¬‚Q|‚Q‚P|‚U,"1,980,000 ","1,720,000 ",15.1 ,115 ,,1,1,“X•ά,‚q‚b,5F,2B,’†‘w‚ΜωH“Xƒrƒ‹Aƒzƒeƒ‹“™‚ª‚Ώ•ΐ‚Τ¤‹Ζ’nζ,‹ζ“Ή,Ό,8,,,,ƒKƒX,…“Ή,‰Ί…“Ή,Vh,,650 ,¤‹Ζ,–h‰Ξ,80 ,600 ,,,,,,,,,,
Z,13104 ,8 ,Vh,5 ,19 ,Vh‹ζ,M’¬‚S”Τ‚W,,"1,730,000 ","1,500,000 ",15.3 ,66 ,,1,1.5,“X•ά“‹¤“―Z‘ξ,‚r,4F,,’†¬‹K–Ν“X•άA“X•ά“Z‘ξ“™‚ª‚Ώ•ΐ‚Τ¤‹Ζ’nζ,‹ζ“Ή,“,6.7,,,,ƒKƒX,…“Ή,‰Ί…“Ή,l’JO’–Ϊ,,200 ,¤‹Ζ,–h‰Ξ,80 ,400 ,,,,,,,,,,
Z,13104 ,8 ,Vh,5 ,20 ,Vh‹ζ,‘ε‹v•Ϋ‚Q’–Ϊ‚P‚U”Τ‚WO,‘ε‹v•Ϋ‚Q|‚T|‚Q‚R,"3,490,000 ","2,910,000 ",19.9 ,287 ,,1,1,––±,‚r,12F,1B,‚‘w––±A“X•ά“‹¤“―Z‘ξ‚ª‚Ώ•ΐ‚Τ¤‹Ζ’nζ,“s“Ή,“,27,,,,ƒKƒX,…“Ή,‰Ί…“Ή,“Vh,,200 ,¤‹Ζ,–h‰Ξ,80 ,600 ,,,,,,,,,,
Z,13104 ,8 ,Vh,5 ,21 ,Vh‹ζ,–kVh‚P’–Ϊ‚R‚O‚O”Τ‚U,–kVh‚P|‚Q‚O|‚P‚O,"2,370,000 ","1,980,000 ",19.7 ,238 ,,1,2,––±“‹¤“―Z‘ξ,‚r‚q‚b,11F,1B,’†’α‘w“X•άA‚‘wƒ}ƒ“ƒVƒ‡ƒ“‚ª¬έ‚·‚ι¤‹Ζ’nζ,“s“Ή,“μ,30,,,,ƒKƒX,…“Ή,‰Ί…“Ή,ΌVh,,440 ,¤‹Ζ,–h‰Ξ,80 ,500 ,,,,,,,,,,
Z,13104 ,8 ,Vh,5 ,22 ,Vh‹ζ,Vh‚P’–Ϊ‚R‚P”Τ‚Q‚W,Vh‚P|‚R‚P|‚P‚U,"2,300,000 ","2,000,000 ",15.0 ,113 ,,1,1.5,“X•άA––±“Z‘ξ,‚q‚b,6F,1B,’†‚‘w‚Μ“X•άA––±“™‚ª‚Ώ•ΐ‚Τ¤‹Ζ’nζ,‹ζ“Ή,“,8,,,,ƒKƒX,…“Ή,‰Ί…“Ή,Vhδ‰‘‘O,,200 ,¤‹Ζ,–h‰Ξ,80 ,600 ,,,,,*,13104,5 ,26 ,"2,100,000 ",9.5 
Z,13104 ,8 ,Vh,5 ,23 ,Vh‹ζ,Vh‚T’–Ϊ‚P‚Q‚V”Τ‚P‚O‚S,Vh‚T|‚P‚O|‚P‚T,"1,930,000 ","1,650,000 ",17.0 ,201 ,‘δ`,1,1,“X•ά“––±,‚q‚b,7F,,’†‚‘w‚Μ“X•ά“––±ƒrƒ‹“™‚ª©‚η‚κ‚ι¤‹Ζ’nζ,‹ζ“Ή,–k,9,,‘¤“Ή,“,ƒKƒX,…“Ή,‰Ί…“Ή,VhO’–Ϊ,,400 ,¤‹Ζ,–h‰Ξ,80 ,600 ,,,,,,,,,,
Z,13104 ,8 ,Vh,5 ,24 ,Vh‹ζ,Vh‚R’–Ϊ‚R‚O”Τ‚P‚RO,Vh‚R|‚R‚O|‚P‚P,"41,500,000 ","38,600,000 ",7.5 ,741 ,,1,1.5,“X•ά“––±,‚r‚q‚b,9F,1B,‚‘w“X•άA––±ƒrƒ‹‚ª‚Ώ•ΐ‚Τ’†S“I¤‹Ζ’nζ,‹ζ“Ή,–k“,22,,O•ϋH,,ƒKƒX,…“Ή,‰Ί…“Ή,VhO’–Ϊ,‹ίΪ,0 ,¤‹Ζ,–h‰Ξ,80 ,800 ,,,,,,,,,,
Z,13104 ,8 ,Vh,5 ,25 ,Vh‹ζ,‰Μ•‘κ’¬‚Q’–Ϊ‚S‚Q‚X”Τ‚P‚P,‰Μ•‘κ’¬‚Q|‚P‚O|‚V,"3,150,000 ","2,680,000 ",17.5 ,335 ,,1,2,“X•ά“––±,‚q‚b,8F,2B,’†‚‘w‚ΜωH“Xƒrƒ‹‚ª‘½‚­‚Ώ•ΐ‚Τ¤‹Ζ’nζ,‹ζ“Ή,Ό,15,,,,ƒKƒX,…“Ή,‰Ί…“Ή,Vh,,600 ,¤‹Ζ,–h‰Ξ,80 ,600 ,,,,,,,,,,
Z,13104 ,8 ,Vh,5 ,26 ,Vh‹ζ,ΌVh‚W’–Ϊ‚P‚R‚X”Τ‚P‚V,ΌVh‚W|‚R|‚R‚X,"1,280,000 ","1,140,000 ",12.3 ,303 ,,1,1.2,––±“Z‘ξ,‚q‚b,4F,,––±ƒrƒ‹A‹¤“―Z‘ξ“™‚ª¬έ‚·‚ι¤‹Ζ’nζ,‹ζ“Ή,“μ“,3.8,,,,ƒKƒX,…“Ή,‰Ί…“Ή,ΌVh,,200 ,¤‹Ζ,–h‰Ξ,80 ,500 ,,,,,,,,,,
Z,13104 ,8 ,Vh,5 ,27 ,Vh‹ζ,’†—‡‚R’–Ϊ‚P‚T‚T‚U”Τ‚PO,’†—‡‚R|‚Q‚X|‚P‚Q,"1,360,000 ","1,140,000 ",19.3 ,217 ,‘δ`,1,1.2,“X•ά“‹¤“―Z‘ξ,‚r‚q‚b,8F,,’†‚‘w‚Μ“X•ά•tƒ}ƒ“ƒVƒ‡ƒ“‚ª‘½‚ΆHό¤‹Ζ’nζ,“s“Ή,–k,15,,,,ƒKƒX,…“Ή,‰Ί…“Ή,—‡“μ’·θ,,150 ,‹ί¤,–h‰Ξ,80 ,400 ,,,,,,,,,,
Z,13104 ,8 ,Vh,5 ,28 ,Vh‹ζ,‘ε‹’¬‚R‚P”Τ‚PO,,"2,260,000 ","1,970,000 ",14.7 ,271 ,‘δ`,1,1.5,“X•άA––±“Z‘ξ,‚r‚q‚b,7F,,‚‘w“X•ά“‹¤“―Z‘ξ“™‚ª‚Ώ•ΐ‚ΤHό¤‹Ζ’nζ,“s“Ή,–kΌ,22,,”w–Κ“Ή,,ƒKƒX,…“Ή,‰Ί…“Ή,η‘ΚƒP’J,,370 ,‹ί¤,–h‰Ξ,80 ,400 ,,,,,,,,,,
Z,13104 ,8 ,Vh,5 ,29 ,Vh‹ζ,γ—‡‚Q’–Ϊ‚T‚Q‚S”Τ‚P‚V,γ—‡‚Q|‚P‚P|‚P,"1,420,000 ","1,210,000 ",17.4 ,107 ,,1,2,––±AZ‘ξ“‘qΙ,‚q‚b,5F,,¬”„“X•άAƒ}ƒ“ƒVƒ‡ƒ““™‚ª‚Ώ•ΐ‚ΤHό¤‹Ζ’nζ,“s“Ή,“μ,15,,,,ƒKƒX,…“Ή,‰Ί…“Ή,—‡,,180 ,‹ί¤,–h‰Ξ,80 ,400 ,,,,,,,,,,
Z,13104 ,8 ,Vh,5 ,30 ,Vh‹ζ,Vh‚R’–Ϊ‚U”Τ‚P‚X,Vh‚R|‚U|‚P‚P,"3,700,000 ","3,200,000 ",15.6 ,101 ,,1,1.5,“X•ά,‚r,4F,,’†‘w‚ΜωH“X•ά‚ª‚Ώ•ΐ‚Τ¤‹Ζ’nζ,‹ζ“Ή,“μ“,6,,,,ƒKƒX,…“Ή,‰Ί…“Ή,VhO’–Ϊ,,130 ,¤‹Ζ,–h‰Ξ,80 ,800 ,,,,,,,,,,
Z,13104 ,8 ,Vh,5 ,31 ,Vh‹ζ,‚“c”nκ‚R’–Ϊ‚R‚U‚O”Τ‚P‚Q,‚“c”nκ‚R|‚Q‚Q|‚R,"2,130,000 ","1,820,000 ",17.0 ,129 ,,1,1.5,“X•άA––±“‹¤“―Z‘ξ,‚r‚q‚b,8F,,’†‚‘w“X•ά•Ή—pZ‘ξA––±‚ª‚Ώ•ΐ‚Τ¤‹Ζ’nζ,“s“Ή,“μ,16,,,,ƒKƒX,…“Ή,‰Ί…“Ή,‚“c”nκ,,500 ,¤‹Ζ,–h‰Ξ,80 ,500 ,,,,,,,,,,
Z,13104 ,8 ,Vh,5 ,32 ,Vh‹ζ,”nκ‰Ί’¬‚U‚Q”Τ‚P‚VO,,"2,320,000 ","2,080,000 ",11.5 ,141 ,,1,1.5,“X•άA––±“Z‘ξ,‚q‚b,5F,1B,’†‚‘w‚Μ“X•άA––±“™‚ª‚Ώ•ΐ‚ΤHό¤‹Ζ’nζ,“s“Ή,“μΌ,22,,,,ƒKƒX,…“Ή,‰Ί…“Ή,‘ξ“c,,70 ,‹ί¤,–h‰Ξ,80 ,400 ,,,,,,,,,,
Z,13104 ,8 ,Vh,5 ,33 ,Vh‹ζ,…“Ή’¬‚T‚Q”Τ‚WO,…“Ή’¬‚S|‚Q‚Q,"2,010,000 ","1,700,000 ",18.2 ,261 ,,1.2,1,“X•ά“‹¤“―Z‘ξ,‚q‚b,10F,,––±ƒrƒ‹Aƒ}ƒ“ƒVƒ‡ƒ““™‚ª‚Ώ•ΐ‚Τ¤‹Ζ’nζ,“s“Ή,–k,27,,O•ϋH,,ƒKƒX,…“Ή,‰Ί…“Ή,]Λμ‹΄,,250 ,¤‹Ζ,–h‰Ξ,80 ,500 ,,,,,,,,,,
Z,13104 ,8 ,Vh,5 ,34 ,Vh‹ζ,l’Jβ’¬‚Q‚U”Τ‚Q‚R,l’Jβ’¬‚P‚Q|‚P‚X,"2,910,000 ","2,520,000 ",15.5 ,200 ,,1,2,––±,‚r‚q‚b,8F,,––±ƒrƒ‹Aƒ}ƒ“ƒVƒ‡ƒ““™‚ª‚Ώ•ΐ‚Τ¤‹Ζ’nζ,“s“Ή,–k“,36,,,,ƒKƒX,…“Ή,‰Ί…“Ή,‹΄,,350 ,¤‹Ζ,–h‰Ξ,80 ,600 ,,,,,,,,,,
Z,13104 ,8 ,Vh,5 ,35 ,Vh‹ζ,Vh‚R’–Ϊ‚W‚O‚V”Τ‚PO,Vh‚R|‚Q‚S|‚P,"42,000,000 ","40,000,000 ",5.0 ,"1,245 ",,1,2,“X•ά“––±,‚r,11F,2B,‚‘w“X•άA––±ƒrƒ‹‚ª‚Ώ•ΐ‚Τ’†S“I¤‹Ζ’nζ,“s“Ή,“μΌ,0,‰w‘OLκ,O•ϋH,,ƒKƒX,…“Ή,‰Ί…“Ή,Vh,‰w‘OLκΪ–Κ,0 ,¤‹Ζ,–h‰Ξ,80 ,900 ,,,,,,,,,,
Z,13104 ,8 ,Vh,5 ,36 ,Vh‹ζ,s’J»“y΄’¬‚Q’–Ϊ‚V”Τ‚P,,"1,960,000 ","1,720,000 ",14.0 ,280 ,,1,1,––±,‚r,5F,1B,’†‚‘w––±ƒrƒ‹‚Ω‚©ƒ}ƒ“ƒVƒ‡ƒ“‚ΰ‚ ‚ι¤‹Ζ’nζ,‹ζ“Ή,–k“,11,,,,ƒKƒX,…“Ή,‰Ί…“Ή,sƒP’J,,700 ,‹ί¤,–h‰Ξ,80 ,400 ,,,,,,,,,,
Z,13104 ,8 ,Vh,5 ,37 ,Vh‹ζ,l’J‚P’–Ϊ‚X”Τ‚QO,,"6,900,000 ","6,390,000 ",8.0 ,131 ,,1,2,“X•ά“––±,‚r‚q‚b,8F,1B,’†‚‘w‚Μ“X•άA––±ƒrƒ‹‚ª‚Ώ•ΐ‚Τ¤‹Ζ’nζ,‘“Ή,–k,40,,”w–Κ“Ή,,ƒKƒX,…“Ή,‰Ί…“Ή,lƒc’J,,170 ,¤‹Ζ,–h‰Ξ,80 ,700 ,,,,,,,,,,
Z,13104 ,8 ,Vh,5 ,38 ,Vh‹ζ,ΌVh‚P’–Ϊ‚P‚Q”Τ‚P‚V,ΌVh‚P|‚P‚Q|‚R,"9,050,000 ","8,180,000 ",10.6 ,263 ,,1,1.2,“X•ά“––±,‚r,5F,1B,’†‘w‚Μ“X•άƒrƒ‹“™‚ª‚Ώ•ΐ‚Τ¤‹Ζ’nζ,‹ζ“Ή,“,8,,,,ƒKƒX,…“Ή,‰Ί…“Ή,Vh,,350 ,¤‹Ζ,–h‰Ξ,80 ,"1,000 ",,,,,,,,,,
Z,13104 ,8 ,Vh,5 ,39 ,Vh‹ζ,_yβ‚R’–Ϊ‚P”Τ‚P‚U,,"2,230,000 ","1,910,000 ",16.8 ,123 ,,1,1.5,“X•άA––±“Z‘ξ,‚q‚b,6F,,“X•ά“ƒ}ƒ“ƒVƒ‡ƒ“A––±“™‚ª©‚η‚κ‚ι¤‹Ζ’nζ,‹ζ“Ή,–k“,9,,,,ƒKƒX,…“Ή,‰Ί…“Ή,”Ρ“c‹΄,,370 ,¤‹Ζ,–h‰Ξ,80 ,500 ,,,,,,,,,,
Z,13104 ,8 ,Vh,5 ,40 ,Vh‹ζ,–kVh‚P’–Ϊ‚R‚T‚R”Τ‚U‚P,–kVh‚P|‚P‚Q|‚P‚Q,"1,610,000 ","1,400,000 ",15.0 ,177 ,,1,2,––±“Z‘ξ,‚r‚q‚b,8F,,“X•άA––±A‹¤“―Z‘ξ“™‚ª¬έ‚·‚ι¤‹Ζ’nζ,“s“Ή,–k,11,,,,ƒKƒX,…“Ή,‰Ί…“Ή,‘ε‹v•Ϋ,,270 ,‹ί¤,–h‰Ξ,80 ,400 ,,,,,*,13104,5 ,17 ,"1,510,000 ",6.6 
Z,13104 ,8 ,Vh,5 ,41 ,Vh‹ζ,ΌVh‚S’–Ϊ‚Q‚W‚X”Τ‚P‚O,ΌVh‚S|‚P‚U|‚Q,"1,370,000 ","1,180,000 ",16.1 ,369 ,,1,1.5,“X•ά“‹¤“―Z‘ξ,‚q‚b,5F,,’†’α‘w‚Μƒ}ƒ“ƒVƒ‡ƒ“A–‹Ζ‚Μ‘½‚Ά¤‹Ζ’nζ,‹ζ“Ή,“,5,,,,ƒKƒX,…“Ή,‰Ί…“Ή,ΌVhά’–Ϊ,,350 ,¤‹Ζ,–h‰Ξ,80 ,400 ,,,,,,,,,,
Z,13104 ,8 ,Vh,5 ,42 ,Vh‹ζ,Ό‘ξ“c‚P’–Ϊ‚S‚P‚O”Τ‚P‚U‚OO,Ό‘ξ“c‚P|‚Q‚R|‚P‚T,"1,400,000 ","1,180,000 ",18.6 ,209 ,,1,2,“X•ά“‹¤“―Z‘ξ,‚q‚b,10F,,’†‚‘w‚Μ“X•άA‹¤“―Z‘ξ‚ª‘½‚ΆHό¤‹Ζ’nζ,“s“Ή,“μ,30.5,,,,ƒKƒX,…“Ή,‰Ί…“Ή,‘ξ“c,,840 ,¤‹Ζ,–h‰Ξ,80 ,500 ,,,,,,,,,,
Z,13104 ,8 ,Vh,5 ,43 ,Vh‹ζ,‚“c”nκ‚R’–Ϊ‚P‚U‚P”Τ‚W,‚“c”nκ‚R|‚Q|‚P‚T,"1,820,000 ","1,610,000 ",13.0 ,197 ,‘δ`,1,2,“X•ά,‚r,5F,,’†‘w‚ΜωH“Xƒrƒ‹‚ª‘½‚­‚Ώ•ΐ‚Τ¤‹Ζ’nζ,‹ζ“Ή,–k“,5.5,,,,ƒKƒX,…“Ή,‰Ί…“Ή,‚“c”nκ,,80 ,¤‹Ζ,–h‰Ξ,80 ,400 ,,,,,,,,,,
Z,13104 ,8 ,Vh,5 ,44 ,Vh‹ζ,Z‹g’¬‚P‚U”Τ‚TO,Z‹g’¬‚W|‚Q‚T,"1,840,000 ","1,600,000 ",15.0 ,123 ,,1,3,“X•ά“––±,‚r,5F,1B,’†‘wƒrƒ‹A¬”„“X•ά‚ª‚Ώ•ΐ‚Τ‹ί—Χ¤‹Ζ’nζ,‹ζ“Ή,“μΌ,7.6,,,,ƒKƒX,…“Ή,‰Ί…“Ή,‹΄,,200 ,‹ί¤,–h‰Ξ,80 ,400 ,,,,,,,,,,
Z,13104 ,8 ,Vh,5 ,45 ,Vh‹ζ,M”Z’¬‚W”Τ‚P‚UO,,"3,440,000 ","3,000,000 ",14.7 ,356 ,,1,1.5,“X•ά“‹¤“―Z‘ξ,‚r,8F,2B,’†‚‘w‚Μ“X•ά“‹¤“―Z‘ξ‚ª‘½‚Ά¤‹Ζ’nζ,“s“Ή,“,27,,,,ƒKƒX,…“Ή,‰Ί…“Ή,M”Z’¬,,280 ,¤‹Ζ,–h‰Ξ,80 ,500 ,,,,,,,,,,
Z,13104 ,8 ,Vh,5 ,46 ,Vh‹ζ,_yβ‚U’–Ϊ‚U‚S”Τ,,"2,900,000 ","2,500,000 ",16.0 ,215 ,,1,2.5,“X•ά“‹¤“―Z‘ξ,‚q‚b,11F,,’†‚‘w‚Μ“X•ά“‹¤“―Z‘ξ‚Μ‘½‚Ά¤‹Ζ’nζ,“s“Ή,–k“,12,,‘¤“Ή,–kΌ,ƒKƒX,…“Ή,‰Ί…“Ή,_yβ,,150 ,¤‹Ζ,–h‰Ξ,80 ,500 ,,,,,,,,,,
Z,13104 ,8 ,Vh,5 ,47 ,Vh‹ζ,ΌVh‚S’–Ϊ‚R‚V‚T”Τ‚Q‚PO,ΌVh‚S|‚S|‚P‚T,"3,340,000 ","3,040,000 ",9.9 ,171 ,,1,1.5,“X•ά“‹¤“―Z‘ξ,‚q‚b,10F,,’†‚‘w‚Μ“X•ά“‹¤“―Z‘ξ“™‚ª‚Ώ•ΐ‚Τ¤‹Ζ’nζ,“s“Ή,–kΌ,20,,,,ƒKƒX,…“Ή,‰Ί…“Ή,ΌVhά’–Ϊ,,90 ,¤‹Ζ,–h‰Ξ,80 ,600 ,,,,,,,,,,
Z,13104 ,8 ,Vh,5 ,48 ,Vh‹ζ,Vh‚Q’–Ϊ‚P‚O”Τ‚P‚RO,Vh‚Q|‚P‚O|‚U,"3,550,000 ","3,080,000 ",15.3 ,84 ,,1,4,“X•άA––±“‹¤“―Z‘ξ,‚r,7F,,’†‚‘w‚Μ“X•ά“––±ƒrƒ‹“™‚ª‚Ώ•ΐ‚Τ¤‹Ζ’nζ,‹ζ“Ή,–kΌ,10.8,,,,ƒKƒX,…“Ή,‰Ί…“Ή,VhO’–Ϊ,,300 ,¤‹Ζ,–h‰Ξ,80 ,700 ,,,,,,,,,,
Z,13104 ,8 ,Vh,5 ,49 ,Vh‹ζ,s’J–{‘Ί’¬‚X”Τ‚PO,s’J–{‘Ί’¬‚Q|‚T,"3,480,000 ","3,000,000 ",16.0 ,434 ,,1,1.5,––±A‹¤“―Z‘ξ“ΚΊ,‚r,11F,1B,’†‚‘w‚Μ––±“‹¤“―Z‘ξ“™‚ª‚Ώ•ΐ‚Τ¤‹Ζ’nζ,“s“Ή,“μ“,24,,,,ƒKƒX,…“Ή,‰Ί…“Ή,sƒP’J,,450 ,¤‹Ζ,–h‰Ξ,80 ,600 ,,,,,,,,,,
Z,13105 ,8 ,•¶‹,0 ,1 ,•¶‹‹ζ,η‘Κ–Ψ‚Q’–Ϊ‚V‚Q”Τ‚Q‚W,η‘Κ–Ψ‚Q|‚X|‚P‚S,"1,080,000 ","959,000 ",12.6 ,78 ,,1,2.5,Z‘ξ,‚r,3F,,¬‹K–Νκ”ΚZ‘ξ“™‚ª‘½‚Άω¬Z‘ξ’nζ,‹ζ“Ή,“μ,4,,,,ƒKƒX,…“Ή,‰Ί…“Ή,η‘Κ–Ψ,,500 ,‚P’†κ,€–h,60 ,300 ,,,,,,,,,,
Z,13105 ,8 ,•¶‹,0 ,2 ,•¶‹‹ζ,Ό•Π‚P’–Ϊ‚P‚O”Τ‚Q‚V‚Q,Ό•Π‚P|‚P‚P|‚T,"1,610,000 ","1,430,000 ",12.6 ,153 ,,1,2.5,Z‘ξ,‚k‚r,2F,,’†‹K–Νκ”ΚZ‘ξ‚ª‘½‚Ά‚‘δ‚ΜZ‘ξ’nζ,‹ζ“Ή,“μ,5.4,,,,ƒKƒX,…“Ή,‰Ί…“Ή,t“ϊ,,460 ,‚P’ακ,€–h,60 ,150 ,,,,,*,13105,0 ,2 ,"1,510,000 ",6.6 
Z,13105 ,8 ,•¶‹,0 ,3 ,•¶‹‹ζ,¬“ϊό‚Q’–Ϊ‚S‚X”Τ‚R,¬“ϊό‚Q|‚Q‚W|‚Q‚O,"1,200,000 ","1,070,000 ",12.1 ,100 ,,1,2,Z‘ξ,‚v,3F,,’†‹K–Νκ”ΚZ‘ξ‚ª‚Ώ•ΐ‚ΤΥΓ‚ΘZ‘ξ’nζ,‹ζ“Ή,–k,4,,,,ƒKƒX,…“Ή,‰Ί…“Ή,]Λμ‹΄,,600 ,‚P’ακ,€–h,60 ,150 ,,,,,,,,,,
Z,13105 ,8 ,•¶‹,0 ,4 ,•¶‹‹ζ,Φϋ‚Q’–Ϊ‚W”Τ‚P,Φϋ‚Q|‚V|‚Q,"1,190,000 ","1,060,000 ",12.3 ,126 ,,1,1.2,Z‘ξ,‚v,2F,,κ”ΚZ‘ξ‚Μ‚Ω‚©‚Ιƒ}ƒ“ƒVƒ‡ƒ“‚ª©‚η‚κ‚ιZ‘ξ’nζ,‹ζ“Ή,“μΌ,7.5,,,,ƒKƒX,…“Ή,‰Ί…“Ή,]Λμ‹΄,,470 ,‚P’ακ,€–h,60 ,150 ,,,,,,,,,,
Z,13105 ,8 ,•¶‹,0 ,5 ,•¶‹‹ζ,–{‹ξ‚T’–Ϊ‚Q‚Q”Τ‚P‚Q,–{‹ξ‚T|‚Q‚Q|‚Q,"1,380,000 ","1,210,000 ",14.0 ,175 ,,1,1,Z‘ξ,‚v,2F,1B,κ”ΚZ‘ξA’†‘wƒ}ƒ“ƒVƒ‡ƒ““™‚ª¬έ‚·‚ιZ‘ξ’nζ,‹ζ“Ή,“μΌ,8,,,,ƒKƒX,…“Ή,‰Ί…“Ή,‹ξ,,650 ,‚PZ‹,€–h,60 ,300 ,,,,,,,,,,
Z,13105 ,8 ,•¶‹,0 ,6 ,•¶‹‹ζ,‘ε’Λ‚S’–Ϊ‚S‚P”Τ‚P‚Q‚UO,‘ε’Λ‚S|‚X|‚Q,"1,370,000 ","1,190,000 ",15.1 ,495 ,,1.2,1,‹¤“―Z‘ξ,‚q‚b,3F,,κ”ΚZ‘ξ‚Μ‚Ω‚©A‹¤“―Z‘ξ“™‚ª¬έ‚·‚ιZ‘ξ’nζ,‹ζ“Ή,“μΌ,7.2,,,,ƒKƒX,…“Ή,‰Ί…“Ή,V‘ε’Λ,,650 ,‚P’†κ,€–h,60 ,200 ,,,,,,,,,,
Z,13105 ,8 ,•¶‹,0 ,7 ,•¶‹‹ζ,”’R‚S’–Ϊ‚R‚P‚O”Τ‚R‚Q,”’R‚S|‚Q‚W|‚P‚W,"1,300,000 ","1,160,000 ",12.1 ,99 ,,1.2,1,Z‘ξ,‚v,2F,,’†¬‹K–Ν‚ΜZ‘ξ‚ª‘½‚Ά—•Φ«‚Μ—Η‚ΆZ‘ξ’nζ,‹ζ“Ή,“μ“,4.7,,,,ƒKƒX,…“Ή,‰Ί…“Ή,”’R,,400 ,‚P’ακ,€–h,60 ,150 ,,,,,*,13105,0 ,5 ,"1,220,000 ",6.6 
Z,13105 ,8 ,•¶‹,0 ,8 ,•¶‹‹ζ,–{‹ξ‚U’–Ϊ‚Q‚P‚P”Τ,–{‹ξ‚U|‚W|‚Q‚R,"1,740,000 ","1,550,000 ",12.3 ,538 ,,1,1.5,Z‘ξ,‚q‚b,2F,,‘ε‹K–ΝZ‘ξ‚ª‚Ώ•ΐ‚ΤΒ‹«‚Μ—Η‚ΆZ‘ξ’nζ,‹ζ“Ή,“μ“,7.2,,,,ƒKƒX,…“Ή,‰Ί…“Ή,‘ƒ›,,600 ,‚P’ακ,€–h,60 ,150 ,,,,,,,,,,
Z,13105 ,8 ,•¶‹,0 ,9 ,•¶‹‹ζ,–Ϊ”’‘δ‚R’–Ϊ‚S‚P”Τ‚P‚U,–Ϊ”’‘δ‚R|‚P‚S|‚P‚O,"1,060,000 ","947,000 ",11.9 ,157 ,,1,2,Z‘ξ,‚v,2F,,κ”ΚZ‘ξ‚Μ‚Ω‚©‚Ι“X•ά‚ΰ©‚η‚κ‚ιZ‘ξ’nζ,‹ζ“Ή,“,4,,,,ƒKƒX,…“Ή,‰Ί…“Ή,μ‘›,,460 ,‚P’†κ,€–h,60 ,200 ,,,,,,,,,,
Z,13105 ,8 ,•¶‹,0 ,10 ,•¶‹‹ζ,¬Ξμ‚T’–Ϊ‚P‚V”Τ‚P‚Q,¬Ξμ‚T|‚P‚V|‚P‚Q,"1,430,000 ","1,230,000 ",16.3 ,327 ,,1,1,‹¤“―Z‘ξAZ‘ξ“––±,‚q‚b,4F,1B,κ”ΚZ‘ξA’†‘w‹¤“―Z‘ξ“™‚ª¬έ‚·‚ιZ‘ξ’nζ,‹ζ“Ή,“μ“,8,,,,ƒKƒX,…“Ή,‰Ί…“Ή,δª‰Χ’J,,310 ,‚Q’†κ,€–h,60 ,300 ,,,,,*,13105,0 ,7 ,"1,320,000 ",8.3 
Z,13105 ,8 ,•¶‹,0 ,11 ,•¶‹‹ζ,‘ε’Λ‚U’–Ϊ‚P‚O‚V”Τ‚P‚X,‘ε’Λ‚U|‚P‚S|‚Q‚T,"986,000 ","876,000 ",12.6 ,174 ,,1,1.5,Z‘ξ“‹¤“―Z‘ξ,‚r,3F,,’†‹K–Νκ”ΚZ‘ξAƒAƒp[ƒg“™‚ª‚Ώ•ΐ‚ΤZ‘ξ’nζ,‹ζ“Ή,Ό,4,,,,ƒKƒX,…“Ή,‰Ί…“Ή,V‘ε’Λ,,540 ,‚PZ‹,€–h,60 ,300 ,,,,,,,,,,
Z,13105 ,8 ,•¶‹,0 ,12 ,•¶‹‹ζ,–{‹½‚P’–Ϊ‚P‚O‚V”Τ‚P,–{‹½‚P|‚Q‚W|‚R,"2,900,000 ","2,400,000 ",20.8 ,"1,041 ",,1,1.2,‹¤“―Z‘ξ,‚q‚b,14F,1B,‚‘w‚Μƒ}ƒ“ƒVƒ‡ƒ““™‚ª‚Ώ•ΐ‚Τ‹¤“―Z‘ξ’nζ,‹ζ“Ή,“μ,7,,,,ƒKƒX,…“Ή,‰Ί…“Ή,“s‰c…“Ή‹΄,,320 ,‹ί¤,–h‰Ξ,80 ,400 ,,,,,,,,,,
Z,13105 ,8 ,•¶‹,0 ,13 ,•¶‹‹ζ,–{‹ξ‚P’–Ϊ‚Q‚O‚S”Τ,–{‹ξ‚P|‚Q‚O|‚P‚R,"3,180,000 ","2,710,000 ",17.3 ,733 ,•s®`,1.5,1,‹¤“―Z‘ξ,‚q‚b,15F,1B,‚‘w‚Μƒ}ƒ“ƒVƒ‡ƒ““™‚ª‚Ώ•ΐ‚Τ‹¤“―Z‘ξ’nζ,“s“Ή,–k“,21.7,,‘¤“Ή,–kΌ,ƒKƒX,…“Ή,‰Ί…“Ή,–{‹ξ,,180 ,¤‹Ζ,–h‰Ξ,80 ,600 ,,,,,,,,,,
Z,13105 ,8 ,•¶‹,0 ,14 ,•¶‹‹ζ,¬Ξμ‚Q’–Ϊ‚P‚X”Τ‚P‚X,¬Ξμ‚Q|‚X|‚P‚R,"1,490,000 ","1,280,000 ",16.4 ,335 ,‘δ`,1,2,‹¤“―Z‘ξ,‚q‚b,3F,1B,’†‘wƒ}ƒ“ƒVƒ‡ƒ“Aκ”ΚZ‘ξ“™‚ª¬έ‚·‚ιZ‘ξ’nζ,‹ζ“Ή,“,8.2,,,,ƒKƒX,…“Ή,‰Ί…“Ή,γy‰€,,270 ,‚P’†κ,€–h,60 ,300 ,,,,,,,,,,
Z,13105 ,8 ,•¶‹,0 ,15 ,•¶‹‹ζ,ό‹u‚P’–Ϊ‚P‚T‚Q”Τ‚P‚Q,ό‹u‚P|‚P‚T|‚V,"1,170,000 ","1,040,000 ",12.5 ,146 ,,1,2,Z‘ξ,‚q‚b,3F,,κ”ΚZ‘ξ‚Μ‚Ω‚©ƒAƒp[ƒg“™‚ΰ¬έ‚·‚ιZ‘ξ’nζ,‹ζ“Ή,“μΌ,3.8,,,,ƒKƒX,…“Ή,‰Ί…“Ή,“‘ε‘O,,300 ,‚PZ‹,€–h,60 ,300 ,,,,,,,,,,
Z,13105 ,8 ,•¶‹,0 ,17 ,•¶‹‹ζ,η‘Κ–Ψ‚R’–Ϊ‚U‚R‚T”Τ‚U‚V,η‘Κ–Ψ‚R|‚V|‚T,"1,440,000 ","1,280,000 ",12.5 ,189 ,,1,2,Z‘ξ,‚v,3F,,’†‹K–Νκ”ΚZ‘ξ‚ª‘½‚ΆΥΓ‚ΘZ‘ξ’nζ,„“Ή,–k,5.2,,,,ƒKƒX,…“Ή,‰Ί…“Ή,η‘Κ–Ψ,,310 ,‚P’†κ,€–h,60 ,200 ,,,,,,,,,,
Z,13105 ,8 ,•¶‹,0 ,18 ,•¶‹‹ζ,¬Ξμ‚R’–Ϊ‚V‚X”Τ‚U‚V,¬Ξμ‚R|‚P‚U|‚P‚Q,"1,130,000 ","1,010,000 ",11.9 ,163 ,,1,1.2,Z‘ξ,‚r,3F,,κ”ΚZ‘ξAƒ}ƒ“ƒVƒ‡ƒ““™‚ª¬έ‚·‚ιZ‘ξ’nζ,‹ζ“Ή,–k“,4.4,,,,ƒKƒX,…“Ή,‰Ί…“Ή,t“ϊ,,600 ,‚P’†κ,€–h,60 ,300 ,,,,,,,,,,
Z,13105 ,8 ,•¶‹,0 ,19 ,•¶‹‹ζ,–ν¶‚Q’–Ϊ‚R”Τ‚U‚Q,–ν¶‚Q|‚X|‚P‚Q,"1,400,000 ","1,240,000 ",12.9 ,266 ,,1,1.5,Z‘ξ,‚k‚r,3F,,’†‹K–Νκ”ΚZ‘ξ‚Ι‹¤“―Z‘ξ“™‚ª¬έ‚·‚ιZ‘ξ’nζ,‹ζ“Ή,–k“,4.7,,,,ƒKƒX,…“Ή,‰Ί…“Ή,ª’Γ,,450 ,‚Q’†κ,€–h,60 ,300 ,,,,,,,,,,
Z,13105 ,8 ,•¶‹,0 ,20 ,•¶‹‹ζ,ηΞ‚P’–Ϊ‚Q‚R‚P”Τ‚Q,ηΞ‚P|‚S|‚V,"1,180,000 ","1,050,000 ",12.4 ,157 ,,1,1.5,Z‘ξ,‚k‚r,2F,,’†‹K–Νκ”ΚZ‘ξAƒAƒp[ƒg“™‚ª¬έ‚·‚ιZ‘ξ’nζ,‹ζ“Ή,“μΌ,5.4,,,,ƒKƒX,…“Ή,‰Ί…“Ή,ηΞ,,580 ,‚P’†κ,€–h,60 ,300 ,,,,,,,,,,
Z,13105 ,8 ,•¶‹,0 ,21 ,•¶‹‹ζ,“’“‡‚S’–Ϊ‚Q‚R”Τ‚SO,“’“‡‚S|‚X|‚S,"1,600,000 ","1,380,000 ",15.9 ,165 ,,2,1,Z‘ξ“‹¤“―Z‘ξ,‚r,3F,,’†¬‹K–Ν‚Μƒ}ƒ“ƒVƒ‡ƒ““™‚ª‚Ώ•ΐ‚ΤZ‘ξ’nζ,‹ζ“Ή,“μ,4.5,,,,ƒKƒX,…“Ή,‰Ί…“Ή,–{‹½O’–Ϊ,,550 ,‚P’†κ,€–h,60 ,300 ,,,,,,,,,,
,13105 ,8 ,•¶‹,0 ,22 ,•¶‹‹ζ,–{‹ξ‚R’–Ϊ‚U‚R”Τ‚P‚Q,–{‹ξ‚R|‚R|‚X,"1,140,000 ",,,187 ,,1,1.2,Z‘ξ,‚k‚r,3F,,κ”ΚZ‘ξ‚Μ‚Ω‚©‹¤“―Z‘ξ‚ΰ©‚η‚κ‚ιZ‘ξ’nζ,„“Ή,–k“,4,,,,ƒKƒX,…“Ή,‰Ί…“Ή,–{‹ξ,,150 ,‚P’†κ,€–h,60 ,300 ,,,,,,,,,,
Z,13105 ,8 ,•¶‹,0 ,23 ,•¶‹‹ζ,”’R‚Q’–Ϊ‚P‚R”Τ‚P‚T,”’R‚Q|‚S|‚P‚R,"920,000 ","819,000 ",12.3 ,103 ,,1,1.5,Z‘ξ,‚r,3F,,κ”ΚZ‘ξ‚Μ’†‚Ιμ‹Ζ“™‚ª¬έ‚·‚ιZ‘ξ’nζ,„“Ή,–k,4,,,,ƒKƒX,…“Ή,‰Ί…“Ή,t“ϊ,,780 ,€H,€–h,60 ,300 ,,,,,,,,,,
Z,13105 ,8 ,•¶‹,0 ,24 ,•¶‹‹ζ,ηΞ‚S’–Ϊ‚R‚P‚T”Τ‚Q‚T,ηΞ‚S|‚Q‚T|‚S,"1,410,000 ","1,220,000 ",15.6 ,231 ,,1,2,Z‘ξ,‚q‚b,3F,,κ”ΚZ‘ξ‚Ιƒ}ƒ“ƒVƒ‡ƒ“‚ΰ©‚η‚κ‚ιZ‘ξ’nζ,‹ζ“Ή,“μΌ,8,,,,ƒKƒX,…“Ή,‰Ί…“Ή,‘ƒ›,,500 ,‚PZ‹,€–h,60 ,300 ,,,,,,,,,,
Z,13105 ,8 ,•¶‹,5 ,1 ,•¶‹‹ζ,“’“‡‚R’–Ϊ‚S‚Q‚O”Τ‚PO,“’“‡‚R|‚R‚X|‚P‚O,"5,250,000 ","4,540,000 ",15.6 ,156 ,•s®`,1,2.5,“X•ά“––±,‚r,8F,1B,’†‚‘w‚Μ“X•άƒrƒ‹“™‚ª‚Ώ•ΐ‚Τ”Ι‰Ψ‚Θ¤‹Ζ’nζ,“s“Ή,–k,22,,”w–Κ“Ή,,ƒKƒX,…“Ή,‰Ί…“Ή,γ–μL¬H,,120 ,¤‹Ζ,–h‰Ξ,80 ,600 ,,,,,,,,,,
Z,13105 ,8 ,•¶‹,5 ,2 ,•¶‹‹ζ,“’“‡‚Q’–Ϊ‚P‚Q”Τ‚Q,“’“‡‚Q|‚P‚W|‚Q,"1,730,000 ","1,480,000 ",16.9 ,157 ,,1,1.2,––±“Z‘ξ,‚q‚b,5F,,’†‘w––±‚Μ’†‚Ι‹¤“―Z‘ξ“™‚ª©‚η‚κ‚ι¤‹Ζ’nζ,‹ζ“Ή,“μ,11,,,,ƒKƒX,…“Ή,‰Ί…“Ή,–{‹½O’–Ϊ,,540 ,‹ί¤,–h‰Ξ,80 ,400 ,,,,,,,,,,
Z,13105 ,8 ,•¶‹,5 ,3 ,•¶‹‹ζ,t“ϊ‚Q’–Ϊ‚P‚T‚R”Τ‚TO,t“ϊ‚Q|‚Q‚S|‚P‚P,"2,430,000 ","2,040,000 ",19.1 ,175 ,‘δ`,1,2.5,––±,‚r,10F,,’†‚‘w“X•ά“‹¤“―Z‘ξA––±“™‚ª‚Β¤‹Ζ’nζ,‘“Ή,–k“,29,,,,ƒKƒX,…“Ή,‰Ί…“Ή,γy‰€,,670 ,¤‹Ζ,–h‰Ξ,80 ,600 ,,,,,,,,,,
Z,13105 ,8 ,•¶‹,5 ,4 ,•¶‹‹ζ,–{‹½‚Q’–Ϊ‚R”Τ‚P‚O,–{‹½‚Q|‚P‚U|‚P‚R,"2,460,000 ","2,100,000 ",17.1 ,151 ,,1,1,––±,‚q‚b,7F,,’†‚‘w‚Μ––±A‹¤“―Z‘ξ“™‚ª‚Ώ•ΐ‚Τ¤‹Ζ’nζ,‹ζ“Ή,–k,27,,,,ƒKƒX,…“Ή,‰Ί…“Ή,–{‹½O’–Ϊ,,360 ,¤‹Ζ,–h‰Ξ,80 ,500 ,,,,,,,,,,
Z,13105 ,8 ,•¶‹,5 ,5 ,•¶‹‹ζ,¬Ξμ‚P’–Ϊ‚Q”Τ‚TO,¬Ξμ‚P|‚R|‚Q‚P,"4,250,000 ","3,500,000 ",21.4 ,778 ,,2,1,“X•ά“––±,‚r‚q‚b,8F,,‚‘w––±ƒrƒ‹A“X•ά“‹¤“―Z‘ξ‚ª‘½‚Ά¤‹Ζ’nζ,“s“Ή,“,40,,‘¤“Ή,–k,ƒKƒX,…“Ή,‰Ί…“Ή,t“ϊ,‹ίΪ,0 ,¤‹Ζ,–h‰Ξ,80 ,600 ,,,,,*,13105,5 ,2 ,"3,850,000 ",10.4 
Z,13105 ,8 ,•¶‹,5 ,6 ,•¶‹‹ζ,Φϋ‚P’–Ϊ‚T‚P‚S”Τ‚P‚P,Φϋ‚P|‚T|‚U,"1,390,000 ","1,190,000 ",16.8 ,82 ,,1,3.5,“X•ά“‹¤“―Z‘ξ,‚r,5F,,’†’α‘w‚Μ“ϊ—p•i“X•ά“™‚ª‚Ώ•ΐ‚Τ¤‹Ζ’nζ,‹ζ“Ή,–k,5.2,,,,ƒKƒX,…“Ή,‰Ί…“Ή,]Λμ‹΄,,190 ,¤‹Ζ,–h‰Ξ,80 ,500 ,,,,,,,,,,
Z,13105 ,8 ,•¶‹,5 ,7 ,•¶‹‹ζ,‰Ή‰H‚Q’–Ϊ‚Q‚O‚V”Τ‚SO,‰Ή‰H‚Q|‚P‚P|‚Q‚Q,"2,350,000 ","1,990,000 ",18.1 ,194 ,,1.5,1,“X•ά“‹¤“―Z‘ξ,‚r‚q‚b,11F,,’†‚‘w‚Μ––±‚Ιƒ}ƒ“ƒVƒ‡ƒ“‚ΰ‚ ‚ι¤‹Ζ’nζ,“s“Ή,–k“,27,,,,ƒKƒX,…“Ή,‰Ί…“Ή,μ‘›,,70 ,¤‹Ζ,–h‰Ξ,80 ,600 ,,,,,,,,,,
Z,13105 ,8 ,•¶‹,5 ,8 ,•¶‹‹ζ,–{‹½‚Q’–Ϊ‚P‚U”Τ‚TO,–{‹½‚Q|‚P‚X|‚W,"1,890,000 ","1,610,000 ",17.4 ,81 ,,1,1.5,“X•ά“‹¤“―Z‘ξ,‚q‚b,6F,1B,’†‘w“X•ά•tZ‘ξAƒ}ƒ“ƒVƒ‡ƒ“‚ª¬έ‚·‚ι¤‹Ζ’nζ,‹ζ“Ή,–k,11.7,,,,ƒKƒX,…“Ή,‰Ί…“Ή,–{‹½O’–Ϊ,,240 ,‹ί¤,–h‰Ξ,80 ,400 ,,,,,,,,,,
Z,13105 ,8 ,•¶‹,5 ,9 ,•¶‹‹ζ,η‘Κ–Ψ‚R’–Ϊ‚S‚Q”Τ‚P‚T,η‘Κ–Ψ‚R|‚S‚O|‚Q,"2,140,000 ","1,790,000 ",19.6 ,471 ,,1,2,“X•ά“‹¤“―Z‘ξ,‚r‚q‚b,11F,,’†‚‘w‚Μ“X•ά•tƒ}ƒ“ƒVƒ‡ƒ“‚ª‘½‚Ά¤‹Ζ’nζ,“s“Ή,Ό,16.4,,,,ƒKƒX,…“Ή,‰Ί…“Ή,η‘Κ–Ψ,‹ίΪ,0 ,¤‹Ζ,–h‰Ξ,80 ,500 ,,,,,*,13105,5 ,7 ,"1,970,000 ",8.6 
Z,13105 ,8 ,•¶‹,5 ,10 ,•¶‹‹ζ,η‘Κ–Ψ‚T’–Ϊ‚P‚O‚T”Τ‚PO,η‘Κ–Ψ‚T|‚S‚Q|‚R,"1,500,000 ","1,270,000 ",18.1 ,191 ,,1,1.5,“X•ά“‹¤“―Z‘ξ,‚r,4F,,’†’α‘w‚Μ“X•ά•Ή—pZ‘ξ“™‚ª¬έ‚·‚ι¤‹Ζ’nζ,“s“Ή,–kΌ,14.6,,,,ƒKƒX,…“Ή,‰Ί…“Ή,–{‹ξ,,670 ,‹ί¤,–h‰Ξ,80 ,400 ,,,,,,,,,,
Z,13105 ,8 ,•¶‹,5 ,11 ,•¶‹‹ζ,ηΞ‚S’–Ϊ‚P‚S”Τ‚T‚W,ηΞ‚S|‚S‚T|‚P‚S,"2,360,000 ","1,990,000 ",18.6 ,166 ,,1,2,“X•άA––±“Z‘ξ,‚r‚q‚b,8F,,“X•άA’†‚‘wƒ}ƒ“ƒVƒ‡ƒ“A––±‚ª‘½‚Ά¤‹Ζ’nζ,‘“Ή,–k“,40,,,,ƒKƒX,…“Ή,‰Ί…“Ή,ηΞ,,220 ,¤‹Ζ,–h‰Ξ,80 ,600 ,,,,,,,,,,
Z,13105 ,8 ,•¶‹,5 ,12 ,•¶‹‹ζ,ª’Γ‚P’–Ϊ‚R‚O‚X”Τ‚Q,ª’Γ‚P|‚P|‚P‚X,"2,150,000 ","1,810,000 ",18.8 ,92 ,,1,3,“X•άA––±“‹¤“―Z‘ξ,‚q‚b,10F,1B,’†‚‘w‚Μ“X•ά“‹¤“―Z‘ξ‚ª‚Ώ•ΐ‚Τ¤‹Ζ’nζ,“s“Ή,–k“,22,,,,ƒKƒX,…“Ή,‰Ί…“Ή,ª’Γ,,60 ,¤‹Ζ,–h‰Ξ,80 ,600 ,,,,,,,,,,
Z,13105 ,8 ,•¶‹,5 ,13 ,•¶‹‹ζ,“’“‡‚R’–Ϊ‚Q‚Q”Τ‚P‚X,“’“‡‚R|‚R‚T|‚X,"1,520,000 ","1,310,000 ",16.0 ,108 ,,1,3.5,“X•ά“––±,‚r,4F,,¬‹K–Ν‚ΘωH“Xƒrƒ‹“™‚ªWΟ‚·‚ι¤‹Ζ’nζ,‹ζ“Ή,“,3,,,,ƒKƒX,…“Ή,‰Ί…“Ή,“’“‡,,60 ,¤‹Ζ,–h‰Ξ,80 ,600 ,,,,,,,,,,
Z,13105 ,8 ,•¶‹,5 ,14 ,•¶‹‹ζ,ηΞ‚S’–Ϊ‚S‚R”Τ‚U,ηΞ‚S|‚R‚U|‚P‚T,"1,360,000 ","1,170,000 ",16.2 ,82 ,,1,2,––±“Z‘ξ,‚q‚b,4F,,“X•ά•Ή—pZ‘ξAκ”ΚZ‘ξ“™‚ª¬έ‚·‚ι¤‹Ζ’nζ,‹ζ“Ή,“μ“,6.5,,,,ƒKƒX,…“Ή,‰Ί…“Ή,ηΞ,,250 ,‹ί¤,€–h,80 ,300 ,,,,,,,,,,
Z,13105 ,8 ,•¶‹,5 ,15 ,•¶‹‹ζ,–{‹½‚R’–Ϊ‚V‚O‚R”Τ‚UO,,"2,950,000 ","2,490,000 ",18.5 ,242 ,,1.5,1,ζ‰σ’†,,,,’†‚‘w‚Μ––±ƒrƒ‹‚β‹¤“―Z‘ξ‚ª‘½‚Ά¤‹Ζ’nζ,‹ζ“Ή,–kΌ,22,,,,ƒKƒX,…“Ή,‰Ί…“Ή,–{‹½O’–Ϊ,,230 ,¤‹Ζ,–h‰Ξ,80 ,600 ,,,,,,,,,,
Z,13105 ,8 ,•¶‹,5 ,16 ,•¶‹‹ζ,”’R‚Q’–Ϊ‚P‚O‚V”Τ‚P‚P,”’R‚Q|‚Q‚U|‚P‚S,"2,230,000 ","1,910,000 ",16.8 ,110 ,,1,1,“X•ά“‹¤“―Z‘ξ,‚q‚b,11F,,’†‚‘w“X•άAƒ}ƒ“ƒVƒ‡ƒ““™‚ª‚Ώ•ΐ‚Τ¤‹Ζ’nζ,“s“Ή,“,40,,,,ƒKƒX,…“Ή,‰Ί…“Ή,”’R,,450 ,¤‹Ζ,–h‰Ξ,80 ,600 ,,,,,,,,,,
Z,13105 ,8 ,•¶‹,5 ,17 ,•¶‹‹ζ,–Ϊ”’‘δ‚Q’–Ϊ‚S‚R”Τ‚P‚P,–Ϊ”’‘δ‚Q|‚P‚R|‚T,"1,560,000 ","1,310,000 ",19.1 ,157 ,‘δ`,1,1,“X•ά“‹¤“―Z‘ξ,‚q‚b,6F,,’†’α‘w‚Μ“X•ά“‹¤“―Z‘ξ“™‚ª‚Ώ•ΐ‚Τ¤‹Ζ’nζ,“s“Ή,“μ“,22,,‘¤“Ή,“μΌ,ƒKƒX,…“Ή,‰Ί…“Ή,μ‘›,,500 ,¤‹Ζ,–h‰Ξ,80 ,400 ,,,,,,,,,,
Z,13105 ,8 ,•¶‹,5 ,18 ,•¶‹‹ζ,γy‚P’–Ϊ‚S”Τ‚X‚WO,γy‚P|‚S|‚P‚W,"4,380,000 ","3,770,000 ",16.2 ,"7,892 ",‘δ`,1,2,––±“ΤΙ,‚r‚q‚b,19F,5B,‚‘w‚Μ––±ƒrƒ‹“™‚Μ‚Ώ•ΐ‚Τ¤‹Ζ’nζ,“s“Ή,“μ,40,,‘¤“Ή,Ό,ƒKƒX,…“Ή,‰Ί…“Ή,…“Ή‹΄,,400 ,¤‹Ζ,–h‰Ξ,80 ,500 ,,,,,,,,,,
Z,13105 ,8 ,•¶‹,5 ,19 ,•¶‹‹ζ,–{‹½‚P’–Ϊ‚Q‚R”Τ‚Q‚QO,–{‹½‚P|‚S|‚S,"3,550,000 ","3,000,000 ",18.3 ,112 ,,1,1.5,“X•ά“––±,‚r‚q‚b,8F,,‚‘w‚Μ“X•άA––±ƒrƒ‹‚ª‚Ώ•ΐ‚Τ¤‹Ζ’nζ,“s“Ή,“μΌ,40,,,,ƒKƒX,…“Ή,‰Ί…“Ή,“s‰c…“Ή‹΄,‹ίΪ,0 ,¤‹Ζ,–h‰Ξ,80 ,600 ,,,,,,,,,,
Z,13105 ,8 ,•¶‹,5 ,20 ,•¶‹‹ζ,”’R‚P’–Ϊ‚P‚R‚V”Τ‚UO,”’R‚P|‚Q‚P|‚S,"1,350,000 ","1,160,000 ",16.4 ,107 ,,1.2,1,––±Aμ‹Ζ“ΤΙ“™,‚q‚b,4F,1B,¬‹K–Ν“X•άA––±“™‚ª©‚η‚κ‚ι‹ί—Χ¤‹Ζ’nζ,‹ζ“Ή,Ό,5.8,,‘¤“Ή,“μ,ƒKƒX,…“Ή,‰Ί…“Ή,”’R,,270 ,‹ί¤,€–h,80 ,300 ,,,,,,,,,,
Z,13105 ,8 ,•¶‹,5 ,21 ,•¶‹‹ζ,–{‹½‚T’–Ϊ‚P‚R‚U”Τ‚QO,–{‹½‚T|‚R|‚Q,"1,550,000 ","1,310,000 ",18.3 ,250 ,‘δ`,1,2.5,––±“Z‘ξ,‚q‚b,4F,1B,’†‘w‚Μ“X•ά•Ή—pZ‘ξ“™‚ª‘½‚­©‚η‚κ‚ι¤‹Ζ’nζ,‹ζ“Ή,“μΌ,8.8,,,,ƒKƒX,…“Ή,‰Ί…“Ή,–{‹½O’–Ϊ,,280 ,‹ί¤,–h‰Ξ,80 ,400 ,,,,,,,,,,
Z,13105 ,8 ,•¶‹,5 ,22 ,•¶‹‹ζ,η‘Κ–Ψ‚Q’–Ϊ‚P”Τ‚R,η‘Κ–Ψ‚Q|‚Q‚X|‚S,"1,670,000 ","1,420,000 ",17.6 ,130 ,‘δ`,1,2.5,“X•ά“‹¤“―Z‘ξ,‚r,6F,,’†‘w‚Μ“X•ά“‹¤“―Z‘ξ“™‚ª‚Ώ•ΐ‚Τ¤‹Ζ’nζ,“s“Ή,–k“,11.2,,,,ƒKƒX,…“Ή,‰Ί…“Ή,η‘Κ–Ψ,,60 ,‹ί¤,–h‰Ξ,80 ,400 ,,,,,,,,,,
Z,13105 ,8 ,•¶‹,5 ,23 ,•¶‹‹ζ,–{‹ξ‚U’–Ϊ‚R‚V‚Q”Τ‚Q‚Q,–{‹ξ‚U|‚P‚T|‚P‚Q,"2,460,000 ","2,060,000 ",19.4 ,186 ,,1.5,1,––±“‹¤“―Z‘ξ,‚q‚b,10F,1B,‚‘w‚Μ“X•ά•tƒ}ƒ“ƒVƒ‡ƒ“‚ª‚Ώ•ΐ‚Τ¤‹Ζ’nζ,“s“Ή,–k“,30,,,,ƒKƒX,…“Ή,‰Ί…“Ή,‹ξ,,330 ,¤‹Ζ,–h‰Ξ,80 ,600 ,,,,,,,,,,
Z,13105 ,8 ,•¶‹,5 ,24 ,•¶‹‹ζ,…“Ή‚Q’–Ϊ‚T‚W”Τ‚P,…“Ή‚Q|‚P‚Q|‚P‚Q,"1,210,000 ","1,040,000 ",16.3 ,127 ,‘δ`,1,2,––±“‹¤“―Z‘ξ,‚r,5F,,’α‘wZ‘ξA’†‘w–‹Ζ“Z‘ξ‚Μ‘½‚Ά‹ί—Χ¤‹Ζ’nζ,‹ζ“Ή,–k“,11.3,,,,ƒKƒX,…“Ή,‰Ί…“Ή,]Λμ‹΄,,260 ,‹ί¤,€–h,80 ,300 ,,,,,,,,,,
Z,13105 ,8 ,•¶‹,5 ,25 ,•¶‹‹ζ,¬Ξμ‚Q’–Ϊ‚R‚O”Τ‚P‚SO,¬Ξμ‚Q|‚Q‚T|‚P‚W,"2,620,000 ","2,210,000 ",18.6 ,469 ,,1,1.2,“X•ά“‹¤“―Z‘ξ,‚r‚q‚b,13F,,‚‘w‚Μ“X•ά“‹¤“―Z‘ξ‚ª‚Ώ•ΐ‚Τ¤‹Ζ’nζ,“s“Ή,“,18.2,,,,ƒKƒX,…“Ή,‰Ί…“Ή,t“ϊ,,260 ,¤‹Ζ,–h‰Ξ,80 ,600 ,,,,,,,,,,
Z,13105 ,8 ,•¶‹,5 ,26 ,•¶‹‹ζ,Ό•Π‚Q’–Ϊ‚P‚S”Τ‚PO,Ό•Π‚Q|‚P‚U|‚Q‚T,"1,650,000 ","1,400,000 ",17.9 ,372 ,,1,1.2,“X•άA––±“‹¤“―Z‘ξ“™,‚q‚b,7F,1B,“X•ά•t‹¤“―Z‘ξAφ‹¤{έ“™‚ª‚Ώ•ΐ‚Τ¤‹Ζ’nζ,‘“Ή,–k“,15,,,,ƒKƒX,…“Ή,‰Ί…“Ή,“‘ε‘O,,400 ,‹ί¤,–h‰Ξ,80 ,400 ,,,,,,,,,,
Z,13105 ,8 ,•¶‹,5 ,27 ,•¶‹‹ζ,ηΞ‚Q’–Ϊ‚Q‚O‚P”Τ‚Q‚T,ηΞ‚Q|‚Q‚P|‚R,"1,500,000 ","1,270,000 ",18.1 ,132 ,‘δ`,1,2,––±“‹¤“―Z‘ξ,‚r,5F,,’†‘w‚Μ–‹ΖA‹¤“―Z‘ξ“™‚ª¬έ‚·‚ι¤‹Ζ’nζ,“s“Ή,–kΌ,16.5,,”w–Κ“Ή,,ƒKƒX,…“Ή,‰Ί…“Ή,ηΞ,,560 ,¤‹Ζ,–h‰Ξ,80 ,400 ,,,,,,,,,,
Z,13106 ,8 ,‘δ“,0 ,1 ,‘δ“‹ζ,’r”V’[‚S’–Ϊ‚Q‚P‚X”Τ‚R‚P,’r”V’[‚S|‚Q‚U|‚P‚O,"1,100,000 ","973,000 ",13.1 ,160 ,,1,1.5,Z‘ξ,‚v,2F,,’†‹K–Νκ”ΚZ‘ξ‚ª‘½‚Ά”δr“IΥΓ‚ΘZ‘ξ’nζ,‹ζ“Ή,“μ“,4,,,,ƒKƒX,…“Ή,‰Ί…“Ή,ª’Γ,,400 ,‚PZ‹,€–h,60 ,300 ,,,,,,,,,,
Z,13106 ,8 ,‘δ“,0 ,2 ,‘δ“‹ζ,ªέ‚S’–Ϊ‚U‚S”Τ‚R,ªέ‚S|‚P‚O|‚P‚O,"825,000 ","720,000 ",14.6 ,132 ,,1,2.5,Z‘ξ,‚v,3F,,κ”ΚZ‘ξ‚Μ‚Ω‚©ƒAƒp[ƒg“™‚ΰ¬έ‚·‚ιZ‘ξ’nζ,‹ζ“Ή,–k,4,,,,ƒKƒX,…“Ή,‰Ί…“Ή,ις’J,,760 ,‚PZ‹,€–h,60 ,300 ,,,,,,,,,,
Z,13106 ,8 ,‘δ“,0 ,3 ,‘δ“‹ζ,’J’†‚Q’–Ϊ‚S‚X”Τ,’J’†‚Q|‚W|‚P‚S,"1,160,000 ","1,020,000 ",13.7 ,330 ,,1,1,Z‘ξ“‹¤“―Z‘ξ,‚q‚b,3F,,’†‹K–Νκ”ΚZ‘ξAƒ}ƒ“ƒVƒ‡ƒ“‚ª¬έ‚·‚ιZ‘ξ’nζ,‹ζ“Ή,–k“,5.1,,,,ƒKƒX,…“Ή,‰Ί…“Ή,η‘Κ–Ψ,,460 ,‚P’†κ,€–h,60 ,300 ,,,,,,,,,,
Z,13106 ,8 ,‘δ“,0 ,4 ,‘δ“‹ζ,γ–μχ–Ψ‚P’–Ϊ‚P‚U”Τ‚U,γ–μχ–Ψ‚P|‚P|‚T,"1,180,000 ","1,040,000 ",13.5 ,147 ,,1,1.5,Z‘ξ,‚v,2F,,’†‹K–Νκ”ΚZ‘ξ‚ª‘½‚Ά”δr“IΥΓ‚ΘZ‘ξ’nζ,‹ζ“Ή,–kΌ,5.3,,,,ƒKƒX,…“Ή,‰Ί…“Ή,ις’J,,640 ,‚P’†κ,€–h,60 ,300 ,,,,,*,13106,0 ,1 ,"1,100,000 ",7.3 
Z,13106 ,8 ,‘δ“,0 ,5 ,‘δ“‹ζ,’J’†‚U’–Ϊ‚P‚P‚X”Τ‚P,’J’†‚U|‚Q|‚P‚X,"1,020,000 ","901,000 ",13.2 ,160 ,,1,1.5,Z‘ξ,‚q‚b,3F,,’†¬‹K–Ν‚Μκ”ΚZ‘ξA›‰@“™‚ª©‚η‚κ‚ιZ‘ξ’nζ,‹ζ“Ή,“μΌ,5.5,,,,ƒKƒX,…“Ή,‰Ί…“Ή,η‘Κ–Ψ,,600 ,‚P’†κ,€–h,60 ,300 ,,,,,,,,,,
Z,13106 ,8 ,‘δ“,0 ,6 ,‘δ“‹ζ,’r”V’[‚P’–Ϊ‚P‚S”Τ‚P,’r”V’[‚P|‚S|‚Q‚W,"2,640,000 ","2,260,000 ",16.8 ,666 ,,1,3,––±“‹¤“―Z‘ξ,‚r‚q‚b,14F,1B,‚‘wƒ}ƒ“ƒVƒ‡ƒ“A––±“™‚ª¬έ‚·‚ιZ‘ξ’nζ,“s“Ή,“,23.4,,”w–Κ“Ή,,ƒKƒX,…“Ή,‰Ί…“Ή,“’“‡,,380 ,¤‹Ζ,–h‰Ξ,80 ,600 ,,,,,,,,,,
Z,13106 ,8 ,‘δ“,5 ,1 ,‘δ“‹ζ,γ–μ‚S’–Ϊ‚R‚W”Τ‚TO,γ–μ‚S|‚T|‚T,"13,600,000 ","12,300,000 ",10.6 ,159 ,,1,1,“X•ά,‚r‚q‚b,10F,,’†‚‘w‚Μ“X•άƒrƒ‹“™‚ª‚Ώ•ΐ‚Τ’†S“I¤‹Ζ’nζ,“s“Ή,Ό,36,,,,ƒKƒX,…“Ή,‰Ί…“Ή,γ–μL¬H,,60 ,¤‹Ζ,–h‰Ξ,80 ,800 ,,,,,,,,,,
Z,13106 ,8 ,‘δ“,5 ,2 ,‘δ“‹ζ,γ–μ‚R’–Ϊ‚V‚V”Τ‚P,γ–μ‚R|‚P‚X|‚S,"2,100,000 ","1,760,000 ",19.3 ,98 ,,1,2,––±A“X•ά“Z‘ξ,‚q‚b,5F,1B,’†‚‘w“X•άA––±ƒrƒ‹‚ª‘½‚Ά¤‹Ζ’nζ,‹ζ“Ή,Ό,8,,,,ƒKƒX,…“Ή,‰Ί…“Ή,δ“k’¬,,200 ,¤‹Ζ,–h‰Ξ,80 ,800 ,,,,,,,,,,
Z,13106 ,8 ,‘δ“,5 ,3 ,‘δ“‹ζ,“γ–μ‚Q’–Ϊ‚P‚T”Τ‚PO,“γ–μ‚Q|‚P‚W|‚U,"4,700,000 ","4,110,000 ",14.4 ,383 ,,1,1.5,“X•ά“––±,‚q‚b,7F,1B,’†‚‘w‚Μ––±A“X•άAƒzƒeƒ‹‚ª‘½‚Ά¤‹Ζ’nζ,‘“Ή,Ό,44,,,,ƒKƒX,…“Ή,‰Ί…“Ή,γ–μ,,360 ,¤‹Ζ,–h‰Ξ,80 ,800 ,,,,,,,,,,
Z,13106 ,8 ,‘δ“,5 ,4 ,‘δ“‹ζ,σ‘‚P’–Ϊ‚P‚U”Τ‚P‚SO,σ‘‚P|‚P|‚Q,"9,150,000 ","7,170,000 ",27.6 ,266 ,,1,1.5,“X•ά,‚q‚b,7F,1B,’†‚‘w‚Μ“X•άƒrƒ‹“™‚ª‚Ώ•ΐ‚Τ”Ι‰Ψ‚Θ¤‹Ζ’nζ,‹ζ“Ή,“μ,27,,,,ƒKƒX,…“Ή,‰Ί…“Ή,σ‘,‹ίΪ,0 ,¤‹Ζ,–h‰Ξ,80 ,700 ,,,,,,,,,,
Z,13106 ,8 ,‘δ“,5 ,5 ,‘δ“‹ζ,Όσ‘‚Q’–Ϊ‚U‚U”Τ‚Q,Όσ‘‚Q|‚P‚R|‚P‚O,"3,230,000 ","2,580,000 ",25.2 ,110 ,,1,3.5,“X•ά“‹¤“―Z‘ξ,‚r‚q‚b,7F,,’†‚‘w‚Μ“X•άAƒ}ƒ“ƒVƒ‡ƒ““™‚ª‚Ώ•ΐ‚Τ¤‹Ζ’nζ,“s“Ή,“,33,,,,ƒKƒX,…“Ή,‰Ί…“Ή,‚Β‚­‚ΞƒGƒNƒXƒvƒƒXσ‘,,160 ,¤‹Ζ,–h‰Ξ,80 ,700 ,,,,,*,13106,5 ,17 ,"2,880,000 ",12.2 
Z,13106 ,8 ,‘δ“,5 ,6 ,‘δ“‹ζ,γ–μ‚Q’–Ϊ‚S‚S”Τ‚TO,γ–μ‚Q|‚P‚P|‚Q,"3,000,000 ","2,630,000 ",14.1 ,270 ,,1,2,“X•ά,‚r‚q‚b,7F,,’†‚‘w‚Μ“X•άƒrƒ‹‚Μ‘½‚Ά”Ι‰Ψ‚Θ¤‹Ζ’nζ,‹ζ“Ή,“μ,8,,,,ƒKƒX,…“Ή,‰Ί…“Ή,“’“‡,,190 ,¤‹Ζ,–h‰Ξ,80 ,600 ,,,,,,,,,,
Z,13106 ,8 ,‘δ“,5 ,7 ,‘δ“‹ζ,σ‘‹΄‚P’–Ϊ‚Q‚Q”Τ‚Q,σ‘‹΄‚P|‚P‚W|‚P‚O,"4,090,000 ","3,420,000 ",19.6 ,198 ,,1,3,“X•ά“––±,‚r‚q‚b,9F,,‚‘w‚Μ“X•άƒrƒ‹‚ª‚Ώ•ΐ‚Τ‰w‘O‚Μ¤‹Ζ’nζ,‘“Ή,“μ“,33,,,,ƒKƒX,…“Ή,‰Ί…“Ή,σ‘‹΄,‹ίΪ,0 ,¤‹Ζ,–h‰Ξ,80 ,700 ,,,,,*,13106,5 ,8 ,"3,700,000 ",10.5 
Z,13106 ,8 ,‘δ“,5 ,8 ,‘δ“‹ζ,’J’†‚R’–Ϊ‚P‚P‚S”Τ‚U,’J’†‚R|‚P‚R|‚W,"1,260,000 ","1,100,000 ",14.5 ,100 ,,1,2.5,“X•ά“‹¤“―Z‘ξ,‚r,4F,,’†’α‘w‚Μ¬”„AωH“X•ά‚ª‚Ώ•ΐ‚Τ¤‹Ζ’nζ,‹ζ“Ή,Ό,7.8,,,,ƒKƒX,…“Ή,‰Ί…“Ή,η‘Κ–Ψ,,300 ,‹ί¤,€–h,80 ,300 ,,,,,,,,,,
Z,13106 ,8 ,‘δ“,5 ,9 ,‘δ“‹ζ,–kγ–μ‚Q’–Ϊ‚R‚P‚Q”Τ‚S,–kγ–μ‚Q|‚R‚Q|‚X,"1,740,000 ","1,440,000 ",20.8 ,92 ,,1,1,“X•ά“Z‘ξ,‚r,4F,1B,’†‚‘w‚Μ“X•άAƒ}ƒ“ƒVƒ‡ƒ““™‚ª‘½‚Ά¤‹Ζ’nζ,“s“Ή,–k,27,,,,ƒKƒX,…“Ή,‰Ί…“Ή,“ό’J,,180 ,¤‹Ζ,–h‰Ξ,80 ,600 ,,,,,,,,,,
Z,13106 ,8 ,‘δ“,5 ,10 ,‘δ“‹ζ,“γ–μ‚R’–Ϊ‚P‚P‚T”Τ‚RO,“γ–μ‚R|‚P‚S|‚V,"1,490,000 ","1,250,000 ",19.2 ,232 ,,1,1.5,“X•ά“––±,‚r‚q‚b,9F,,’†‚‘w‚Μ“X•άA––±ƒrƒ‹‚Μ‘½‚Ά¤‹Ζ’nζ,‹ζ“Ή,–k,8,,,,ƒKƒX,…“Ή,‰Ί…“Ή,γ–μ,,360 ,¤‹Ζ,–h‰Ξ,80 ,500 ,,,,,,,,,,
Z,13106 ,8 ,‘δ“,5 ,11 ,‘δ“‹ζ,Όσ‘‚R’–Ϊ‚P‚T”Τ‚P‚O,Όσ‘‚R|‚X|‚R,"1,890,000 ","1,560,000 ",21.2 ,94 ,,1,1.5,“X•ά“––±,‚r,5F,,’†‘w‚Μ“Ή‹ο—ήΦW‚Μ“X•άA––±‚ª‘½‚Ά¤‹Ζ’nζ,‹ζ“Ή,Ό,21,,,,ƒKƒX,…“Ή,‰Ί…“Ή,‚Β‚­‚ΞƒGƒNƒXƒvƒƒXσ‘,,380 ,¤‹Ζ,–h‰Ξ,80 ,600 ,,,,,,,,,,
Z,13106 ,8 ,‘δ“,5 ,12 ,‘δ“‹ζ,γ–μ‚V’–Ϊ‚S‚U”Τ‚QO,γ–μ‚V|‚Q|‚W,"2,480,000 ","2,080,000 ",19.2 ,314 ,,1,1,––±“Z‘ξ,‚r‚q‚b,8F,1B,’†‚‘w‚Μ“X•άƒrƒ‹“™‚ª‚Ώ•ΐ‚Τ‰w‚Ι‹ί‚Ά¤‹Ζ’nζ,‹ζ“Ή,Ό,16,,,,ƒKƒX,…“Ή,‰Ί…“Ή,γ–μ,,180 ,¤‹Ζ,–h‰Ξ,80 ,600 ,,,,,,,,,,
Z,13106 ,8 ,‘δ“,5 ,13 ,‘δ“‹ζ,‘ ‘O‚S’–Ϊ‚S‚Q”Τ‚P‚OO,‘ ‘O‚S|‚T|‚P‚O,"2,280,000 ","1,910,000 ",19.4 ,290 ,,1,1.5,––±“‹¤“―Z‘ξ,‚r‚q‚b,13F,,‚‘w––±“ƒ}ƒ“ƒVƒ‡ƒ““™‚ª‚Ώ•ΐ‚Τ¤‹Ζ’nζ,‘“Ή,“μ“,32.8,,,,ƒKƒX,…“Ή,‰Ί…“Ή,‘ ‘O,,130 ,¤‹Ζ,–h‰Ξ,80 ,700 ,,,,,,,,,,
Z,13106 ,8 ,‘δ“,5 ,14 ,‘δ“‹ζ,—‹–ε‚P’–Ϊ‚S‚U”Τ‚Q,—‹–ε‚P|‚T|‚P,"2,040,000 ","1,680,000 ",21.4 ,91 ,,1,2,“X•άA––±“‘qΙ,‚r,8F,1B,––±ƒrƒ‹A“X•ά•tƒ}ƒ“ƒVƒ‡ƒ“‚ª‘½‚Ά¤‹Ζ’nζ,“s“Ή,“μ,33,,,,ƒKƒX,…“Ή,‰Ί…“Ή,“c΄’¬,,200 ,¤‹Ζ,–h‰Ξ,80 ,700 ,,,,,,,,,,
Z,13106 ,8 ,‘δ“,5 ,15 ,‘δ“‹ζ,‘δ“‚P’–Ϊ‚Q‚S”Τ‚Q,‘δ“‚P|‚P‚S|‚X,"1,700,000 ","1,430,000 ",18.9 ,124 ,,1.2,1,“X•άA––±“Z‘ξ,‚r‚q‚b,7F,,’†‚‘w‚Μ“X•άA––±ƒrƒ‹“™‚ª‚Ώ•ΐ‚Τ¤‹Ζ’nζ,‹ζ“Ή,–k,11,,,,ƒKƒX,…“Ή,‰Ί…“Ή,H—t΄,,600 ,¤‹Ζ,–h‰Ξ,80 ,500 ,,,,,,,,,,
Z,13106 ,8 ,‘δ“,5 ,16 ,‘δ“‹ζ,—³ς‚R’–Ϊ‚Q‚U‚O”Τ‚QO,—³ς‚R|‚S‚P|‚V,"880,000 ","740,000 ",18.9 ,196 ,,1,1.5,––±“‹¤“―Z‘ξ,‚r‚q‚b,7F,,“X•άA––±Aƒ}ƒ“ƒVƒ‡ƒ““™‚ª¬έ‚·‚ι¤‹Ζ’nζ,‹ζ“Ή,–k,11,,,,ƒKƒX,…“Ή,‰Ί…“Ή,Oƒm—Φ,,300 ,¤‹Ζ,–h‰Ξ,80 ,400 ,,,,,,,,,,
Z,13106 ,8 ,‘δ“,5 ,17 ,‘δ“‹ζ,O‹Ψ‚Q’–Ϊ‚R”Τ‚TO,O‹Ψ‚Q|‚Q‚S|‚W,"1,800,000 ","1,500,000 ",20.0 ,186 ,,2,1,––±,‚r,9F,,’†‚‘w––±Aƒ}ƒ“ƒVƒ‡ƒ““™‚ª‚Ώ•ΐ‚Τ¤‹Ζ’nζ,“s“Ή,–k,22,,,,ƒKƒX,…“Ή,‰Ί…“Ή,Vδ“k’¬,,360 ,¤‹Ζ,–h‰Ξ,80 ,600 ,,,,,*,13106,5 ,21 ,"1,650,000 ",9.1 
Z,13106 ,8 ,‘δ“,5 ,18 ,‘δ“‹ζ,–φ‹΄‚Q’–Ϊ‚P‚P”Τ‚Q‚T,–φ‹΄‚Q|‚Q‚P|‚P‚R,"1,110,000 ","936,000 ",18.6 ,198 ,,1,1.5,––±,‚q‚b,7F,,’†‚‘w––±Aƒ}ƒ“ƒVƒ‡ƒ““™‚ª¬έ‚·‚ι¤‹Ζ’nζ,‹ζ“Ή,“μ“,6,,,,ƒKƒX,…“Ή,‰Ί…“Ή,σ‘‹΄,,510 ,¤‹Ζ,–h‰Ξ,80 ,500 ,,,,,,,,,,
Z,13106 ,8 ,‘δ“,5 ,19 ,‘δ“‹ζ,γ–μ‚U’–Ϊ‚Q‚P”Τ‚PO,γ–μ‚U|‚W|‚S,"3,860,000 ","3,340,000 ",15.6 ,165 ,,1,2,“X•ά,‚q‚b,5F,1B,’†‘w‚Μ“X•άAG‹ƒrƒ‹‚ª‚Ώ•ΐ‚Τ”Ι‰Ψ‚Θ¤‹Ζ’nζ,‹ζ“Ή,Ό,6,,,,ƒKƒX,…“Ή,‰Ί…“Ή,δ“k’¬,,230 ,¤‹Ζ,–h‰Ξ,80 ,800 ,,,,,,,,,,
Z,13106 ,8 ,‘δ“,5 ,20 ,‘δ“‹ζ,γ–μ‚S’–Ϊ‚Q‚P”Τ‚R,γ–μ‚S|‚V|‚Q,"8,040,000 ","7,110,000 ",13.1 ,109 ,,1,1.2,“X•ά,‚q‚b,4F,,’†¬‹K–Ν‚Μ“X•άƒrƒ‹“™‚ª‘½‚Ά”Ι‰Ψ‚Θ¤‹Ζ’nζ,‹ζ“Ή,“μΌ,11,,,,ƒKƒX,…“Ή,‰Ί…“Ή,δ“k’¬,,210 ,¤‹Ζ,–h‰Ξ,80 ,800 ,,,,,,,,,,
Z,13106 ,8 ,‘δ“,5 ,21 ,‘δ“‹ζ,“γ–μ‚U’–Ϊ‚U‚Q”Τ‚PO,“γ–μ‚U|‚P‚T|‚P‚T,"1,180,000 ","1,000,000 ",18.0 ,97 ,,1,1.2,––±“Z‘ξ,‚r,5F,,“X•ά“‹¤“―Z‘ξA›‰@“™‚ª‚Ώ•ΐ‚Τ¤‹Ζ’nζ,‹ζ“Ή,“,15,,,,ƒKƒX,…“Ή,‰Ί…“Ή,ξ‰Χ’¬,,450 ,¤‹Ζ,–h‰Ξ,80 ,600 ,,,,,,,,,,
Z,13106 ,8 ,‘δ“,5 ,22 ,‘δ“‹ζ,σ‘‚Q’–Ϊ‚Q‚S”Τ‚U,σ‘‚Q|‚P‚S|‚P‚R,"1,240,000 ","998,000 ",24.2 ,74 ,,1,2,“X•άA––±“Z‘ξ,‚r,5F,,¬”„“X•ά“™‚ª‚Ώ•ΐ‚ΤƒA[ƒP[ƒhX‚Μ¤‹Ζ’nζ,‹ζ“Ή,“,8,,,,ƒKƒX,…“Ή,‰Ί…“Ή,‚Β‚­‚ΞƒGƒNƒXƒvƒƒXσ‘,,280 ,¤‹Ζ,–h‰Ξ,80 ,600 ,,,,,,,,,,
Z,13106 ,8 ,‘δ“,5 ,23 ,‘δ“‹ζ,γ–μ‚Q’–Ϊ‚S‚V”Τ‚UO,γ–μ‚Q|‚P‚Q|‚P‚U,"3,180,000 ","2,700,000 ",17.8 ,166 ,,1.2,1,“X•ά“––±,‚q‚b,6F,1B,ωH“XAƒzƒeƒ‹A––±ƒrƒ‹‚Μ¬έ‚·‚ι¤‹Ζ’nζ,“s“Ή,–k,22,,,,ƒKƒX,…“Ή,‰Ί…“Ή,γ–μL¬H,,270 ,¤‹Ζ,–h‰Ξ,80 ,600 ,,,,,,,,,,
Z,13106 ,8 ,‘δ“,5 ,24 ,‘δ“‹ζ,γ–μ‚V’–Ϊ‚Q‚W”Τ‚P,γ–μ‚V|‚U|‚P‚O,"2,870,000 ","2,450,000 ",17.1 ,163 ,,1.2,1,“X•άA––±“‘qΙ,‚r‚q‚b,8F,1B,’†‚‘w“X•ά––±ƒrƒ‹“™‚ª‚Ώ•ΐ‚Τ¤‹Ζ’nζ,‘“Ή,“μ“,40,,,,ƒKƒX,…“Ή,‰Ί…“Ή,γ–μ,,320 ,¤‹Ζ,–h‰Ξ,80 ,700 ,,,,,,,,,,
Z,13106 ,8 ,‘δ“,5 ,25 ,‘δ“‹ζ,—³ς‚R’–Ϊ‚W‚W”Τ‚RO,—³ς‚R|‚P‚R|‚U,"1,260,000 ","1,060,000 ",18.9 ,124 ,,1,1.5,“X•ά“Z‘ξ,‚r,4F,1B,’†’α‘w‚Μeν“X•άA–‹Ζ“™‚ª‚Ώ•ΐ‚Τ¤‹Ζ’nζ,“s“Ή,Ό,33,,,,ƒKƒX,…“Ή,‰Ί…“Ή,Oƒm—Φ,,470 ,¤‹Ζ,–h‰Ξ,80 ,700 ,,,,,,,,,,
Z,13106 ,8 ,‘δ“,5 ,26 ,‘δ“‹ζ,“γ–μ‚P’–Ϊ‚P‚T”Τ‚P‚R,“γ–μ‚P|‚V|‚P‚R,"1,910,000 ","1,600,000 ",19.4 ,151 ,,1,2,“X•άA––±“Z‘ξ“™,‚q‚b,8F,,’†‚‘w‚Μ“X•άA––±ƒrƒ‹“™‚ª‚Ώ•ΐ‚Τ¤‹Ζ’nζ,‹ζ“Ή,“,11,,,,ƒKƒX,…“Ή,‰Ί…“Ή,’‡δ“k’¬,,400 ,¤‹Ζ,–h‰Ξ,80 ,500 ,,,,,*,13106,5 ,22 ,"1,780,000 ",7.3 
Z,13106 ,8 ,‘δ“,5 ,27 ,‘δ“‹ζ,σ‘‹΄‚R’–Ϊ‚Q‚X”Τ‚Q,σ‘‹΄‚R|‚S|‚S,"1,220,000 ","1,030,000 ",18.4 ,110 ,,1,1.5,“X•άA––±“Z‘ξ,‚q‚b,6F,1B,’†‘w‚Μ“X•άA‰c‹Ζƒrƒ‹‚Μ‘½‚Ά¤‹Ζ’nζ,‹ζ“Ή,“μ,11,,,,ƒKƒX,…“Ή,‰Ί…“Ή,σ‘‹΄,,450 ,¤‹Ζ,–h‰Ξ,80 ,500 ,,,,,,,,,,
Z,13106 ,8 ,‘δ“,5 ,28 ,‘δ“‹ζ,σ‘‚Q’–Ϊ‚T‚Q”Τ‚P‚P,σ‘‚Q|‚R‚S|‚P‚P,"2,490,000 ","2,010,000 ",23.9 ,101 ,,1,2,“X•ά“‹¤“―Z‘ξ,‚r,9F,,’†‚‘w‚Μ“X•άAƒ}ƒ“ƒVƒ‡ƒ““™‚ª‚Ώ•ΐ‚Τ¤‹Ζ’nζ,‹ζ“Ή,“,22,,,,ƒKƒX,…“Ή,‰Ί…“Ή,σ‘,,380 ,¤‹Ζ,–h‰Ξ,80 ,700 ,,,,,,,,,,
Z,13106 ,8 ,‘δ“,5 ,29 ,‘δ“‹ζ,‘δ“‚Q’–Ϊ‚P‚R‚U”Τ‚UO,‘δ“‚Q|‚R|‚Q,"2,160,000 ","1,820,000 ",18.7 ,205 ,,1.2,1,––±A“X•ά“Z‘ξ“™,‚r‚q‚b,10F,,’†‚‘w‚Μ––±A‹¤“―Z‘ξ“™‚ª‚Ώ•ΐ‚Τ¤‹Ζ’nζ,“s“Ή,“μ,27,,,,ƒKƒX,…“Ή,‰Ί…“Ή,’‡δ“k’¬,,680 ,¤‹Ζ,–h‰Ξ,80 ,600 ,,,,,,,,,,
Z,13106 ,8 ,‘δ“,5 ,30 ,‘δ“‹ζ,‘δ“‚Q’–Ϊ‚Q‚P”Τ‚U,‘δ“‚Q|‚Q‚P|‚U,"1,140,000 ","960,000 ",18.8 ,174 ,,1.5,1,––±A‘qΙ“’“Τκ,‚q‚b,4F,1B,’†¬‹K–Ν‚Μ––±AZ‘ξ“™‚ª¬έ‚·‚ι¤‹Ζ’nζ,‹ζ“Ή,Ό,6,,,,ƒKƒX,…“Ή,‰Ί…“Ή,’‡δ“k’¬,,550 ,¤‹Ζ,–h‰Ξ,80 ,500 ,,,,,,,,,,
Z,13106 ,8 ,‘δ“,5 ,31 ,‘δ“‹ζ,γ–μ‚P’–Ϊ‚Q‚V”Τ‚P,γ–μ‚P|‚P‚Q|‚U,"2,160,000 ","1,820,000 ",18.7 ,123 ,,1,2,“X•ά“––±,‚q‚b,6F,,’†‚‘w‚Μ“X•άA––±‚ª‚Ώ•ΐ‚Τ¤‹Ζ’nζ,‹ζ“Ή,–k,11,,,,ƒKƒX,…“Ή,‰Ί…“Ή,“’“‡,,120 ,¤‹Ζ,–h‰Ξ,80 ,600 ,,,,,,,,,,
Z,13106 ,8 ,‘δ“,5 ,32 ,‘δ“‹ζ,γ–μ‚U’–Ϊ‚T‚O”Τ‚PO,γ–μ‚U|‚P|‚P,"8,740,000 ","7,800,000 ",12.1 ,289 ,,1,3,“X•ά“––±,‚r‚q‚b,10F,1B,’†‚‘w‚Μ“X•άA––±ƒrƒ‹‚ª‚Ώ•ΐ‚Τ¤‹Ζ’nζ,“s“Ή,“μ,22,,‘¤“Ή,“,ƒKƒX,…“Ή,‰Ί…“Ή,’‡δ“k’¬,‹ίΪ,0 ,¤‹Ζ,–h‰Ξ,80 ,800 ,,,,,,,,,,
Z,13106 ,8 ,‘δ“,5 ,33 ,‘δ“‹ζ,“ϊ–{’η‚Q’–Ϊ‚P‚O‚X”Τ‚P‚V,“ϊ–{’η‚Q|‚Q‚T|‚P‚X,"627,000 ","535,000 ",17.2 ,115 ,,1,1.5,‘qΙ“––±,‚q‚b,3F,1B,––±Aμ‹Ζ‚Μ’†‚ΙZ‘ξ‚ΰ¬έ‚·‚ι¤‹Ζ’nζ,‹ζ“Ή,“,11,,,,ƒKƒX,…“Ή,‰Ί…“Ή,“μηZ,,530 ,‹ί¤,–h‰Ξ,80 ,400 ,,,,,,,,,,
Z,13106 ,8 ,‘δ“,5 ,34 ,‘δ“‹ζ,σ‘‚T’–Ϊ‚V‚V”Τ‚P‚T,σ‘‚T|‚R‚V|‚U,"988,000 ","798,000 ",23.8 ,79 ,,1,1.5,“X•ά“Z‘ξ,‚r,4F,,ωH“XA’†‚‘w‚Μ‹¤“―Z‘ξ“™‚Μ¬έ‚·‚ι¤‹Ζ’nζ,‹ζ“Ή,–kΌ,15,,,,ƒKƒX,…“Ή,‰Ί…“Ή,‚Β‚­‚ΞƒGƒNƒXƒvƒƒXσ‘,,960 ,¤‹Ζ,–h‰Ξ,80 ,500 ,,,,,*,13106,5 ,6 ,"854,000 ",15.7 
,13106 ,8 ,‘δ“,5 ,35 ,‘δ“‹ζ,σ‘‹΄‚R’–Ϊ‚P‚O”Τ‚QO,σ‘‹΄‚R|‚Q‚V|‚X,"1,600,000 ",,,282 ,,1,2,––±,‚r,5F,,’†‚‘w‚Μ––±A‹¤“―Z‘ξ“™‚ª‚Ώ•ΐ‚Τ¤‹Ζ’nζ,“s“Ή,–k,27,,,,ƒKƒX,…“Ή,‰Ί…“Ή,‘ ‘O,,320 ,¤‹Ζ,–h‰Ξ,80 ,600 ,,,,,,,,,,
Z,13106 ,8 ,‘δ“,5 ,36 ,‘δ“‹ζ,—³ς‚P’–Ϊ‚W‚V”Τ‚P‚O,—³ς‚P|‚P‚T|‚Q,"960,000 ","808,000 ",18.8 ,157 ,,1,3,––±“‹¤“―Z‘ξ,‚q‚b,5F,,––±Aμ‹ΖA‹¤“―Z‘ξ“™‚ª¬έ‚·‚ι¤‹Ζ’nζ,‹ζ“Ή,“μ,6,,,,ƒKƒX,…“Ή,‰Ί…“Ή,“ό’J,,330 ,¤‹Ζ,–h‰Ξ,80 ,500 ,,,,,,,,,,
Z,13106 ,8 ,‘δ“,5 ,37 ,‘δ“‹ζ,–kγ–μ‚Q’–Ϊ‚S‚X”Τ‚Q,–kγ–μ‚Q|‚S|‚U,"1,050,000 ","870,000 ",20.7 ,182 ,,1,1.5,––±AΤΙ“‹¤“―Z‘ξ“™,‚r‚q‚b,7F,,––±Aƒ}ƒ“ƒVƒ‡ƒ““™‚ª¬έ‚·‚ι¤‹Ζ’nζ,‹ζ“Ή,–k,8,,,,ƒKƒX,…“Ή,‰Ί…“Ή,“ό’J,,470 ,¤‹Ζ,–h‰Ξ,80 ,500 ,,,,,,,,,,
Z,13106 ,8 ,‘δ“,5 ,38 ,‘δ“‹ζ,΅Λ‚P’–Ϊ‚S”Τ‚Q‚T,΅Λ‚P|‚S|‚S,"772,000 ","651,000 ",18.6 ,143 ,,1,1.5,––±A‘qΙ“Z‘ξ,‚r,4F,,‰c‹Ζ“Z‘ξA‹¤“―Z‘ξ“™‚ª¬έ‚·‚ι¤‹Ζ’nζ,‹ζ“Ή,Ό,15,,,,ƒKƒX,…“Ή,‰Ί…“Ή,σ‘,,"1,200 ",‹ί¤,–h‰Ξ,80 ,400 ,,,,,,,,,,
Z,13106 ,8 ,‘δ“,5 ,39 ,‘δ“‹ζ,Όσ‘‚R’–Ϊ‚Q”Τ‚P‚O,Όσ‘‚R|‚S|‚Q,"1,610,000 ","1,300,000 ",23.8 ,127 ,,1,2,“X•ά“Z‘ξ,‚r,5F,,’†‘w‚ΜωH“XA¬”„“X•ά“™‚ª‚Ώ•ΐ‚Τ¤‹Ζ’nζ,‹ζ“Ή,“μ,11,,,,ƒKƒX,…“Ή,‰Ί…“Ή,‚Β‚­‚ΞƒGƒNƒXƒvƒƒXσ‘,,160 ,¤‹Ζ,–h‰Ξ,80 ,600 ,,,,,,,,,,
Z,13106 ,8 ,‘δ“,5 ,40 ,‘δ“‹ζ,Όσ‘‚R’–Ϊ‚Q‚V”Τ‚Q‚R,Όσ‘‚R|‚Q‚X|‚P‚X,"1,410,000 ","1,150,000 ",22.6 ,116 ,,1,2,––±,‚r‚q‚b,9F,,’†‚‘w‚Μ––±ƒrƒ‹Aƒ}ƒ“ƒVƒ‡ƒ“‚ª‘½‚Ά¤‹Ζ’nζ,“s“Ή,–k,22,,,,ƒKƒX,…“Ή,‰Ί…“Ή,‚Β‚­‚ΞƒGƒNƒXƒvƒƒXσ‘,,540 ,¤‹Ζ,–h‰Ξ,80 ,600 ,,,,,,,,,,
Z,13106 ,8 ,‘δ“,5 ,41 ,‘δ“‹ζ,υ‚S’–Ϊ‚P‚Q”Τ‚V,υ‚S|‚U|‚P,"1,200,000 ","1,010,000 ",18.8 ,95 ,,1,2,––±“‹¤“―Z‘ξ,‚q‚b,7F,,’†‘w––±A‚‘wƒ}ƒ“ƒVƒ‡ƒ“‚ª¬έ‚·‚ι¤‹Ζ’nζ,‹ζ“Ή,“μ,11,,,,ƒKƒX,…“Ή,‰Ί…“Ή,“c΄’¬,,250 ,¤‹Ζ,–h‰Ξ,80 ,500 ,,,,,,,,,,
Z,13106 ,8 ,‘δ“,5 ,42 ,‘δ“‹ζ,O‹Ψ‚P’–Ϊ‚P”Τ‚R‚O,O‹Ψ‚P|‚P|‚P‚S,"1,300,000 ","1,090,000 ",19.3 ,118 ,,1,2,“X•άA––±“‹¤“―Z‘ξ,‚r‚q‚b,9F,,’†‚‘w‚Μ––±ƒrƒ‹“™‚ª‚Ώ•ΐ‚Τ¤‹Ζ’nζ,‹ζ“Ή,“,23,,,,ƒKƒX,…“Ή,‰Ί…“Ή,‘ ‘O,,350 ,¤‹Ζ,–h‰Ξ,80 ,600 ,,,,,,,,,,
Z,13106 ,8 ,‘δ“,5 ,43 ,‘δ“‹ζ,—‹–ε‚P’–Ϊ‚Q‚V”Τ‚P,—‹–ε‚P|‚Q|‚P‚P,"1,700,000 ","1,400,000 ",21.4 ,329 ,,1,1,––±,‚r‚q‚b,8F,,’†‚‘w‚Μ––±A’α‘w‚Μ“X•ά“™‚ª‘½‚Ά¤‹Ζ’nζ,‹ζ“Ή,“,15,,‘¤“Ή,“μ,ƒKƒX,…“Ή,‰Ί…“Ή,σ‘,,280 ,¤‹Ζ,–h‰Ξ,80 ,500 ,,,,,,,,,,
Z,13106 ,8 ,‘δ“,5 ,44 ,‘δ“‹ζ,‘ ‘O‚R’–Ϊ‚P‚W”Τ‚UO,‘ ‘O‚R|‚P‚X|‚Q,"928,000 ","790,000 ",17.5 ,195 ,‘δ`,1,1.5,––±“‹¤“―Z‘ξ,‚q‚b,6F,,’†‹K–Ν‚Μ––±A“X•ά“™‚ª‘½‚Άω¬¤‹Ζ’nζ,‹ζ“Ή,“μΌ,6,,,,ƒKƒX,…“Ή,‰Ί…“Ή,‘ ‘O,,120 ,¤‹Ζ,–h‰Ξ,80 ,500 ,,,,,,,,,,
Z,13106 ,8 ,‘δ“,5 ,45 ,‘δ“‹ζ,“ό’J‚P’–Ϊ‚Q‚R‚X”Τ‚P‚T,“ό’J‚P|‚Q‚R|‚P,"1,190,000 ","995,000 ",19.6 ,81 ,,1,1.5,“X•ά“‹¤“―Z‘ξ,‚q‚b,8F,,’†‘w‚Μ“X•ά“‹¤“―Z‘ξ“™‚π’†S‚Ζ‚µ‚½¤‹Ζ’nζ,‹ζ“Ή,“μ,15,,,,ƒKƒX,…“Ή,‰Ί…“Ή,“ό’J,,200 ,¤‹Ζ,–h‰Ξ,80 ,600 ,,,,,,,,,,
Z,13106 ,8 ,‘δ“,5 ,46 ,‘δ“‹ζ,¬“‡‚P’–Ϊ‚T”Τ‚S,¬“‡‚P|‚P‚W|‚T,"1,190,000 ","999,000 ",19.1 ,101 ,,1,2.5,––±A‘qΙ“Z‘ξ,‚r‚q‚b,8F,,’†‚‘w‚Μ––±ƒrƒ‹A‹¤“―Z‘ξ“™‚ª‘½‚Ά¤‹Ζ’nζ,‹ζ“Ή,–k,15,,,,ƒKƒX,…“Ή,‰Ί…“Ή,Vδ“k’¬,,310 ,¤‹Ζ,–h‰Ξ,80 ,600 ,,,,,,,,,,
Z,13106 ,8 ,‘δ“,5 ,48 ,‘δ“‹ζ,γ–μ‚T’–Ϊ‚Q‚U”Τ‚P,γ–μ‚T|‚V|‚S,"1,590,000 ","1,340,000 ",18.7 ,89 ,,1,1.5,“X•άA––±“Z‘ξ,‚q‚b,5F,,’†‘w‚Μ“X•ά“––±ƒrƒ‹“™‚ª‚Ώ•ΐ‚Τ¤‹Ζ’nζ,‹ζ“Ή,Ό,6,,,,ƒKƒX,…“Ή,‰Ί…“Ή,δ“k’¬,,390 ,¤‹Ζ,–h‰Ξ,80 ,600 ,,,,,,,,,,
Z,13107 ,8 ,–n“c,0 ,1 ,–n“c‹ζ,ό“‡‚R’–Ϊ‚P‚V”Τ‚TO,ό“‡‚R|‚P‚S|‚U,"692,000 ","607,000 ",14.0 ,127 ,,1,1.2,––±Aμ‹Ζ“‹¤“―Z‘ξ,‚q‚b,4F,,Z‘ξAƒ}ƒ“ƒVƒ‡ƒ“A–‹Ζ“™‚ª¬έ‚·‚ιZ‘ξ’nζ,‹ζ“Ή,–k“,8,,,,ƒKƒX,…“Ή,‰Ί…“Ή,‚Ζ‚¤‚«‚ε‚¤ƒXƒJƒCƒcƒ[,,480 ,€H,–h‰Ξ,60 ,300 ,,,,,*,13107,0 ,4 ,"650,000 ",6.5 
Z,13107 ,8 ,–n“c,0 ,2 ,–n“c‹ζ,•¶‰Τ‚P’–Ϊ‚P”Τ‚P‚R‚W,•¶‰Τ‚P|‚Q‚Q|‚P,"494,000 ","435,000 ",13.6 ,133 ,,1,2,Z‘ξ,‚r,3F,,κ”ΚZ‘ξ‚ΙwZA•a‰@‚ΰ‚ ‚ιZ‘ξ’nζ,‹ζ“Ή,–kΌ,4.6,,,,ƒKƒX,…“Ή,‰Ί…“Ή,‰γ,,920 ,‚PZ‹,–h‰Ξ,60 ,300 ,,,,,,,,,,
Z,13107 ,8 ,–n“c,0 ,3 ,–n“c‹ζ,‹T‘ς‚S’–Ϊ‚Q‚P”Τ‚Q‚O,‹T‘ς‚S|‚Q‚Q|‚Q,"746,000 ","650,000 ",14.8 ,229 ,,1,2,μ‹ΖA––±“Z‘ξ,‚r,4F,,’†‚‘w‚Μ‹¤“―Z‘ξA–‹Ζ“™‚ª¬έ‚·‚ιZ‘ξ’nζ,‹ζ“Ή,Ό,11,,,,ƒKƒX,…“Ή,‰Ί…“Ή,‹Ρ…’¬,,800 ,€H,–h‰Ξ,60 ,300 ,,,,,,,,,,
Z,13107 ,8 ,–n“c,0 ,4 ,–n“c‹ζ,ηΞ‚P’–Ϊ‚U”Τ‚V,ηΞ‚P|‚Q|‚P‚O,"915,000 ","792,000 ",15.5 ,431 ,,1,1.5,‹¤“―Z‘ξ,‚q‚b,9F,,‹¤“―Z‘ξ‚Μ’†‚Ι––±“™‚ª©‚η‚κ‚ιZ‘ξ’nζ,‹ζ“Ή,“μΌ,11,,,,ƒKƒX,…“Ή,‰Ί…“Ή,X‰Ί,,650 ,€H,–h‰Ξ,60 ,400 ,,,,,,,,,,
Z,13107 ,8 ,–n“c,0 ,5 ,–n“c‹ζ,—§μ‚Q’–Ϊ‚P”Τ‚P‚RO,—§μ‚Q|‚P‚Q|‚X,"671,000 ","591,000 ",13.5 ,158 ,,1,1.5,Z‘ξ,‚r,4F,,Z‘ξAƒ}ƒ“ƒVƒ‡ƒ“A––±“™‚ª¬έ‚·‚ιZ‘ξ’nζ,‹ζ“Ή,–k,11,,,,ƒKƒX,…“Ή,‰Ί…“Ή,X‰Ί,,560 ,€H,–h‰Ξ,60 ,300 ,,,,,,,,,,
Z,13107 ,8 ,–n“c,0 ,6 ,–n“c‹ζ,”ªL‚S’–Ϊ‚P‚T”Τ‚P‚X,”ªL‚S|‚S‚V|‚V,"407,000 ","376,000 ",8.2 ,155 ,,1,1.5,Z‘ξ“μ‹Ζ,‚v,2F,,Z‘ξAμ‹ΖA¬Hκ“™‚ª¬έ‚·‚ιZ‘ξ’nζ,‹ζ“Ή,–k“,4.5,,,,ƒKƒX,…“Ή,‰Ί…“Ή,”ªL,,"1,000 ",€H,€–h,80 ,200 ,,,,,,,,,,
Z,13107 ,8 ,–n“c,0 ,7 ,–n“c‹ζ,‰΅μ‚S’–Ϊ‚W”Τ‚Q‚V,‰΅μ‚S|‚S|‚S,"752,000 ","661,000 ",13.8 ,89 ,,1,1,μ‹ΖA––±“Z‘ξ“™,‚q‚b,5F,,κ”ΚZ‘ξA’†¬‚Μ–‹Ζ“™‚ª¬έ‚·‚ιZ‘ξ’nζ,‹ζ“Ή,–k,8,,,,ƒKƒX,…“Ή,‰Ί…“Ή,‰γ,,630 ,€H,–h‰Ξ,60 ,300 ,,,,,,,,,,
Z,13107 ,8 ,–n“c,0 ,8 ,–n“c‹ζ,–n“c‚S’–Ϊ‚Q‚T‚Q”Τ‚R,–n“c‚S|‚Q‚P|‚Q,"457,000 ","400,000 ",14.3 ,81 ,,1,3,Z‘ξ,‚v,2F,,κ”ΚZ‘ξ‚π’†S‚Ι–‹Ζ“™‚ΰ©‚η‚κ‚ιZ‘ξ’nζ,‹ζ“Ή,Ό,5.7,,,,ƒKƒX,…“Ή,‰Ί…“Ή,ΰƒP•£,,350 ,€H,€–h,80 ,200 ,,,,,,,,,,
Z,13107 ,8 ,–n“c,0 ,9 ,–n“c‹ζ,‹“‡‚Q’–Ϊ‚Q‚P‚Q”Τ‚Q‚V,‹“‡‚Q|‚P‚X|‚P‚U,"476,000 ","421,000 ",13.1 ,82 ,,1,2,Z‘ξ,‚v,2F,,¬‹K–Ν‚ΘZ‘ξ‚Μ’†‚Ι‹¤“―Z‘ξ‚ª¬έ‚·‚ιZ‘ξ’nζ,„“Ή,“μΌ,3.6,,,,ƒKƒX,…“Ή,‰Ί…“Ή,‹¬‰gM,,590 ,€H,€–h,80 ,200 ,,,,,,,,,,
Z,13107 ,8 ,–n“c,0 ,10 ,–n“c‹ζ,—§‰Τ‚T’–Ϊ‚U‚O”Τ‚PO,—§‰Τ‚T|‚P‚V|‚P‚R,"439,000 ","396,000 ",10.9 ,110 ,,1,2,Z‘ξ,‚r,3F,,κ”ΚZ‘ξ‚Μ’†‚Ι¬Hκ“™‚ª¬έ‚·‚ιZ‘ξ’nζ,‹ζ“Ή,“,11,,,,ƒKƒX,…“Ή,‰Ί…“Ή,¬‘Ίδ,,620 ,€H,€–h,80 ,200 ,,,,,,,,,,
Z,13107 ,8 ,–n“c,0 ,11 ,–n“c‹ζ,–{‚Q’–Ϊ‚P‚S”Τ‚S,–{‚Q|‚P|‚X,"697,000 ","614,000 ",13.5 ,69 ,,1,1.2,Z‘ξ“Hκ,‚r,5F,,Z‘ξ“HκA‹¤“―Z‘ξ“™‚ª¬έ‚·‚ιZ‘ξ’nζ,‹ζ“Ή,–k,8,,,,ƒKƒX,…“Ή,‰Ί…“Ή,–{αΘ‹΄,,930 ,€H,–h‰Ξ,60 ,300 ,,,,,,,,,,
Z,13107 ,8 ,–n“c,5 ,1 ,–n“c‹ζ,]“‹΄‚R’–Ϊ‚V”Τ‚VO,]“‹΄‚R|‚W|‚P‚O,"3,230,000 ","2,700,000 ",19.6 ,94 ,,1,2,“X•ά,‚r‚q‚b,7F,2B,‚‘w‚ΜωHƒrƒ‹“™‚ª‚Ώ•ΐ‚Τ¤‹Ζ’nζ,“s“Ή,“,36,,,,ƒKƒX,…“Ή,‰Ί…“Ή,‹Ρ…’¬,,150 ,¤‹Ζ,–h‰Ξ,80 ,700 ,,,,,,,,,,
Z,13107 ,8 ,–n“c,5 ,2 ,–n“c‹ζ,—Ό‘‚Q’–Ϊ‚V”Τ‚P‚U,—Ό‘‚Q|‚P‚W|‚S,"1,310,000 ","1,110,000 ",18.0 ,155 ,,1,1.5,“X•άA––±“‹¤“―Z‘ξ,‚r‚q‚b,7F,,‚‘w‚Μ“X•ά“‹¤“―Z‘ξ“™‚ª‚Ώ•ΐ‚Τ¤‹Ζ’nζ,‹ζ“Ή,–k,9,,,,ƒKƒX,…“Ή,‰Ί…“Ή,—Ό‘,,130 ,¤‹Ζ,–h‰Ξ,80 ,500 ,,,,,,,,,,
Z,13107 ,8 ,–n“c,5 ,3 ,–n“c‹ζ,—Ξ‚Q’–Ϊ‚P”Τ‚S‚W,—Ξ‚Q|‚P‚U|‚X,"1,230,000 ","1,070,000 ",15.0 ,126 ,,1,2,“X•ά“‹¤“―Z‘ξ,‚r‚q‚b,11F,,“X•άA––±Aƒ}ƒ“ƒVƒ‡ƒ““™‚ª‘½‚Ά¤‹Ζ’nζ,‘“Ή,“μ,27,,,,ƒKƒX,…“Ή,‰Ί…“Ή,—Ό‘,,400 ,¤‹Ζ,–h‰Ξ,80 ,600 ,,,,,,,,,,
Z,13107 ,8 ,–n“c,5 ,4 ,–n“c‹ζ,—Ό‘‚Q’–Ϊ‚Q”Τ‚QO,—Ό‘‚Q|‚P‚O|‚T,"1,540,000 ","1,330,000 ",15.8 ,307 ,•s®`,1,1.5,––±,‚r‚q‚b,7F,1B,’†‚‘w‚Μ“X•άA––±“™‚ª‘½‚Ά¤‹Ζ’nζ,‘“Ή,–k,27,,‘¤“Ή,“,ƒKƒX,…“Ή,‰Ί…“Ή,—Ό‘,,310 ,¤‹Ζ,–h‰Ξ,80 ,600 ,,,,,,,,,,
Z,13107 ,8 ,–n“c,5 ,5 ,–n“c‹ζ,‰γ‚Q’–Ϊ‚T”Τ‚S‚XO,‰γ‚Q|‚U|‚P,"872,000 ","765,000 ",14.0 ,111 ,,1,1.5,‘qΙ“––±,‚r,6F,,––±A“X•άA‹¤“―Z‘ξ“™‚ª‚Ώ•ΐ‚Τ¤‹Ζ’nζ,‹ζ“Ή,–kΌ,18.8,,,,ƒKƒX,…“Ή,‰Ί…“Ή,‚Ζ‚¤‚«‚ε‚¤ƒXƒJƒCƒcƒ[,,320 ,¤‹Ζ,–h‰Ξ,80 ,400 ,,,,,,,,,,
Z,13107 ,8 ,–n“c,5 ,6 ,–n“c‹ζ,“‹ξ`‚Q’–Ϊ‚Q‚O”Τ‚X,“‹ξ`‚Q|‚P|‚Q,"755,000 ","663,000 ",13.9 ,130 ,,1,2.5,––±“Z‘ξ,‚q‚b,4F,,’†‘w‚Μ––±A‹¤“―Z‘ξ“™‚ª¬έ‚·‚ι¤‹Ζ’nζ,‹ζ“Ή,Ό,22,,,,ƒKƒX,…“Ή,‰Ί…“Ή,σ‘,,570 ,‹ί¤,–h‰Ξ,80 ,300 ,,,,,,,,,,
Z,13107 ,8 ,–n“c,5 ,7 ,–n“c‹ζ,‰΅μ‚S’–Ϊ‚P”Τ‚P‚VO,‰΅μ‚S|‚W|‚Q,"965,000 ","841,000 ",14.7 ,107 ,,1,2,“X•ά“‹¤“―Z‘ξ,‚r,7F,,––±A“X•ά“‹¤“―Z‘ξ“™‚ª¬έ‚·‚ι¤‹Ζ’nζ,“s“Ή,Ό,22,,,,ƒKƒX,…“Ή,‰Ί…“Ή,‰γ,,380 ,¤‹Ζ,–h‰Ξ,80 ,500 ,,,,,*,13107,5 ,13 ,"901,000 ",7.1 
Z,13107 ,8 ,–n“c,5 ,8 ,–n“c‹ζ,–n“c‚Q’–Ϊ‚P‚P‚V‚W”Τ‚PO,–n“c‚Q|‚P‚Q|‚V,"501,000 ","449,000 ",11.6 ,136 ,,1,1.5,––±“Z‘ξ,‚r,3F,,¬”„“X•άA––±AZ‘ξ‚ª¬έ‚·‚ι‹ί—Χ¤‹Ζ’nζ,‹ζ“Ή,–k,6.3,,,,ƒKƒX,…“Ή,‰Ί…“Ή,ΰƒP•£,,160 ,‹ί¤,€–h,80 ,300 ,,,,,,,,,,
Z,13107 ,8 ,–n“c,5 ,9 ,–n“c‹ζ,—§μ‚R’–Ϊ‚P‚O”Τ‚P‚P,—§μ‚R|‚P‚O|‚W,"873,000 ","766,000 ",14.0 ,132 ,,1,1.2,“X•ά“Z‘ξ,‚r,5F,,“X•άA––±Aƒ}ƒ“ƒVƒ‡ƒ““™‚ª‚Ώ•ΐ‚Τ¤‹Ζ’nζ,“s“Ή,“,22,,,,ƒKƒX,…“Ή,‰Ί…“Ή,‹eμ,,350 ,¤‹Ζ,–h‰Ξ,80 ,500 ,,,,,,,,,,
Z,13107 ,8 ,–n“c,5 ,10 ,–n“c‹ζ,‹Ρ…‚R’–Ϊ‚Q‚P”Τ‚R,‹Ρ…‚R|‚P‚O|‚P,"1,410,000 ","1,210,000 ",16.5 ,84 ,,1,2,“X•ά“‹¤“―Z‘ξ,‚q‚b,5F,,“X•άA––±Aƒ}ƒ“ƒVƒ‡ƒ“‚ª‚Ώ•ΐ‚Τ¤‹Ζ’nζ,‹ζ“Ή,Ό,11,,,,ƒKƒX,…“Ή,‰Ί…“Ή,‹Ρ…’¬,,260 ,¤‹Ζ,–h‰Ξ,80 ,500 ,,,,,,,,,,
Z,13107 ,8 ,–n“c,5 ,11 ,–n“c‹ζ,‹Ζ•½‚Q’–Ϊ‚V”Τ‚W,‹Ζ•½‚Q|‚P‚X|‚P‚O,"960,000 ","845,000 ",13.6 ,118 ,,1,1.5,“X•ά“‹¤“―Z‘ξ,‚q‚b,5F,,’†‚‘w‚Μ“X•ά“‹¤“―Z‘ξ‚ª‘½‚Άμ‰‚Ά‚Μ¤‹Ζ’nζ,‹ζ“Ή,–k,6.1,,”w–Κ“Ή,,ƒKƒX,…“Ή,‰Ί…“Ή,‰γ,,160 ,¤‹Ζ,–h‰Ξ,80 ,500 ,,,,,,,,,,
Z,13107 ,8 ,–n“c,5 ,12 ,–n“c‹ζ,‰γ‚P’–Ϊ‚Q‚S”Τ‚W,‰γ‚P|‚Q‚S|‚P,"1,440,000 ","1,250,000 ",15.2 ,102 ,,1,2.5,“X•άA––±“‹¤“―Z‘ξ,‚r‚q‚b,7F,,“X•άA––±“™‚ª‚Ώ•ΐ‚Τ‰w‹ί‚­‚Μ¤‹Ζ’nζ,“s“Ή,–kΌ,22,,,,ƒKƒX,…“Ή,‰Ί…“Ή,‰γ,,200 ,¤‹Ζ,–h‰Ξ,80 ,500 ,,,,,,,,,,
Z,13107 ,8 ,–n“c,5 ,13 ,–n“c‹ζ,”ªL‚P’–Ϊ‚W‚X”Τ‚R‚P,”ªL‚P|‚R‚P|‚P‚P,"565,000 ","500,000 ",13.0 ,234 ,‘δ`,1,1.5,––±“Z‘ξ,‚q‚b,4F,,––±A‹¤“―Z‘ξ‚Μ’†‚ΙZ‘ξ‚ª©‚η‚κ‚ι¤‹Ζ’nζ,‹ζ“Ή,“μ“,10.8,,,,ƒKƒX,…“Ή,‰Ί…“Ή,‹¬‰gM,,670 ,¤‹Ζ,–h‰Ξ,80 ,400 ,,,,,,,,,,
Z,13108 ,8 ,]“,0 ,1 ,]“‹ζ,–k»‚T’–Ϊ‚P‚R‚V”Τ‚Q‚Q,–k»‚T|‚T|‚U,"497,000 ","451,000 ",10.2 ,72 ,,1,1.5,Z‘ξ,‚v,2F,,¬‹K–Νκ”ΚZ‘ξ“™‚ª‚Ώ•ΐ‚ΤZ‘ξ’nζ,“ΉH,“,3.6,,,,ƒKƒX,…“Ή,‰Ί…“Ή,‘ε“‡,,"1,200 ",‚PZ‹,€–h,60 ,300 ,,,,,,,,,,
Z,13108 ,8 ,]“,0 ,2 ,]“‹ζ,‹TΛ‚R’–Ϊ‚W‚S”Τ‚V‚P,‹TΛ‚R|‚R‚Q|‚P‚P,"469,000 ","422,000 ",11.1 ,109 ,,1.2,1,Z‘ξ,‚v,2F,,¬‹K–Νκ”ΚZ‘ξAƒAƒp[ƒg“™‚ª‚Ώ•ΐ‚ΤZ‘ξ’nζ,“ΉH,“μΌ,3.6,,,,ƒKƒX,…“Ή,‰Ί…“Ή,‰γ,,750 ,‚PZ‹,€–h,60 ,300 ,,,,,,,,,,
Z,13108 ,8 ,]“,0 ,3 ,]“‹ζ,“»‚Q’–Ϊ‚Q‚P‚Q”Τ‚T,“»‚Q|‚X|‚Q,"482,000 ","439,000 ",9.8 ,75 ,,1,1.5,Z‘ξ,‚v,3F,,κ”ΚZ‘ξ‚Μ’†‚Ιμ‹Ζ“™‚ª¬έ‚·‚ιZ‘ξ’nζ,“ΉH,–k,3.6,,,,ƒKƒX,…“Ή,‰Ί…“Ή,“‘ε“‡,,"1,100 ",‚PZ‹,€–h,60 ,300 ,,,,,,,,,,
Z,13108 ,8 ,]“,0 ,4 ,]“‹ζ,“—z‚P’–Ϊ‚R‚O”Τ‚Q,“—z‚P|‚R‚R|‚U,"772,000 ","680,000 ",13.5 ,166 ,,1,2,‹¤“―Z‘ξ,‚q‚b,7F,,’†‚‘wƒ}ƒ“ƒVƒ‡ƒ“Aκ”ΚZ‘ξ‚ª¬έ‚·‚ιZ‘ξ’nζ,‹ζ“Ή,–k,11,,,,ƒKƒX,…“Ή,‰Ί…“Ή,“—z’¬,,500 ,‚PZ‹,€–h,60 ,300 ,,,,,,,,,,
Z,13108 ,8 ,]“,0 ,5 ,]“‹ζ,‘ε“‡‚U’–Ϊ‚T‚X‚V”Τ‚P‚VO,‘ε“‡‚U|‚Q‚P|‚Q,"529,000 ","483,000 ",9.5 ,77 ,,1,1.5,Z‘ξ,‚v,3F,,¬‹K–Νκ”ΚZ‘ξAƒAƒp[ƒg“™‚ª‚Ώ•ΐ‚ΤZ‘ξ’nζ,„“Ή,Ό,3.3,,,,ƒKƒX,…“Ή,‰Ί…“Ή,‘ε“‡,,500 ,‚PZ‹,€–h,60 ,300 ,,,,,,,,,,
Z,13108 ,8 ,]“,0 ,6 ,]“‹ζ,‹TΛ‚T’–Ϊ‚Q‚O‚U”Τ‚U,‹TΛ‚T|‚R‚U|‚R,"560,000 ","512,000 ",9.4 ,78 ,,1,1.2,Z‘ξ,‚r,3F,,’†’α‘w‚Μκ”ΚZ‘ξAƒ}ƒ“ƒVƒ‡ƒ““™‚ª‘½‚ΆZ‘ξ’nζ,‹ζ“Ή,–kΌ,4.3,,,,ƒKƒX,…“Ή,‰Ί…“Ή,‹TΛ,,550 ,‚PZ‹,€–h,60 ,300 ,,,,,,,,,,
Z,13108 ,8 ,]“,0 ,7 ,]“‹ζ,“μ»‚Q’–Ϊ‚S‚R”Τ‚Q‚W,,"567,000 ","512,000 ",10.7 ,47 ,,1,2,’z’†,,,,¬‹K–Νκ”ΚZ‘ξ‚ª‚Ώ•ΐ‚ΤZ‘ξ’nζ,“ΉH,–k“,3.6,,,,ƒKƒX,…“Ή,‰Ί…“Ή,“—z’¬,,900 ,‚PZ‹,€–h,60 ,300 ,,,,,*,13108,0 ,4 ,"541,000 ",4.8 
Z,13108 ,8 ,]“,0 ,8 ,]“‹ζ,’C–¤‚P’–Ϊ‚P”Τ‚P‚R,’C–¤‚P|‚S|‚W,"694,000 ","611,000 ",13.6 ,"1,618 ",,2,1,‹¤“―Z‘ξ,‚q‚b,7F,,’†‚‘w‹¤“―Z‘ξ‚Μ’†‚Ι‘qΙ“™‚ΰ©‚η‚κ‚ιZ‘ξ’nζ,‹ζ“Ή,–k,15,,,,ƒKƒX,…“Ή,‰Ί…“Ή,’C–¤,,750 ,€H,€–h,60 ,300 ,,,,,,,,,,
Z,13108 ,8 ,]“,0 ,9 ,]“‹ζ,“»‚U’–Ϊ‚T‚X”Τ‚T,“»‚U|‚P‚P|‚W,"449,000 ","414,000 ",8.5 ,132 ,,1,2.5,Z‘ξ,‚r,3F,,κ”ΚZ‘ξ‚Μ’†‚Ιμ‹Ζ“™‚ΰ©‚η‚κ‚ιZ‘ξ’nζ,‹ζ“Ή,–k,6,,,,ƒKƒX,…“Ή,‰Ί…“Ή,“μ»’¬,,"1,500 ",€H,€–h,60 ,300 ,,,,,,,,,,
Z,13108 ,8 ,]“,0 ,10 ,]“‹ζ,‹TΛ‚S’–Ϊ‚R‚R”Τ‚P‚R,‹TΛ‚S|‚R‚R|‚W,"594,000 ","535,000 ",11.0 ,68 ,,1,1,Z‘ξ,‚r,4F,,κ”ΚZ‘ξAμ‹Ζ“™‚ª¬έ‚·‚ιZ‘ξ’nζ,‹ζ“Ή,“,6,,,,ƒKƒX,…“Ή,‰Ί…“Ή,‹TΛ,,750 ,€H,€–h,60 ,300 ,,,,,,,,,,
Z,13108 ,8 ,]“,0 ,11 ,]“‹ζ,“μ»‚S’–Ϊ‚Q‚P‚V”Τ‚R‚P,“μ»‚S|‚P‚W|‚Q,"541,000 ","490,000 ",10.4 ,159 ,,1,1.5,‘qΙA––±“Z‘ξ,‚r,3F,,κ”ΚZ‘ξA–‹Ζ•Ή—pZ‘ξ“™‚ª¬έ‚·‚ιZ‘ξ’nζ,‹ζ“Ή,“μΌ,4.5,,,,ƒKƒX,…“Ή,‰Ί…“Ή,“μ»’¬,,500 ,‚QZ‹,–h‰Ξ,60 ,400 ,,,,,,,,,,
Z,13108 ,8 ,]“,0 ,12 ,]“‹ζ,Ξ“‡‚P‚S”Τ‚Q‚O,Ξ“‡‚V|‚X,"700,000 ","625,000 ",12.0 ,85 ,,1,2.5,‘qΙ“‹¤“―Z‘ξ,‚r,3F,,Z‘ξA‘qΙ“™‚Μ¬έ‚·‚ιZ‘ξ’nζ,‹ζ“Ή,“μ,8,,,,ƒKƒX,…“Ή,‰Ί…“Ή,Z‹g,,"1,100 ",€H,€–h,60 ,300 ,,,,,,,,,,
Z,13108 ,8 ,]“,0 ,13 ,]“‹ζ,΄‚Q’–Ϊ‚X”Τ‚V,΄‚Q|‚P‚R|‚P‚Q,"849,000 ","749,000 ",13.4 ,97 ,,1,2,Z‘ξ,‚v,2F,,κ”ΚZ‘ξ‚Μ’†‚Ι–‹Ζ“™‚ΰ¬έ‚·‚ιZ‘ξ’nζ,‹ζ“Ή,“μ,8,,,,ƒKƒX,…“Ή,‰Ί…“Ή,΄”’‰Ν,,370 ,€H,€–h,60 ,300 ,,,,,,,,,,
Z,13108 ,8 ,]“,0 ,14 ,]“‹ζ,ΓΞκ‚P’–Ϊ‚P‚T”Τ‚P‚V,ΓΞκ‚P|‚P‚O|‚T,"763,000 ","689,000 ",10.7 ,88 ,,1,1.5,––±Aμ‹Ζ“Z‘ξ,‚r,4F,,κ”ΚZ‘ξ‚Μ’†‚Ι–‹Ζ“™‚ΰ©‚η‚κ‚ιZ‘ξ’nζ,‹ζ“Ή,–k“,6,,,,ƒKƒX,…“Ή,‰Ί…“Ή,‰z’†“‡,,340 ,€H,€–h,60 ,300 ,,,,,,,,,,
Z,13108 ,8 ,]“,0 ,15 ,]“‹ζ,“μ»‚Q’–Ϊ‚X‚R‚W”Τ‚U,“μ»‚Q|‚R‚P|‚P‚O,"895,000 ","772,000 ",15.9 ,"1,242 ",,1,2,‹¤“―Z‘ξ,‚r‚q‚b,14F,,‚‘wƒ}ƒ“ƒVƒ‡ƒ“‚Μ’†‚Ι‘qΙ“™‚ª©‚η‚κ‚ιZ‘ξ’nζ,“s“Ή,“μΌ,22,,,,ƒKƒX,…“Ή,‰Ί…“Ή,“—z’¬,,"1,100 ",€H,–h‰Ξ,60 ,400 ,,,,,,,,,,
Z,13108 ,8 ,]“,0 ,16 ,]“‹ζ,–Ψκ‚R’–Ϊ‚Q‚O”Τ‚P‚R,–Ψκ‚R|‚R|‚X,"782,000 ","687,000 ",13.8 ,304 ,,1,1.2,––±“‹¤“―Z‘ξ,‚q‚b,8F,,‹¤“―Z‘ξ‚Μ‚Ω‚©A–‹Ζ“™‚ΰ©‚η‚κ‚ιZ‘ξ’nζ,‹ζ“Ή,“,8,,,,ƒKƒX,…“Ή,‰Ί…“Ή,–Ψκ,,560 ,€H,–h‰Ξ,60 ,300 ,,,,,,,,,,
Z,13108 ,8 ,]“,0 ,17 ,]“‹ζ,‹TΛ‚X’–Ϊ‚Q‚O‚O”Τ‚R‚Q,‹TΛ‚X|‚P‚U|‚T,"722,000 ","628,000 ",15.0 ,"1,885 ",,1,1.2,‹¤“―Z‘ξ,‚q‚b,14F,,‚‘wƒ}ƒ“ƒVƒ‡ƒ“A¬Hκ“™‚Μ¬έ‚·‚ιZ‘ξ’nζ,“s“Ή,Ό,40,,‘¤“Ή,–k,ƒKƒX,…“Ή,‰Ί…“Ή,“‘ε“‡,,720 ,€H,–h‰Ξ,60 ,300 ,,,,,,,,,,
Z,13108 ,8 ,]“,0 ,18 ,]“‹ζ,‘ε“‡‚W’–Ϊ‚Q‚V‚Q”Τ‚Q‚V,‘ε“‡‚W|‚R‚V|‚W,"545,000 ","497,000 ",9.7 ,88 ,,1,3,Z‘ξ,‚r,3F,,Z‘ξAƒAƒp[ƒg‚Μ‚Ω‚©“X•ά“™‚ª©‚η‚κ‚ιZ‘ξ’nζ,‹ζ“Ή,“μ,6.3,,,,ƒKƒX,…“Ή,‰Ί…“Ή,“‘ε“‡,,460 ,€H,€–h,60 ,300 ,,,,,,,,,,
Z,13108 ,8 ,]“,0 ,19 ,]“‹ζ,‹TΛ‚X’–Ϊ‚P‚Q‚O”Τ‚P‚P,‹TΛ‚X|‚Q‚T|‚P,"493,000 ","444,000 ",11.0 ,199 ,,1,1.5,Z‘ξ,‚q‚b,4F,,Z‘ξ‚β–‹Ζ“™‚ª¬έ‚·‚ιZ‘ξ’nζ,‹ζ“Ή,–kΌ,5.5,,‘¤“Ή,“μΌ,ƒKƒX,…“Ή,‰Ί…“Ή,‹TΛ,,"1,200 ",€H,€–h,60 ,300 ,,,,,,,,,,
Z,13108 ,8 ,]“,0 ,20 ,]“‹ζ,–LF‚S’–Ϊ‚R”Τ‚P‚P,–LF‚S|‚P‚P|‚R‚O,"1,160,000 ","1,000,000 ",16.0 ,"1,823 ",,1,2,‹¤“―Z‘ξ,‚q‚b,7F,1B,’†‚‘w‚Μƒ}ƒ“ƒVƒ‡ƒ“‚ª‘½‚­‚Ώ•ΐ‚ΤZ‘ξ’nζ,‹ζ“Ή,–k“,10,,,,ƒKƒX,…“Ή,‰Ί…“Ή,–LF,,550 ,€H,€–h,60 ,300 ,,,,,,,,,,
Z,13108 ,8 ,]“,0 ,21 ,]“‹ζ,‰–•l‚Q’–Ϊ‚S‚W‚R”Τ‚T‚P,‰–•l‚Q|‚Q‚X|‚S,"858,000 ","750,000 ",14.4 ,"2,314 ",,1,1.5,‹¤“―Z‘ξ,‚q‚b,14F,,‚‘wƒ}ƒ“ƒVƒ‡ƒ“‚ª‘½‚­‚Ώ•ΐ‚ΤZ‘ξ’nζ,‹ζ“Ή,“μ,10,,,,ƒKƒX,…“Ή,‰Ί…“Ή,“—z’¬,,770 ,€H,€–h,60 ,300 ,,,,,,,,,,
Z,13108 ,8 ,]“,0 ,22 ,]“‹ζ,–k»‚P’–Ϊ‚Q‚P‚Q”Τ‚Q,–k»‚P|‚R|‚S‚X,"679,000 ","585,000 ",16.1 ,"1,653 ",,1,1.2,‹¤“―Z‘ξ,‚q‚b,10F,,‚‘w‹¤“―Z‘ξ‚Μ’†‚Ικ”ΚZ‘ξ‚ΰ©‚η‚κ‚ιZ‘ξ’nζ,‹ζ“Ή,“μ,8,,,,ƒKƒX,…“Ή,‰Ί…“Ή,Ό‘ε“‡,,"1,100 ",€H,€–h,60 ,300 ,,,,,,,,,,
Z,13108 ,8 ,]“,0 ,23 ,]“‹ζ,‹TΛ‚P’–Ϊ‚Q‚T”Τ‚P‚R,‹TΛ‚P|‚Q‚T|‚V,"725,000 ","657,000 ",10.4 ,116 ,,1,2,“X•ά“‹¤“―Z‘ξ,‚q‚b,4F,,’†‘w‚Μ‹¤“―Z‘ξA––±“™‚ª©‚η‚κ‚ιZ‘ξ’nζ,‹ζ“Ή,–k,10,,,,ƒKƒX,…“Ή,‰Ί…“Ή,‹TΛ,,510 ,€H,€–h,60 ,300 ,,,,,,,,,,
Z,13108 ,8 ,]“,0 ,24 ,]“‹ζ,•x‰ª‚P’–Ϊ‚R‚P”Τ‚S‚V,•x‰ª‚P|‚P‚W|‚P‚S,"835,000 ","739,000 ",13.0 ,198 ,,1,2.5,––±“Z‘ξ,‚r,2F,,Z‘ξAƒ}ƒ“ƒVƒ‡ƒ“A––±“™‚ª¬έ‚·‚ιZ‘ξ’nζ,‹ζ“Ή,Ό,11,,,,ƒKƒX,…“Ή,‰Ί…“Ή,–ε‘O’‡’¬,,280 ,‚PZ‹,€–h,60 ,300 ,,,,,,,,,,
Z,13108 ,8 ,]“,0 ,26 ,]“‹ζ,‹TΛ‚V’–Ϊ‚Q‚Q”Τ‚U,‹TΛ‚V|‚T‚S|‚Q,"579,000 ","530,000 ",9.2 ,51 ,,1,1.2,Z‘ξ,‚v,3F,,¬‹K–Ν‚Θκ”ΚZ‘ξ‚ª‘½‚ΆZ‘ξ’nζ,‹ζ“Ή,Ό,6,,,,ƒKƒX,…“Ή,‰Ί…“Ή,‹TΛ,,850 ,‚PZ‹,€–h,60 ,300 ,,,,,,,,,,
,13108 ,8 ,]“,0 ,27 ,]“‹ζ,–k»‚S’–Ϊ‚P‚Q‚R‚S”Τ‚T,–k»‚S|‚R‚O|‚P‚U,"461,000 ",,,91 ,,1,1.5,ρhΙ,‚r,3F,,κ”ΚZ‘ξAƒAƒp[ƒg“™‚ª‚Ώ•ΐ‚Τω¬Z‘ξ’nζ,“ΉH,“,3,,,,ƒKƒX,…“Ή,‰Ί…“Ή,“μ»’¬,,"1,200 ",€H,€–h,60 ,300 ,,,,,,,,,,
Z,13108 ,8 ,]“,5 ,1 ,]“‹ζ,“μ»‚R’–Ϊ‚P‚V‚U‚Q”Τ‚R‚O,“μ»‚R|‚P‚Q|‚S,"621,000 ","560,000 ",10.9 ,88 ,,1,1,“X•ά“‹¤“―Z‘ξ,‚r,4F,,“X•άA’†‘w‹¤“―Z‘ξ“™‚ª‚Ώ•ΐ‚Τ‹ί—Χ¤‹Ζ’nζ,‹ζ“Ή,–k“,7.8,,,,ƒKƒX,…“Ή,‰Ί…“Ή,“μ»’¬,,420 ,‹ί¤,€–h,80 ,300 ,,,,,,,,,,
Z,13108 ,8 ,]“,5 ,2 ,]“‹ζ,‰i‘γ‚P’–Ϊ‚P”Τ‚P‚T,‰i‘γ‚P|‚P‚S|‚Q‚W,"1,330,000 ","1,140,000 ",16.7 ,150 ,,1,2,f—Γ“‹¤“―Z‘ξ,‚q‚b,7F,,“X•ά“‹¤“―Z‘ξA––±“™‚ª‚Ώ•ΐ‚Τ¤‹Ζ’nζ,“s“Ή,“μΌ,33,,,,ƒKƒX,…“Ή,‰Ί…“Ή,–ε‘O’‡’¬,,470 ,¤‹Ζ,–h‰Ξ,80 ,600 ,,,,,,,,,,
Z,13108 ,8 ,]“,5 ,3 ,]“‹ζ,‹TΛ‚U’–Ϊ‚P‚V”Τ‚T,‹TΛ‚U|‚P‚V|‚Q,"944,000 ","804,000 ",17.4 ,108 ,,1,1.5,––±“Z‘ξ,‚r,5F,,’†‚‘w‚Μ“X•ά“‹¤“―Z‘ξ“™‚ª‚Ώ•ΐ‚Τ¤‹Ζ’nζ,‹ζ“Ή,Ό,10,,,,ƒKƒX,…“Ή,‰Ί…“Ή,‹TΛ,,320 ,¤‹Ζ,–h‰Ξ,80 ,500 ,,,,,,,,,,
Z,13108 ,8 ,]“,5 ,4 ,]“‹ζ,‚‹΄‚R”Τ‚P‚R,‚‹΄‚P‚S|‚Q‚O,"906,000 ","773,000 ",17.2 ,132 ,,1,1.2,“X•ά“‹¤“―Z‘ξ,‚q‚b,8F,,“X•ά“Z‘ξA‹¤“―Z‘ξ“™‚ª‚Ώ•ΐ‚Τ‹ί—Χ¤‹Ζ’nζ,‹ζ“Ή,“μ,15,,,,ƒKƒX,…“Ή,‰Ί…“Ή,X‰Ί,,360 ,‹ί¤,–h‰Ξ,80 ,400 ,,,,,,,,,,
Z,13108 ,8 ,]“,5 ,5 ,]“‹ζ,‹TΛ‚T’–Ϊ‚Q”Τ,‹TΛ‚T|‚Q|‚P,"2,920,000 ","2,450,000 ",19.2 ,91 ,,1,2,“X•ά,‚q‚b,6F,,’†‚‘wƒrƒ‹A¬”„“X•ά‚ª‚Ώ•ΐ‚Τ‰w‘O‚Μ¤‹Ζ’nζ,“s“Ή,Ό,23,,,,ƒKƒX,…“Ή,‰Ί…“Ή,‹TΛ,,150 ,¤‹Ζ,–h‰Ξ,80 ,700 ,,,,,,,,,,
Z,13108 ,8 ,]“,5 ,6 ,]“‹ζ,X‰Ί‚R’–Ϊ‚Q‚P”Τ‚UO,X‰Ί‚R|‚Q‚O|‚X,"1,070,000 ","936,000 ",14.3 ,476 ,,1,1.5,––±,‚r‚q‚b,7F,,––±A“X•ά“‹¤“―Z‘ξ“™‚ª¬έ‚·‚ι¤‹Ζ’nζ,“s“Ή,–k,27,,,,ƒKƒX,…“Ή,‰Ί…“Ή,‹eμ,,230 ,¤‹Ζ,–h‰Ξ,80 ,500 ,,,,,,,,,,
Z,13108 ,8 ,]“,5 ,7 ,]“‹ζ,“»‚V’–Ϊ‚V‚X‚W”Τ‚UO,“»‚V|‚P‚V|‚P‚X,"719,000 ","642,000 ",12.0 ,205 ,,1,2,“X•ά“‹¤“―Z‘ξ,‚q‚b,8F,,“X•άA––±Aƒ}ƒ“ƒVƒ‡ƒ““™‚ª‚Ώ•ΐ‚Τ¤‹Ζ’nζ,“s“Ή,–k,25,,,,ƒKƒX,…“Ή,‰Ί…“Ή,“μ»’¬,,"1,300 ",¤‹Ζ,–h‰Ξ,80 ,400 ,,,,,,,,,,
Z,13108 ,8 ,]“,5 ,8 ,]“‹ζ,Z‹g‚Q’–Ϊ‚Q‚X”Τ‚T,Z‹g‚Q|‚P‚V|‚P‚P,"1,160,000 ","1,010,000 ",14.9 ,96 ,,1,2.5,“X•άA––±“Z‘ξ,‚q‚b,5F,,“X•άA––±Aƒ}ƒ“ƒVƒ‡ƒ““™‚ª¬έ‚·‚ι¤‹Ζ’nζ,“s“Ή,“,22,,,,ƒKƒX,…“Ή,‰Ί…“Ή,Z‹g,‹ίΪ,0 ,¤‹Ζ,–h‰Ξ,80 ,500 ,,,,,,,,,,
Z,13108 ,8 ,]“,5 ,9 ,]“‹ζ,•½–μ‚R’–Ϊ‚X”Τ‚P‚RO,•½–μ‚R|‚T|‚X,"900,000 ","773,000 ",16.4 ,111 ,,1,1,“X•άA––±“Z‘ξ,‚q‚b,5F,,’†‚‘w‚Μ“X•ά“‹¤“―Z‘ξ“™‚ª‚Ώ•ΐ‚Τ¤‹Ζ’nζ,“s“Ή,“,30,,,,ƒKƒX,…“Ή,‰Ί…“Ή,΄”’‰Ν,,800 ,¤‹Ζ,–h‰Ξ,80 ,400 ,,,,,,,,,,
Z,13108 ,8 ,]“,5 ,10 ,]“‹ζ,‹TΛ‚P’–Ϊ‚W”Τ‚P‚SO,‹TΛ‚P|‚W|‚S,"1,320,000 ","1,110,000 ",18.9 ,209 ,,1,1.5,“X•ά“––±,‚r‚q‚b,8F,,ƒ}ƒ“ƒVƒ‡ƒ“A––±ƒrƒ‹‚Μ‚Ώ•ΐ‚Τ¤‹Ζ’nζ,‘“Ή,–k,40,,,,ƒKƒX,…“Ή,‰Ί…“Ή,‹TΛ,,500 ,¤‹Ζ,–h‰Ξ,80 ,700 ,,,,,*,13108,5 ,8 ,"1,200,000 ",10.0 
Z,13108 ,8 ,]“,5 ,11 ,]“‹ζ,΄‚R’–Ϊ‚S”Τ‚P‚X,΄‚R|‚S|‚P‚U,"1,270,000 ","1,090,000 ",16.5 ,122 ,,1.5,1,“X•ά“‹¤“―Z‘ξ,‚r‚q‚b,7F,1B,“X•άAƒ}ƒ“ƒVƒ‡ƒ““™‚ª‚Ώ•ΐ‚Τ¤‹Ζ’nζ,“s“Ή,“,25,,,,ƒKƒX,…“Ή,‰Ί…“Ή,΄”’‰Ν,,110 ,¤‹Ζ,–h‰Ξ,80 ,500 ,,,,,,,,,,
Z,13108 ,8 ,]“,5 ,12 ,]“‹ζ,—L–Ύ‚R’–Ϊ‚P”Τ‚P‚U‚OO,—L–Ύ‚R|‚T|‚V,"1,430,000 ","1,340,000 ",6.7 ,"18,088 ",,3,1,“X•άA‘qΙ“––±“™,‚r‚q‚b,21F,1B,‚‘w‹Ζ–±¤‹Ζ•΅‡{έ‚ªWΟ‚·‚ι—ΥC•›“sS’nζ,“ΉH,“μ“,20,,O•ϋH,,ƒKƒX,…“Ή,‰Ί…“Ή,‘Ϋ“W¦κ,,450 ,Hκ,–h‰Ξ,60 ,200 ,,,,,,,,,,
Z,13108 ,8 ,]“,5 ,13 ,]“‹ζ,–k»‚T’–Ϊ‚Q‚V‚O”Τ‚Q,–k»‚T|‚P‚S|‚P‚R,"720,000 ","640,000 ",12.5 ,80 ,,1,1.5,“X•ά“Z‘ξ,‚r,3F,,¬‹K–Ν“X•άA––±“™‚ª‚Ώ•ΐ‚Τ‹ί—Χ¤‹Ζ’nζ,“s“Ή,“,25,,,,ƒKƒX,…“Ή,‰Ί…“Ή,‘ε“‡,,"1,100 ",‹ί¤,–h‰Ξ,80 ,400 ,,,,,,,,,,
Z,13108 ,8 ,]“,5 ,14 ,]“‹ζ,‰²’O‚R’–Ϊ‚Q”Τ‚T,‰²’O‚R|‚U|‚S,"935,000 ","800,000 ",16.9 ,52 ,,1,2.5,“X•ά“‹¤“―Z‘ξ,‚r,5F,,“X•ά•Ή—pZ‘ξAωH“X“™‚ª‚Ώ•ΐ‚Τ‹ί—Χ¤‹Ζ’nζ,‹ζ“Ή,–k“,15,,,,ƒKƒX,…“Ή,‰Ί…“Ή,–ε‘O’‡’¬,,350 ,‹ί¤,€–h,80 ,300 ,,,,,,,,,,
Z,13108 ,8 ,]“,5 ,15 ,]“‹ζ,“—z‚R’–Ϊ‚P‚P”Τ‚QO,“—z‚R|‚Q‚S|‚P‚X,"1,120,000 ","954,000 ",17.4 ,119 ,,1,3.5,“X•άA––±“Z‘ξ“™,‚q‚b,6F,,“X•άA––±ƒrƒ‹A‹¤“―Z‘ξ‚ª‚Ώ•ΐ‚Τ¤‹Ζ’nζ,“s“Ή,“μ,33,,,,ƒKƒX,…“Ή,‰Ί…“Ή,“—z’¬,,400 ,¤‹Ζ,–h‰Ξ,80 ,600 ,,,,,,,,,,
Z,13108 ,8 ,]“,5 ,16 ,]“‹ζ,–LF‚S’–Ϊ‚P”Τ‚P‚Q,–LF‚S|‚P|‚R,"1,910,000 ","1,600,000 ",19.4 ,165 ,,1,2,“X•άA––±“Z‘ξ,‚r,6F,,’†‘w‚Μ“X•ά“––±ƒrƒ‹‚ª‚Ώ•ΐ‚Τ¤‹Ζ’nζ,“s“Ή,–kΌ,40,,,,ƒKƒX,…“Ή,‰Ί…“Ή,–LF,‹ίΪ,0 ,¤‹Ζ,–h‰Ξ,80 ,400 ,,,,,,,,,,
Z,13108 ,8 ,]“,5 ,17 ,]“‹ζ,–LF‚R’–Ϊ‚P”Τ‚T‚S,–LF‚R|‚Q|‚Q‚S,"3,000,000 ","2,560,000 ",17.2 ,"16,242 ",,1,1.5,“X•ά“––±,‚r‚q‚b,16F,2B,‘ε‹K–Ν“X•ά“––±ƒrƒ‹“™‚ª‚Ώ•ΐ‚Τ¤‹Ζ’nζ,“s“Ή,“μΌ,50,,”w–Κ“Ή,,ƒKƒX,…“Ή,‰Ί…“Ή,–LF,,80 ,H‹Ζ,–h‰Ξ,60 ,200 ,,,,,,,,,,
Z,13108 ,8 ,]“,9 ,1 ,]“‹ζ,—L–Ύ‚R’–Ϊ‚P‚T”Τ‚PO,—L–Ύ‚R|‚P‚S|‚V,"371,000 ","338,000 ",9.8 ,"126,956 ",‘δ`,1.2,1,‘qΙ,‚r,1F,,‘ε‹K–Ν‘qΙ‚ª‚Ώ•ΐ‚Τ—ΥC•›“sS‹ίΪ‚ΜH‹Ζ’nζ,“ΉH,“μΌ,40,,,,,…“Ή,‰Ί…“Ή,‘Ϋ“W¦κ,,830 ,Hκ,€–h,60 ,200 ,,,,,,,,,,
Z,13108 ,8 ,]“,9 ,2 ,]“‹ζ,“‰_‚Q’–Ϊ‚X”Τ‚S‚Q,“‰_‚Q|‚P‚S|‚P‚X,"700,000 ","600,000 ",16.7 ,"5,400 ",,1,2,––±“‘qΙ,‚r,5F,,‘qΙA–‹ΖAHκ“™‚ª‚Ώ•ΐ‚ΤH‹Ζ’nζ,“ΉH,“,15,,,,ƒKƒX,…“Ή,‰Ί…“Ή,“‰_,,400 ,€H,€–h,60 ,200 ,,,,,*,13108,9 ,3 ,"649,000 ",7.9 
Z,13108 ,8 ,]“,9 ,3 ,]“‹ζ,²‰κ‚Q’–Ϊ‚P‚S”Τ‚P,²‰κ‚Q|‚W|‚Q‚O,"769,000 ","666,000 ",15.5 ,"4,081 ",,2.5,1,––±A’“Τκ“‘qΙ,‚r‚q‚b,7F,,‘qΙA––±“™‚ª¬έ‚·‚ιH‹Ζ’nζ,‹ζ“Ή,–kΌ,11,,,,ƒKƒX,…“Ή,‰Ί…“Ή,…“V‹{‘O,,680 ,€H,€–h,60 ,300 ,,,,,,,,,,
Z,13108 ,8 ,]“,9 ,4 ,]“‹ζ,’C–¤‚R’–Ϊ‚P‚O”Τ‚P,’C–¤‚R|‚W|‚T,"864,000 ","752,000 ",14.9 ,"9,939 ",,1,1.2,‘qΙ,‚q‚b,5F,,‘qΙA”z‘—ƒZƒ“ƒ^[‚ª‚Ώ•ΐ‚Τ—¬’Κ‹Ζ–±’nζ,“ΉH,“μ,22,,O•ϋH,,,…“Ή,‰Ί…“Ή,’C–¤,,320 ,€H,€–h,60 ,300 ,,,,,,,,,,
Z,13109 ,8 ,•iμ,0 ,1 ,•iμ‹ζ,“ά”½“c‚S’–Ϊ‚W”Τ‚V‚W,“ά”½“c‚S|‚Q|‚P‚P,"1,370,000 ","1,200,000 ",14.2 ,115 ,,1.2,1,Z‘ξ,‚v,2F,1B,’†‹K–Νκ”ΚZ‘ξ‚ª‘½‚ΆXΞ’n‚Μω¬Z‘ξ’nζ,‹ζ“Ή,“μ“,4.3,,,,ƒKƒX,…“Ή,‰Ί…“Ή,‚—Φ‘δ,,450 ,‚P’†κ,€–h,60 ,200 ,,,,,,,,,,
Z,13109 ,8 ,•iμ,0 ,2 ,•iμ‹ζ,Λ‰z‚R’–Ϊ‚W‚V‚W”Τ‚P‚VO,Λ‰z‚R|‚R|‚P,"987,000 ","881,000 ",12.0 ,114 ,‘δ`,1,2,Z‘ξ“––±,‚q‚b,4F,,’†¬‹K–Νκ”ΚZ‘ξA‹¤“―Z‘ξ‚ª‚Ώ•ΐ‚ΤZ‘ξ’nζ,‹ζ“Ή,–k,4.2,,,,ƒKƒX,…“Ή,‰Ί…“Ή,Λ‰z,,120 ,‚PZ‹,€–h,60 ,200 ,,,,,,,,,,
Z,13109 ,8 ,•iμ,0 ,3 ,•iμ‹ζ,ψ‚Μ‘δ‚T’–Ϊ‚P‚Q‚S‚T”Τ‚U,ψ‚Μ‘δ‚T|‚X|‚P‚U,"835,000 ","755,000 ",10.6 ,100 ,,1.2,1,Z‘ξ,‚v,2F,,κ”ΚZ‘ξAƒAƒp[ƒg“™‚ª‚Ώ•ΐ‚ΤZ‘ξ’nζ,„“Ή,–kΌ,3.4,,,,ƒKƒX,…“Ή,‰Ί…“Ή,ψ‚Μ‘δ,,380 ,‚P’†κ,€–h,60 ,200 ,,,,,,,,,,
Z,13109 ,8 ,•iμ,0 ,4 ,•iμ‹ζ,γ‘εθ‚R’–Ϊ‚R‚O‚O”Τ‚P‚T,γ‘εθ‚R|‚P‚O|‚R‚T,"1,720,000 ","1,500,000 ",14.7 ,513 ,,1,1.5,‹¤“―Z‘ξ,‚q‚b,4F,1B,’†‘wƒ}ƒ“ƒVƒ‡ƒ“‚ª‘½‚­©‚η‚κ‚ι‚‘δ‚ΜZ‘ξ’nζ,‹ζ“Ή,“μ“,7.2,,,,ƒKƒX,…“Ή,‰Ί…“Ή,–Ϊ•,,500 ,‚P’†κ,€–h,60 ,200 ,,,,,,,,,,
Z,13109 ,8 ,•iμ,0 ,5 ,•iμ‹ζ,“•iμ‚P’–Ϊ‚Q‚X‚X”Τ‚R,“•iμ‚P|‚R‚X|‚Q,"1,490,000 ","1,260,000 ",18.3 ,"1,814 ",•s®`,1,5,‹¤“―Z‘ξ,‚r‚q‚b,10F,,ƒ}ƒ“ƒVƒ‡ƒ“‚Μ‚Ω‚©–‹Ζ“™‚ª¬έ‚·‚ι’nζ,‘“Ή,Ό,25,,,,ƒKƒX,…“Ή,‰Ί…“Ή,“V‰¤FƒAƒCƒ‹,,850 ,€H,€–h,60 ,300 ,,,,,,,,,,
Z,13109 ,8 ,•iμ,0 ,6 ,•iμ‹ζ,‘εδ‚V’–Ϊ‚S‚V‚U‚X”Τ‚Q‚S,‘εδ‚V|‚R|‚V,"833,000 ","752,000 ",10.8 ,94 ,,1,1.5,Z‘ξ,‚q‚b,3F,,’†¬‹K–Νκ”ΚZ‘ξAƒAƒp[ƒg“™‚ª‘½‚ΆZ‘ξ’nζ,‹ζ“Ή,–k,6,,,,ƒKƒX,…“Ή,‰Ί…“Ή,Ό‘εδ,,900 ,‚P’ακ,€–h,60 ,150 ,,,,,,,,,,
Z,13109 ,8 ,•iμ,0 ,7 ,•iμ‹ζ,γ‘εθ‚Q’–Ϊ‚Q‚V‚O”Τ‚V‚O,γ‘εθ‚Q|‚U|‚P‚Q,"1,700,000 ","1,490,000 ",14.1 ,248 ,‘δ`,1,1.5,Z‘ξ,‚q‚b,2F,1B,κ”ΚZ‘ξAƒ}ƒ“ƒVƒ‡ƒ“‚ª‚Ώ•ΐ‚ΤRθ‚ΜZ‘ξ’nζ,‹ζ“Ή,“,6,,,,ƒKƒX,…“Ή,‰Ί…“Ή,–Ϊ•,,680 ,‚P’ακ,€–h,60 ,150 ,,,,,*,13109,0 ,2 ,"1,590,000 ",6.9 
Z,13109 ,8 ,•iμ,0 ,8 ,•iμ‹ζ,Ό’†‰„‚Q’–Ϊ‚Q‚T‚T”Τ‚T,Ό’†‰„‚Q|‚X|‚P,"940,000 ","842,000 ",11.6 ,74 ,,1,1,‹¤“―Z‘ξ,‚r,3F,1B,κ”ΚZ‘ξA¬‹K–Ν‹¤“―Z‘ξ‚ª‚Ώ•ΐ‚ΤZ‘ξ’nζ,‹ζ“Ή,–k,4.2,,,,ƒKƒX,…“Ή,‰Ί…“Ή,‰`΄’†‰„,,310 ,‚PZ‹,€–h,60 ,200 ,,,,,*,13109,0 ,5 ,"900,000 ",4.4 
Z,13109 ,8 ,•iμ,0 ,9 ,•iμ‹ζ,“ά”½“c‚T’–Ϊ‚U‚O”Τ‚Q‚W‚W,“ά”½“c‚T|‚P‚V|‚U,"1,820,000 ","1,590,000 ",14.5 ,296 ,,1,1.2,‹¤“―Z‘ξ,‚r,3F,,’†‹K–Νκ”ΚZ‘ξ“™‚ª‘½‚Ά‚‘δ‚Μ’–Ό‚ΘZ‘ξ’nζ,‹ζ“Ή,–k,5.4,,,,ƒKƒX,…“Ή,‰Ί…“Ή,ά”½“c,,570 ,‚P’ακ,€–h,60 ,150 ,,,,,,,,,,
Z,13109 ,8 ,•iμ,0 ,10 ,•iμ‹ζ,–k•iμ‚T’–Ϊ‚V‚P‚W”Τ‚S‚W,–k•iμ‚T|‚P‚S|‚P‚Q,"1,320,000 ","1,160,000 ",13.8 ,96 ,,1,2,Z‘ξ,‚v,2F,,’†‹K–Νκ”ΚZ‘ξ‚ª‘½‚Ά‹ζ‰ζ®‘R‚Ζ‚µ‚½Z‘ξ’nζ,‹ζ“Ή,“,4.5,,,,ƒKƒX,…“Ή,‰Ί…“Ή,–k•iμ,,630 ,‚P’ακ,€–h,60 ,150 ,,,,,,,,,,
Z,13109 ,8 ,•iμ,0 ,11 ,•iμ‹ζ,“μ•iμ‚U’–Ϊ‚P‚S‚R‚U”Τ‚Q,“μ•iμ‚U|‚V|‚R‚U,"952,000 ","861,000 ",10.6 ,84 ,,1,1.2,‹¤“―Z‘ξ,‚v,2F,,’†¬‹K–Ν‚Μκ”ΚZ‘ξA‹¤“―Z‘ξ“™‚ª‘½‚ΆZ‘ξ’nζ,‹ζ“Ή,“μ,3.7,,,,ƒKƒX,…“Ή,‰Ί…“Ή,‘εδ’¬,,500 ,‚PZ‹,€–h,60 ,200 ,,,,,,,,,,
Z,13109 ,8 ,•iμ,0 ,12 ,•iμ‹ζ,“μ•iμ‚P’–Ϊ‚Q‚P‚W”Τ‚R,“μ•iμ‚P|‚R|‚P‚R,"835,000 ","746,000 ",11.9 ,71 ,,1,1,Z‘ξ,‚v,3F,,¬‹K–ΝZ‘ξ‚ΖƒAƒp[ƒg“™‚ª‚Ώ•ΐ‚Τω¬Z‘ξ’nζ,‹ζ“Ή,Ό,4.1,,,,ƒKƒX,…“Ή,‰Ί…“Ή,V”nκ,,350 ,‚PZ‹,€–h,60 ,300 ,,,,,,,,,,
Z,13109 ,8 ,•iμ,0 ,13 ,•iμ‹ζ,‘εθ‚S’–Ϊ‚Q‚P‚R”Τ‚P‚U,‘εθ‚S|‚W|‚R,"1,000,000 ","894,000 ",11.9 ,94 ,,1,1.2,Z‘ξ,‚q‚b,3F,,¬‹K–Νκ”ΚZ‘ξAƒAƒp[ƒg“™‚ª‘½‚ΆZ‘ξ’nζ,‹ζ“Ή,–k“,3.7,,,,ƒKƒX,…“Ή,‰Ί…“Ή,‘εθL¬H,,500 ,‚PZ‹,€–h,60 ,300 ,,,,,,,,,,
Z,13109 ,8 ,•iμ,0 ,14 ,•iμ‹ζ,–L’¬‚P’–Ϊ‚P‚P‚R‚X”Τ‚P‚U,–L’¬‚P|‚P‚P|‚P‚Q,"1,110,000 ","994,000 ",11.7 ,96 ,,1.5,1,Z‘ξ,‚q‚b,3F,,κ”ΚZ‘ξAƒ}ƒ“ƒVƒ‡ƒ““™‚ª‚Ώ•ΐ‚ΤZ‘ξ’nζ,‹ζ“Ή,“μ,5.3,,,,ƒKƒX,…“Ή,‰Ί…“Ή,Λ‰z,,700 ,‚P’†κ,–h‰Ξ,60 ,200 ,,,,,,,,,,
Z,13109 ,8 ,•iμ,0 ,15 ,•iμ‹ζ,Ό•iμ‚P’–Ϊ‚P‚Q‚Q‚T”Τ‚S,Ό•iμ‚P|‚P‚R|‚R,"886,000 ","789,000 ",12.3 ,84 ,,1,1.2,Z‘ξ,‚v,2F,,¬‹K–ΝZ‘ξ‚Ζ¬HκA“X•ά“™‚ª¬έ‚·‚ιZ‘ξ’nζ,‹ζ“Ή,–k,5.2,,,,ƒKƒX,…“Ή,‰Ί…“Ή,‰Ί_–Ύ,,600 ,€H,€–h,60 ,200 ,,,,,,,,,,
Z,13109 ,8 ,•iμ,0 ,16 ,•iμ‹ζ,“‘εδ‚Q’–Ϊ‚P‚O‚U‚S”Τ‚P,“‘εδ‚Q|‚Q‚T|‚P‚O,"913,000 ","810,000 ",12.7 ,213 ,,1,2,––±“‹¤“―Z‘ξ,‚q‚b,4F,1B,κ”ΚZ‘ξA‹¤“―Z‘ξA––±‚ª¬έ‚·‚ιZ‘ξ’nζ,‹ζ“Ή,“μ“,7.5,,,,ƒKƒX,…“Ή,‰Ί…“Ή,—§‰ομ,,220 ,€H,€–h,60 ,300 ,,,,,,,,,,
Z,13109 ,8 ,•iμ,0 ,17 ,•iμ‹ζ,“•iμ‚S’–Ϊ‚P‚R”Τ,“•iμ‚S|‚Q|‚P‚P,"1,380,000 ","1,150,000 ",20.0 ,"1,655 ",,1,1,‹¤“―Z‘ξ,‚q‚b,7F,,’†‚‘wƒ}ƒ“ƒVƒ‡ƒ““™‚ª‚Ώ•ΐ‚Τ¬έZ‘ξ’nζ,‹ζ“Ή,“,7.7,,O•ϋH,,ƒKƒX,…“Ή,‰Ί…“Ή,Β•¨‰΅’,,350 ,€H,€–h,60 ,300 ,,,,,,,,,,
Z,13109 ,8 ,•iμ,0 ,18 ,•iμ‹ζ,¬R‚T’–Ϊ‚R‚V”Τ‚P‚T,¬R‚T|‚V|‚P‚Q,"1,050,000 ","930,000 ",12.9 ,114 ,,1,1.5,Z‘ξ,‚v,3F,,’†‹K–Νκ”ΚZ‘ξ“™‚ª‘½‚Ά—•Φ«‚Μ—Η‚ΆZ‘ξ’nζ,‹ζ“Ή,“μΌ,4.3,,,,ƒKƒX,…“Ή,‰Ί…“Ή,Ό¬R,,400 ,‚PZ‹,€–h,60 ,300 ,,,,,,,,,,
Z,13109 ,8 ,•iμ,0 ,19 ,•iμ‹ζ,Όά”½“c‚S’–Ϊ‚T‚T‚Q”Τ‚P‚O,Όά”½“c‚S|‚Q‚V|‚U,"1,290,000 ","1,130,000 ",14.2 ,112 ,,1,2,‹¤“―Z‘ξ,‚r,4F,,’†‘w‹¤“―Z‘ξ‚ª‘½‚­©‚η‚κ‚ιZ‘ξ’nζ,‹ζ“Ή,–kΌ,15,,,,ƒKƒX,…“Ή,‰Ί…“Ή,•s“®‘O,,400 ,€H,–h‰Ξ,60 ,300 ,,,,,,,,,,
Z,13109 ,8 ,•iμ,0 ,20 ,•iμ‹ζ,“μ‘εδ‚U’–Ϊ‚P‚P‚O”Τ‚P‚OO,“μ‘εδ‚U|‚R|‚P‚U,"1,020,000 ","897,000 ",13.7 ,86 ,,1.5,1,‹¤“―Z‘ξ,‚r‚q‚b,5F,,’†‹K–Ν‚Μ‹¤“―Z‘ξA–‹Ζ“™‚ª¬έ‚·‚ι’nζ,‹ζ“Ή,Ό,8,,,,ƒKƒX,…“Ή,‰Ί…“Ή,‘εX,,550 ,€H,€–h,60 ,300 ,,,,,,,,,,
Z,13109 ,8 ,•iμ,0 ,21 ,•iμ‹ζ,–k•iμ‚P’–Ϊ‚P‚Q‚R”Τ‚SO,–k•iμ‚P|‚W|‚P‚S,"1,930,000 ","1,640,000 ",17.7 ,533 ,•s®`,1,1.5,‹¤“―Z‘ξ,‚q‚b,11F,,’†‚‘w‚Μ––±Aƒ}ƒ“ƒVƒ‡ƒ“‚ª¬έ‚·‚ιZ‘ξ’nζ,‹ζ“Ή,“μ“,11.6,,,,ƒKƒX,…“Ή,‰Ί…“Ή,–k•iμ,,380 ,€H,–h‰Ξ,60 ,400 ,,,,,,,,,,
Z,13109 ,8 ,•iμ,0 ,22 ,•iμ‹ζ,‘εδ‚T’–Ϊ‚S‚T‚S‚T”Τ‚S,‘εδ‚T|‚P‚P|‚S,"1,090,000 ","926,000 ",17.7 ,350 ,,1.2,1,‹¤“―Z‘ξ,‚q‚b,10F,,“X•ά“Z‘ξ‚Μ’†‚Ι’†‚‘w‹¤“―Z‘ξ‚ª‘½‚Ά’nζ,‹ζ“Ή,–k,7,,”w–Κ“Ή,,ƒKƒX,…“Ή,‰Ί…“Ή,Ό‘εδ,,870 ,‹ί¤,–h‰Ξ,80 ,400 ,,,,,,,,,,
,13109 ,8 ,•iμ,0 ,23 ,•iμ‹ζ,–L’¬‚U’–Ϊ‚Q‚Q‚S”Τ‚T,–L’¬‚U|‚Q‚O|‚P,"900,000 ",,,82 ,,1,2,Z‘ξ,‚k‚r,3F,,’†¬‹K–Νκ”ΚZ‘ξA‹¤“―Z‘ξ‚ª‚Ώ•ΐ‚ΤZ‘ξ’nζ,‹ζ“Ή,–k,4.2,,,,ƒKƒX,…“Ή,‰Ί…“Ή,’†‰„,,170 ,‚PZ‹,€–h,60 ,200 ,,,,,,,,,,
Z,13109 ,8 ,•iμ,0 ,24 ,•iμ‹ζ,¬R‚V’–Ϊ‚T‚O‚X”Τ‚P‚V,¬R‚V|‚P‚R|‚Q,"1,130,000 ","980,000 ",15.3 ,136 ,,1,2,Z‘ξ,‚v,2F,1B,κ”ΚZ‘ξ‚ª‚Ώ•ΐ‚Τ‚‘δ‚ΜΥΓ‚ΘZ‘ξ’nζ,‹ζ“Ή,–k,7.1,,,,ƒKƒX,…“Ή,‰Ί…“Ή,τ‘«,,310 ,‚P’ακ,€–h,50 ,100 ,,,,,,,,,,
Z,13109 ,8 ,•iμ,0 ,26 ,•iμ‹ζ,“μ•iμ‚S’–Ϊ‚S‚W‚W”Τ‚S,“μ•iμ‚S|‚P‚T|‚P,"902,000 ","807,000 ",11.8 ,87 ,,1,1,Z‘ξ,‚k‚r,3F,,Z‘ξA‹¤“―Z‘ξAμ‹Ζκ“™‚ª¬έ‚·‚ιZ‘ξ’nζ,‹ζ“Ή,–k,5.4,,,,ƒKƒX,…“Ή,‰Ί…“Ή,V”nκ,,430 ,€H,€–h,60 ,300 ,,,,,,,,,,
Z,13109 ,8 ,•iμ,0 ,27 ,•iμ‹ζ,“ρ—t‚Q’–Ϊ‚T‚T‚W”Τ‚S,“ρ—t‚Q|‚P‚T|‚U,"899,000 ","795,000 ",13.1 ,106 ,,1,1.2,Z‘ξ,‚v,2F,,κ”ΚZ‘ξAƒAƒp[ƒgA¬Hκ‚Μ¬έ‚·‚ι’nζ,‹ζ“Ή,Ό,6,,,,ƒKƒX,…“Ή,‰Ί…“Ή,Ό‘εδ,,300 ,€H,€–h,60 ,200 ,,,,,,,,,,
Z,13109 ,8 ,•iμ,0 ,28 ,•iμ‹ζ,‰`΄‚P’–Ϊ‚T‚O‚U”Τ‚S‚O,‰`΄‚P|‚Q‚Q|‚P,"1,090,000 ","951,000 ",14.6 ,141 ,,1,1,‹¤“―Z‘ξ,‚q‚b,3F,,Z‘ξA‹¤“―Z‘ξAμ‹Ζ“™‚ª¬έ‚·‚ιZ‘ξ’nζ,‹ζ“Ή,–kΌ,7.7,,‘¤“Ή,–k“,ƒKƒX,…“Ή,‰Ί…“Ή,Λ‰z‹βΐ,,470 ,€H,€–h,60 ,300 ,,,,,,,,,,
Z,13109 ,8 ,•iμ,0 ,29 ,•iμ‹ζ,‘εθ‚T’–Ϊ‚P‚U”Τ‚P,‘εθ‚T|‚T|‚P‚Q,"1,630,000 ","1,390,000 ",17.3 ,426 ,,1.2,1,‹¤“―Z‘ξ“––±,‚q‚b,5F,,’†‘wƒ}ƒ“ƒVƒ‡ƒ“A––±“™‚ª¬έ‚·‚ιZ‘ξ’nζ,‹ζ“Ή,“μΌ,5.9,,‘¤“Ή,“μ“,ƒKƒX,…“Ή,‰Ί…“Ή,ά”½“c,,510 ,€H,€–h,60 ,300 ,,,,,,,,,,
Z,13109 ,8 ,•iμ,0 ,30 ,•iμ‹ζ,Όά”½“c‚T’–Ϊ‚P‚U‚O”Τ‚P‚O,Όά”½“c‚T|‚R‚P|‚U,"1,000,000 ","890,000 ",12.4 ,129 ,,1,1.5,‹¤“―Z‘ξ,‚q‚b,3F,,’†’α‘w‚Μ‹¤“―Z‘ξAμ‹Ζ“™‚ª¬έ‚·‚ιZ‘ξ’nζ,‹ζ“Ή,–k“,5.4,,,,ƒKƒX,…“Ή,‰Ί…“Ή,•s“®‘O,,500 ,€H,–h‰Ξ,60 ,300 ,,,,,,,,,,
Z,13109 ,8 ,•iμ,0 ,31 ,•iμ‹ζ,“ά”½“c‚P’–Ϊ‚X‚Q”Τ‚S,“ά”½“c‚P|‚Q|‚R‚X,"3,300,000 ","2,830,000 ",16.6 ,957 ,‘δ`,1.2,1,‹¤“―Z‘ξ,‚r‚q‚b,13F,,‚‘wƒ}ƒ“ƒVƒ‡ƒ““™‚ª‚Ώ•ΐ‚Τ‘“Ή‰‚Ά‚ΜZ‘ξ’nζ,‘“Ή,–kΌ,35,,O•ϋH,,ƒKƒX,…“Ή,‰Ί…“Ή,ά”½“c,,530 ,¤‹Ζ,–h‰Ξ,80 ,500 ,,,,,,,,,,
Z,13109 ,8 ,•iμ,5 ,1 ,•iμ‹ζ,Όά”½“c‚P’–Ϊ‚Q”Τ‚RO,Όά”½“c‚P|‚Q|‚P‚O,"7,930,000 ","6,700,000 ",18.4 ,413 ,,1,1,“X•ά“––±,‚r,11F,,‚‘w‚Μ“X•ά“––±‚ª‚Ώ•ΐ‚Τ¤‹Ζ’nζ,‘“Ή,–kΌ,40,,‘¤“Ή,–k“,ƒKƒX,…“Ή,‰Ί…“Ή,ά”½“c,,100 ,¤‹Ζ,–h‰Ξ,80 ,800 ,,,,,,,,,,
Z,13109 ,8 ,•iμ,5 ,2 ,•iμ‹ζ,‘εδ‚R’–Ϊ‚S‚P‚R‚W”Τ‚QO,‘εδ‚R|‚T|‚U,"1,440,000 ","1,240,000 ",16.1 ,347 ,,1,2,“X•άA––±“‹¤“―Z‘ξ,‚r‚q‚b,10F,,’†‚‘w‚Μ“X•ά“‹¤“―Z‘ξ‚ª‘½‚­©‚η‚κ‚ι¤‹Ζ’nζ,“s“Ή,“,20,,,,ƒKƒX,…“Ή,‰Ί…“Ή,‘εδ’¬,,500 ,‹ί¤,–h‰Ξ,80 ,400 ,,,,,,,,,,
Z,13109 ,8 ,•iμ,5 ,3 ,•iμ‹ζ,“μ‘εδ‚R’–Ϊ‚U”Τ‚Q‚O,“μ‘εδ‚R|‚R‚R|‚P‚O,"1,950,000 ","1,670,000 ",16.8 ,155 ,‘δ`,1,1.2,––±““X•ά,‚r,9F,,‚‘w“X•ά“––±‚Ι‹¤“―Z‘ξ‚ΰ¬έ‚·‚ι¤‹Ζ’nζ,‹ζ“Ή,“μ,25,,,,ƒKƒX,…“Ή,‰Ί…“Ή,‘εXCέ,,130 ,¤‹Ζ,–h‰Ξ,80 ,600 ,,,,,,,,,,
Z,13109 ,8 ,•iμ,5 ,4 ,•iμ‹ζ,γ‘εθ‚Q’–Ϊ‚T‚U‚P”Τ‚P,γ‘εθ‚Q|‚P‚R|‚R‚T,"5,450,000 ","4,580,000 ",19.0 ,275 ,,1,1.5,“X•ά“‹¤“―Z‘ξ,‚r‚q‚b,9F,1B,’†‚‘w‚Μ“X•άA––±A‹¤“―Z‘ξ‚Μ‘½‚Ά¤‹Ζ’nζ,“s“Ή,“μ,30,,‘¤“Ή,Ό,ƒKƒX,…“Ή,‰Ί…“Ή,–Ϊ•,,200 ,¤‹Ζ,–h‰Ξ,80 ,600 ,,,,,*,13109,5 ,10 ,"5,070,000 ",7.5 
Z,13109 ,8 ,•iμ,5 ,5 ,•iμ‹ζ,“ρ—t‚S’–Ϊ‚S‚O‚P”Τ‚S,“ρ—t‚S|‚P‚S|‚P‚Q,"1,010,000 ","871,000 ",16.0 ,147 ,,1,2,HκA––±“Z‘ξ,‚q‚b,4F,,’†‘w‚Μ“X•ά“‹¤“―Z‘ξA–‹Ζ“™‚ª¬έ‚·‚ι’nζ,‹ζ“Ή,“μ,8,,,,ƒKƒX,…“Ή,‰Ί…“Ή,Ό‘εδ,,500 ,‹ί¤,–h‰Ξ,80 ,300 ,,,,,,,,,,
Z,13109 ,8 ,•iμ,5 ,6 ,•iμ‹ζ,“μ‘εδ‚U’–Ϊ‚P”Τ‚V,“μ‘εδ‚U|‚Q‚W|‚P‚Q,"3,300,000 ","2,850,000 ",15.8 ,462 ,•s®`,1,1.5,“X•ά“f—Γ,‚r,9F,,‚‘w‚Μ“X•άA––±‚ª‚Ώ•ΐ‚Τ‰w‘O‚Μ¤‹Ζ’nζ,‹ζ“Ή,Ό,0,‰w‘OLκ,”w–Κ“Ή,,ƒKƒX,…“Ή,‰Ί…“Ή,‘εX,‰w‘OLκΪ–Κ,0 ,¤‹Ζ,–h‰Ξ,80 ,600 ,,,,,,,,,,
Z,13109 ,8 ,•iμ,5 ,7 ,•iμ‹ζ,¬R‚R’–Ϊ‚P‚R‚V”Τ‚UO,¬R‚R|‚Q‚R|‚R,"2,280,000 ","1,950,000 ",16.9 ,201 ,,1,2.5,“X•ά“Z‘ξ,‚r,3F,1B,eν¬”„“X•ά‚ª‚Ώ•ΐ‚Τ”Ι‰Ψ‚Θ¤‹Ζ’nζ,‹ζ“Ή,–k“,7.1,,,,ƒKƒX,…“Ή,‰Ί…“Ή,•‘ ¬R,,220 ,¤‹Ζ,–h‰Ξ,80 ,500 ,,,,,,,,,,
Z,13109 ,8 ,•iμ,5 ,8 ,•iμ‹ζ,“ά”½“c‚P’–Ϊ‚P‚W”Τ‚RO,“ά”½“c‚P|‚P‚W|‚T,"2,550,000 ","2,180,000 ",17.0 ,204 ,,1,1.2,“X•άA––±“‹¤“―Z‘ξ,‚r‚q‚b,8F,1B,’†‚‘w‚Μ“X•ά•t––±“™‚ª‘½‚Ά¤‹Ζ’nζ,‹ζ“Ή,–k“,12,,”w–Κ“Ή,,ƒKƒX,…“Ή,‰Ί…“Ή,ά”½“c,,370 ,¤‹Ζ,–h‰Ξ,80 ,700 ,,,,,,,,,,
Z,13109 ,8 ,•iμ,5 ,9 ,•iμ‹ζ,•½’Λ‚Q’–Ϊ‚U‚U‚O”Τ‚Q,•½’Λ‚Q|‚P‚U|‚R,"1,450,000 ","1,300,000 ",11.5 ,148 ,,1,2,“X•ά“‹βs,‚r,3F,,¬”„“X•άAωH“X“™‚ª‚Ώ•ΐ‚Τ‰w‘O‚Μ¤‹Ζ’nζ,‹ζ“Ή,“μ,6.5,,,,ƒKƒX,…“Ή,‰Ί…“Ή,Λ‰z‹βΐ,‹ίΪ,0 ,‹ί¤,€–h,80 ,300 ,,,,,*,13109,5 ,12 ,"1,380,000 ",5.1 
Z,13109 ,8 ,•iμ,5 ,10 ,•iμ‹ζ,‘εθ‚P’–Ϊ‚R‚S‚Q”Τ‚P,‘εθ‚P|‚Q|‚P,"4,560,000 ","3,900,000 ",16.9 ,"3,684 ",,1.5,1,––±,‚r,15F,,‘ε^‚ΜΔJ”­ƒrƒ‹‚ª‚Ώ•ΐ‚Τ‘εθ‰w‘O‚Μ¤‹Ζ’nζ,‹ζ“Ή,“μ“,12,,,,ƒKƒX,…“Ή,‰Ί…“Ή,‘εθ,,250 ,€H,–h‰Ξ,60 ,300 ,,,,,,,,,,
Z,13109 ,8 ,•iμ,5 ,11 ,•iμ‹ζ,γ‘εθ‚Q’–Ϊ‚T‚V‚O”Τ‚P,γ‘εθ‚Q|‚P‚R|‚S‚P,"1,830,000 ","1,630,000 ",12.3 ,126 ,,1.2,1,“X•ά,‚q‚b,4F,1B,¬‹K–Ν’†‘w“X•άA––±“™‚ª‚Ώ•ΐ‚Τ¤‹Ζ’nζ,‹ζ“Ή,Ό,5.7,,,,ƒKƒX,…“Ή,‰Ί…“Ή,–Ϊ•,,200 ,¤‹Ζ,–h‰Ξ,80 ,500 ,,,,,,,,,,
Z,13109 ,8 ,•iμ,5 ,12 ,•iμ‹ζ,Όά”½“c‚Q’–Ϊ‚Q‚X”Τ‚XO,Όά”½“c‚Q|‚Q‚X|‚X,"3,930,000 ","3,380,000 ",16.3 ,138 ,,1,1.5,“X•ά“––±,‚r‚q‚b,11F,,’†‚‘w‚Μ––±A‹¤“―Z‘ξ“™‚ª‚Ώ•ΐ‚Τ¤‹Ζ’nζ,“s“Ή,“μΌ,40,,,,ƒKƒX,…“Ή,‰Ί…“Ή,ά”½“c,,370 ,¤‹Ζ,–h‰Ξ,80 ,800 ,,,,,,,,,,
Z,13109 ,8 ,•iμ,5 ,13 ,•iμ‹ζ,γ‘εθ‚P’–Ϊ‚S‚S‚S”Τ‚U‚W,γ‘εθ‚P|‚P|‚P‚S,"2,250,000 ","1,920,000 ",17.2 ,210 ,,2,1,“X•άA––±“‹¤“―Z‘ξ,‚r‚q‚b,8F,,’†‚‘w‚Μ––±A‹¤“―Z‘ξ‚ª‚Ώ•ΐ‚Τ¤‹Ζ’nζ,“s“Ή,Ό,40,,,,ƒKƒX,…“Ή,‰Ί…“Ή,–Ϊ•,,500 ,¤‹Ζ,–h‰Ξ,80 ,500 ,,,,,,,,,,
Z,13109 ,8 ,•iμ,5 ,14 ,•iμ‹ζ,“ά”½“c‚Q’–Ϊ‚S‚O‚P”Τ‚W,“ά”½“c‚Q|‚S|‚T,"3,190,000 ","2,710,000 ",17.7 ,172 ,,1,2,“X•ά“‹¤“―Z‘ξ,‚r,7F,,’†‚‘w‚Μ“X•άA––±ƒrƒ‹‚ª‚Ώ•ΐ‚Τ¤‹Ζ’nζ,“s“Ή,–k,22,,,,ƒKƒX,…“Ή,‰Ί…“Ή,ά”½“c,,400 ,¤‹Ζ,–h‰Ξ,80 ,500 ,,,,,,,,,,
Z,13109 ,8 ,•iμ,5 ,15 ,•iμ‹ζ,ψ‚Μ‘δ‚P’–Ϊ‚P‚U‚P”Τ‚Q‚R,ψ‚Μ‘δ‚P|‚P|‚P‚T,"1,270,000 ","1,090,000 ",16.5 ,198 ,‘δ`,1,2,––±AΤΙ“‹¤“―Z‘ξ,‚r,8F,1B,’†‚‘w‚Μ“X•ά•tƒ}ƒ“ƒVƒ‡ƒ““™‚ª‚Ώ•ΐ‚Τ¤‹Ζ’nζ,“s“Ή,“μ“,25,,,,ƒKƒX,…“Ή,‰Ί…“Ή,ψ‚Μ‘δ,,640 ,¤‹Ζ,–h‰Ξ,80 ,400 ,,,,,,,,,,
Z,13109 ,8 ,•iμ,5 ,16 ,•iμ‹ζ,–k•iμ‚P’–Ϊ‚X‚R”Τ‚SO,–k•iμ‚P|‚Q‚S|‚S,"1,300,000 ","1,120,000 ",16.1 ,99 ,,1,1.5,“X•ά“‹¤“―Z‘ξ,‚r,4F,,’†’α‘w‚Μ“X•ά•Ή—pZ‘ξ“™‚ª‚Ώ•ΐ‚Τ‹ί—Χ¤‹Ζ’nζ,‹ζ“Ή,–k“,7.2,,,,ƒKƒX,…“Ή,‰Ί…“Ή,–k•iμ,,130 ,‹ί¤,–h‰Ξ,80 ,400 ,,,,,,,,,,
Z,13109 ,8 ,•iμ,5 ,17 ,•iμ‹ζ,“μ‘εδ‚R’–Ϊ‚P‚O‚T”Τ‚Q,“μ‘εδ‚R|‚W|‚P‚V,"1,370,000 ","1,180,000 ",16.1 ,127 ,,1,2.5,‘qΙA––±“Z‘ξ,‚q‚b,5F,,’†‚‘w‹¤“―Z‘ξA“X•ά•Ή—pZ‘ξ“™‚ª‚Ώ•ΐ‚Τ’nζ,‹ζ“Ή,–kΌ,25,,,,ƒKƒX,…“Ή,‰Ί…“Ή,‘εX,,600 ,‹ί¤,–h‰Ξ,80 ,400 ,,,,,,,,,,
Z,13109 ,8 ,•iμ,5 ,18 ,•iμ‹ζ,Όά”½“c‚Q’–Ϊ‚X”Τ‚P,Όά”½“c‚Q|‚X|‚T,"3,190,000 ","2,690,000 ",18.6 ,248 ,,1,2,“X•ά“‹¤“―Z‘ξ,‚r‚q‚b,8F,1B,’†‚‘w‚Μ“X•άA––±ƒrƒ‹“™‚ª‚Ώ•ΐ‚Τ¤‹Ζ’nζ,‹ζ“Ή,“μΌ,12,,‘¤“Ή,“μ“,ƒKƒX,…“Ή,‰Ί…“Ή,ά”½“c,,270 ,¤‹Ζ,–h‰Ξ,80 ,700 ,,,,,,,,,,
Z,13109 ,8 ,•iμ,5 ,19 ,•iμ‹ζ,¬R‘δ‚P’–Ϊ‚P‚U‚U”Τ‚X,¬R‘δ‚P|‚Q‚R|‚U,"1,290,000 ","1,150,000 ",12.2 ,255 ,‘δ`,1,1,“X•ά“‹¤“―Z‘ξ,‚q‚b,5F,1B,’†‘w‚Μ“X•ά“‹¤“―Z‘ξ“™‚ª‚Ώ•ΐ‚Τ‹ί—Χ¤‹Ζ’nζ,‹ζ“Ή,“μΌ,8.5,,‘¤“Ή,–kΌ,ƒKƒX,…“Ή,‰Ί…“Ή,•‘ ¬R,,240 ,‹ί¤,€–h,80 ,300 ,,,,,,,,,,
Z,13109 ,8 ,•iμ,5 ,20 ,•iμ‹ζ,‘εδ‚P’–Ϊ‚P‚O”Τ‚S,‘εδ‚P|‚P‚O|‚R,"3,220,000 ","2,700,000 ",19.3 ,203 ,,1.5,1,“X•ά“––±,‚r,7F,,’†‚‘w‚Μ“X•άƒrƒ‹“™‚ª‚Ώ•ΐ‚Τ‰w‘O¤‹Ζ’nζ,“s“Ή,–k,15,,,,ƒKƒX,…“Ή,‰Ί…“Ή,‘εδ’¬,,180 ,¤‹Ζ,–h‰Ξ,80 ,600 ,,,,,,,,,,
Z,13109 ,8 ,•iμ,5 ,21 ,•iμ‹ζ,’†‰„‚U’–Ϊ‚V‚S‚W”Τ‚V,’†‰„‚U|‚R|‚W,"1,440,000 ","1,230,000 ",17.1 ,222 ,,1,1.5,“X•ά“‹¤“―Z‘ξ,‚q‚b,5F,,“X•άA‹¤“―Z‘ξA––±‚ª‚Ώ•ΐ‚Τ¤‹Ζ’nζ,‘“Ή,“,25,,‘¤“Ή,“μ,ƒKƒX,…“Ή,‰Ί…“Ή,’†‰„,,150 ,¤‹Ζ,–h‰Ξ,80 ,400 ,,,,,,,,,,
Z,13109 ,8 ,•iμ,5 ,22 ,•iμ‹ζ,‘εθ‚R’–Ϊ‚Q‚X‚U”Τ‚P‚W,‘εθ‚R|‚U|‚X,"3,390,000 ","2,890,000 ",17.3 ,128 ,,1,2.5,––±,‚r‚q‚b,8F,,’†‚‘w‚Μ“X•άA––±A‹¤“―Z‘ξ‚Μ‘½‚Ά¤‹Ζ’nζ,‹ζ“Ή,“,15,,,,ƒKƒX,…“Ή,‰Ί…“Ή,‘εθ,,90 ,¤‹Ζ,–h‰Ξ,80 ,500 ,,,,,,,,,,
Z,13109 ,8 ,•iμ,5 ,23 ,•iμ‹ζ,“‘εδ‚P’–Ϊ‚P‚Q‚V‚Q”Τ‚P‚T,“‘εδ‚P|‚Q‚P|‚S,"1,430,000 ","1,220,000 ",17.2 ,412 ,‘δ`,1,1.2,––±“ΤΙ,‚r‚q‚b,8F,,‚‘w‚Μ––±A‹¤“―Z‘ξ“™‚ª‚Ώ•ΐ‚Τ¤‹Ζ’nζ,‘“Ή,–kΌ,23,,,,ƒKƒX,…“Ή,‰Ί…“Ή,LF,,220 ,¤‹Ζ,–h‰Ξ,80 ,500 ,,,,,,,,,,
Z,13109 ,8 ,•iμ,5 ,24 ,•iμ‹ζ,“μ•iμ‚S’–Ϊ‚T‚R‚S”Τ‚Q‚O,“μ•iμ‚S|‚P‚V|‚U,"1,030,000 ","879,000 ",17.2 ,238 ,,1,3,––±,‚q‚b,4F,1B,¬”„“X•άA–‹Ζ“™‚ª¬έ‚·‚ι‹ί—Χ¤‹Ζ’nζ,‹ζ“Ή,“,12,,,,ƒKƒX,…“Ή,‰Ί…“Ή,V”nκ,,350 ,‹ί¤,€–h,80 ,300 ,,,,,,,,,,
Z,13109 ,8 ,•iμ,5 ,25 ,•iμ‹ζ,“•iμ‚Q’–Ϊ‚R”Τ‚P‚SO,“•iμ‚Q|‚Q|‚Q‚W,"2,170,000 ","1,860,000 ",16.7 ,"1,031 ",‘δ`,2.5,1,––±,‚r‚q‚b,8F,,‚‘wƒ}ƒ“ƒVƒ‡ƒ“‚Μ‚Ω‚©––±‚ΰέ‚·‚ι¤‹Ζ’nζ,“s“Ή,“μ,30,,‘¤“Ή,“,ƒKƒX,…“Ή,‰Ί…“Ή,“V‰¤FƒAƒCƒ‹,,240 ,¤‹Ζ,–h‰Ξ,80 ,500 ,,,,,,,,,,
Z,13109 ,8 ,•iμ,5 ,26 ,•iμ‹ζ,“‘εδ‚T’–Ϊ‚T‚O‚O”Τ‚Q‚RO,“‘εδ‚T|‚P‚O|‚Q,"2,070,000 ","1,770,000 ",16.9 ,188 ,‘δ`,1.2,1,“X•ά“‹¤“―Z‘ξ,‚r,8F,,“X•ά“‹¤“―Z‘ξA¬”„“X•ά“™‚ª‚Ώ•ΐ‚Τ¤‹Ζ’nζ,“s“Ή,“μ,15,,”w–Κ“Ή,,ƒKƒX,…“Ή,‰Ί…“Ή,‘εδ’¬,,330 ,¤‹Ζ,–h‰Ξ,80 ,600 ,,,,,,,,,,
Z,13109 ,8 ,•iμ,5 ,27 ,•iμ‹ζ,“’†‰„‚Q’–Ϊ‚S‚S‚T”Τ‚RO,“’†‰„‚Q|‚P‚O|‚P‚W,"1,180,000 ","1,060,000 ",11.3 ,147 ,‘δ`,1,1.5,“X•ά“Z‘ξ,‚r,3F,,ωH“XA¬”„“X•ά‚ª‚Ώ•ΐ‚Τ‹ί—Χ¤‹Ζ’nζ,‹ζ“Ή,Ό,6.1,,,,ƒKƒX,…“Ή,‰Ί…“Ή,’†‰„,,170 ,‹ί¤,–h‰Ξ,80 ,400 ,,,,,,,,,,
Z,13109 ,8 ,•iμ,5 ,28 ,•iμ‹ζ,‰`΄‚S’–Ϊ‚P‚T‚V”Τ‚QO,‰`΄‚S|‚P|‚S,"1,700,000 ","1,460,000 ",16.4 ,145 ,,1,3,“X•ά“‹¤“―Z‘ξ,‚r,8F,,²ό‰‚Ά‚Μ“X•ά“‹¤“―Z‘ξ‚πε‚Ζ‚·‚ι¤‹Ζ’nζ,“s“Ή,–k“,15,,,,ƒKƒX,…“Ή,‰Ί…“Ή,•‘ ¬R,,400 ,¤‹Ζ,–h‰Ξ,80 ,500 ,,,,,,,,,,
Z,13109 ,8 ,•iμ,9 ,1 ,•iμ‹ζ,”ª’ª‚Q’–Ϊ‚V”Τ,”ª’ª‚Q|‚V|‚W,"565,000 ","510,000 ",10.8 ,"51,048 ",,1.5,1,––±“Hκ,‚r,2F,,‘ε‹K–Ν‘qΙA`p{έ“™‚ª‚Ώ•ΐ‚Τ—¬’Κ‹Ζ–±’nζ,“s“Ή,“μΌ,50,,O•ϋH,,ƒKƒX,…“Ή,‰Ί…“Ή,‘εδ‹£”nκ‘O,,"1,800 ",€H,€–h,60 ,300 ,,,,,,,,,,
Z,13110 ,8 ,–Ϊ•,0 ,1 ,–Ϊ•‹ζ,`‚Μ–Ψβ‚Q’–Ϊ‚P‚W‚X”Τ‚X,`‚Μ–Ψβ‚Q|‚Q‚T|‚Q‚T,"1,130,000 ","1,010,000 ",11.9 ,193 ,,1,1.5,Z‘ξ,‚v,2F,,’α‘wκ”ΚZ‘ξ‚ª‘½‚ΆΥΓ‚ΘZ‘ξ’nζ,‹ζ“Ή,–k,5.4,,,,ƒKƒX,…“Ή,‰Ί…“Ή,“s—§‘εw,,840 ,‚P’ακ,€–h,50 ,100 ,,,,,,,,,,
Z,13110 ,8 ,–Ϊ•,0 ,2 ,–Ϊ•‹ζ,’†’¬‚P’–Ϊ‚X‚U‚U”Τ‚T‚Q,’†’¬‚P|‚P‚P|‚P‚S,"933,000 ","815,000 ",14.5 ,114 ,‘δ`,1,1.2,Z‘ξ,‚r,3F,,’α‘wκ”ΚZ‘ξ‚Ζ‹¤“―Z‘ξ‚ª¬έ‚·‚ιZ‘ξ’nζ,‹ζ“Ή,–kΌ,5.1,,,,ƒKƒX,…“Ή,‰Ί…“Ή,—S“V›,,"1,100 ",‚P’†κ,€–h,60 ,200 ,,,,,,,,,,
Z,13110 ,8 ,–Ϊ•,0 ,3 ,–Ϊ•‹ζ,’†–Ϊ•‚R’–Ϊ‚T‚R‚T”Τ‚Q‚W,’†–Ϊ•‚R|‚P‚S|‚V,"1,440,000 ","1,280,000 ",12.5 ,330 ,,1,2,Z‘ξ,‚q‚b,2F,,’†‹K–Νκ”ΚZ‘ξ‚ª‘½‚ΆΥΓ‚ΘZ‘ξ’nζ,‹ζ“Ή,“μ“,5.5,,,,ƒKƒX,…“Ή,‰Ί…“Ή,’†–Ϊ•,,700 ,‚P’ακ,€–h,50 ,100 ,,,,,,,,,,
Z,13110 ,8 ,–Ϊ•,0 ,4 ,–Ϊ•‹ζ,–Ϊ•–{’¬‚T’–Ϊ‚P‚O‚T”Τ‚P,–Ϊ•–{’¬‚T|‚R‚P|‚W,"932,000 ","822,000 ",13.4 ,111 ,,1,1.5,Z‘ξ,‚v,2F,,κ”ΚZ‘ξAƒAƒp[ƒg“™‚ª¬έ‚·‚ιZ‘ξ’nζ,‹ζ“Ή,“μ,4,,,,ƒKƒX,…“Ή,‰Ί…“Ή,•‘ ¬R,,550 ,‚PZ‹,€–h,60 ,200 ,,,,,,,,,,
Z,13110 ,8 ,–Ϊ•,0 ,5 ,–Ϊ•‹ζ,•½’¬‚P’–Ϊ‚P‚V‚V”Τ‚W,•½’¬‚P|‚P‚S|‚P‚W,"1,180,000 ","1,050,000 ",12.4 ,198 ,,1,2,Z‘ξ,‚v,2F,,’†‹K–Νκ”ΚZ‘ξ‚ª‚Ώ•ΐ‚ΤΥΓ‚ΘZ‘ξ’nζ,‹ζ“Ή,–kΌ,6,,,,ƒKƒX,…“Ή,‰Ί…“Ή,“s—§‘εw,,450 ,‚P’ακ,€–h,50 ,100 ,,,,,,,,,,
Z,13110 ,8 ,–Ϊ•,0 ,6 ,–Ϊ•‹ζ,©—R‚ª‹u‚Q’–Ϊ‚P‚Q‚R”Τ‚W,©—R‚ª‹u‚Q|‚P‚W|‚Q‚U,"1,650,000 ","1,450,000 ",13.8 ,308 ,,1,1,Z‘ξ,‚q‚b,2F,,’†‹K–ΝΘγ‚Μκ”ΚZ‘ξ‚ª‘½‚ΆΥΓ‚ΘZ‘ξ’nζ,‹ζ“Ή,–k,5.4,,,,ƒKƒX,…“Ή,‰Ί…“Ή,©—R‚ª‹u,,500 ,‚P’ακ,€–h,50 ,100 ,,,,,*,13110,0 ,1 ,"1,530,000 ",7.8 
Z,13110 ,8 ,–Ϊ•,0 ,7 ,–Ϊ•‹ζ,Β—t‘δ‚Q’–Ϊ‚T‚Q‚Q”Τ‚U‚XO,Β—t‘δ‚Q|‚Q|‚P‚V,"2,170,000 ","1,920,000 ",13.0 ,346 ,,1,1,Z‘ξ,‚q‚b,3F,1B,’†‹K–ΝΘγ‚Μ—D—ΗZ‘ξ‚ª‘½‚ΆΒ‹«‚Μ—Η‚ΆZ‘ξ’nζ,‹ζ“Ή,“μΌ,5.4,,,,ƒKƒX,…“Ή,‰Ί…“Ή,_ς,,720 ,‚P’ακ,€–h,50 ,100 ,,,,,,,,,,
Z,13110 ,8 ,–Ϊ•,0 ,8 ,–Ϊ•‹ζ,Β—t‘δ‚S’–Ϊ‚T‚W‚O”Τ‚V,Β—t‘δ‚S|‚U|‚P‚X,"2,450,000 ","2,080,000 ",17.8 ,681 ,‘δ`,1,2,‹¤“―Z‘ξ,‚q‚b,6F,1B,’†‹K–Νƒ}ƒ“ƒVƒ‡ƒ“‚ª‘½‚Ά²ό‰‚Ά‚ΜZ‘ξ’nζ,“s“Ή,–k,20,,,,ƒKƒX,…“Ή,‰Ί…“Ή,_ς,,550 ,‚PZ‹,€–h,60 ,300 ,,,,,,,,,,
Z,13110 ,8 ,–Ϊ•,0 ,9 ,–Ϊ•‹ζ,γ–Ϊ•‚R’–Ϊ‚P‚V‚V‚Q”Τ‚P‚S,γ–Ϊ•‚R|‚Q‚S|‚P‚O,"1,360,000 ","1,180,000 ",15.3 ,161 ,,1,1.5,Z‘ξ,‚v,2F,,’†‹K–Ν’α‘wZ‘ξ‚ª‘½‚Ά‚‘δ‚ΜΥΓ‚ΘZ‘ξ’nζ,‹ζ“Ή,–kΌ,5.5,,,,ƒKƒX,…“Ή,‰Ί…“Ή,’†–Ϊ•,,550 ,‚P’ακ,€–h,60 ,150 ,,,,,,,,,,
Z,13110 ,8 ,–Ϊ•,0 ,10 ,–Ϊ•‹ζ,“R‚R’–Ϊ‚P‚O‚Q‚P”Τ‚Q,“R‚R|‚P‚Q|‚P‚O,"1,340,000 ","1,170,000 ",14.5 ,137 ,,1.2,1,Z‘ξ,‚v,2F,,κ”ΚZ‘ξA‹¤“―Z‘ξ‚ΙA“X•ά‚ΰ©‚η‚κ‚ιZ‘ξ’nζ,‹ζ“Ή,“μΌ,7.2,,‘¤“Ή,“μ“,ƒKƒX,…“Ή,‰Ί…“Ή,’rK‘ε‹΄,,280 ,‚PZ‹,€–h,60 ,200 ,,,,,,,,,,
Z,13110 ,8 ,–Ϊ•,0 ,11 ,–Ϊ•‹ζ,O“c‚Q’–Ϊ‚P”Τ‚P‚W‚U,O“c‚Q|‚P‚W|‚P‚O,"1,470,000 ","1,300,000 ",13.1 ,264 ,,1,2.5,Z‘ξ,‚r,3F,,’†‹K–Νκ”ΚZ‘ξA‹¤“―Z‘ξ‚ª‚Ώ•ΐ‚ΤZ‘ξ’nζ,‹ζ“Ή,–k“,4.6,,,,ƒKƒX,…“Ή,‰Ί…“Ή,–Ϊ•,,780 ,‚P’ακ,€–h,60 ,150 ,,,,,,,,,,
Z,13110 ,8 ,–Ϊ•,0 ,12 ,–Ϊ•‹ζ,—S“V›‚P’–Ϊ‚Q‚P‚T‚R”Τ‚Q‚Q,—S“V›‚P|‚Q‚T|‚S,"1,180,000 ","1,030,000 ",14.6 ,203 ,,1,1.5,Z‘ξ,‚k‚r,2F,,κ”ΚZ‘ξA‹¤“―Z‘ξ“™‚ª‚Ώ•ΐ‚ΤZ‘ξ’nζ,‹ζ“Ή,–k“,4.5,,,,ƒKƒX,…“Ή,‰Ί…“Ή,—S“V›,,400 ,‚P’ακ,€–h,60 ,150 ,,,,,*,13110,0 ,5 ,"1,100,000 ",7.3 
Z,13110 ,8 ,–Ϊ•,0 ,13 ,–Ϊ•‹ζ,”θ•¶’J‚S’–Ϊ‚R‚S”Τ‚P‚Q,”θ•¶’J‚S|‚P‚Q|‚P‚S,"1,130,000 ","1,000,000 ",13.0 ,167 ,,1,2,Z‘ξ,‚v,3F,,κ”ΚZ‘ξ‚Μ‚Ω‚©ƒ}ƒ“ƒVƒ‡ƒ“‚ΰ©‚η‚κ‚ιZ‘ξ’nζ,‹ζ“Ή,–kΌ,5.9,,,,ƒKƒX,…“Ή,‰Ί…“Ή,“s—§‘εw,,830 ,‚P’ακ,€–h,60 ,150 ,,,,,,,,,,
Z,13110 ,8 ,–Ϊ•,0 ,14 ,–Ϊ•‹ζ,O“c‚Q’–Ϊ‚Q‚O‚T”Τ‚S,O“c‚Q|‚P|‚T,"2,000,000 ","1,730,000 ",15.6 ,400 ,,1.5,1,‹¤“―Z‘ξ,‚q‚b,8F,,ƒ}ƒ“ƒVƒ‡ƒ“A––±“™‚Μ¬έ‚·‚ιZ‘ξ’nζ,‹ζ“Ή,“,15,,,,ƒKƒX,…“Ή,‰Ί…“Ή,b”δυ,,620 ,‚PZ‹,€–h,60 ,300 ,,,,,,,,,,
Z,13110 ,8 ,–Ϊ•,0 ,15 ,–Ϊ•‹ζ,τ‘«‚Q’–Ϊ‚P‚S‚V‚S”Τ‚U,τ‘«‚Q|‚P‚S|‚Q‚O,"1,060,000 ","933,000 ",13.6 ,164 ,,1,2,Z‘ξ,‚v,2F,,’†‹K–Νκ”ΚZ‘ξ‚π’†S‚Ζ‚·‚ιZ‘ξ’nζ,‹ζ“Ή,–k,5.5,,,,ƒKƒX,…“Ή,‰Ί…“Ή,τ‘«,,330 ,‚P’ακ,€–h,50 ,100 ,,,,,,,,,,
Z,13110 ,8 ,–Ϊ•,0 ,16 ,–Ϊ•‹ζ,•½’¬‚Q’–Ϊ‚V‚P”Τ‚R,•½’¬‚Q|‚P|‚Q,"1,120,000 ","1,000,000 ",12.0 ,326 ,,1.2,1,‹¤“―Z‘ξ,‚q‚b,3F,,‰c‹ΖAƒ}ƒ“ƒVƒ‡ƒ““™‚ª‚Ώ•ΐ‚ΤZ‘ξ’nζ,“s“Ή,–k“,25,,,,ƒKƒX,…“Ή,‰Ί…“Ή,“s—§‘εw,,650 ,‚QZ‹,–h‰Ξ,60 ,300 ,,,,,,,,,,
Z,13110 ,8 ,–Ϊ•,0 ,17 ,–Ϊ•‹ζ,‰Ί–Ϊ•‚T’–Ϊ‚W‚W‚Q”Τ‚P‚U,‰Ί–Ϊ•‚T|‚P‚U|‚P‚V,"1,070,000 ","973,000 ",10.0 ,273 ,,1,1.5,‹¤“―Z‘ξ,‚q‚b,3F,,’†‹K–Νκ”ΚZ‘ξE‹¤“―Z‘ξ“™‚ª¬έ‚·‚ιZ‘ξ’nζ,‹ζ“Ή,–k,6,,,,ƒKƒX,…“Ή,‰Ί…“Ή,–Ϊ•,,"1,600 ",‚P’ακ,€–h,60 ,150 ,,,,,,,,,,
Z,13110 ,8 ,–Ϊ•,0 ,18 ,–Ϊ•‹ζ,–Ϊ•‚Q’–Ϊ‚V‚Q‚P”Τ‚PO,–Ϊ•‚Q|‚P|‚P‚W,"1,650,000 ","1,430,000 ",15.4 ,"1,001 ",,1,1,‹¤“―Z‘ξ,‚r‚q‚b,14F,,’†‹K–Ν‚Μ’†‚‘wƒ}ƒ“ƒVƒ‡ƒ“‚π’†S‚Ζ‚·‚ιZ‘ξ’nζ,‹ζ“Ή,–kΌ,15,,‘¤“Ή,“μΌ,ƒKƒX,…“Ή,‰Ί…“Ή,’†–Ϊ•,,"1,000 ",‚PZ‹,€–h,60 ,300 ,,,,,,,,,,
Z,13110 ,8 ,–Ϊ•,0 ,19 ,–Ϊ•‹ζ,’†ª‚Q’–Ϊ‚P‚P‚T”Τ‚P,’†ª‚Q|‚V|‚R,"1,390,000 ","1,200,000 ",15.8 ,933 ,‘δ`,1.2,1,‹¤“―Z‘ξ,‚q‚b,7F,,’†‚‘wƒ}ƒ“ƒVƒ‡ƒ““™‚ª‚Ώ•ΐ‚ΤZ‘ξ’nζ,‹ζ“Ή,“,8,,‘¤“Ή,“μ,ƒKƒX,…“Ή,‰Ί…“Ή,“s—§‘εw,,450 ,€H,€–h,60 ,200 ,,,,,,,,,,
Z,13110 ,8 ,–Ϊ•,0 ,20 ,–Ϊ•‹ζ,–Ϊ•–{’¬‚R’–Ϊ‚P‚R‚U”Τ‚PO,–Ϊ•–{’¬‚R|‚P‚U|‚U,"1,300,000 ","1,140,000 ",14.0 ,298 ,•s®`,1,2,μ‹ΖAZ‘ξ“‹¤“―Z‘ξ,‚q‚b,7F,,Z‘ξAƒAƒp[ƒgA–‹Ζ“™‚ª¬έ‚·‚ιZ‘ξ’nζ,“s“Ή,“μΌ,15,,”w–Κ“Ή,,ƒKƒX,…“Ή,‰Ί…“Ή,•‘ ¬R,,650 ,‚PZ‹,€–h,60 ,300 ,,,,,,,,,,
Z,13110 ,8 ,–Ϊ•,0 ,21 ,–Ϊ•‹ζ,‹ξκ‚S’–Ϊ‚W‚U‚P”Τ‚W‚T,‹ξκ‚S|‚R|‚R‚W,"1,550,000 ","1,350,000 ",14.8 ,361 ,,1.5,1,Z‘ξ,‚v,2F,,’†‹K–ΝΘγ‚Μκ”ΚZ‘ξ‚ª‘½‚ΆZ‘ξ’nζ,‹ζ“Ή,Ό,7.2,,,,ƒKƒX,…“Ή,‰Ί…“Ή,‹ξκ“‘ε‘O,,520 ,‚P’ακ,€–h,50 ,100 ,,,,,,,,,,
Z,13110 ,8 ,–Ϊ•,0 ,22 ,–Ϊ•‹ζ,Β—t‘δ‚R’–Ϊ‚T‚O‚R”Τ‚R,Β—t‘δ‚R|‚T|‚S‚S,"3,660,000 ","3,150,000 ",16.2 ,502 ,•s®`,2,1,‹¤“―Z‘ξ,‚r‚q‚b,14F,,‚‘wƒ}ƒ“ƒVƒ‡ƒ“A–‹Ζ“™‚ª¬έ‚·‚ι’nζ,‘“Ή,–kΌ,40,,‘¤“Ή,Ό,ƒKƒX,…“Ή,‰Ί…“Ή,_ς,,590 ,¤‹Ζ,–h‰Ξ,80 ,600 ,,,,,,,,,,
Z,13110 ,8 ,–Ϊ•,0 ,23 ,–Ϊ•‹ζ,ά–{–Ψ‚Q’–Ϊ‚Q‚U‚O‚V”Τ‚V‚S,ά–{–Ψ‚Q|‚T‚O|‚P‚R,"1,130,000 ","996,000 ",13.5 ,115 ,,1,1.5,Z‘ξ,‚v,2F,1B,κ”ΚZ‘ξ‚ª‘½‚­‹¤“―Z‘ξ“™‚ΰ¬έ‚·‚ιZ‘ξ’nζ,‹ζ“Ή,“μ,6,,,,ƒKƒX,…“Ή,‰Ί…“Ή,w|‘εw,,530 ,‚P’ακ,€–h,60 ,150 ,,,,,,,,,,
Z,13110 ,8 ,–Ϊ•,0 ,24 ,–Ϊ•‹ζ,’†ª‚Q’–Ϊ‚P‚O‚X”Τ‚X,’†ª‚Q|‚W|‚P‚S,"1,210,000 ","1,060,000 ",14.2 ,330 ,‘δ`,1.2,1,‹¤“―Z‘ξ,‚q‚b,4F,,‹¤“―Z‘ξAκ”ΚZ‘ξ‚ª‚Ώ•ΐ‚ΤΥΓ‚ΘZ‘ξ’nζ,‹ζ“Ή,“μΌ,6,,,,ƒKƒX,…“Ή,‰Ί…“Ή,“s—§‘εw,,520 ,‚P’†κ,€–h,60 ,200 ,,,,,,,,,,
Z,13110 ,8 ,–Ϊ•,0 ,25 ,–Ϊ•‹ζ,‘ι”Τ‚P’–Ϊ‚P‚U‚X”Τ‚U,‘ι”Τ‚P|‚P‚S|‚P‚Q,"1,340,000 ","1,180,000 ",13.6 ,161 ,,1,2,Z‘ξ,‚v,2F,,’†‹K–Νκ”ΚZ‘ξ‚ª‘½‚ΆΥΓ‚ΘZ‘ξ’nζ,‹ζ“Ή,“μ,5.4,,,,ƒKƒX,…“Ή,‰Ί…“Ή,w|‘εw,,390 ,‚P’ακ,€–h,60 ,150 ,,,,,,,,,,
Z,13110 ,8 ,–Ϊ•,0 ,26 ,–Ϊ•‹ζ,—Ξ‚ª‹u‚R’–Ϊ‚R‚P‚W‚Q”Τ‚P,—Ξ‚ª‹u‚R|‚T|‚P‚T,"940,000 ","851,000 ",10.5 ,142 ,,1,2,‹¤“―Z‘ξ,‚k‚r,2F,,κ”ΚZ‘ξA‹¤“―Z‘ξ‚ª‚Ώ•ΐ‚ΤZ‘ξ’nζ,‹ζ“Ή,–k,4.5,,,,ƒKƒX,…“Ή,‰Ί…“Ή,—Ξ‚ª‹u,,220 ,‚P’ακ,€–h,60 ,150 ,,,,,,,,,,
Z,13110 ,8 ,–Ϊ•,0 ,27 ,–Ϊ•‹ζ,Β—t‘δ‚R’–Ϊ‚R‚P‚S”Τ‚R,Β—t‘δ‚R|‚P‚R|‚P‚S,"1,630,000 ","1,420,000 ",14.8 ,186 ,,1,2,“X•ά“‹¤“―Z‘ξ,‚q‚b,4F,1B,‹¤“―Z‘ξA––±A“X•ά“™‚ª¬έ‚·‚ιZ‘ξ’nζ,‹ζ“Ή,–kΌ,7.2,,,,ƒKƒX,…“Ή,‰Ί…“Ή,’rK‘ε‹΄,,760 ,‚PZ‹,€–h,60 ,300 ,,,,,,,,,,
Z,13110 ,8 ,–Ϊ•,0 ,28 ,–Ϊ•‹ζ,‘ε‰ªR‚P’–Ϊ‚W‚U”Τ‚P‚W,‘ε‰ªR‚P|‚S|‚P‚Q,"1,010,000 ","899,000 ",12.3 ,125 ,,1,2,Z‘ξ,‚v,2F,,’†¬‹K–Νκ”ΚZ‘ξA‹¤“―Z‘ξ‚ª‚Ώ•ΐ‚ΤZ‘ξ’nζ,‹ζ“Ή,Ό,4.6,,,,ƒKƒX,…“Ή,‰Ί…“Ή,‘ε‰ªR,,520 ,‚P’ακ,€–h,60 ,150 ,,,,,,,,,,
Z,13110 ,8 ,–Ϊ•,0 ,29 ,–Ϊ•‹ζ,‘ε‹΄‚Q’–Ϊ‚U‚Q‚W”Τ‚P‚O,‘ε‹΄‚Q|‚V|‚P‚O,"1,270,000 ","1,130,000 ",12.4 ,245 ,‘δ`,1,1.2,‹¤“―Z‘ξ,‚q‚b,4F,,ΛZ‘ξA‹¤“―Z‘ξ“™‚ª¬έ‚·‚ιZ‘ξ’nζ,‹ζ“Ή,Ό,7.6,,,,ƒKƒX,…“Ή,‰Ί…“Ή,’rK‘ε‹΄,,600 ,‚Q’†κ,€–h,60 ,200 ,,,,,,,,,,
Z,13110 ,8 ,–Ϊ•,0 ,30 ,–Ϊ•‹ζ,‰Ί–Ϊ•‚Q’–Ϊ‚Q‚Q‚O”Τ‚PO,‰Ί–Ϊ•‚Q|‚P‚O|‚P‚O,"1,110,000 ","970,000 ",14.4 ,276 ,,1,2,––±“‹¤“―Z‘ξ,‚q‚b,3F,,κ”ΚZ‘ξA‹¤“―Z‘ξA¬”„“X•ά“™‚Μ¬έ‚·‚ι’nζ,‹ζ“Ή,“μΌ,6,,,,ƒKƒX,…“Ή,‰Ί…“Ή,–Ϊ•,,740 ,€H,€–h,60 ,300 ,,,,,,,,,,
Z,13110 ,8 ,–Ϊ•,0 ,31 ,–Ϊ•‹ζ,–Ϊ•–{’¬‚Q’–Ϊ‚X”Τ‚X,–Ϊ•–{’¬‚Q|‚P‚T|‚Q‚O,"1,020,000 ","906,000 ",12.6 ,376 ,‘δ`,1,1,‹¤“―Z‘ξ“––±,‚r,3F,,‹¤“―Z‘ξ‚π’†S‚Ιμ‹Ζ“™‚ΰ‚έ‚η‚κ‚ιZ‘ξ’nζ,‹ζ“Ή,–kΌ,8,,,,ƒKƒX,…“Ή,‰Ί…“Ή,w|‘εw,,960 ,€H,€–h,60 ,200 ,,,,,,,,,,
Z,13110 ,8 ,–Ϊ•,0 ,32 ,–Ϊ•‹ζ,”ª‰_‚Q’–Ϊ‚Q‚S”Τ‚U,”ª‰_‚Q|‚P‚U|‚P‚X,"1,120,000 ","1,000,000 ",12.0 ,143 ,,1,2,Z‘ξ,‚v,2F,,κ”ΚZ‘ξ“™‚ª‚Ώ•ΐ‚Τ‹ζ‰ζ®‘R‚Ζ‚µ‚½Z‘ξ’nζ,‹ζ“Ή,–k,6.4,,,,ƒKƒX,…“Ή,‰Ί…“Ή,“s—§‘εw,,890 ,‚P’ακ,€–h,60 ,150 ,,,,,,,,,,
Z,13110 ,8 ,–Ϊ•,5 ,1 ,–Ϊ•‹ζ,©—R‚ª‹u‚P’–Ϊ‚V”Τ‚V,©—R‚ª‹u‚P|‚V|‚P‚R,"4,730,000 ","4,120,000 ",14.8 ,418 ,‘δ`,1,1,“X•ά“––±,‚q‚b,7F,,‘ε^“XAeνκ–ε“X“™‚ª‚Ώ•ΐ‚Τ”Ι‰Ψ‚Θ¤‹Ζ’nζ,‹ζ“Ή,–k,6.2,,‘¤“Ή,Ό,ƒKƒX,…“Ή,‰Ί…“Ή,©—R‚ª‹u,,100 ,¤‹Ζ,–h‰Ξ,80 ,400 ,,,,,,,,,,
Z,13110 ,8 ,–Ϊ•,5 ,2 ,–Ϊ•‹ζ,γ–Ϊ•‚R’–Ϊ‚P‚W‚U‚O”Τ‚UO,γ–Ϊ•‚R|‚S|‚R,"6,000,000 ","5,200,000 ",15.4 ,155 ,‘δ`,1,1,“X•άA––±“Z‘ξ,‚q‚b,6F,,’†‚‘w“X•ά“––±ƒrƒ‹‚ª‚Ώ•ΐ‚Τ‰w‘O¤‹Ζ’nζ,“s“Ή,–k“,35,,‘¤“Ή,–kΌ,ƒKƒX,…“Ή,‰Ί…“Ή,’†–Ϊ•,‹ίΪ,0 ,¤‹Ζ,–h‰Ξ,80 ,500 ,,,,,*,13110,5 ,3 ,"5,600,000 ",7.1 
Z,13110 ,8 ,–Ϊ•,5 ,3 ,–Ϊ•‹ζ,’†–Ϊ•‚R’–Ϊ‚S‚W‚S”Τ‚T,’†–Ϊ•‚R|‚Q‚R|‚P‚U,"1,210,000 ","1,080,000 ",12.0 ,145 ,,1,2,“X•ά“‹¤“―Z‘ξ,‚q‚b,3F,,’†’α‘w“X•άA‹¤“―Z‘ξ“™‚ª©‚η‚κ‚ι‹ί—Χ¤‹Ζ’nζ,“s“Ή,–kΌ,15,,‘¤“Ή,“μΌ,ƒKƒX,…“Ή,‰Ί…“Ή,’†–Ϊ•,,700 ,‹ί¤,€–h,80 ,300 ,,,,,,,,,,
Z,13110 ,8 ,–Ϊ•,5 ,4 ,–Ϊ•‹ζ,—S“V›‚Q’–Ϊ‚P‚P‚R‚W”Τ‚P‚V,—S“V›‚Q|‚R|‚P‚P,"1,330,000 ","1,170,000 ",13.7 ,142 ,‘δ`,1,1.5,“X•ά“––±,‚q‚b,3F,,¬”„“X•άAωH“X•ά“™‚ª‚Ώ•ΐ‚Τ‰w‘O‚Μ¤‹Ζ’nζ,‹ζ“Ή,“μΌ,6.9,,,,ƒKƒX,…“Ή,‰Ί…“Ή,—S“V›,,130 ,‹ί¤,€–h,80 ,300 ,,,,,*,13110,5 ,5 ,"1,230,000 ",8.1 
Z,13110 ,8 ,–Ϊ•,5 ,5 ,–Ϊ•‹ζ,”ª‰_‚S’–Ϊ‚W”Τ‚QO,”ª‰_‚S|‚P|‚P‚X,"1,150,000 ","1,030,000 ",11.7 ,255 ,,1,1.5,“X•ά“‹¤“―Z‘ξ,‚q‚b,3F,,‹ξ‘ς’Κ‚θ‰‚Ά‚Ε“X•ά“™‚ª‚έ‚η‚κ‚ι‹ί—Χ¤‹Ζ’nζ,“s“Ή,–k,15,,,,ƒKƒX,…“Ή,‰Ί…“Ή,“s—§‘εw,,"1,100 ",‚P’†κ,€–h,60 ,200 ,,,,,,,,,,
Z,13110 ,8 ,–Ϊ•,5 ,6 ,–Ϊ•‹ζ,‘ι”Τ‚Q’–Ϊ‚P‚W‚X”Τ‚Q,‘ι”Τ‚Q|‚P‚X|‚Q‚O,"2,350,000 ","2,050,000 ",14.6 ,105 ,,1,1.2,“X•ά,‚q‚b,3F,1B,’†¬‹K–Ν‚Μ¬”„“X•ά“™‚ª‚Ώ•ΐ‚Τ‰w‘O‚Μ¤‹Ζ’nζ,‹ζ“Ή,–k,6.2,,,,ƒKƒX,…“Ή,‰Ί…“Ή,w|‘εw,,70 ,¤‹Ζ,–h‰Ξ,80 ,400 ,,,,,,,,,,
Z,13110 ,8 ,–Ϊ•,5 ,7 ,–Ϊ•‹ζ,Β—t‘δ‚P’–Ϊ‚P‚R‚O‚O”Τ‚P,Β—t‘δ‚P|‚Q‚V|‚P‚Q,"3,050,000 ","2,650,000 ",15.1 ,193 ,,1.5,1,“X•άA––±“‹¤“―Z‘ξ,‚q‚b,8F,1B,’†‚‘w‚Μ“X•ά•tƒ}ƒ“ƒVƒ‡ƒ““™‚ª‚Ώ•ΐ‚Τ¤‹Ζ’nζ,“s“Ή,“μΌ,30,,,,ƒKƒX,…“Ή,‰Ί…“Ή,’†–Ϊ•,,600 ,¤‹Ζ,–h‰Ξ,80 ,500 ,,,,,,,,,,
Z,13110 ,8 ,–Ϊ•,5 ,8 ,–Ϊ•‹ζ,‰Ί–Ϊ•‚U’–Ϊ‚X‚X‚P”Τ‚R‚O,‰Ί–Ϊ•‚U|‚P‚V|‚Q‚P,"1,480,000 ","1,320,000 ",12.1 ,125 ,,1,1.5,“X•άA––±“‹¤“―Z‘ξ,‚r‚q‚b,7F,,’†‚‘w“X•ά•t‹¤“―Z‘ξA––±“™‚ª‘½‚Ά¤‹Ζ’nζ,“s“Ή,–kΌ,25,,,,ƒKƒX,…“Ή,‰Ί…“Ή,w|‘εw,,"1,200 ",¤‹Ζ,–h‰Ξ,80 ,400 ,,,,,,,,,,
Z,13110 ,8 ,–Ϊ•,5 ,9 ,–Ϊ•‹ζ,•½’¬‚P’–Ϊ‚Q‚P‚T”Τ‚Q‚PO,•½’¬‚P|‚Q‚V|‚P,"2,480,000 ","2,140,000 ",15.9 ,200 ,,1,1.5,“X•ά,‚q‚b,4F,1B,’†¬‹K–Ν‚Μ“X•άƒrƒ‹“™‚ª‚Ώ•ΐ‚Τ‰w‘O‚Μ¤‹Ζ’nζ,‹ζ“Ή,–k“,11,,‘¤“Ή,–kΌ,ƒKƒX,…“Ή,‰Ί…“Ή,“s—§‘εw,‹ίΪ,0 ,¤‹Ζ,–h‰Ξ,80 ,400 ,,,,,,,,,,
Z,13110 ,8 ,–Ϊ•,5 ,10 ,–Ϊ•‹ζ,©—R‚ª‹u‚P’–Ϊ‚P‚S‚V”Τ‚P‚OO,©—R‚ª‹u‚P|‚Q‚S|‚T,"1,880,000 ","1,640,000 ",14.6 ,162 ,,1.2,1,“X•άA––±“Z‘ξ,‚q‚b,3F,,’†¬‹K–Ν¬”„“X•άAωH“X“™‚ª‚Ώ•ΐ‚Τ¤‹Ζ’nζ,“s“Ή,“,8,,,,ƒKƒX,…“Ή,‰Ί…“Ή,©—R‚ª‹u,,300 ,‹ί¤,€–h,80 ,300 ,,,,,,,,,,
Z,13110 ,8 ,–Ϊ•,5 ,11 ,–Ϊ•‹ζ,‰Ί–Ϊ•‚R’–Ϊ‚U‚O‚S”Τ‚UO,‰Ί–Ϊ•‚R|‚S|‚Q,"1,800,000 ","1,600,000 ",12.5 ,144 ,•s®`,1.5,1,––±“‹¤“―Z‘ξ,‚r‚q‚b,8F,,’†‚‘w‚Μ––±““X•ά•t‹¤“―Z‘ξ‚ª‘½‚Ά¤‹Ζ’nζ,“s“Ή,–k“,32,,,,ƒKƒX,…“Ή,‰Ί…“Ή,–Ϊ•,,750 ,¤‹Ζ,–h‰Ξ,80 ,500 ,,,,,,,,,,
Z,13110 ,8 ,–Ϊ•,5 ,12 ,–Ϊ•‹ζ,©—R‚ª‹u‚Q’–Ϊ‚Q‚R”Τ‚QO,©—R‚ª‹u‚Q|‚P‚P|‚R,"7,150,000 ","6,210,000 ",15.1 ,756 ,,1,2,‹βs“––±,‚r‚q‚b,9F,1B,‘εθ‹βs‚βωH“X•ά“™‚ª‚Ώ•ΐ‚Τ‰w‘O¤‹Ζ’nζ,‹ζ“Ή,“,0,‰w‘OLκ,O•ϋH,,ƒKƒX,…“Ή,‰Ί…“Ή,©—R‚ª‹u,‰w‘OLκΪ–Κ,0 ,¤‹Ζ,–h‰Ξ,80 ,600 ,,,,,,,,,,
Z,13110 ,8 ,–Ϊ•,5 ,13 ,–Ϊ•‹ζ,΄’¬‚P’–Ϊ‚P‚Q‚T‚U”Τ‚P‚W,΄’¬‚P|‚P‚P|‚Q,"1,180,000 ","1,050,000 ",12.4 ,82 ,,1,1.5,“X•ά“‹¤“―Z‘ξ,‚q‚b,4F,,¬‹K–Ν‚Μ¬”„“X•ά“™‚ª‚Ώ•ΐ‚Τ‰w‘O‚Μ¤‹Ζ’nζ,‹ζ“Ή,–k“,4.3,,,,ƒKƒX,…“Ή,‰Ί…“Ή,Ό¬R,,120 ,‹ί¤,€–h,80 ,300 ,,,,,,,,,,
Z,13110 ,8 ,–Ϊ•,5 ,14 ,–Ϊ•‹ζ,‹ξκ‚P’–Ϊ‚W‚R‚R”Τ‚T,‹ξκ‚P|‚P‚O|‚V,"1,160,000 ","1,050,000 ",10.5 ,93 ,‘δ`,1,1,“X•ά“‹¤“―Z‘ξ,‚q‚b,4F,,¬”„“X•άA“X•ά“Z‘ξ‚ª‚Ώ•ΐ‚Τ‹ί—Χ¤‹Ζ’nζ,‹ζ“Ή,–k,4.3,,‘¤“Ή,Ό,ƒKƒX,…“Ή,‰Ί…“Ή,‹ξκ“‘ε‘O,,210 ,‹ί¤,€–h,80 ,300 ,,,,,,,,,,
Z,13110 ,8 ,–Ϊ•,5 ,16 ,–Ϊ•‹ζ,‰Ί–Ϊ•‚P’–Ϊ‚P‚P‚X”Τ‚P‚QO,‰Ί–Ϊ•‚P|‚P|‚P‚P,"5,640,000 ","4,970,000 ",13.5 ,508 ,•s®`,1,1.5,“X•ά“––±,‚r,8F,,“X•ά“––±“™‚ª‚Ώ•ΐ‚Τ¤‹Ζ’nζ,“s“Ή,–k“,21.8,,‘¤“Ή,–kΌ,ƒKƒX,…“Ή,‰Ί…“Ή,–Ϊ•,,200 ,¤‹Ζ,–h‰Ξ,80 ,600 ,,,,,,,,,,
,13110 ,8 ,–Ϊ•,5 ,17 ,–Ϊ•‹ζ,–Ϊ•–{’¬‚T’–Ϊ‚Q‚Q”Τ‚RO,–Ϊ•–{’¬‚T|‚P|‚Q,"1,360,000 ",,,86 ,‘δ`,1,1.2,“X•ά“‹¤“―Z‘ξ,‚r,4F,,’†’α‘w‚Μ“X•ά“‹¤“―Z‘ξ“™‚ª‚Ώ•ΐ‚Τ¤‹Ζ’nζ,“s“Ή,–k“,20,,,,ƒKƒX,…“Ή,‰Ί…“Ή,•‘ ¬R,,230 ,‹ί¤,€–h,80 ,300 ,,,,,,,,,,
Z,13110 ,8 ,–Ϊ•,5 ,18 ,–Ϊ•‹ζ,“R‚R’–Ϊ‚X‚W‚Q”Τ‚P‚PO,“R‚R|‚P‚R|‚R,"1,350,000 ","1,170,000 ",15.4 ,89 ,,1,1.5,“X•ά“‹¤“―Z‘ξ,‚q‚b,6F,,¬”„“X•άAωH“X•ά“™‚ª‚Ώ•ΐ‚Τ‰w‘O‚Μ¤‹Ζ’nζ,‹ζ“Ή,–k“,7,,,,ƒKƒX,…“Ή,‰Ί…“Ή,’rK‘ε‹΄,,160 ,‹ί¤,€–h,80 ,300 ,,,,,,,,,,
Z,13111 ,8 ,‘ε“c,0 ,1 ,‘ε“c‹ζ,‘εX–k‚R’–Ϊ‚Q‚O‚V”Τ‚S,‘εX–k‚R|‚P‚W|‚W,"594,000 ","549,000 ",8.2 ,127 ,,1,2,Z‘ξ,‚q‚b,3F,,κ”ΚZ‘ξA‹¤“―Z‘ξ“™‚ª¬έ‚·‚ιZ‘ξ’nζ,‹ζ“Ή,–k,6,,,,ƒKƒX,…“Ή,‰Ί…“Ή,‘εXCέ,,500 ,‚PZ‹,€–h,60 ,300 ,,,,,,,,,,
Z,13111 ,8 ,‘ε“c,0 ,2 ,‘ε“c‹ζ,‹v‚ª΄‚S’–Ϊ‚U‚W‚X”Τ‚P‚O,‹v‚ª΄‚S|‚S‚Q|‚S,"672,000 ","631,000 ",6.5 ,173 ,,1,2,Z‘ξ,‚q‚b,2F,,’†‹K–Νκ”ΚZ‘ξ‚ª‘½‚Ά‹ζ‰ζ®‘R‚Ζ‚µ‚½Z‘ξ’nζ,‹ζ“Ή,–k,7,,,,ƒKƒX,…“Ή,‰Ί…“Ή,η’Ή’¬,,750 ,‚P’ακ,€–h,50 ,100 ,,,,,*,13111,0 ,11 ,"652,000 ",3.1 
Z,13111 ,8 ,‘ε“c,0 ,3 ,‘ε“c‹ζ,‘εXΌ‚R’–Ϊ‚Q‚P‚S”Τ‚T,‘εXΌ‚R|‚P‚W|‚Q‚Q,"593,000 ","548,000 ",8.2 ,132 ,,1,2.5,Z‘ξ,‚r,3F,,κ”ΚZ‘ξAƒAƒp[ƒgAγ‰@“™‚ª¬έ‚·‚ιZ‘ξ’nζ,‹ζ“Ή,Ό,5.8,,,,ƒKƒX,…“Ή,‰Ί…“Ή,‘εX’¬,,270 ,‚PZ‹,€–h,60 ,200 ,,,,,,,,,,
Z,13111 ,8 ,‘ε“c,0 ,4 ,‘ε“c‹ζ,“c‰€’²•z‚R’–Ϊ‚Q‚R”Τ‚R,“c‰€’²•z‚R|‚Q‚R|‚P‚T,"1,260,000 ","1,190,000 ",5.9 ,930 ,,1,1,Z‘ξ,‚q‚b,2F,1B,‘ε‹K–ΝZ‘ξ‚ª‚Ώ•ΐ‚Τ–ΌΊ‚Μ‚ ‚ιZ‘ξ’nζ,‹ζ“Ή,Ό,7,,,,ƒKƒX,…“Ή,‰Ί…“Ή,“c‰€’²•z,,280 ,‚P’ακ,€–h,40 ,80 ,,,,,,,,,,
Z,13111 ,8 ,‘ε“c,0 ,5 ,‘ε“c‹ζ,“α’J‚P’–Ϊ‚S‚U‚S”Τ‚R,“α’J‚P|‚R‚Q|‚P‚U,"647,000 ","609,000 ",6.2 ,144 ,,1,1.5,Z‘ξ,‚v,2F,,’†‹K–Νκ”ΚZ‘ξ‚ª‘½‚ΆΥΓ‚ΘZ‘ξ’nζ,‹ζ“Ή,Ό,6,,,,ƒKƒX,…“Ή,‰Ί…“Ή,τ‘«’r,,500 ,‚P’ακ,€–h,50 ,100 ,,,,,,,,,,
Z,13111 ,8 ,‘ε“c,0 ,6 ,‘ε“c‹ζ,’†”n‚P’–Ϊ‚Q‚R”Τ‚P‚W,’†”n‚P|‚P‚Q|‚T,"624,000 ","575,000 ",8.5 ,228 ,,1,2.5,Z‘ξ,‚v,2F,,’†‹K–Ν’φ“x‚Μκ”ΚZ‘ξ‚ª‚Ώ•ΐ‚ΤZ‘ξ’nζ,‹ζ“Ή,–k“,5.5,,,,ƒKƒX,…“Ή,‰Ί…“Ή,”n,,560 ,‚P’†κ,€–h,60 ,200 ,,,,,,,,,,
Z,13111 ,8 ,‘ε“c,0 ,7 ,‘ε“c‹ζ,“βο’J‚Q’–Ϊ‚X‚R‚P”Τ‚PO,“βο’J‚Q|‚Q|‚Q‚Q,"510,000 ","472,000 ",8.1 ,264 ,,1,1.5,HκA––±“Z‘ξ,‚r,3F,,¬HκA‹¤“―Z‘ξ‚Μ‚Ω‚©‚ΙZ‘ξ“™‚ª¬έ‚·‚ι’nζ,‹ζ“Ή,Ό,6.3,,,,ƒKƒX,…“Ή,‰Ί…“Ή,‘ε’Ή‹,,660 ,€H,€–h,60 ,200 ,,,,,,,,,,
Z,13111 ,8 ,‘ε“c,0 ,8 ,‘ε“c‹ζ,“μZ‹½‚Q’–Ϊ‚P‚O”Τ‚R‚S,“μZ‹½‚Q|‚W|‚P‚Q,"505,000 ","468,000 ",7.9 ,149 ,,1,1.2,––±“Z‘ξ,‚r,4F,,κ”ΚZ‘ξA¬HκA––±“™‚ª¬έ‚·‚ιZ‘ξ’nζ,‹ζ“Ή,–k“,5,,,,ƒKƒX,…“Ή,‰Ί…“Ή,GF,,700 ,€H,€–h,60 ,200 ,,,,,,,,,,
Z,13111 ,8 ,‘ε“c,0 ,9 ,‘ε“c‹ζ,‹v‚ª΄‚Q’–Ϊ‚P‚U‚O”Τ‚P,‹v‚ª΄‚Q|‚Q‚P|‚Q‚Q,"760,000 ","685,000 ",10.9 ,"2,401 ",,1,1.5,‹¤“―Z‘ξ,‚q‚b,12F,,‹¤“―Z‘ξA–‹ΖA“X•ά“™‚ª¬έ‚·‚ιZ‘ξ’nζ,‹ζ“Ή,“μΌ,10.9,,,,ƒKƒX,…“Ή,‰Ί…“Ή,Ό”n,,"1,100 ",€H,€–h,60 ,200 ,,,,,,,,,,
Z,13111 ,8 ,‘ε“c,0 ,10 ,‘ε“c‹ζ,R‰¤‚R’–Ϊ‚P‚T‚O‚O”Τ‚S‚Q,R‰¤‚R|‚R‚S|‚R,"835,000 ","775,000 ",7.7 ,231 ,,1,1.5,Z‘ξ,‚v,2F,,’†‹K–Νκ”ΚZ‘ξ‚ª‘½‚ΆΥΓ‚ΘZ‘ξ’nζ,‹ζ“Ή,–kΌ,5,,,,ƒKƒX,…“Ή,‰Ί…“Ή,‘εX,,420 ,‚P’†κ,€–h,60 ,200 ,,,,,,,,,,
Z,13111 ,8 ,‘ε“c,0 ,11 ,‘ε“c‹ζ,“μα’J‚Q’–Ϊ‚Q‚T‚W”Τ‚Q,“μα’J‚Q|‚Q|‚S,"996,000 ","902,000 ",10.4 ,993 ,‘δ`,1.5,1,‹¤“―Z‘ξ,‚r‚q‚b,11F,1B,‹¤“―Z‘ξ‚ª‘½‚­‚έ‚η‚κ‚ι‰w‚Ι‚ΰ‹ί‚ΆZ‘ξ’nζ,‹ζ“Ή,“μ“,6.1,,‘¤“Ή,–k“,ƒKƒX,…“Ή,‰Ί…“Ή,α‚ª’J‘ε’Λ,,190 ,‹ί¤,€–h,80 ,300 ,,,,,,,,,,
Z,13111 ,8 ,‘ε“c,0 ,12 ,‘ε“c‹ζ,‘εXΌ‚Q’–Ϊ‚Q‚V‚T”Τ‚PO,‘εXΌ‚Q|‚P‚T|‚U,"542,000 ","502,000 ",8.0 ,175 ,,1,2.5,Z‘ξ,‚k‚r,2F,,κ”ΚZ‘ξ‚ª‘½‚­A‹¤“―Z‘ξ“™‚ΰ©‚η‚κ‚ιZ‘ξ’nζ,‹ζ“Ή,–k,4,,,,ƒKƒX,…“Ή,‰Ί…“Ή,•½a“‡,,500 ,€H,€–h,60 ,200 ,,,,,,,,,,
Z,13111 ,8 ,‘ε“c,0 ,13 ,‘ε“c‹ζ,—“c‚S’–Ϊ‚R‚U”Τ‚TO,—“c‚S|‚R‚U|‚X,"671,000 ","610,000 ",10.0 ,135 ,,1,1.2,Z‘ξ“‹¤“―Z‘ξ,‚r,5F,,’†‹K–Νκ”ΚZ‘ξA‹¤“―Z‘ξ‚ª¬έ‚·‚ιZ‘ξ’nζ,‹ζ“Ή,“μ,6,,,,ƒKƒX,…“Ή,‰Ί…“Ή,—“c,,660 ,‚PZ‹,€–h,60 ,300 ,,,,,,,,,,
Z,13111 ,8 ,‘ε“c,0 ,14 ,‘ε“c‹ζ,’‡Z‹½‚R’–Ϊ‚P‚Q”Τ‚P‚RO,’‡Z‹½‚R|‚P‚R|‚Q,"508,000 ","470,000 ",8.1 ,157 ,,1,2,Z‘ξ,‚v,2F,,κ”ΚZ‘ξA‹¤“―Z‘ξ“™‚Μ¬έ‚·‚ιZ‘ξ’nζ,‹ζ“Ή,–k,5,,,,ƒKƒX,…“Ή,‰Ί…“Ή,GF,,400 ,€H,€–h,60 ,200 ,,,,,,,,,,
Z,13111 ,8 ,‘ε“c,0 ,15 ,‘ε“c‹ζ,‰ΊΫq‚Q’–Ϊ‚Q‚R‚T”Τ‚Q,‰ΊΫq‚Q|‚Q‚P|‚S,"509,000 ","470,000 ",8.3 ,214 ,,1,2,Z‘ξAHκ“––±“™,‚r,4F,1B,’†¬HκAκ”ΚZ‘ξA‹¤“―Z‘ξ“™‚ª¬έ‚·‚ι’nζ,‹ζ“Ή,–k“,6.5,,,,ƒKƒX,…“Ή,‰Ί…“Ή,•‘ V“c,,700 ,€H,€–h,60 ,200 ,,,,,,,,,,
Z,13111 ,8 ,‘ε“c,0 ,16 ,‘ε“c‹ζ,“μα’J‚R’–Ϊ‚U‚S‚Q”Τ‚P‚O,“μα’J‚R|‚P‚U|‚P‚X,"662,000 ","620,000 ",6.8 ,174 ,,1,2,Z‘ξ,‚k‚r,3F,,’†¬‹K–Νκ”ΚZ‘ξ‚Ι‹¤“―Z‘ξ‚ΰ©‚η‚κ‚ιZ‘ξ’nζ,‹ζ“Ή,–k,6.1,,,,ƒKƒX,…“Ή,‰Ί…“Ή,α‚ª’J‘ε’Λ,,540 ,‚P’ακ,€–h,50 ,100 ,,,,,,,,,,
Z,13111 ,8 ,‘ε“c,0 ,17 ,‘ε“c‹ζ,γ’r‘δ‚P’–Ϊ‚P‚O‚P‚R”Τ‚P‚Q,γ’r‘δ‚P|‚R‚T|‚T,"600,000 ","565,000 ",6.2 ,321 ,,1,1.2,Z‘ξ,‚v,2F,1B,κ”ΚZ‘ξ‚Μ‚Ω‚©‹¤“―Z‘ξ‚ΰ‚ ‚ιΥΓ‚ΘZ‘ξ’nζ,‹ζ“Ή,“,5,,,,ƒKƒX,…“Ή,‰Ί…“Ή,’·΄,,300 ,‚P’ακ,€–h,50 ,100 ,,,,,,,,,,
Z,13111 ,8 ,‘ε“c,0 ,18 ,‘ε“c‹ζ,Ό”n‚Q’–Ϊ‚R‚S”Τ‚VO,Ό”n‚Q|‚Q‚T|‚P‚R,"615,000 ","575,000 ",7.0 ,165 ,,1,1,Z‘ξ,‚v,2F,,’†‹K–Νκ”ΚZ‘ξAƒAƒp[ƒg‚ª¬έ‚·‚ιZ‘ξ’nζ,‹ζ“Ή,–k,6,,,,ƒKƒX,…“Ή,‰Ί…“Ή,Ό”n,,380 ,‚P’†κ,€–h,60 ,150 ,,,,,*,13111,0 ,8 ,"595,000 ",3.4 
Z,13111 ,8 ,‘ε“c,0 ,19 ,‘ε“c‹ζ,“—δ’¬‚P‚R‚S”Τ‚S‚W,“—δ’¬‚R‚S|‚P‚S,"624,000 ","583,000 ",7.0 ,304 ,,1,2,Z‘ξ,‚v,2F,,’†¬‹K–Νκ”ΚZ‘ξAƒAƒp[ƒg‚ª¬έ‚·‚ιZ‘ξ’nζ,‹ζ“Ή,“μ“,6,,,,ƒKƒX,…“Ή,‰Ί…“Ή,‹v‚ª΄,,150 ,‚P’ακ,€–h,50 ,100 ,,,,,,,,,,
Z,13111 ,8 ,‘ε“c,0 ,21 ,‘ε“c‹ζ,“μη‘©‚R’–Ϊ‚R‚P‚Q”Τ‚R,“μη‘©‚R|‚Q‚T|‚T,"749,000 ","686,000 ",9.2 ,266 ,,1,2,Z‘ξ,‚q‚b,2F,,’†‹K–Ν’φ“x‚Μκ”ΚZ‘ξ‚ª‘½‚ΆZ‘ξ’nζ,‹ζ“Ή,“,5.5,,,,ƒKƒX,…“Ή,‰Ί…“Ή,τ‘«’r,,510 ,‚P’ακ,€–h,50 ,100 ,,,,,,,,,,
Z,13111 ,8 ,‘ε“c,0 ,22 ,‘ε“c‹ζ,V—“c‚Q’–Ϊ‚P‚Q‚O”Τ‚R,V—“c‚Q|‚Q‚R|‚P‚T,"565,000 ","520,000 ",8.7 ,121 ,,1,2,Z‘ξ,‚k‚r,2F,,κ”ΚZ‘ξ‚Μ’†‚ΙƒAƒp[ƒg‚ª©‚η‚κ‚ιZ‘ξ’nζ,‹ζ“Ή,Ό,8,,,,ƒKƒX,…“Ή,‰Ί…“Ή,πΟΐ,,700 ,‚PZ‹,€–h,60 ,200 ,,,,,*,13111,0 ,16 ,"542,000 ",4.2 
Z,13111 ,8 ,‘ε“c,0 ,23 ,‘ε“c‹ζ,‰ΊΫq‚S’–Ϊ‚S‚S‚X”Τ‚P‚W,‰ΊΫq‚S|‚T|‚W,"582,000 ","536,000 ",8.6 ,81 ,,1,2,Z‘ξ,‚k‚r,2F,,κ”ΚZ‘ξAƒAƒp[ƒg“™‚ª¬έ‚·‚ιZ‘ξ’nζ,‹ζ“Ή,“,5.5,,,,ƒKƒX,…“Ή,‰Ί…“Ή,‰ΊΫq,,250 ,‚PZ‹,€–h,60 ,200 ,,,,,,,,,,
Z,13111 ,8 ,‘ε“c,0 ,24 ,‘ε“c‹ζ,’†‰›‚U’–Ϊ‚Q‚P‚R”Τ‚R,’†‰›‚U|‚Q‚O|‚Q,"567,000 ","534,000 ",6.2 ,165 ,‘δ`,1,1.5,Z‘ξ“‹¤“―Z‘ξ,‚k‚r,3F,,’†‹K–Νκ”ΚZ‘ξ‚Ι‹¤“―Z‘ξ‚ΰ©‚η‚κ‚ιZ‘ξ’nζ,‹ζ“Ή,–kΌ,5.5,,,,ƒKƒX,…“Ή,‰Ί…“Ή,’rγ,,"1,200 ",‚PZ‹,€–h,60 ,200 ,,,,,,,,,,
Z,13111 ,8 ,‘ε“c,0 ,25 ,‘ε“c‹ζ,Όβο’J‚S’–Ϊ‚P‚U‚S”Τ‚P,Όβο’J‚S|‚P‚X|‚X,"545,000 ","505,000 ",7.9 ,135 ,,1,1.2,Z‘ξ,‚v,2F,,κ”ΚZ‘ξ‚π’†S‚Ι–‹Ζ“™‚ΰ©‚η‚κ‚ιZ‘ξ’nζ,‹ζ“Ή,“,6,,,,ƒKƒX,…“Ή,‰Ί…“Ή,βο’J,,300 ,‚PZ‹,€–h,60 ,200 ,,,,,,,,,,
Z,13111 ,8 ,‘ε“c,0 ,26 ,‘ε“c‹ζ,‘εX’†‚R’–Ϊ‚S‚W‚S”Τ‚Q,‘εX’†‚R|‚Q‚X|‚S,"540,000 ","500,000 ",8.0 ,122 ,,1,1.5,Z‘ξ,‚v,2F,,κ”ΚZ‘ξAƒAƒp[ƒg“™‚ª¬έ‚·‚ιZ‘ξ’nζ,‹ζ“Ή,“,5.4,,,,ƒKƒX,…“Ή,‰Ί…“Ή,”~‰®•~,,590 ,‚PZ‹,€–h,60 ,200 ,,,,,*,13111,0 ,17 ,"525,000 ",2.9 
Z,13111 ,8 ,‘ε“c,0 ,27 ,‘ε“c‹ζ,“c‰€’²•z“μ‚T”Τ‚Q‚X,“c‰€’²•z“μ‚T|‚P‚R,"560,000 ","525,000 ",6.7 ,107 ,,1,2,Z‘ξ,‚v,2F,,κ”ΚZ‘ξ‚π’†S‚Ι‹¤“―Z‘ξ“™‚ΰ©‚η‚κ‚ιZ‘ξ’nζ,‹ζ“Ή,“μΌ,5.5,,,,ƒKƒX,…“Ή,‰Ί…“Ή,‰L‚Μ–Ψ,,750 ,‚PZ‹,€–h,60 ,200 ,,,,,,,,,,
Z,13111 ,8 ,‘ε“c,0 ,28 ,‘ε“c‹ζ,“μ”n‚S’–Ϊ‚P‚S‚R‚Q”Τ‚P,“μ”n‚S|‚P‚R|‚P‚W,"600,000 ","560,000 ",7.1 ,238 ,,1,1.5,Z‘ξ,‚v,2F,,’†‹K–Ν’φ“x‚Μκ”ΚZ‘ξ‚ª‘½‚ΆZ‘ξ’nζ,‹ζ“Ή,“,4.3,,,,ƒKƒX,…“Ή,‰Ί…“Ή,Ό”n,,700 ,‚P’ακ,€–h,50 ,100 ,,,,,,,,,,
Z,13111 ,8 ,‘ε“c,0 ,29 ,‘ε“c‹ζ,’rγ‚T’–Ϊ‚U‚T‚R”Τ‚Q,’rγ‚T|‚P‚W|‚R,"582,000 ","541,000 ",7.6 ,170 ,,1,2,Z‘ξ“‹¤“―Z‘ξ,‚k‚r,2F,,Z‘ξAƒAƒp[ƒgA–‹Ζ“™‚ª¬έ‚·‚ιZ‘ξ’nζ,‹ζ“Ή,“μΌ,7,,,,ƒKƒX,…“Ή,‰Ί…“Ή,’rγ,,520 ,‚PZ‹,€–h,60 ,200 ,,,,,,,,,,
Z,13111 ,8 ,‘ε“c,0 ,30 ,‘ε“c‹ζ,“c‰€’²•z‚S’–Ϊ‚Q‚V”Τ‚P,“c‰€’²•z‚S|‚Q‚V|‚W,"762,000 ","719,000 ",6.0 ,231 ,,1,2,Z‘ξ,‚v,2F,,’†‹K–ΝΘγ‚Μκ”ΚZ‘ξ‚ª‚Ώ•ΐ‚ΤΥΓ‚ΘZ‘ξ’nζ,‹ζ“Ή,“,5.4,,,,ƒKƒX,…“Ή,‰Ί…“Ή,“c‰€’²•z,,780 ,‚P’ακ,€–h,40 ,80 ,,,,,*,13111,0 ,5 ,"740,000 ",3.0 
Z,13111 ,8 ,‘ε“c,0 ,31 ,‘ε“c‹ζ,R‰¤‚Q’–Ϊ‚Q‚Q‚P‚O”Τ‚Q‚S‚U,R‰¤‚Q|‚Q‚T|‚Q‚O,"797,000 ","737,000 ",8.1 ,119 ,,1,2,Z‘ξ,‚k‚r,2F,,κ”ΚZ‘ξAƒ}ƒ“ƒVƒ‡ƒ““™‚ª‚Ώ•ΐ‚ΤZ‘ξ’nζ,‹ζ“Ή,–k“,5.9,,,,ƒKƒX,…“Ή,‰Ί…“Ή,‘εX,,540 ,‚P’ακ,€–h,50 ,100 ,,,,,,,,,,
Z,13111 ,8 ,‘ε“c,0 ,32 ,‘ε“c‹ζ,Ό—“c‚S’–Ϊ‚R‚O”Τ‚P‚U,Ό—“c‚S|‚R‚P|‚P‚Q,"605,000 ","559,000 ",8.2 ,165 ,,1,1.5,Z‘ξ,‚v,2F,,’†¬‹K–Νκ”ΚZ‘ξA‹¤“―Z‘ξ“™‚ª‘½‚ΆZ‘ξ’nζ,‹ζ“Ή,“μ,5,,,,ƒKƒX,…“Ή,‰Ί…“Ή,—“c,,720 ,‚PZ‹,€–h,60 ,200 ,,,,,,,,,,
Z,13111 ,8 ,‘ε“c,0 ,33 ,‘ε“c‹ζ,“Z‹½‚P’–Ϊ‚P‚O”Τ‚T‚P,“Z‹½‚P|‚T|‚P‚Q,"505,000 ","467,000 ",8.1 ,165 ,,1,2,Hκ“Z‘ξ,‚r,3F,,’†¬HκAZ‘ξA‹¤“―Z‘ξ“™‚Μ¬έ‚·‚ι’nζ,‹ζ“Ή,“μΌ,5,,,,ƒKƒX,…“Ή,‰Ί…“Ή,GF,,770 ,€H,€–h,60 ,200 ,,,,,,,,,,
Z,13111 ,8 ,‘ε“c,0 ,34 ,‘ε“c‹ζ,“μα’J‚P’–Ϊ‚R‚R‚S”Τ‚R,“μα’J‚P|‚P‚W|‚U,"654,000 ","613,000 ",6.7 ,166 ,,1,1.2,Z‘ξ,‚v,2F,,’†¬‹K–ΝZ‘ξAƒAƒp[ƒg“™‚ª¬έ‚·‚ιZ‘ξ’nζ,‹ζ“Ή,“μ“,6,,,,ƒKƒX,…“Ή,‰Ί…“Ή,Ξμ‘δ,,400 ,‚P’†κ,€–h,60 ,200 ,,,,,,,,,,
Z,13111 ,8 ,‘ε“c,0 ,35 ,‘ε“c‹ζ,‹v‚ª΄‚R’–Ϊ‚P‚O‚R‚X”Τ‚R,‹v‚ª΄‚R|‚S‚P|‚T,"723,000 ","679,000 ",6.5 ,152 ,,1,2,Z‘ξ,‚v,3F,,’†¬‹K–ΝZ‘ξ‚Μ’†‚Ι‹¤“―Z‘ξ‚ª©‚η‚κ‚ιZ‘ξ’nζ,‹ζ“Ή,–k,7.2,,,,ƒKƒX,…“Ή,‰Ί…“Ή,‹v‚ª΄,,400 ,‚P’†κ,€–h,60 ,200 ,,,,,,,,,,
,13111 ,8 ,‘ε“c,0 ,36 ,‘ε“c‹ζ,“c‰€’²•z‚R’–Ϊ‚S‚S”Τ‚V,“c‰€’²•z‚R|‚S‚S|‚R,"853,000 ",,,437 ,,1,1.5,Z‘ξ,‚v,2F,,’†‹K–ΝZ‘ξ‚ª‚Ώ•ΐ‚ΤΥΓ‚ΘZ‘ξ’nζ,‹ζ“Ή,–k“,7,,,,ƒKƒX,…“Ή,‰Ί…“Ή,“c‰€’²•z,,730 ,‚P’ακ,€–h,40 ,80 ,,,,,,,,,,
Z,13111 ,8 ,‘ε“c,0 ,37 ,‘ε“c‹ζ,–kη‘©‚Q’–Ϊ‚T‚V‚W”Τ‚S,–kη‘©‚Q|‚Q‚T|‚T,"786,000 ","729,000 ",7.8 ,210 ,,1,1.5,Z‘ξ“––±,‚q‚b,3F,1B,κ”ΚZ‘ξAƒ}ƒ“ƒVƒ‡ƒ““™‚ª¬έ‚·‚ιZ‘ξ’nζ,‹ζ“Ή,“,5.4,,,,ƒKƒX,…“Ή,‰Ί…“Ή,–kη‘©,,150 ,‚P’†κ,€–h,60 ,200 ,,,,,,,,,,
Z,13111 ,8 ,‘ε“c,0 ,38 ,‘ε“c‹ζ,‘εX“‚Q’–Ϊ‚Q‚U‚U‚S”Τ,‘εX“‚Q|‚P‚W|‚Q,"502,000 ","460,000 ",9.1 ,104 ,,1,1.5,Z‘ξ,‚r,3F,,κ”ΚZ‘ξ‚Μ‚Ω‚©‰c‹Ζ“™‚ΰ©‚η‚κ‚ιZ‘ξ’nζ,‹ζ“Ή,–k,5,,,,ƒKƒX,…“Ή,‰Ί…“Ή,‘εX’¬,,400 ,€H,€–h,60 ,200 ,,,,,,,,,,
Z,13111 ,8 ,‘ε“c,0 ,39 ,‘ε“c‹ζ,“”n‚P’–Ϊ‚T‚T”Τ‚R‚Q,“”n‚P|‚P‚P|‚P‚T,"615,000 ","563,000 ",9.2 ,220 ,,1,1,Z‘ξ,‚v,2F,,’†‹K–Νκ”ΚZ‘ξA‹¤“―Z‘ξ“™‚ª¬έ‚·‚ιZ‘ξ’nζ,‹ζ“Ή,“μ,5.5,,,,ƒKƒX,…“Ή,‰Ί…“Ή,”n,,230 ,‚P’†κ,€–h,60 ,200 ,,,,,,,,,,
Z,13111 ,8 ,‘ε“c,0 ,40 ,‘ε“c‹ζ,“α’J‚T’–Ϊ‚W‚V‚X”Τ‚X,“α’J‚T|‚R|‚P‚W,"589,000 ","552,000 ",6.7 ,246 ,,1,1.2,Z‘ξ,‚v,2F,,’†‹K–Νκ”ΚZ‘ξ‚ª‘½‚­‚Ώ•ΐ‚ΤZ‘ξ’nζ,‹ζ“Ή,“μΌ,6,,,,ƒKƒX,…“Ή,‰Ί…“Ή,Ξμ‘δ,,960 ,‚P’ακ,€–h,50 ,100 ,,,,,,,,,,
Z,13111 ,8 ,‘ε“c,0 ,41 ,‘ε“c‹ζ,“–ξϋ‚P’–Ϊ‚U‚U”Τ‚V,“–ξϋ‚P|‚V|‚P‚X,"603,000 ","561,000 ",7.5 ,107 ,,1,1.5,Z‘ξ,‚v,2F,,’†¬‹K–ΝZ‘ξAƒAƒp[ƒg“™‚ª¬έ‚·‚ιZ‘ξ’nζ,‹ζ“Ή,“μ,8.8,,,,ƒKƒX,…“Ή,‰Ί…“Ή,πΟΐ,,430 ,‚PZ‹,€–h,60 ,200 ,,,,,,,,,,
Z,13111 ,8 ,‘ε“c,0 ,42 ,‘ε“c‹ζ,‰ΊΫq‚Q’–Ϊ‚Q‚V‚Q”Τ‚SO,‰ΊΫq‚Q|‚P‚P|‚P‚P,"656,000 ","592,000 ",10.8 ,"2,055 ",,1.2,1,‹¤“―Z‘ξ,‚q‚b,10F,,‹¤“―Z‘ξ‚Μ’†‚Ι––±“™‚ΰ©‚η‚κ‚ιZ‘ξ’nζ,‹ζ“Ή,“μ“,9.5,,‘¤“Ή,–k“,ƒKƒX,…“Ή,‰Ί…“Ή,•‘ V“c,,800 ,H‹Ζ,€–h,60 ,200 ,,,,,,,,,,
Z,13111 ,8 ,‘ε“c,0 ,43 ,‘ε“c‹ζ,“μ”n‚R’–Ϊ‚P‚P‚T‚U”Τ‚Q‚Q,“μ”n‚R|‚P‚S|‚U,"536,000 ","507,000 ",5.7 ,132 ,,1,2,Z‘ξ,‚v,2F,,κ”ΚZ‘ξ‚Μ’†‚ΙƒAƒp[ƒg‚ª©‚η‚κ‚ιZ‘ξ’nζ,‹ζ“Ή,“,4.5,,,,ƒKƒX,…“Ή,‰Ί…“Ή,‘εX,,"1,100 ",‚P’ακ,€–h,50 ,100 ,,,,,,,,,,
Z,13111 ,8 ,‘ε“c,0 ,44 ,‘ε“c‹ζ,Ό—“c‚W’–Ϊ‚P‚U”Τ‚P‚T,Ό—“c‚W|‚P‚U|‚Q,"689,000 ","629,000 ",9.5 ,162 ,,1,1.5,‹¤“―Z‘ξ,‚q‚b,5F,,κ”ΚZ‘ξA‹¤“―Z‘ξ“™‚ª¬έ‚·‚ιZ‘ξ’nζ,‹ζ“Ή,–k,6,,,,ƒKƒX,…“Ή,‰Ί…“Ή,—“c,,530 ,‚PZ‹,€–h,60 ,300 ,,,,,,,,,,
Z,13111 ,8 ,‘ε“c,0 ,45 ,‘ε“c‹ζ,“μη‘©‚Q’–Ϊ‚P‚V‚P”Τ‚P,“μη‘©‚Q|‚W|‚Q,"784,000 ","729,000 ",7.5 ,264 ,,1,1.5,Z‘ξ,‚v,2F,,’†‹K–Νκ”ΚZ‘ξ‚ª‚Ώ•ΐ‚ΤZ‘ξ’nζ,‹ζ“Ή,“,5.4,,,,ƒKƒX,…“Ή,‰Ί…“Ή,–kη‘©,,270 ,‚P’ακ,€–h,50 ,100 ,,,,,,,,,,
Z,13111 ,8 ,‘ε“c,0 ,46 ,‘ε“c‹ζ,’rγ‚V’–Ϊ‚S‚O”Τ‚S,’rγ‚V|‚P‚X|‚S,"660,000 ","602,000 ",9.6 ,185 ,,1,2,Z‘ξ,‚v,3F,,’†¬‹K–ΝZ‘ξ‚Μ’†‚Ι‹¤“―Z‘ξ‚ª©‚η‚κ‚ιZ‘ξ’nζ,‹ζ“Ή,–k,5.5,,,,ƒKƒX,…“Ή,‰Ί…“Ή,’rγ,,620 ,‚P’†κ,€–h,60 ,200 ,,,,,,,,,,
Z,13111 ,8 ,‘ε“c,0 ,47 ,‘ε“c‹ζ,‹v‚ª΄‚P’–Ϊ‚P‚P‚S‚V”Τ‚P,‹v‚ª΄‚P|‚R‚S|‚T,"640,000 ","600,000 ",6.7 ,297 ,,1,1.2,Z‘ξ,‚v,2F,,’†‹K–Ν‚Μκ”ΚZ‘ξ‚ª‘½‚Ά‹ζ‰ζ®‘R‚Ζ‚µ‚½Z‘ξ’nζ,‹ζ“Ή,–k,7.2,,,,ƒKƒX,…“Ή,‰Ί…“Ή,‹v‚ª΄,,750 ,‚P’ακ,€–h,50 ,100 ,,,,,,,,,,
Z,13111 ,8 ,‘ε“c,0 ,48 ,‘ε“c‹ζ,–k”n‚P’–Ϊ‚V‚O”Τ‚V‚U,–k”n‚P|‚Q‚T|‚T,"693,000 ","636,000 ",9.0 ,124 ,,2,1,Z‘ξ,‚v,2F,,κ”ΚZ‘ξ‚Μ‘Ό‹¤“―Z‘ξ“™‚ΰ‚ ‚ιZ‘ξ’nζ,‹ζ“Ή,“,5.5,,,,ƒKƒX,…“Ή,‰Ί…“Ή,‰`΄’¬,,500 ,‚P’†κ,€–h,60 ,150 ,,,,,,,,,,
Z,13111 ,8 ,‘ε“c,0 ,49 ,‘ε“c‹ζ,γ’r‘δ‚Q’–Ϊ‚P‚P‚O‚X”Τ‚RO,γ’r‘δ‚Q|‚S‚O|‚Q,"638,000 ","594,000 ",7.4 ,146 ,,1,1.2,Z‘ξ,‚k‚r,2F,,κ”ΚZ‘ξAƒAƒp[ƒg“™‚ª¬έ‚·‚ιZ‘ξ’nζ,‹ζ“Ή,–k“,6,,,,ƒKƒX,…“Ή,‰Ί…“Ή,τ‘«’r,,430 ,‚P’†κ,€–h,60 ,200 ,,,,,,,,,,
Z,13111 ,8 ,‘ε“c,0 ,50 ,‘ε“c‹ζ,α’J‘ε’Λ’¬‚U‚Q‚Q”Τ‚T,α’J‘ε’Λ’¬‚P‚R|‚X,"655,000 ","617,000 ",6.2 ,191 ,,1,1.5,Z‘ξ,‚q‚b,2F,,κ”ΚZ‘ξ‚Μ’†‚ΙƒAƒp[ƒg“™‚ª©‚η‚κ‚ιZ‘ξ’nζ,‹ζ“Ή,–k“,5.5,,,,ƒKƒX,…“Ή,‰Ί…“Ή,α‚ª’J‘ε’Λ,,430 ,‚PZ‹,€–h,60 ,200 ,,,,,,,,,,
Z,13111 ,8 ,‘ε“c,0 ,51 ,‘ε“c‹ζ,‘εX–k‚S’–Ϊ‚P‚S‚W”Τ‚Q,‘εX–k‚S|‚Q‚P|‚T,"620,000 ","575,000 ",7.8 ,119 ,,1,2,Z‘ξ,‚r,3F,,κ”ΚZ‘ξA––±•Ή—pZ‘ξ“™‚ª‚Ώ•ΐ‚ΤZ‘ξ’nζ,‹ζ“Ή,–k“,4.3,,,,ƒKƒX,…“Ή,‰Ί…“Ή,‘εX,,720 ,‚PZ‹,€–h,60 ,300 ,,,,,,,,,,
Z,13111 ,8 ,‘ε“c,0 ,52 ,‘ε“c‹ζ,’‡’rγ‚P’–Ϊ‚Q‚Q‚T”Τ‚UO,’‡’rγ‚P|‚Q‚R|‚P‚R,"562,000 ","520,000 ",8.1 ,189 ,‘δ`,1,1.2,Z‘ξAHκ“––±,‚r,3F,,κ”ΚZ‘ξA‹¤“―Z‘ξA¬Hκ“™‚ª¬έ‚·‚ι’nζ,‹ζ“Ή,“μΌ,7,,,,ƒKƒX,…“Ή,‰Ί…“Ή,Ό”n,,"1,000 ",€H,€–h,60 ,200 ,,,,,,,,,,
Z,13111 ,8 ,‘ε“c,0 ,53 ,‘ε“c‹ζ,η’Ή‚Q’–Ϊ‚R‚W”Τ‚R‚P,η’Ή‚Q|‚P‚R|‚P‚R,"607,000 ","560,000 ",8.4 ,109 ,,1,1,Z‘ξ,‚v,2F,,ΛZ‘ξ‚ª‘½‚­AƒAƒp[ƒg“™‚ΰ©‚η‚κ‚ιZ‘ξ’nζ,‹ζ“Ή,Ό,4.5,,,,ƒKƒX,…“Ή,‰Ί…“Ή,•‘ V“c,,450 ,€H,€–h,60 ,200 ,,,,,,,,,,
Z,13111 ,8 ,‘ε“c,0 ,54 ,‘ε“c‹ζ,—“c–{’¬‚P’–Ϊ‚P‚S”Τ‚V,—“c–{’¬‚P|‚P‚Q|‚P‚T,"540,000 ","499,000 ",8.2 ,134 ,,1,1.5,––±“Z‘ξ,‚r,3F,,––±AƒAƒp[ƒgAZ‘ξ“™‚ª¬έ‚·‚ιZ‘ξ’nζ,‹ζ“Ή,“μ,7.2,,,,ƒKƒX,…“Ή,‰Ί…“Ή,—“c,,900 ,€H,€–h,60 ,200 ,,,,,,,,,,
Z,13111 ,8 ,‘ε“c,0 ,55 ,‘ε“c‹ζ,–ξϋ‚Q’–Ϊ‚V‚W”Τ‚P,–ξϋ‚Q|‚P‚Q|‚P‚O,"587,000 ","546,000 ",7.5 ,100 ,,1,1.5,Z‘ξ,‚v,2F,,¬‹K–Νκ”ΚZ‘ξA–‹Ζ“™‚ª¬έ‚·‚ιZ‘ξ’nζ,‹ζ“Ή,–k,8.3,,,,ƒKƒX,…“Ή,‰Ί…“Ή,•‘ V“c,,650 ,€H,€–h,60 ,200 ,,,,,,,,,,
Z,13111 ,8 ,‘ε“c,0 ,56 ,‘ε“c‹ζ,’†”n‚P’–Ϊ‚Q”Τ‚QO,’†”n‚P|‚P‚W|‚P‚W,"739,000 ","670,000 ",10.3 ,"1,232 ",,2,1,‹¤“―Z‘ξ,‚q‚b,6F,,’†‘w‹¤“―Z‘ξ‚β’α‘wΛZ‘ξ‚ª¬έ‚·‚ιZ‘ξ’nζ,‹ζ“Ή,Ό,5.5,,‘¤“Ή,–k,ƒKƒX,…“Ή,‰Ί…“Ή,”n,,840 ,‚P’†κ,€–h,60 ,200 ,,,,,,,,,,
Z,13111 ,8 ,‘ε“c,5 ,1 ,‘ε“c‹ζ,Ό—“c‚V’–Ϊ‚U‚U”Τ‚Q,Ό—“c‚V|‚U‚U|‚P‚O,"5,650,000 ","4,900,000 ",15.3 ,260 ,,1.5,1,“X•ά,‚r‚q‚b,8F,1B,’†‚‘w•¨‚Μ“X•ά‚ª‚Ώ•ΐ‚Τ¤‹Ζ’nζ,‹ζ“Ή,“,0,‰w‘OLκ,‘¤“Ή,“μ,ƒKƒX,…“Ή,‰Ί…“Ή,—“c,‰w‘OLκΪ–Κ,0 ,¤‹Ζ,–h‰Ξ,80 ,700 ,,,,,,,,,,
Z,13111 ,8 ,‘ε“c,5 ,2 ,‘ε“c‹ζ,“α’J‚Q’–Ϊ‚R‚T‚S”Τ‚T,“α’J‚Q|‚P‚V|‚Q,"805,000 ","744,000 ",8.2 ,196 ,,1,2.5,“X•ά“‹¤“―Z‘ξ,‚q‚b,5F,,“X•ά•Ή—pZ‘ξA“X•άA––±‚ª‚Ώ•ΐ‚Τ¤‹Ζ’nζ,‹ζ“Ή,–k“,8,,,,ƒKƒX,…“Ή,‰Ί…“Ή,Ξμ‘δ,,350 ,‹ί¤,€–h,80 ,300 ,,,,,,,,,,
Z,13111 ,8 ,‘ε“c,5 ,3 ,‘ε“c‹ζ,“βο’J‚Q’–Ϊ‚W‚U‚S”Τ‚S,“βο’J‚Q|‚P‚S|‚P‚X,"579,000 ","537,000 ",7.8 ,88 ,‘δ`,1,1.5,“X•ά“‹¤“―Z‘ξ,‚r,3F,,“X•άA“X•ά“‹¤“―Z‘ξ“™‚ª¬έ‚·‚ιω¬¤‹Ζ’nζ,‹ζ“Ή,“μ,8.5,,,,ƒKƒX,…“Ή,‰Ί…“Ή,‘ε’Ή‹,,290 ,‹ί¤,€–h,80 ,300 ,,,,,,,,,,
Z,13111 ,8 ,‘ε“c,5 ,4 ,‘ε“c‹ζ,R‰¤‚Q’–Ϊ‚Q‚R‚P‚V”Τ‚PO,R‰¤‚Q|‚T|‚P‚O,"2,560,000 ","2,330,000 ",9.9 ,744 ,,1,1.5,––±,‚r‚q‚b,5F,1B,’†‚‘w‚Μ“X•άA––±“™‚ª‚Ώ•ΐ‚Τ¤‹Ζ’nζ,“s“Ή,“,15,,,,ƒKƒX,…“Ή,‰Ί…“Ή,‘εX,,180 ,¤‹Ζ,–h‰Ξ,80 ,500 ,,,,,,,,,,
Z,13111 ,8 ,‘ε“c,5 ,5 ,‘ε“c‹ζ,‘εX–k‚P’–Ϊ‚R‚O”Τ‚UO,‘εX–k‚P|‚R‚O|‚Q,"1,360,000 ","1,190,000 ",14.3 ,137 ,,1,2.5,“X•ά“––±,‚q‚b,3F,,ƒA[ƒP[ƒh¬”„“X•άX‚Μ‰w‚Ι‹ί‚Ά¤‹Ζ’nζ,‹ζ“Ή,–k“,7.2,,,,ƒKƒX,…“Ή,‰Ί…“Ή,‘εX,,300 ,¤‹Ζ,–h‰Ξ,80 ,500 ,,,,,,,,,,
Z,13111 ,8 ,‘ε“c,5 ,6 ,‘ε“c‹ζ,“–ξϋ‚Q’–Ϊ‚P‚W‚T”Τ‚T,“–ξϋ‚Q|‚P‚V|‚P‚W,"711,000 ","658,000 ",8.1 ,132 ,,1,2.5,––±“‹¤“―Z‘ξ,‚r,4F,,’†‘w––±“‹¤“―Z‘ξA“X•ά“™‚ª‘½‚Ά¤‹Ζ’nζ,“s“Ή,“μ,11,,,,ƒKƒX,…“Ή,‰Ί…“Ή,–ξϋ“n,,300 ,‹ί¤,€–h,80 ,300 ,,,,,,,,,,
Z,13111 ,8 ,‘ε“c,5 ,7 ,‘ε“c‹ζ,‘εXΌ‚T’–Ϊ‚S”Τ‚S,‘εXΌ‚T|‚X|‚R,"770,000 ","710,000 ",8.5 ,171 ,,1,2,“X•άAZ‘ξ“‹¤“―Z‘ξ,‚r,3F,,¬”„“X•άAωH“X“™‚ª‚Ώ•ΐ‚Τ¤‹Ζ’nζ,‹ζ“Ή,–k,6.4,,,,ƒKƒX,…“Ή,‰Ί…“Ή,‘εX’¬,,200 ,‹ί¤,€–h,80 ,300 ,,,,,*,13111,5 ,16 ,"740,000 ",4.1 
Z,13111 ,8 ,‘ε“c,5 ,8 ,‘ε“c‹ζ,‹v‚ª΄‚R’–Ϊ‚P‚O‚T‚Q”Τ‚P‚O,‹v‚ª΄‚R|‚R‚V|‚U,"865,000 ","798,000 ",8.4 ,254 ,,1,1.5,“X•άAΤΙ“‹¤“―Z‘ξ,‚q‚b,6F,,’†‘w‚Μ“X•ά“‹¤“―Z‘ξ‚ª‚Ώ•ΐ‚Τ‹ί—Χ¤‹Ζ’nζ,‹ζ“Ή,–k,9,,,,ƒKƒX,…“Ή,‰Ί…“Ή,‹v‚ª΄,,240 ,‹ί¤,€–h,80 ,300 ,,,,,*,13111,5 ,7 ,"830,000 ",4.2 
Z,13111 ,8 ,‘ε“c,5 ,9 ,‘ε“c‹ζ,’†‰›‚R’–Ϊ‚U‚V‚U”Τ‚T,’†‰›‚R|‚T|‚U,"677,000 ","622,000 ",8.8 ,113 ,,1.2,1,“X•άA––±“‹¤“―Z‘ξ,‚q‚b,5F,,’†‘w‚Μ“X•ά“Z‘ξA––±“™‚ª¬έ‚·‚ι¤‹Ζ’nζ,“s“Ή,–kΌ,16,,,,ƒKƒX,…“Ή,‰Ί…“Ή,‘εX,,"1,600 ",‹ί¤,€–h,80 ,300 ,,,,,,,,,,
,13111 ,8 ,‘ε“c,5 ,10 ,‘ε“c‹ζ,“μ—“c‚R’–Ϊ‚P‚S‚U‚P”Τ‚U,“μ—“c‚R|‚R|‚U,"1,020,000 ",,,107 ,,1,2.5,––±AHκ“Z‘ξ,‚r,3F,,Z‘ξA“X•άA––±“™‚ª‚Ώ•ΐ‚ΤHό¤‹Ζ’nζ,“s“Ή,–k“,30,,,,ƒKƒX,…“Ή,‰Ί…“Ή,βο’J,,150 ,‹ί¤,–h‰Ξ,80 ,400 ,,,,,,,,,,
Z,13111 ,8 ,‘ε“c,5 ,11 ,‘ε“c‹ζ,“μ—“c‚P’–Ϊ‚P‚P”Τ‚P‚QO,“μ—“c‚P|‚P|‚P‚W,"1,380,000 ","1,240,000 ",11.3 ,338 ,,1,1.5,“X•άA––±“‹¤“―Z‘ξ,‚q‚b,9F,,’†‚‘w‚Μ“X•ά“‹¤“―Z‘ξ‚ª‘½‚Ά‰w‘O‚Μ¤‹Ζ’nζ,‘“Ή,–kΌ,28,,‘¤“Ή,–k“,ƒKƒX,…“Ή,‰Ί…“Ή,‹‹}—“c,,150 ,¤‹Ζ,–h‰Ξ,80 ,500 ,,,,,,,,,,
Z,13111 ,8 ,‘ε“c,5 ,12 ,‘ε“c‹ζ,’‡Z‹½‚Q’–Ϊ‚P‚U”Τ‚T‚S,’‡Z‹½‚Q|‚R‚O|‚R,"678,000 ","626,000 ",8.3 ,99 ,,1,2,“X•ά“‹¤“―Z‘ξ,‚v,3F,,“X•ά“‹¤“―Z‘ξ“™‚ª‚Ώ•ΐ‚Τ‹ί—Χ¤‹Ζ’nζ,‹ζ“Ή,–kΌ,7.6,,,,ƒKƒX,…“Ή,‰Ί…“Ή,GF,,130 ,‹ί¤,€–h,80 ,300 ,,,,,,,,,,
Z,13111 ,8 ,‘ε“c,5 ,13 ,‘ε“c‹ζ,Ό—“c‚V’–Ϊ‚T‚P”Τ‚X,Ό—“c‚V|‚T‚P|‚P‚P,"1,150,000 ","1,030,000 ",11.7 ,117 ,,1,1.5,“X•ά“––±,‚r,3F,,¬”„“X•ά“™‚ª‘½‚ΆA‰w‘O’Κ‚θ‰‚Ά‚Μ¤‹Ζ’nζ,‹ζ“Ή,“μ,8,,,,ƒKƒX,…“Ή,‰Ί…“Ή,—“c,,430 ,¤‹Ζ,–h‰Ξ,80 ,500 ,,,,,*,13111,5 ,13 ,"1,090,000 ",5.5 
Z,13111 ,8 ,‘ε“c,5 ,14 ,‘ε“c‹ζ,—“c‚T’–Ϊ‚P‚W”Τ‚P‚U,—“c‚T|‚P‚W|‚T,"3,180,000 ","2,840,000 ",12.0 ,257 ,,1,1.5,“X•ά“––±,‚r‚q‚b,10F,,’†‚‘w‚Μ“X•άƒrƒ‹“™‚ª‚Ώ•ΐ‚Τ’†S“I¤‹Ζ’nζ,‹ζ“Ή,–k,25,,,,ƒKƒX,…“Ή,‰Ί…“Ή,—“c,,170 ,¤‹Ζ,–h‰Ξ,80 ,700 ,,,,,,,,,,
Z,13111 ,8 ,‘ε“c,5 ,15 ,‘ε“c‹ζ,‘½–€μ‚P’–Ϊ‚Q‚X‚V”Τ‚S“ΰ,‘½–€μ‚P|‚Q‚U|‚Q‚V,"779,000 ","719,000 ",8.3 ,138 ,,1,1.2,“X•ά“‹¤“―Z‘ξ,‚k‚r,3F,,’α‘w‚Μ“X•ά“‹¤“―Z‘ξ“™‚ª‚Ώ•ΐ‚Τ‹ί—Χ¤‹Ζ’nζ,‹ζ“Ή,Ό,8.3,,,,ƒKƒX,…“Ή,‰Ί…“Ή,–ξϋ“n,,130 ,‹ί¤,€–h,80 ,300 ,,,,,,,,,,
Z,13111 ,8 ,‘ε“c,5 ,16 ,‘ε“c‹ζ,‘εX–k‚U’–Ϊ‚P‚O‚X”Τ‚R,‘εX–k‚U|‚P‚S|‚P‚P,"688,000 ","634,000 ",8.5 ,89 ,,1,1,“X•ά“Z‘ξ,‚r,3F,,ωH“XA¬”„“X•ά“™‚ª‚Ώ•ΐ‚Τ‰w‘O‚Μ¤‹Ζ’nζ,‹ζ“Ή,“μ,4.3,,,,ƒKƒX,…“Ή,‰Ί…“Ή,•½a“‡,,110 ,‹ί¤,€–h,80 ,300 ,,,,,,,,,,
Z,13111 ,8 ,‘ε“c,5 ,17 ,‘ε“c‹ζ,Ό—“c‚V’–Ϊ‚S‚W”Τ‚P‚U,Ό—“c‚V|‚S‚W|‚R,"2,610,000 ","2,400,000 ",8.8 ,140 ,,1.2,1,––±“‹¤“―Z‘ξ,‚r‚q‚b,9F,,’†‚‘w‚Μ“X•ά“‹¤“―Z‘ξ“™‚ª‚Ώ•ΐ‚Τ¤‹Ζ’nζ,‹ζ“Ή,–k,20,,,,ƒKƒX,…“Ή,‰Ί…“Ή,—“c,,170 ,¤‹Ζ,–h‰Ξ,80 ,600 ,,,,,,,,,,
Z,13111 ,8 ,‘ε“c,5 ,18 ,‘ε“c‹ζ,“c‰€’²•z“μ‚P‚X”Τ‚T‚X,“c‰€’²•z“μ‚P‚X|‚R,"663,000 ","616,000 ",7.6 ,163 ,,1,1.5,––±“‹¤“―Z‘ξ,‚q‚b,4F,,“X•ά“Z‘ξA’†‘w‹¤“―Z‘ξ‚ª¬έ‚·‚ι¤‹Ζ’nζ,“s“Ή,–k“,8,,,,ƒKƒX,…“Ή,‰Ί…“Ή,ΐ•”,,400 ,‹ί¤,€–h,80 ,300 ,,,,,,,,,,
Z,13111 ,8 ,‘ε“c,5 ,19 ,‘ε“c‹ζ,“μ”n‚T’–Ϊ‚T‚T”Τ‚P‚RO,“μ”n‚T|‚R‚X|‚V,"735,000 ","678,000 ",8.4 ,155 ,,1,1.5,“X•ά“Z‘ξ,‚q‚b,4F,,’α‘w“X•άA’†‘w“X•ά‹¤“―Z‘ξ‚ª‘½‚Ά‹ί—Χ¤‹Ζ’nζ,‹ζ“Ή,“μ,8,,,,ƒKƒX,…“Ή,‰Ί…“Ή,Ό”n,,150 ,‹ί¤,€–h,80 ,200 ,,,,,,,,,,
Z,13111 ,8 ,‘ε“c,5 ,20 ,‘ε“c‹ζ,‰H“c‚R’–Ϊ‚R”Τ‚S,‰H“c‚R|‚R|‚P‚R,"626,000 ","574,000 ",9.1 ,208 ,,1,2,“X•άA––±“‹¤“―Z‘ξ,‚q‚b,5F,,¬”„“X•άA‹¤“―Z‘ξ“™‚ª¬έ‚·‚ιω¬¤‹Ζ’nζ,‹ζ“Ή,–k“,11.3,,,,ƒKƒX,…“Ή,‰Ί…“Ή,ηξ‰Χ,,270 ,‹ί¤,€–h,80 ,300 ,,,,,,,,,,
Z,13111 ,8 ,‘ε“c,5 ,21 ,‘ε“c‹ζ,Όβο’J‚S’–Ϊ‚V‚P”Τ‚R,Όβο’J‚S|‚P‚S|‚P‚S,"835,000 ","770,000 ",8.4 ,145 ,,1,2,“X•ά,‚r,3F,,¬‹K–Ν¬”„“X•ά‚ª‚Ώ•ΐ‚Τ‰w‘O’Κ‚θ‚Μ¤‹Ζ’nζ,‹ζ“Ή,Ό,8.2,,,,ƒKƒX,…“Ή,‰Ί…“Ή,βο’J,,70 ,‹ί¤,€–h,80 ,300 ,,,,,,,,,,
Z,13111 ,8 ,‘ε“c,5 ,22 ,‘ε“c‹ζ,—“c–{’¬‚Q’–Ϊ‚S”Τ‚P‚R,—“c–{’¬‚Q|‚Q|‚Q,"1,120,000 ","1,010,000 ",10.9 ,246 ,,1,2,“X•άA––±“‹¤“―Z‘ξ,‚q‚b,7F,,’†‚‘w“X•ά“‹¤“―Z‘ξA––±“™‚Μ‘½‚Ά¤‹Ζ’nζ,“s“Ή,–k,30,,,,ƒKƒX,…“Ή,‰Ί…“Ή,—“c,,650 ,‹ί¤,–h‰Ξ,80 ,400 ,,,,,*,13111,5 ,8 ,"1,060,000 ",5.7 
Z,13111 ,8 ,‘ε“c,5 ,23 ,‘ε“c‹ζ,γ’r‘δ‚P’–Ϊ‚X”Τ‚S,γ’r‘δ‚P|‚S‚T|‚Q,"882,000 ","810,000 ",8.9 ,159 ,,1,1,“X•άAΤΙ“‹¤“―Z‘ξ,‚q‚b,6F,,’†‚‘w“X•ά“‹¤“―Z‘ξ“™‚ª‘½‚Ά¤‹Ζ’nζ,“s“Ή,–k“,25,,‘¤“Ή,“μ“,ƒKƒX,…“Ή,‰Ί…“Ή,’·΄,,300 ,€Z‹,–h‰Ξ,60 ,300 ,,,,,,,,,,
Z,13111 ,8 ,‘ε“c,5 ,24 ,‘ε“c‹ζ,“c‰€’²•z‚Q’–Ϊ‚T‚P”Τ‚Q‚O,“c‰€’²•z‚Q|‚T‚P|‚W,"1,340,000 ","1,220,000 ",9.8 ,133 ,,1,1.5,“X•ά“Z‘ξ,‚q‚b,3F,1B,“X•άA“X•ά“Z‘ξ“™‚ª‚Ώ•ΐ‚Τ‰w‚Ι‹ί‚Ά¤‹Ζ’nζ,‹ζ“Ή,“μ,10.9,,,,ƒKƒX,…“Ή,‰Ί…“Ή,“c‰€’²•z,,90 ,‹ί¤,€–h,80 ,200 ,,,,,,,,,,
Z,13111 ,8 ,‘ε“c,5 ,25 ,‘ε“c‹ζ,η’Ή‚P’–Ϊ‚V‚W”Τ‚P‚OO,η’Ή‚P|‚P‚U|‚Q,"784,000 ","723,000 ",8.4 ,363 ,,1,2,“X•ά“‹¤“―Z‘ξ,‚q‚b,4F,,’†‘w“X•ά“Z‘ξA‹¤“―Z‘ξ“™‚ª‘½‚Ά‹ί—Χ¤‹Ζ’nζ,‹ζ“Ή,–k,8.5,,,,ƒKƒX,…“Ή,‰Ί…“Ή,η’Ή’¬,,160 ,‹ί¤,€–h,80 ,300 ,,,,,,,,,,
Z,13111 ,8 ,‘ε“c,5 ,26 ,‘ε“c‹ζ,“μα’J‚Q’–Ϊ‚V‚P‚W”Τ‚Q,“μα’J‚Q|‚P‚Q|‚P‚O,"972,000 ","889,000 ",9.3 ,237 ,,1,1.5,“X•άA––±“Z‘ξ,‚q‚b,5F,,¬”„“X•άAωH“X•ά“™‚ª‚Ώ•ΐ‚Τ‰w‘O‚Μ¤‹Ζ’nζ,‹ζ“Ή,“μΌ,6,,,,ƒKƒX,…“Ή,‰Ί…“Ή,α‚ª’J‘ε’Λ,‹ίΪ,0 ,‹ί¤,€–h,80 ,300 ,,,,,,,,,,
Z,13111 ,8 ,‘ε“c,5 ,27 ,‘ε“c‹ζ,R‰¤‚Q’–Ϊ‚Q‚P‚R‚T”Τ‚QO,R‰¤‚Q|‚P‚V|‚W,"939,000 ","839,000 ",11.9 ,244 ,‘δ`,1.2,1,“X•ά“‹¤“―Z‘ξ,‚q‚b,6F,,“X•άA––±“‹¤“―Z‘ξ‚ª‚Ώ•ΐ‚Τ‹ί—Χ¤‹Ζ’nζ,‹ζ“Ή,–k,20,,,,ƒKƒX,…“Ή,‰Ί…“Ή,‘εX,,350 ,‹ί¤,€–h,80 ,300 ,,,,,,,,,,
,13111 ,8 ,‘ε“c,5 ,28 ,‘ε“c‹ζ,‘½–€μ‚P’–Ϊ‚P‚P‚U‚U”Τ‚RO,‘½–€μ‚P|‚P‚W|‚Q‚W,"798,000 ",,,163 ,,1.5,1,“X•ά“‹¤“―Z‘ξ,‚r‚q‚b,7F,,’†‚‘w‚Μ“X•ά“‹¤“―Z‘ξ‚ª‘½‚ΆHό¤‹Ζ’nζ,‘“Ή,Ό,25,,,,ƒKƒX,…“Ή,‰Ί…“Ή,–ξϋ“n,,300 ,€Z‹,–h‰Ξ,60 ,300 ,,,,,,,,,,
Z,13111 ,8 ,‘ε“c,5 ,29 ,‘ε“c‹ζ,‘εX–k‚T’–Ϊ‚P‚R‚S”Τ‚Q,‘εX–k‚T|‚X|‚P‚P,"744,000 ","674,000 ",10.4 ,157 ,‘δ`,1.2,1,“X•άA––±“‹¤“―Z‘ξ,‚q‚b,5F,,’†‚‘w‹¤“―Z‘ξA’α‘w“X•ά“™‚ª¬έ‚·‚ι¤‹Ζ’nζ,‹ζ“Ή,“μ“,25,,,,ƒKƒX,…“Ή,‰Ί…“Ή,•½a“‡,,750 ,‹ί¤,€–h,80 ,300 ,,,,,,,,,,
Z,13111 ,8 ,‘ε“c,5 ,31 ,‘ε“c‹ζ,“βο’J‚R’–Ϊ‚P‚U‚U”Τ‚Q“ΰ,“βο’J‚R|‚U|‚P‚Q,"1,010,000 ","917,000 ",10.1 ,686 ,,1,2,“X•ά“‹¤“―Z‘ξ,‚q‚b,10F,,‚‘w“X•ά“‹¤“―Z‘ξ‚Ζƒzƒeƒ‹‚Μ‘½‚ΆHό¤‹Ζ’nζ,‘“Ή,“μ,30,,‘¤“Ή,Ό,ƒKƒX,…“Ή,‰Ί…“Ή,‘ε’Ή‹,,100 ,¤‹Ζ,–h‰Ξ,80 ,400 ,,,,,,,,,,
Z,13111 ,8 ,‘ε“c,5 ,32 ,‘ε“c‹ζ,“c‰€’²•z‚Q’–Ϊ‚T”Τ‚S,“c‰€’²•z‚Q|‚T|‚P,"808,000 ","745,000 ",8.5 ,119 ,,1,1.5,––±“Z‘ξ,‚r,3F,,“X•άA––±Aƒ}ƒ“ƒVƒ‡ƒ““™‚ª¬έ‚·‚ι¤‹Ζ’nζ,‹ζ“Ή,–k“,9.1,,,,ƒKƒX,…“Ή,‰Ί…“Ή,“c‰€’²•z,,700 ,‹ί¤,€–h,80 ,200 ,,,,,,,,,,
Z,13111 ,8 ,‘ε“c,5 ,33 ,‘ε“c‹ζ,—“c‚S’–Ϊ‚P‚T”Τ‚S‚P,—“c‚S|‚P‚T|‚W,"1,810,000 ","1,670,000 ",8.4 ,162 ,,1.5,1,“X•ά“––±,‚q‚b,8F,,’†‚‘w‚Μ“X•ά“––±ƒrƒ‹“™‚ª‘½‚Ά‰w‘O¤‹Ζ’nζ,‹ζ“Ή,“μ“,0,‰w‘OLκ,‘¤“Ή,“μΌ,ƒKƒX,…“Ή,‰Ί…“Ή,‹‹}—“c,‰w‘OLκΪ–Κ,0 ,¤‹Ζ,–h‰Ξ,80 ,500 ,,,,,,,,,,
Z,13111 ,8 ,‘ε“c,5 ,34 ,‘ε“c‹ζ,γ’r‘δ‚R’–Ϊ‚V‚T‚R”Τ‚Q,γ’r‘δ‚R|‚S‚T|‚R,"778,000 ","716,000 ",8.7 ,207 ,•s®`,1,1.5,“X•ά“‹¤“―Z‘ξ,‚q‚b,4F,,’†’α‘w‚Μ“X•ά“‹¤“―Z‘ξ“™‚ª‚Ώ•ΐ‚Τ¤‹Ζ’nζ,‹ζ“Ή,“μ“,15,,,,ƒKƒX,…“Ή,‰Ί…“Ή,Ό”n,,"1,100 ",‹ί¤,€–h,80 ,300 ,,,,,,,,,,
Z,13111 ,8 ,‘ε“c,5 ,35 ,‘ε“c‹ζ,Όβο’J‚Q’–Ϊ‚V‚O‚R”Τ‚P,Όβο’J‚Q|‚P‚P|‚T,"799,000 ","723,000 ",10.5 ,295 ,‘δ`,1,1.5,––±“‹¤“―Z‘ξ,‚r‚q‚b,10F,,’†‚‘w“X•ά“‹¤“―Z‘ξ‚Μ‘½‚ΆHό¤‹Ζ’nζ,‘“Ή,–k“,35,,”w–Κ“Ή,,ƒKƒX,…“Ή,‰Ί…“Ή,‘ε’Ή‹,,830 ,‹ί¤,–h‰Ξ,80 ,400 ,,,,,,,,,,
Z,13111 ,8 ,‘ε“c,5 ,36 ,‘ε“c‹ζ,’‡Z‹½‚Q’–Ϊ‚P‚O”Τ‚T‚X,’‡Z‹½‚Q|‚P‚S|‚R,"836,000 ","771,000 ",8.4 ,272 ,,1,3,“X•ά“‹¤“―Z‘ξ,‚r,3F,,¬”„“X•ά“Z‘ξ‚Μ‘½‚ΆƒA[ƒP[ƒh‚Μ‹ί—Χ¤‹Ζ’nζ,‹ζ“Ή,“μΌ,5.8,,,,ƒKƒX,…“Ή,‰Ί…“Ή,GF,,80 ,‹ί¤,€–h,80 ,300 ,,,,,,,,,,
Z,13111 ,8 ,‘ε“c,5 ,37 ,‘ε“c‹ζ,‘εX–k‚R’–Ϊ‚S”Τ‚WO,‘εX–k‚R|‚S|‚T,"1,320,000 ","1,170,000 ",12.8 ,202 ,,1,2,“X•ά“‹¤“―Z‘ξ,‚r,9F,,“ΉH‰‚Ά‚Ι“X•ά•t‹¤“―Z‘ξ“™‚ª‚Ώ•ΐ‚Τ¤‹Ζ’nζ,‹ζ“Ή,–k,20,,,,ƒKƒX,…“Ή,‰Ί…“Ή,‘εX,,650 ,¤‹Ζ,–h‰Ξ,80 ,500 ,,,,,,,,,,
Z,13111 ,8 ,‘ε“c,9 ,1 ,‘ε“c‹ζ,“βο’J‚U’–Ϊ‚P‚R‚R‚T”Τ‚PO,“βο’J‚U|‚Q|‚P‚U,"460,000 ","411,000 ",11.9 ,"2,178 ",,1,2,Hκ“––±,‚q‚b,4F,,HκA”z‘—ƒZƒ“ƒ^[“™‚ª‚Ώ•ΐ‚ΤH‹Ζ’nζ,‹ζ“Ή,“μ,8,,,,ƒKƒX,…“Ή,‰Ί…“Ή,ηξ‰Χ,,"1,400 ",Hκ,€–h,60 ,200 ,,,,,,,,,,
Z,13111 ,8 ,‘ε“c,9 ,2 ,‘ε“c‹ζ,“C‚Q’–Ϊ‚V”Τ‚P,“C‚Q|‚P|‚Q,"890,000 ","823,000 ",8.1 ,"14,879 ",,1,2,‘qΙ“––±,‚r‚q‚b,8F,,‘ε‹K–Ν‚Θ‘qΙAsκA–‹Ζ“™‚ª¬έ‚·‚ι’nζ,‹ζ“Ή,Ό,30,,,,ƒKƒX,…“Ή,‰Ί…“Ή,—¬’ΚƒZƒ“ƒ^[,,500 ,¤‹Ζ,–h‰Ξ,80 ,400 ,,,,,*,13111,9 ,3 ,"845,000 ",5.3 
Z,13111 ,8 ,‘ε“c,9 ,3 ,‘ε“c‹ζ,“μZ‹½‚R’–Ϊ‚P‚U”Τ‚Q‚X,“μZ‹½‚R|‚P‚U|‚P‚V,"484,000 ","448,000 ",8.0 ,314 ,,1,2,Hκ“Z‘ξ,‚r,4F,,¬‹K–ΝHκAZ‘ξ“™‚ª¬έ‚·‚ιH‹Ζ’nζ,‹ζ“Ή,“μ,7.6,,,,ƒKƒX,…“Ή,‰Ί…“Ή,GF,,920 ,H‹Ζ,€–h,60 ,200 ,,,,,,,,,,
Z,13111 ,8 ,‘ε“c,9 ,4 ,‘ε“c‹ζ,‘εX“μ‚R’–Ϊ‚S‚R‚R”Τ‚P‚Q,‘εX“μ‚R|‚Q‚Q|‚X,"400,000 ","360,000 ",11.1 ,247 ,,1.5,1,Hκ“––±,‚r,2F,,HκA––±Aƒ}ƒ“ƒVƒ‡ƒ““™‚ª¬έ‚·‚ιH‹Ζ’nζ,‹ζ“Ή,–k“,6.2,,‘¤“Ή,“μ“,ƒKƒX,…“Ή,‰Ί…“Ή,”~‰®•~,,"1,600 ",H‹Ζ,€–h,60 ,200 ,,,,,,,,,,
Z,13111 ,8 ,‘ε“c,9 ,5 ,‘ε“c‹ζ,ι“μ“‡‚Q’–Ϊ‚X”Τ‚P,ι“μ“‡‚Q|‚X|‚P‚T,"459,000 ","381,000 ",20.5 ,"5,191 ",,1,3,‘qΙ,‚q‚b,5F,,‘qΙA”z‘—ƒZƒ“ƒ^[AHκ“™‚ª‚Ώ•ΐ‚ΤH‹Ζ’nζ,‹ζ“Ή,–k“,25,,‘¤“Ή,–kΌ,ƒKƒX,…“Ή,‰Ί…“Ή,—¬’ΚƒZƒ“ƒ^[,,"3,300 ",Hκ,€–h,60 ,200 ,,,,,,,,,,
Z,13112 ,8 ,Ά“c’J,0 ,1 ,Ά“c’J‹ζ,χγ…‚T’–Ϊ‚S‚W‚O”Τ‚P‚Q,χγ…‚T|‚S‚O|‚P‚O,"663,000 ","629,000 ",5.4 ,132 ,,1,2,Z‘ξ,‚v,2F,,’†¬‹K–Ν‚Μκ”ΚZ‘ξ‚ª‘½‚ΆΥΓ‚ΘZ‘ξ’nζ,‹ζ“Ή,–k,4,,,,ƒKƒX,…“Ή,‰Ί…“Ή,χγ…,,420 ,‚P’ακ,€–h,50 ,100 ,,,,,,,,,,
Z,13112 ,8 ,Ά“c’J,0 ,2 ,Ά“c’J‹ζ,“™X—Ν‚T’–Ϊ‚R‚R”Τ‚R,“™X—Ν‚T|‚P‚W|‚P‚Q,"900,000 ","844,000 ",6.6 ,345 ,,1,1.5,Z‘ξ,‚k‚r,2F,,’†‹K–Νκ”ΚZ‘ξ‚ª‘½‚Ά‹ζ‰ζ®‘R‚Ζ‚µ‚½Z‘ξ’nζ,‹ζ“Ή,–k,6.2,,,,ƒKƒX,…“Ή,‰Ί…“Ή,”φR‘δ,,290 ,‚P’ακ,€–h,50 ,100 ,,,,,*,13112,0 ,17 ,"865,000 ",4.0 
Z,13112 ,8 ,Ά“c’J,0 ,3 ,Ά“c’J‹ζ,γ”n‚P’–Ϊ‚T‚X‚T”Τ‚Q,γ”n‚P|‚V|‚V,"814,000 ","743,000 ",9.6 ,86 ,,1,1.5,Z‘ξ,‚v,2F,,κ”ΚZ‘ξ‚ΖƒAƒp[ƒg‚ª‚Ώ•ΐ‚Τω¬Z‘ξ’nζ,„“Ή,Ό,3.5,,,,ƒKƒX,…“Ή,‰Ί…“Ή,‹ξ‘ς‘εw,,750 ,‚P’ακ,€–h,60 ,150 ,,,,,,,,,,
Z,13112 ,8 ,Ά“c’J,0 ,4 ,Ά“c’J‹ζ,“μ‰GR‚Q’–Ϊ‚S‚X‚U”Τ‚P‚T,“μ‰GR‚Q|‚P‚Q|‚U,"720,000 ","677,000 ",6.4 ,91 ,,1,1.5,Z‘ξ,‚v,2F,,Z‘ξAƒAƒp[ƒg“™‚ª‚Ώ•ΐ‚ΤZ‘ξ’nζ,„“Ή,“,4,,,,ƒKƒX,…“Ή,‰Ί…“Ή,ηΞ‰GR,,460 ,‚P’†κ,€–h,60 ,200 ,,,,,,,,,,
Z,13112 ,8 ,Ά“c’J,0 ,5 ,Ά“c’J‹ζ,‘ε΄‚P’–Ϊ‚P‚O‚U‚O”Τ‚Q‚R,‘ε΄‚P|‚R|‚U,"914,000 ","850,000 ",7.5 ,133 ,,1,3,Z‘ξ,‚v,2F,,κ”ΚZ‘ξAƒAƒp[ƒg“™‚ª‚Ώ•ΐ‚ΤZ‘ξ’nζ,‹ζ“Ή,–kΌ,3.8,,,,ƒKƒX,…“Ή,‰Ί…“Ή,‰Ί–k‘ς,,680 ,‚P’ακ,€–h,50 ,150 ,,,,,,,,,,
Z,13112 ,8 ,Ά“c’J,0 ,6 ,Ά“c’J‹ζ,γ–μ–Ρ‚S’–Ϊ‚R‚O‚U”Τ‚V,γ–μ–Ρ‚S|‚P‚R|‚P‚V,"792,000 ","742,000 ",6.7 ,197 ,,1,1.5,Z‘ξ,‚v,2F,,’†‹K–Νκ”ΚZ‘ξ‚ª‘½‚ΆΥΓ‚ΘZ‘ξ’nζ,‹ζ“Ή,–k“,6.2,,,,ƒKƒX,…“Ή,‰Ί…“Ή,γ–μ–Ρ,,890 ,‚P’ακ,€–h,50 ,100 ,,,,,,,,,,
Z,13112 ,8 ,Ά“c’J,0 ,7 ,Ά“c’J‹ζ,“™X—Ν‚U’–Ϊ‚S‚S”Τ‚P,“™X—Ν‚U|‚P‚R|‚P‚Q,"1,230,000 ","1,110,000 ",10.8 ,"1,273 ",•s®`,1.5,1,‹¤“―Z‘ξ,‚q‚b,10F,,ƒ}ƒ“ƒVƒ‡ƒ“‚ª‚Ώ•ΐ‚Τ²ό“ΉH‰‚Ά‚ΜZ‘ξ’nζ,“s“Ή,–k,25,,‘¤“Ή,“μ“,ƒKƒX,…“Ή,‰Ί…“Ή,”φR‘δ,,730 ,‚PZ‹,–h‰Ξ,60 ,300 ,,,,,,,,,,
Z,13112 ,8 ,Ά“c’J,0 ,8 ,Ά“c’J‹ζ,“‹Κμ‚P’–Ϊ‚U‚V”Τ‚P‚O,“‹Κμ‚P|‚Q‚O|‚Q,"714,000 ","674,000 ",5.9 ,162 ,,1,2,Z‘ξ,‚v,2F,,’†‹K–Νκ”ΚZ‘ξ‚ª‚Ώ•ΐ‚ΤZ‘ξ’nζ,‹ζ“Ή,“μ“,5.5,,,,ƒKƒX,…“Ή,‰Ί…“Ή,α‚ª’J‘ε’Λ,,600 ,‚P’ακ,€–h,50 ,100 ,,,,,,,,,,
Z,13112 ,8 ,Ά“c’J,0 ,9 ,Ά“c’J‹ζ,‰‘ς‚R’–Ϊ‚R‚O‚O”Τ‚R,‰‘ς‚R|‚P‚U|‚P‚T,"913,000 ","857,000 ",6.5 ,184 ,,1.2,1,Z‘ξ,‚v,2F,1B,’†‹K–ΝZ‘ξ‚ª‚Ώ•ΐ‚ΤΥΓ‚ΘZ‘ξ’nζ,‹ζ“Ή,–k,5.5,,,,ƒKƒX,…“Ή,‰Ί…“Ή,‰‘ς,,380 ,‚P’ακ,€–h,50 ,100 ,,,,,,,,,,
Z,13112 ,8 ,Ά“c’J,0 ,10 ,Ά“c’J‹ζ,μ‘½©‚X’–Ϊ‚P‚T‚W‚O”Τ‚Q,μ‘½©‚X|‚P‚X|‚U,"451,000 ","422,000 ",6.9 ,163 ,,1,1.2,Z‘ξ,‚v,2F,,κ”ΚZ‘ξ“™‚Μ’†‚Ι‹σ’n‚ΰ‚έ‚η‚κ‚ιZ‘ξ’nζ,‹ζ“Ή,“μΌ,3.7,,,,ƒKƒX,…“Ή,‰Ί…“Ή,μ‘½©,,550 ,‚P’ακ,€–h,50 ,100 ,,,,,,,,,,
Z,13112 ,8 ,Ά“c’J,0 ,11 ,Ά“c’J‹ζ,V’¬‚P’–Ϊ‚U‚U”Τ‚W,V’¬‚P|‚P‚U|‚P‚R,"780,000 ","729,000 ",7.0 ,165 ,,1,1.2,Z‘ξ,‚v,2F,,κ”ΚZ‘ξA‹¤“―Z‘ξ‚Μ’†‚Ι”¨‚ΰ©‚η‚κ‚ιZ‘ξ’nζ,‹ζ“Ή,–k,6,,,,ƒKƒX,…“Ή,‰Ί…“Ή,χV’¬,,"1,100 ",‚P’ακ,€–h,50 ,100 ,,,,,,,,,,
Z,13112 ,8 ,Ά“c’J,0 ,12 ,Ά“c’J‹ζ,—p‰κ‚S’–Ϊ‚R‚Q‚U”Τ‚Q,—p‰κ‚S|‚Q‚W|‚S,"953,000 ","884,000 ",7.8 ,258 ,,1,1.5,‹¤“―Z‘ξ,‚q‚b,3F,1B,κ”ΚZ‘ξAƒ}ƒ“ƒVƒ‡ƒ“AƒAƒp[ƒg‚ª‚ ‚ιZ‘ξ’nζ,‹ζ“Ή,“μ,8,,,,ƒKƒX,…“Ή,‰Ί…“Ή,—p‰κ,,270 ,‚PZ‹,€–h,60 ,200 ,,,,,,,,,,
Z,13112 ,8 ,Ά“c’J,0 ,13 ,Ά“c’J‹ζ,χV’¬‚Q’–Ϊ‚T‚Q‚P”Τ‚P,χV’¬‚Q|‚P‚S|‚W,"1,150,000 ","1,040,000 ",10.6 ,"1,876 ",,1,1,‹¤“―Z‘ξ,‚q‚b,8F,,’†‚‘wƒ}ƒ“ƒVƒ‡ƒ“A–‹Ζ“™‚ª©‚η‚κ‚ιZ‘ξ’nζ,‹ζ“Ή,Ό,6,,‘¤“Ή,“μ,ƒKƒX,…“Ή,‰Ί…“Ή,χV’¬,,430 ,€H,€–h,60 ,200 ,,,,,*,13112,0 ,45 ,"1,090,000 ",5.5 
Z,13112 ,8 ,Ά“c’J,0 ,14 ,Ά“c’J‹ζ,™“c‚Q’–Ϊ‚Q‚R‚T”Τ‚S‚Q,™“c‚Q|‚W|‚Q‚P,"371,000 ","362,000 ",2.5 ,161 ,,1,2,Z‘ξ,‚v,3F,,κ”ΚZ‘ξAƒAƒp[ƒgAƒ}ƒ“ƒVƒ‡ƒ“‚ª‚ ‚ιZ‘ξ’nζ,‹ζ“Ή,–k,4.9,,”w–Κ“Ή,,ƒKƒX,…“Ή,‰Ί…“Ή,“ρq‹Κμ,,"1,900 ",‚P’†κ,€–h,60 ,200 ,,,,,,,,,,
Z,13112 ,8 ,Ά“c’J,0 ,15 ,Ά“c’J‹ζ,Τ’η‚T’–Ϊ‚S‚W‚S”Τ‚S‚Q,Τ’η‚T|‚Q‚O|‚U,"736,000 ","682,000 ",7.9 ,165 ,,1,2,Z‘ξ,‚k‚r,2F,,κ”ΚZ‘ξ‚Μ’†‚ΙƒAƒp[ƒg‚ª©‚η‚κ‚ιZ‘ξ’nζ,‹ζ“Ή,“μΌ,5,,,,ƒKƒX,…“Ή,‰Ί…“Ή,‰Ί‚δΛ,,560 ,‚P’ακ,€–h,60 ,150 ,,,,,,,,,,
Z,13112 ,8 ,Ά“c’J,0 ,16 ,Ά“c’J‹ζ,¬ι‚U’–Ϊ‚W‚P‚X”Τ‚S,¬ι‚U|‚R‚Q|‚P‚W,"1,020,000 ","945,000 ",7.9 ,242 ,,1,1.5,Z‘ξ,‚v,2F,,’†‹K–ΝΘγ‚ΜΛZ‘ξ‚ª‘½‚ΆΒ‹«‚Μ—Η‚ΆZ‘ξ’nζ,‹ζ“Ή,“,8,,,,ƒKƒX,…“Ή,‰Ί…“Ή,¬ιw‰€‘O,,550 ,‚P’ακ,,40 ,80 ,,,,,,,,,,
Z,13112 ,8 ,Ά“c’J,0 ,17 ,Ά“c’J‹ζ,γ‘ct’J‚T’–Ϊ‚P‚O‚R‚P”Τ‚Q‚Q,γ‘ct’J‚T|‚Q‚T|‚Q,"518,000 ","488,000 ",6.1 ,144 ,,1.2,1,Z‘ξ,‚v,2F,,κ”ΚZ‘ξAƒAƒp[ƒg“™‚ª‚Ώ•ΐ‚ΤZ‘ξ’nζ,‹ζ“Ή,“μ,4,,,,ƒKƒX,…“Ή,‰Ί…“Ή,εμ,,"1,100 ",‚P’†κ,€–h,60 ,200 ,,,,,,,,,,
Z,13112 ,8 ,Ά“c’J,0 ,18 ,Ά“c’J‹ζ,γ”n‚S’–Ϊ‚R‚S”Τ‚P‚O,γ”n‚S|‚P‚X|‚X,"855,000 ","787,000 ",8.6 ,162 ,,1,1.5,Z‘ξ,‚v,2F,,’†‹K–Νκ”ΚZ‘ξ‚π’†S‚Ζ‚·‚ιZ‘ξ’nζ,‹ζ“Ή,Ό,6,,,,ƒKƒX,…“Ή,‰Ί…“Ή,‹ξ‘ς‘εw,,430 ,‚P’ακ,€–h,50 ,100 ,,,,,,,,,,
Z,13112 ,8 ,Ά“c’J,0 ,19 ,Ά“c’J‹ζ,μ‘½©‚S’–Ϊ‚S‚P‚T‚V”Τ‚U,μ‘½©‚S|‚R|‚P‚R,"340,000 ","327,000 ",4.0 ,129 ,,1,1,Z‘ξ,‚v,2F,,κ”ΚZ‘ξ‚Μ‘½‚Ά’†‚Ι”_’n‚ΰ©‚η‚κ‚ιZ‘ξ’nζ,‹ζ“Ή,“μ,5,,,,ƒKƒX,…“Ή,‰Ί…“Ή,μ‘½©,,"1,700 ",‚P’ακ,€–h,50 ,100 ,,,,,*,13112,0 ,41 ,"333,000 ",2.1 
Z,13112 ,8 ,Ά“c’J,0 ,20 ,Ά“c’J‹ζ,£“c‚S’–Ϊ‚R‚R‚S”Τ‚P‚VO,£“c‚S|‚R‚T|‚X,"785,000 ","736,000 ",6.7 ,165 ,,1,1,Z‘ξ,‚v,2F,1B,’†‹K–Νκ”ΚZ‘ξ‚ª‘½‚ΆΥΓ‚ΘZ‘ξ’nζ,‹ζ“Ή,Ό,6,,,,ƒKƒX,…“Ή,‰Ί…“Ή,—p‰κ,,"1,100 ",‚P’ακ,€–h,50 ,100 ,,,,,*,13112,0 ,22 ,"760,000 ",3.3 
Z,13112 ,8 ,Ά“c’J,0 ,21 ,Ά“c’J‹ζ,‰F“ήª‚Q’–Ϊ‚Q‚R‚O”Τ‚W,‰F“ήª‚Q|‚Q‚Q|‚U,"318,000 ","309,000 ",2.9 ,119 ,,1,1,Z‘ξ,‚v,2F,,κ”ΚZ‘ξ‚Μ’†‚Ι‹σ’n‚ª©‚η‚κ‚ιZ‘ξ’nζ,‹ζ“Ή,Ό,4,,,,ƒKƒX,…“Ή,‰Ί…“Ή,“ρq‹Κμ,,"2,800 ",‚P’ακ,€–h,50 ,100 ,,,,,,,,,,
Z,13112 ,8 ,Ά“c’J,0 ,22 ,Ά“c’J‹ζ,‘ct’J‚P’–Ϊ‚P‚R‚W”Τ‚P‚R,‘ct’J‚P|‚S|‚W,"732,000 ","686,000 ",6.7 ,114 ,,1,1.5,Z‘ξ,‚v,3F,,κ”ΚZ‘ξ‚ΖƒAƒp[ƒg“™‚ª‚Ώ•ΐ‚ΤZ‘ξ’nζ,‹ζ“Ή,–k,4,,,,ƒKƒX,…“Ή,‰Ί…“Ή,‘ctƒ–’J‘ε‘ ,,270 ,‚P’ακ,€–h,60 ,150 ,,,,,*,13112,0 ,36 ,"707,000 ",3.5 
Z,13112 ,8 ,Ά“c’J,0 ,23 ,Ά“c’J‹ζ,‘γ“c‚Q’–Ϊ‚U‚U‚W”Τ‚P‚U‚T,‘γ“c‚Q|‚Q‚R|‚P‚U,"960,000 ","885,000 ",8.5 ,144 ,,1,1.5,Z‘ξ,‚v,2F,,κ”ΚΛZ‘ξ“™‚ª‚Ώ•ΐ‚ΤZ‘ξ’nζ,‹ζ“Ή,“,5.4,,,,ƒKƒX,…“Ή,‰Ί…“Ή,Ά“c’J‘γ“c,,300 ,‚P’ακ,€–h,50 ,150 ,,,,,*,13112,0 ,11 ,"920,000 ",4.3 
Z,13112 ,8 ,Ά“c’J,0 ,24 ,Ά“c’J‹ζ,‰‘ς‚V’–Ϊ‚P‚O‚P”Τ‚Q,,"1,060,000 ","990,000 ",7.1 ,159 ,,1,1.5,‹σ’n,,,,κ”ΚZ‘ξAW‡Z‘ξ‚ª‚Ώ•ΐ‚ΤZ‘ξ’nζ,‹ζ“Ή,–kΌ,7.6,,,,ƒKƒX,…“Ή,‰Ί…“Ή,‹γ•i•§,,300 ,‚P’ακ,€–h,60 ,150 ,,,,,,,,,,
Z,13112 ,8 ,Ά“c’J,0 ,25 ,Ά“c’J‹ζ,·ª‚T’–Ϊ‚U‚P‚U”Τ‚P‚X,·ª‚T|‚P‚X|‚W,"732,000 ","687,000 ",6.6 ,225 ,,1,2,Z‘ξ,‚q‚b,2F,,κ”ΚZ‘ξ‚Ζ‹¤“―Z‘ξ“™‚ª‚Ώ•ΐ‚ΤZ‘ξ’nζ,‹ζ“Ή,“μ“,6,,,,ƒKƒX,…“Ή,‰Ί…“Ή,γ’¬,,900 ,‚P’ακ,€–h,60 ,150 ,,,,,*,13112,0 ,19 ,"710,000 ",3.1 
Z,13112 ,8 ,Ά“c’J,0 ,26 ,Ά“c’J‹ζ,—p‰κ‚R’–Ϊ‚T‚P‚P”Τ‚P‚Q,—p‰κ‚R|‚Q‚U|‚P‚V,"1,100,000 ","988,000 ",11.3 ,"2,566 ",,1.2,1,‹¤“―Z‘ξ,‚q‚b,8F,1B,’†‚‘wƒ}ƒ“ƒVƒ‡ƒ“‚ª‘½‚ΆZ‘ξ’nζ,‹ζ“Ή,–k,11,,O•ϋH,,ƒKƒX,…“Ή,‰Ί…“Ή,—p‰κ,,650 ,‚P’†κ,€–h,60 ,200 ,,,,,,,,,,
,13112 ,8 ,Ά“c’J,0 ,27 ,Ά“c’J‹ζ,“™X—Ν‚W’–Ϊ‚V‚R”Τ‚S,“™X—Ν‚W|‚P‚R|‚P,"890,000 ",,,997 ,,1.2,1,‹¤“―Z‘ξ,‚q‚b,5F,1B,ƒ}ƒ“ƒVƒ‡ƒ“Aκ”ΚZ‘ξAwZ‚ª©‚η‚κ‚ιZ‘ξ’nζ,‹ζ“Ή,“μ,10,,‘¤“Ή,“,ƒKƒX,…“Ή,‰Ί…“Ή,“™X—Ν,,840 ,‚P’†κ,€–h,60 ,200 ,,,,,,,,,,
Z,13112 ,8 ,Ά“c’J,0 ,28 ,Ά“c’J‹ζ,“™X—Ν‚P’–Ϊ‚V‚X”Τ‚P‚Q,“™X—Ν‚P|‚Q‚X|‚S,"758,000 ","718,000 ",5.6 ,175 ,,1,2.5,Z‘ξ,‚v,2F,,’†‹K–Ν‚Μκ”ΚZ‘ξ‚ª‘½‚ΆZ‘ξ’nζ,‹ζ“Ή,“μΌ,6.2,,,,ƒKƒX,…“Ή,‰Ί…“Ή,”φR‘δ,,550 ,‚P’ακ,,40 ,80 ,,,,,,,,,,
Z,13112 ,8 ,Ά“c’J,0 ,29 ,Ά“c’J‹ζ,χ‹u‚R’–Ϊ‚Q‚V‚P‚P”Τ‚Q‚U,χ‹u‚R|‚P‚W|‚P,"660,000 ","623,000 ",5.9 ,197 ,,1,1,Z‘ξ,‚v,2F,,’†‹K–Νκ”ΚZ‘ξ‚ª‚Ώ•ΐ‚ΤZ‘ξ’nζ,‹ζ“Ή,“μ“,4,,,,ƒKƒX,…“Ή,‰Ί…“Ή,ηΞ‘D‹΄,,"1,000 ",‚P’ακ,€–h,60 ,150 ,,,,,,,,,,
Z,13112 ,8 ,Ά“c’J,0 ,30 ,Ά“c’J‹ζ,–k‘ς‚P’–Ϊ‚T‚O‚P”Τ‚R,–k‘ς‚P|‚Q‚S|‚P‚T,"981,000 ","914,000 ",7.3 ,289 ,,1,2,Z‘ξ,‚v,2F,,’†‹K–Νκ”ΚZ‘ξ‚ª‘½‚ΆΥΓ‚ΘZ‘ξ’nζ,‹ζ“Ή,–k,3.6,,,,ƒKƒX,…“Ή,‰Ί…“Ή,“–k‘ς,,220 ,‚PZ‹,€–h,60 ,200 ,,,,,,,,,,
Z,13112 ,8 ,Ά“c’J,0 ,31 ,Ά“c’J‹ζ,‰ª–{‚P’–Ϊ‚P‚Q‚V‚S”Τ‚PO,‰ª–{‚P|‚P‚S|‚P‚P,"581,000 ","538,000 ",8.0 ,198 ,,1,1.5,Z‘ξ,‚v,2F,,κ”ΚZ‘ξAƒAƒp[ƒg‚Μ‚Ω‚©”¨’n“™‚ΰc‚ιZ‘ξ’nζ,‹ζ“Ή,Ό,5.2,,,,ƒKƒX,…“Ή,‰Ί…“Ή,—p‰κ,,"1,200 ",‚P’ακ,€–h,50 ,100 ,,,,,,,,,,
Z,13112 ,8 ,Ά“c’J,0 ,32 ,Ά“c’J‹ζ,‘Ύq“°‚Q’–Ϊ‚R‚T‚U”Τ‚S‚T,‘Ύq“°‚Q|‚P‚O|‚P‚S,"1,050,000 ","954,000 ",10.1 ,152 ,,1,1.5,‹¤“―Z‘ξ,‚k‚r,2F,,κ”ΚZ‘ξ‚Μ’†‚ΙƒAƒp[ƒg“™‚ΰ©‚η‚κ‚ιZ‘ξ’nζ,‹ζ“Ή,–k“,3.3,,,,ƒKƒX,…“Ή,‰Ί…“Ή,O¬’ƒ‰®,,330 ,‚PZ‹,€–h,60 ,200 ,,,,,,,,,,
Z,13112 ,8 ,Ά“c’J,0 ,33 ,Ά“c’J‹ζ,Τ’η‚Q’–Ϊ‚P‚P‚R‚U”Τ‚R‚R,Τ’η‚Q|‚P‚U|‚R,"863,000 ","806,000 ",7.1 ,110 ,,1,1.2,Z‘ξ,‚v,2F,,κ”ΚZ‘ξAƒAƒp[ƒg‚Μ‘ΌA“X•ά“™‚ΰ¬έ‚·‚ι’nζ,“s“Ή,“μ,11,,,,ƒKƒX,…“Ή,‰Ί…“Ή,‹“Ώ›,,450 ,‚PZ‹,€–h,60 ,200 ,,,,,,,,,,
Z,13112 ,8 ,Ά“c’J,0 ,34 ,Ά“c’J‹ζ,”~‹u‚Q’–Ϊ‚P‚R‚U‚R”Τ‚P‚P,”~‹u‚Q|‚P‚T|‚S,"740,000 ","691,000 ",7.1 ,162 ,,1,1.2,Z‘ξ,‚k‚r,2F,1B,κ”ΚZ‘ξAƒAƒp[ƒg“™‚ª©‚η‚κ‚ιΥΓ‚ΘZ‘ξ’nζ,‹ζ“Ή,Ό,4.4,,,,ƒKƒX,…“Ή,‰Ί…“Ή,”~ƒ–‹u,,710 ,‚P’ακ,€–h,60 ,150 ,,,,,,,,,,
Z,13112 ,8 ,Ά“c’J,0 ,35 ,Ά“c’J‹ζ,‹m‚W’–Ϊ‚U‚Q”Τ‚X,‹m‚W|‚Q‚R|‚V,"788,000 ","737,000 ",6.9 ,195 ,,1,1.5,Z‘ξ,‚v,2F,,κ”ΚZ‘ξ‚Μ’†‚Ι‹¤“―Z‘ξ‚ΰ©‚η‚κ‚ιZ‘ξ’nζ,‹ζ“Ή,“μΌ,6.3,,,,ƒKƒX,…“Ή,‰Ί…“Ή,‘ctƒ–’J‘ε‘ ,,560 ,‚P’ακ,€–h,50 ,100 ,,,,,,,,,,
Z,13112 ,8 ,Ά“c’J,0 ,36 ,Ά“c’J‹ζ,[‘ς‚P’–Ϊ‚R‚O”Τ‚Q‚Q,[‘ς‚P|‚R‚V|‚P,"879,000 ","812,000 ",8.3 ,171 ,,1,2,Z‘ξ,‚v,2F,,κ”ΚZ‘ξ‚Μ’†‚ΙƒAƒp[ƒg“™‚ª©‚η‚κ‚ιZ‘ξ’nζ,‹ζ“Ή,“μ,6,,,,ƒKƒX,…“Ή,‰Ί…“Ή,“s—§‘εw,,"1,300 ",‚P’ακ,€–h,50 ,100 ,,,,,,,,,,
Z,13112 ,8 ,Ά“c’J,0 ,37 ,Ά“c’J‹ζ,‘γ‘ς‚Q’–Ϊ‚P”Τ‚P‚O,‘γ‘ς‚Q|‚Q|‚P‚T,"996,000 ","930,000 ",7.1 ,231 ,,1,1.5,Z‘ξ,‚q‚b,3F,1B,’†‹K–ΝΘγ‚Μκ”ΚZ‘ξ‚ª‘½‚ΆΥΓ‚ΘZ‘ξ’nζ,‹ζ“Ή,–k,5.4,,,,ƒKƒX,…“Ή,‰Ί…“Ή,’rƒmγ,,430 ,‚P’ακ,€–h,50 ,150 ,,,,,,,,,,
Z,13112 ,8 ,Ά“c’J,0 ,38 ,Ά“c’J‹ζ,‹Κμ‚S’–Ϊ‚P‚R‚X”Τ‚R‚Q,‹Κμ‚S|‚Q‚V|‚P‚O,"827,000 ","777,000 ",6.4 ,233 ,,1,1.2,Z‘ξ,‚k‚r,2F,,’†‹K–Νκ”ΚZ‘ξ‚ª‚Ώ•ΐ‚Τω¬Z‘ξ’nζ,‹ζ“Ή,“,4,,,,ƒKƒX,…“Ή,‰Ί…“Ή,“ρq‹Κμ,,950 ,‚P’ακ,€–h,50 ,100 ,,,,,,,,,,
Z,13112 ,8 ,Ά“c’J,0 ,39 ,Ά“c’J‹ζ,¬ι‚Q’–Ϊ‚Q‚O‚W”Τ‚P‚W,¬ι‚Q|‚P‚V|‚P‚S,"789,000 ","737,000 ",7.1 ,316 ,,1,2,Z‘ξ,‚q‚b,2F,,’†‹K–Νκ”ΚZ‘ξ‚ª‚Ώ•ΐ‚ΤΥΓ‚ΘZ‘ξ’nζ,‹ζ“Ή,–kΌ,6.2,,,,ƒKƒX,…“Ή,‰Ί…“Ή,¬ιw‰€‘O,,480 ,‚P’ακ,,40 ,80 ,,,,,,,,,,
Z,13112 ,8 ,Ά“c’J,0 ,40 ,Ά“c’J‹ζ,γ‘ct’J‚P’–Ϊ‚S‚R‚X”Τ‚VO,γ‘ct’J‚P|‚T|‚P‚R,"595,000 ","560,000 ",6.3 ,185 ,,1,1.2,Z‘ξ,‚v,2F,,κ”ΚZ‘ξ‹y‚ΡƒAƒp[ƒg“™‚ª‚Ώ•ΐ‚ΤZ‘ξ’nζ,‹ζ“Ή,–k,6,,,,ƒKƒX,…“Ή,‰Ί…“Ή,ηΞ‰GR,,860 ,‚P’ακ,€–h,50 ,100 ,,,,,,,,,,
Z,13112 ,8 ,Ά“c’J,0 ,41 ,Ά“c’J‹ζ,μ‘½©‚P’–Ϊ‚S‚O‚P‚V”Τ‚P‚O,μ‘½©‚P|‚Q‚U|‚R,"303,000 ","292,000 ",3.8 ,110 ,,1,2,Z‘ξ,‚v,2F,,¬‹K–Νκ”ΚZ‘ξ‚Μ‚Ω‚©‹σ’n“™‚ΰ©‚η‚κ‚ιZ‘ξ’nζ,‹ζ“Ή,“μ,4,,,,ƒKƒX,…“Ή,‰Ί…“Ή,μ‘½©,,"2,200 ",‚P’ακ,€–h,50 ,100 ,,,,,,,,,,
Z,13112 ,8 ,Ά“c’J,0 ,42 ,Ά“c’J‹ζ,‘ct’J‚T’–Ϊ‚T‚W‚R”Τ‚U‚R,‘ct’J‚T|‚R‚Q|‚X,"491,000 ","461,000 ",6.5 ,202 ,,1,1.2,Z‘ξ,‚v,2F,,’†‹K–Νκ”ΚZ‘ξ‚ª‚Ώ•ΐ‚ΤΥΓ‚ΘZ‘ξ’nζ,‹ζ“Ή,Ό,4,,,,ƒKƒX,…“Ή,‰Ί…“Ή,‘ctƒ–’J‘ε‘ ,,"1,200 ",‚P’ακ,,40 ,80 ,,,,,,,,,,
Z,13112 ,8 ,Ά“c’J,0 ,43 ,Ά“c’J‹ζ,’rK‚Q’–Ϊ‚P‚R‚Q”Τ‚Q,’rK‚Q|‚Q‚S|‚Q,"1,050,000 ","942,000 ",11.5 ,89 ,,1,2.5,Z‘ξ,‚v,3F,,κ”ΚZ‘ξA‹¤“―Z‘ξ‚ª‚Ώ•ΐ‚ΤZ‘ξ’nζ,‹ζ“Ή,“μ,4,,,,ƒKƒX,…“Ή,‰Ί…“Ή,’rK‘ε‹΄,,300 ,‚PZ‹,€–h,60 ,200 ,,,,,,,,,,
Z,13112 ,8 ,Ά“c’J,0 ,44 ,Ά“c’J‹ζ,χ‹u‚S’–Ϊ‚Q‚W‚Q‚S”Τ‚R‚T,χ‹u‚S|‚P‚O|‚P‚T,"694,000 ","649,000 ",6.9 ,125 ,,1,2,Z‘ξ,‚v,2F,,’†¬‹K–Νκ”ΚZ‘ξ‚ª‚Ώ•ΐ‚ΤZ‘ξ’nζ,‹ζ“Ή,“,4,,,,ƒKƒX,…“Ή,‰Ί…“Ή,ηΞ‘D‹΄,,650 ,‚P’ακ,€–h,60 ,150 ,,,,,,,,,,
Z,13112 ,8 ,Ά“c’J,0 ,45 ,Ά“c’J‹ζ,Ά“c’J‚Q’–Ϊ‚R‚W‚V”Τ‚P‚X,Ά“c’J‚Q|‚Q‚T|‚P‚Q,"719,000 ","675,000 ",6.5 ,126 ,,1.2,1,Z‘ξ,‚v,2F,1B,κ”ΚZ‘ξ‚ΖƒAƒp[ƒg‚ª‚Ώ•ΐ‚ΤZ‘ξ’nζ,‹ζ“Ή,–k,4,,,,ƒKƒX,…“Ή,‰Ί…“Ή,γ’¬,,700 ,‚P’†κ,€–h,60 ,200 ,,,,,,,,,,
Z,13112 ,8 ,Ά“c’J,0 ,46 ,Ά“c’J‹ζ,‘γ“c‚P’–Ϊ‚R‚W‚P”Τ‚P‚S,‘γ“c‚P|‚Q‚V|‚Q‚O,"860,000 ","797,000 ",7.9 ,159 ,,1,1.2,Z‘ξ,‚v,2F,,’†¬‹K–Νκ”ΚZ‘ξAƒAƒp[ƒg‚ª‚Ώ•ΐ‚ΤZ‘ξ’nζ,‹ζ“Ή,“,6,,,,ƒKƒX,…“Ή,‰Ί…“Ή,Ά“c’J‘γ“c,,780 ,‚P’ακ,€–h,50 ,150 ,,,,,,,,,,
Z,13112 ,8 ,Ά“c’J,0 ,47 ,Ά“c’J‹ζ,‘D‹΄‚U’–Ϊ‚Q‚Q”Τ‚T,‘D‹΄‚U|‚P‚V|‚T,"582,000 ","550,000 ",5.8 ,90 ,,1,2,Z‘ξ,‚v,2F,,κ”ΚZ‘ξ‚Ι‹¤“―Z‘ξ‚ΰ©‚η‚κ‚ιZ‘ξ’nζ,‹ζ“Ή,“μΌ,6,,,,ƒKƒX,…“Ή,‰Ί…“Ή,ηΞ‘D‹΄,,"1,400 ",‚P’†κ,€–h,60 ,200 ,,,,,,,,,,
Z,13112 ,8 ,Ά“c’J,0 ,48 ,Ά“c’J‹ζ,o“°‚Q’–Ϊ‚Q‚S‚S”Τ‚R‚X,o“°‚Q|‚P‚V|‚V,"829,000 ","774,000 ",7.1 ,107 ,,1,1.5,Z‘ξ,‚v,2F,,’†¬‹K–Νκ”ΚZ‘ξAƒ}ƒ“ƒVƒ‡ƒ““™‚ª‘½‚ΆZ‘ξ’nζ,‹ζ“Ή,“μΌ,3.7,,,,ƒKƒX,…“Ή,‰Ί…“Ή,o“°,,370 ,‚PZ‹,€–h,60 ,200 ,,,,,,,,,,
Z,13112 ,8 ,Ά“c’J,0 ,49 ,Ά“c’J‹ζ,‰Hª–Ψ‚P’–Ϊ‚P‚U‚T‚T”Τ‚Q‚R,‰Hª–Ψ‚P|‚Q‚X|‚P‚W,"772,000 ","713,000 ",8.3 ,166 ,,1,1.5,Z‘ξ,‚v,2F,,’†‹K–Νκ”ΚZ‘ξ‚ª‚Ώ•ΐ‚ΤΥΓ‚ΘZ‘ξ’nζ,‹ζ“Ή,–k,5,,,,ƒKƒX,…“Ή,‰Ί…“Ή,“Ό΄,,350 ,‚P’ακ,€–h,60 ,150 ,,,,,,,,,,
Z,13112 ,8 ,Ά“c’J,0 ,50 ,Ά“c’J‹ζ,Τ’η‚R’–Ϊ‚Q‚V‚P”Τ‚P‚S,Τ’η‚R|‚X|‚P‚P,"800,000 ","748,000 ",7.0 ,204 ,,1,2,Z‘ξ,‚v,3F,,’†‹K–Νκ”ΚZ‘ξ‚ª‘½‚­‹¤“―Z‘ξ‚ΰ‚ ‚ιZ‘ξ’nζ,‹ζ“Ή,–k,6,,,,ƒKƒX,…“Ή,‰Ί…“Ή,Ό΄,,320 ,‚P’ακ,€–h,50 ,100 ,,,,,*,13112,0 ,1 ,"771,000 ",3.8 
Z,13112 ,8 ,Ά“c’J,0 ,51 ,Ά“c’J‹ζ,Ό΄‚T’–Ϊ‚S‚Q‚Q”Τ‚R,Ό΄‚T|‚Q‚R|‚P‚R,"762,000 ","710,000 ",7.3 ,178 ,,1,1.5,Z‘ξ,‚k‚r,2F,,’†¬‹K–ΝZ‘ξ‚ΖƒAƒp[ƒg“™‚ª‚Ώ•ΐ‚ΤZ‘ξ’nζ,‹ζ“Ή,–k,4.3,,,,ƒKƒX,…“Ή,‰Ί…“Ή,“Ό΄,,380 ,‚P’ακ,€–h,60 ,150 ,,,,,,,,,,
Z,13112 ,8 ,Ά“c’J,0 ,52 ,Ά“c’J‹ζ,o“°‚T’–Ϊ‚W‚X‚X”Τ‚Q‚VO,o“°‚T|‚T|‚R,"761,000 ","703,000 ",8.3 ,212 ,•s®`,1,1.5,Z‘ξ,‚v,2F,,’†‹K–Νκ”ΚZ‘ξAƒAƒp[ƒg“™‚ª‚Ώ•ΐ‚ΤZ‘ξ’nζ,‹ζ“Ή,“μ,4.4,,,,ƒKƒX,…“Ή,‰Ί…“Ή,o“°,,720 ,‚P’ακ,€–h,60 ,150 ,,,,,,,,,,
Z,13112 ,8 ,Ά“c’J,0 ,53 ,Ά“c’J‹ζ,‘γ‘ς‚P’–Ϊ‚W‚P”Τ‚Q‚Q,‘γ‘ς‚P|‚P‚T|‚R,"984,000 ","900,000 ",9.3 ,162 ,,1,2,Z‘ξ,‚q‚b,3F,1B,’†¬‹K–Ν‚Μκ”ΚZ‘ξ‚ª‘½‚Ά‚‘δ‚ΜZ‘ξ’nζ,‹ζ“Ή,Ό,5.4,,,,ƒKƒX,…“Ή,‰Ί…“Ή,’rƒmγ,,500 ,‚P’ακ,€–h,50 ,150 ,,,,,,,,,,
Z,13112 ,8 ,Ά“c’J,0 ,54 ,Ά“c’J‹ζ,‹{β‚P’–Ϊ‚Q‚S‚S‚R”Τ‚Q‚Q,‹{β‚P|‚R‚U|‚P‚X,"793,000 ","742,000 ",6.9 ,199 ,,1,1,Z‘ξ,‚v,2F,,’†‹K–Νκ”ΚZ‘ξ“™‚ª‘½‚ΆZ‘ξ’nζ,‹ζ“Ή,“,6,,,,ƒKƒX,…“Ή,‰Ί…“Ή,‹{‚Μβ,,320 ,‚P’ακ,€–h,50 ,100 ,,,,,,,,,,
Z,13112 ,8 ,Ά“c’J,0 ,55 ,Ά“c’J‹ζ,·ª‚P’–Ϊ‚P‚T”Τ‚Q‚W,·ª‚P|‚U|‚T,"817,000 ","762,000 ",7.2 ,198 ,,1.5,1,Z‘ξ,‚v,2F,,κ”ΚZ‘ξ‚Μ’†‚ΙƒAƒp[ƒg“™‚ª©‚η‚κ‚ιZ‘ξ’nζ,‹ζ“Ή,“μ“,6,,,,ƒKƒX,…“Ή,‰Ί…“Ή,Ό‰A_Π‘O,,650 ,‚P’ακ,€–h,50 ,100 ,,,,,,,,,,
Z,13112 ,8 ,Ά“c’J,0 ,56 ,Ά“c’J‹ζ,‰‘ς‚W’–Ϊ‚Q‚V‚P”Τ‚P‚R,‰‘ς‚W|‚P‚O|‚V,"918,000 ","864,000 ",6.3 ,189 ,,1,2,Z‘ξ,‚v,2F,,’†‹K–Νκ”ΚZ‘ξ‚ª‘½‚Ά‹ζ‰ζ®‘R‚Ζ‚µ‚½Z‘ξ’nζ,‹ζ“Ή,–k,6.2,,,,ƒKƒX,…“Ή,‰Ί…“Ή,‹γ•i•§,,400 ,‚P’ακ,€–h,50 ,100 ,,,,,,,,,,
Z,13112 ,8 ,Ά“c’J,0 ,57 ,Ά“c’J‹ζ,‘ε‘ ‚T’–Ϊ‚Q‚W‚U‚S”Τ‚Q‚P,‘ε‘ ‚T|‚P‚W|‚P‚Q,"383,000 ","370,000 ",3.5 ,140 ,,1,1.5,Z‘ξ,‚k‚r,2F,,κ”ΚZ‘ξ‚Μ’†‚ΙƒAƒp[ƒg“™‚ª©‚η‚κ‚ιZ‘ξ’nζ,„“Ή,–kΌ,4,,,,ƒKƒX,…“Ή,‰Ί…“Ή,¬ιw‰€‘O,,"1,600 ",‚P’ακ,€–h,50 ,100 ,,,,,,,,,,
Z,13112 ,8 ,Ά“c’J,0 ,58 ,Ά“c’J‹ζ,–μ‘ς‚S’–Ϊ‚Q‚S‚T”Τ‚P‚O,–μ‘ς‚S|‚P‚X|‚Q,"801,000 ","734,000 ",9.1 ,143 ,,1.5,1,Z‘ξ,‚v,2F,,κ”ΚZ‘ξ‚ΙƒAƒp[ƒg“™‚ΰ©‚η‚κ‚ιZ‘ξ’nζ,“ΉH,“μΌ,4,,,,ƒKƒX,…“Ή,‰Ί…“Ή,‹ξ‘ς‘εw,,600 ,‚P’ακ,€–h,60 ,150 ,,,,,,,,,,
Z,13112 ,8 ,Ά“c’J,0 ,59 ,Ά“c’J‹ζ,V’¬‚R’–Ϊ‚R‚Q‚S”Τ‚P‚Q,V’¬‚R|‚Q‚W|‚P‚P,"918,000 ","863,000 ",6.4 ,222 ,,1,1.5,Z‘ξ,‚q‚b,3F,1B,’†‹K–Νκ”ΚZ‘ξ‚ª‘½‚­ƒAƒp[ƒg‚ΰ‚ ‚ιZ‘ξ’nζ,‹ζ“Ή,–k,6,,,,ƒKƒX,…“Ή,‰Ί…“Ή,χV’¬,,390 ,‚P’ακ,€–h,60 ,150 ,,,,,,,,,,
Z,13112 ,8 ,Ά“c’J,0 ,60 ,Ά“c’J‹ζ,Ά“c’J‚S’–Ϊ‚P‚P‚T”Τ‚R,Ά“c’J‚S|‚P‚O|‚P‚O,"799,000 ","749,000 ",6.7 ,198 ,,1,1.2,‹¤“―Z‘ξ,‚q‚b,5F,,’†¬‹K–Νκ”ΚZ‘ξAƒAƒp[ƒg“™‚ª‘½‚ΆZ‘ξ’nζ,‹ζ“Ή,–k,5.4,,,,ƒKƒX,…“Ή,‰Ί…“Ή,Ά“c’J,,190 ,‚QZ‹,€–h,60 ,300 ,,,,,,,,,,
Z,13112 ,8 ,Ά“c’J,0 ,61 ,Ά“c’J‹ζ,’†’¬‚Q’–Ϊ‚S‚T”Τ‚S‚R,’†’¬‚Q|‚T|‚T,"804,000 ","747,000 ",7.6 ,210 ,,1,1,Z‘ξ,‚k‚r,2F,,’†‹K–Νκ”ΚZ‘ξAƒAƒp[ƒg‚ª‚Ώ•ΐ‚ΤZ‘ξ’nζ,‹ζ“Ή,“μ,6,,,,ƒKƒX,…“Ή,‰Ί…“Ή,“™X—Ν,,330 ,‚P’ακ,€–h,50 ,100 ,,,,,,,,,,
Z,13112 ,8 ,Ά“c’J,0 ,62 ,Ά“c’J‹ζ,Ό΄‚S’–Ϊ‚P‚O‚V‚T”Τ‚V,Ό΄‚S|‚R‚S|‚R,"738,000 ","690,000 ",7.0 ,162 ,‘δ`,1,2,Z‘ξ,‚q‚b,3F,1B,κ”ΚZ‘ξAƒAƒp[ƒg“™‚ª‚Ώ•ΐ‚ΤZ‘ξ’nζ,‹ζ“Ή,Ό,5,,,,ƒKƒX,…“Ή,‰Ί…“Ή,Ό΄,,480 ,‚P’ακ,€–h,60 ,150 ,,,,,,,,,,
Z,13112 ,8 ,Ά“c’J,0 ,63 ,Ά“c’J‹ζ,α—Ρ‚R’–Ϊ‚Q‚P‚U”Τ‚U,α—Ρ‚R|‚Q‚V|‚T,"794,000 ","738,000 ",7.6 ,200 ,,1,1.5,Z‘ξ,‚v,2F,1B,’†¬‹K–Νκ”ΚZ‘ξAƒAƒp[ƒg‚ª‚Ώ•ΐ‚ΤZ‘ξ’nζ,‹ζ“Ή,“μΌ,4.4,,,,ƒKƒX,…“Ή,‰Ί…“Ή,Ό‰A_Π‘O,,230 ,‚P’†κ,€–h,60 ,200 ,,,,,,,,,,
Z,13112 ,8 ,Ά“c’J,0 ,64 ,Ά“c’J‹ζ,–μ–Ρ‚P’–Ϊ‚X‚T”Τ‚TO,–μ–Ρ‚P|‚X|‚Q‚Q,"613,000 ","588,000 ",4.3 ,154 ,,1,1.5,Z‘ξ,‚v,3F,,κ”ΚZ‘ξ‚ΖƒAƒp[ƒg“™‚ª©‚η‚κ‚ιZ‘ξ’nζ,‹ζ“Ή,–k,5.4,,,,ƒKƒX,…“Ή,‰Ί…“Ή,“™X—Ν,,"1,000 ",‚P’ακ,,40 ,80 ,,,,,,,,,,
,13112 ,8 ,Ά“c’J,0 ,65 ,Ά“c’J‹ζ,·ª‚R’–Ϊ‚P‚S”Τ‚P,·ª‚R|‚Q‚P|‚P,"1,010,000 ",,,"1,221 ",•s®`,1,1,‹¤“―Z‘ξ,‚q‚b,6F,1B,’†‚‘w‚Μƒ}ƒ“ƒVƒ‡ƒ“‚ª‘½‚­‚Ώ•ΐ‚ΤZ‘ξ’nζ,‹ζ“Ή,“,8,,‘¤“Ή,“μΌ,ƒKƒX,…“Ή,‰Ί…“Ή,χV’¬,,820 ,‚P’†κ,€–h,60 ,200 ,,,,,,,,,,
Z,13112 ,8 ,Ά“c’J,0 ,66 ,Ά“c’J‹ζ,γ—p‰κ‚U’–Ϊ‚P‚O‚R”Τ‚V,γ—p‰κ‚U|‚W|‚X,"697,000 ","649,000 ",7.4 ,151 ,,1,1.5,Z‘ξ,‚r,2F,1B,κ”ΚZ‘ξ‚ΙƒAƒp[ƒg“™‚ΰ©‚η‚κ‚ιZ‘ξ’nζ,‹ζ“Ή,Ό,6,,,,ƒKƒX,…“Ή,‰Ί…“Ή,—p‰κ,,"1,500 ",‚P’ακ,€–h,50 ,100 ,,,,,,,,,,
Z,13112 ,8 ,Ά“c’J,0 ,67 ,Ά“c’J‹ζ,‰Ί”n‚U’–Ϊ‚U‚O”Τ‚Q‚T,‰Ί”n‚U|‚R‚R|‚Q,"1,060,000 ","975,000 ",8.7 ,181 ,,1,2,Z‘ξ,‚v,2F,,’†¬‹K–Νκ”ΚZ‘ξ‚ª‚Ώ•ΐ‚ΤZ‘ξ’nζ,‹ζ“Ή,“μΌ,8,,,,ƒKƒX,…“Ή,‰Ί…“Ή,w|‘εw,,780 ,‚P’ακ,€–h,50 ,150 ,,,,,,,,,,
Z,13112 ,8 ,Ά“c’J,0 ,68 ,Ά“c’J‹ζ,Oh‚Q’–Ϊ‚Q‚S‚T”Τ‚S,Oh‚Q|‚P‚V|‚U,"895,000 ","836,000 ",7.1 ,169 ,,1,1.5,Z‘ξ,‚v,3F,,’†¬‹K–Νκ”ΚZ‘ξ‚ª‘½‚­‚Ώ•ΐ‚ΤZ‘ξ’nζ,‹ζ“Ή,“μ,5.4,,,,ƒKƒX,…“Ή,‰Ί…“Ή,’rK‘ε‹΄,,"1,100 ",‚P’†κ,€–h,60 ,200 ,,,,,,,,,,
Z,13112 ,8 ,Ά“c’J,0 ,69 ,Ά“c’J‹ζ,o“°‚S’–Ϊ‚T‚S‚Q”Τ‚P‚Q,o“°‚S|‚Q‚S|‚Q,"780,000 ","727,000 ",7.3 ,134 ,,1,1.5,Z‘ξ,‚q‚b,2F,,’†‹K–Νκ”ΚZ‘ξ‚ΖƒAƒp[ƒg‚ª‚Ώ•ΐ‚ΤZ‘ξ’nζ,‹ζ“Ή,“μ,6.3,,,,ƒKƒX,…“Ή,‰Ί…“Ή,ηΞ‘D‹΄,,450 ,‚P’ακ,€–h,50 ,100 ,,,,,,,,,,
Z,13112 ,8 ,Ά“c’J,0 ,70 ,Ά“c’J‹ζ,‰Ί”n‚Q’–Ϊ‚P‚S‚T”Τ‚Q‚V,‰Ί”n‚Q|‚P‚O|‚P‚U,"902,000 ","829,000 ",8.8 ,99 ,,1,1.5,Z‘ξ,‚r,3F,,’†¬‹K–ΝZ‘ξ‚ΙƒAƒp[ƒg“™‚ª‚Ώ•ΐ‚ΤZ‘ξ’nζ,‹ζ“Ή,–k,6,,,,ƒKƒX,…“Ή,‰Ί…“Ή,O¬’ƒ‰®,,850 ,‚P’†κ,€–h,60 ,200 ,,,,,,,,,,
Z,13112 ,8 ,Ά“c’J,0 ,71 ,Ά“c’J‹ζ,‹{β‚R’–Ϊ‚Q‚R‚S‚S”Τ‚P‚P,‹{β‚R|‚Q‚W|‚X,"802,000 ","746,000 ",7.5 ,190 ,,1,1.2,Z‘ξ,‚k‚r,2F,,κ”ΚZ‘ξ‚ΖƒAƒp[ƒg“™‚ª‚Ώ•ΐ‚ΤZ‘ξ’nζ,‹ζ“Ή,–kΌ,5.2,,,,ƒKƒX,…“Ή,‰Ί…“Ή,o“°,,540 ,‚P’ακ,€–h,50 ,100 ,,,,,,,,,,
Z,13112 ,8 ,Ά“c’J,0 ,72 ,Ά“c’J‹ζ,O¬’ƒ‰®‚P’–Ϊ‚S‚Q‚Q”Τ‚S‚Q,O¬’ƒ‰®‚P|‚P‚U|‚P‚W,"1,010,000 ","921,000 ",9.7 ,139 ,,1,1.5,‹¤“―Z‘ξ,‚q‚b,3F,,’†‹K–Νκ”ΚZ‘ξAƒ}ƒ“ƒVƒ‡ƒ““™‚ª‘½‚ΆZ‘ξ’nζ,‹ζ“Ή,–k,6,,,,ƒKƒX,…“Ή,‰Ί…“Ή,O¬’ƒ‰®,,480 ,‚P’†κ,€–h,60 ,200 ,,,,,,,,,,
Z,13112 ,8 ,Ά“c’J,0 ,73 ,Ά“c’J‹ζ,[‘ς‚T’–Ϊ‚P‚O”Τ‚WO,[‘ς‚T|‚R‚P|‚Q,"750,000 ","703,000 ",6.7 ,161 ,,1,1,‹¤“―Z‘ξ,‚k‚r,2F,,κ”ΚZ‘ξ‚Μ’†‚ΙƒAƒp[ƒg“™‚ΰ©‚η‚κ‚ιZ‘ξ’nζ,‹ζ“Ή,“μΌ,6,,,,ƒKƒX,…“Ή,‰Ί…“Ή,“™X—Ν,,"1,000 ",‚P’ακ,€–h,50 ,100 ,,,,,,,,,,
Z,13112 ,8 ,Ά“c’J,0 ,74 ,Ά“c’J‹ζ,γ–μ–Ρ‚Q’–Ϊ‚W‚Q”Τ‚QO,γ–μ–Ρ‚Q|‚P‚P|‚S,"785,000 ","742,000 ",5.8 ,208 ,,1,1.2,Z‘ξ,‚q‚b,2F,,ΥΓ‚Θ’†‹K–Νκ”ΚZ‘ξ‚ª‘½‚ΆZ‘ξ’nζ,‹ζ“Ή,“μ,6.2,,,,ƒKƒX,…“Ή,‰Ί…“Ή,γ–μ–Ρ,,600 ,‚P’ακ,,40 ,80 ,,,,,,,,,,
Z,13112 ,8 ,Ά“c’J,0 ,75 ,Ά“c’J‹ζ,α—Ρ‚T’–Ϊ‚T‚X‚W”Τ‚P“ΰ,α—Ρ‚T|‚P‚P|‚W,"784,000 ","742,000 ",5.7 ,140 ,,1,1,Z‘ξ,‚v,2F,,’†¬‹K–Ν‚ΜΛZ‘ξ“™‚ª‚Ώ•ΐ‚ΤZ‘ξ’nζ,‹ζ“Ή,–k“,5.9,,,,ƒKƒX,…“Ή,‰Ί…“Ή,α—Ρ,,340 ,‚P’†κ,€–h,60 ,200 ,,,,,,,,,,
Z,13112 ,8 ,Ά“c’J,0 ,76 ,Ά“c’J‹ζ,‹‹“c‚Q’–Ϊ‚R‚S‚S”Τ‚P‚R,‹‹“c‚Q|‚U|‚P‚V,"478,000 ","457,000 ",4.6 ,148 ,,1.5,1,Z‘ξ,‚v,2F,,κ”ΚZ‘ξAƒAƒp[ƒg“™‚ª‚Ώ•ΐ‚ΤZ‘ξ’nζ,‹ζ“Ή,–kΌ,3.8,,‘¤“Ή,“μΌ,ƒKƒX,…“Ή,‰Ί…“Ή,ηΞ‰GR,,660 ,‚P’ακ,€–h,50 ,100 ,,,,,,,,,,
Z,13112 ,8 ,Ά“c’J,0 ,77 ,Ά“c’J‹ζ,–k‰GR‚V’–Ϊ‚Q‚Q‚Q‚S”Τ‚V,,"428,000 ","409,000 ",4.6 ,110 ,,1,1.1,‹σ’n,,,,κ”ΚZ‘ξ‚Μ‚Ω‚©‚ΙƒAƒp[ƒg“™‚ª©‚η‚κ‚ιZ‘ξ’nζ,‹ζ“Ή,Ό,5.2,,,,ƒKƒX,…“Ή,‰Ί…“Ή,‹v‰δR,,"1,400 ",‚P’ακ,€–h,50 ,100 ,,,,,,,,,,
Z,13112 ,8 ,Ά“c’J,0 ,78 ,Ά“c’J‹ζ,””’J‚R’–Ϊ‚T”Τ‚P‚T,””’J‚R|‚R|‚P,"522,000 ","493,000 ",5.9 ,210 ,,1,1.5,Z‘ξ,‚v,2F,,’†¬‹K–Νκ”ΚZ‘ξAƒAƒp[ƒg“™‚ΰ‚ ‚ιZ‘ξ’nζ,‹ζ“Ή,“μ,4,,,,ƒKƒX,…“Ή,‰Ί…“Ή,ηΞ‰GR,,"1,200 ",‚P’ακ,€–h,50 ,100 ,,,,,,,,,,
Z,13112 ,8 ,Ά“c’J,0 ,79 ,Ά“c’J‹ζ,—p‰κ‚P’–Ϊ‚U”Τ‚S,—p‰κ‚P|‚S|‚V,"882,000 ","815,000 ",8.2 ,200 ,,1.2,1,Z‘ξ,‚v,2F,,’†‹K–Νκ”ΚZ‘ξ‚ª‘½‚ΆΥΓ‚ΘZ‘ξ’nζ,‹ζ“Ή,“μΌ,6,,,,ƒKƒX,…“Ή,‰Ί…“Ή,—p‰κ,,940 ,‚P’ακ,€–h,50 ,100 ,,,,,,,,,,
Z,13112 ,8 ,Ά“c’J,0 ,80 ,Ά“c’J‹ζ,Ό΄‚P’–Ϊ‚P‚Q‚R”Τ‚S‚W,Ό΄‚P|‚Q‚X|‚P‚U,"820,000 ","758,000 ",8.2 ,128 ,,1,1,Z‘ξ,‚v,2F,1B,κ”ΚZ‘ξ‚π’†S‚Ι‹¤“―Z‘ξ“™‚ΰ©‚η‚κ‚ιZ‘ξ’nζ,‹ζ“Ή,–kΌ,3.8,,,,ƒKƒX,…“Ή,‰Ί…“Ή,–Ύ‘ε‘O,,500 ,‚P’ακ,€–h,60 ,150 ,,,,,,,,,,
Z,13112 ,8 ,Ά“c’J,0 ,81 ,Ά“c’J‹ζ,α—Ρ‚Q’–Ϊ‚S‚U‚T”Τ‚U,α—Ρ‚Q|‚T|‚W,"819,000 ","771,000 ",6.2 ,83 ,,1,1,Z‘ξ,‚v,3F,,’†¬‹K–Νκ”ΚZ‘ξ‚ª‚Ώ•ΐ‚ΤZ‘ξ’nζ,‹ζ“Ή,–k“,6,,,,ƒKƒX,…“Ή,‰Ί…“Ή,Ό‘Ύq“°,,350 ,‚P’ακ,€–h,60 ,150 ,,,,,,,,,,
Z,13112 ,8 ,Ά“c’J,0 ,82 ,Ά“c’J‹ζ,γ–μ–Ρ‚P’–Ϊ‚U‚Q”Τ‚P‚O“ΰ,γ–μ–Ρ‚P|‚P‚U|‚P‚X,"857,000 ","820,000 ",4.5 ,161 ,,1,2.5,Z‘ξ,‚v,2F,,κ”ΚZ‘ξA‹¤“―Z‘ξ“™‚ª‚Ώ•ΐ‚ΤZ‘ξ’nζ,‹ζ“Ή,–k,6,,,,ƒKƒX,…“Ή,‰Ί…“Ή,γ–μ–Ρ,,240 ,‚P’ακ,€–h,50 ,100 ,,,,,,,,,,
Z,13112 ,8 ,Ά“c’J,0 ,83 ,Ά“c’J‹ζ,χ‚Q’–Ϊ‚T‚W‚U”Τ‚R,χ‚Q|‚P‚Q|‚Q,"703,000 ","662,000 ",6.2 ,112 ,,1,1,Z‘ξ,‚v,2F,,κ”ΚZ‘ξ‚Ι‹¤“―Z‘ξ“™‚ΰ©‚η‚κ‚ιZ‘ξ’nζ,‹ζ“Ή,“μ“,3.8,,,,ƒKƒX,…“Ή,‰Ί…“Ή,γ’¬,,830 ,‚P’ακ,€–h,60 ,150 ,,,,,,,,,,
Z,13112 ,8 ,Ά“c’J,0 ,84 ,Ά“c’J‹ζ,γ”n‚T’–Ϊ‚X”Τ‚R‚S,γ”n‚T|‚R‚O|‚W,"782,000 ","737,000 ",6.1 ,175 ,‘δ`,1,1.5,Z‘ξ,‚v,2F,,κ”ΚZ‘ξ‚Μ‚Ω‚©‚ΙƒAƒp[ƒg“™‚ª©‚η‚κ‚ιZ‘ξ’nζ,‹ζ“Ή,Ό,5,,,,ƒKƒX,…“Ή,‰Ί…“Ή,Ό‰A_Π‘O,,570 ,‚P’ακ,€–h,60 ,150 ,,,,,,,,,,
Z,13112 ,8 ,Ά“c’J,0 ,85 ,Ά“c’J‹ζ,χγ…‚P’–Ϊ‚P‚O‚P”Τ‚Q‚O,χγ…‚P|‚W|‚S,"640,000 ","598,000 ",7.0 ,102 ,,1,1.2,Z‘ξ,‚k‚r,2F,,’†¬‹K–Νκ”ΚZ‘ξ‚ΙƒAƒp[ƒg‚ΰ©‚η‚κ‚ιZ‘ξ’nζ,‹ζ“Ή,“,4,,,,ƒKƒX,…“Ή,‰Ί…“Ή,o“°,,"1,000 ",‚P’ακ,€–h,50 ,100 ,,,,,,,,,,
Z,13112 ,8 ,Ά“c’J,0 ,86 ,Ά“c’J‹ζ,–k‰GR‚X’–Ϊ‚Q‚O‚Q‚R”Τ‚P‚X,–k‰GR‚X|‚Q‚R|‚P‚O,"474,000 ","449,000 ",5.6 ,103 ,,1,2,Z‘ξ,‚v,2F,,¬‹K–ΝΛZ‘ξAƒAƒp[ƒg“™‚ª‚Ώ•ΐ‚ΤZ‘ξ’nζ,‹ζ“Ή,“μΌ,6,,,,ƒKƒX,…“Ή,‰Ί…“Ή,ηΞ‰GR,,"1,000 ",‚PZ‹,€–h,60 ,200 ,,,,,,,,,,
Z,13112 ,8 ,Ά“c’J,0 ,87 ,Ά“c’J‹ζ,‹m‚P’–Ϊ‚R‚S‚V”Τ‚W‚O,‹m‚P|‚Q‚W|‚V,"565,000 ","528,000 ",7.0 ,107 ,,1.2,1,Z‘ξ,‚v,2F,,¬‹K–Νκ”ΚZ‘ξ‚ΙƒAƒp[ƒg‚ΰ©‚η‚κ‚ιZ‘ξ’nζ,‹ζ“Ή,“,5,,,,ƒKƒX,…“Ή,‰Ί…“Ή,‘ctƒ–’J‘ε‘ ,,"1,200 ",‚P’ακ,€–h,50 ,100 ,,,,,,,,,,
Z,13112 ,8 ,Ά“c’J,0 ,88 ,Ά“c’J‹ζ,γ–k‘ς‚R’–Ϊ‚W‚V‚V”Τ‚R‚O“ΰ,γ–k‘ς‚R|‚Q‚O|‚V,"687,000 ","653,000 ",5.2 ,185 ,,1,1.5,Z‘ξ,‚v,2F,,ε‚Ικ”ΚZ‘ξ‚ª‚Ώ•ΐ‚ΤΥΓ‚ΘZ‘ξ’nζ,‹ζ“Ή,Ό,5.4,,,,ƒKƒX,…“Ή,‰Ί…“Ή,γ–k‘ς,,320 ,‚P’ακ,€–h,50 ,100 ,,,,,,,,,,
Z,13112 ,8 ,Ά“c’J,0 ,89 ,Ά“c’J‹ζ,¬ι‚W’–Ϊ‚T‚S‚X”Τ‚S,¬ι‚W|‚S|‚P‚X,"744,000 ","706,000 ",5.4 ,271 ,,1,1.5,Z‘ξ,‚v,3F,1B,’†‹K–Νκ”ΚZ‘ξ‚ª‘½‚Ά‹ζ‰ζ®‘R‚Ζ‚µ‚½Z‘ξ’nζ,‹ζ“Ή,–k,6.2,,,,ƒKƒX,…“Ή,‰Ί…“Ή,¬ιw‰€‘O,,850 ,‚P’ακ,,40 ,80 ,,,,,,,,,,
Z,13112 ,8 ,Ά“c’J,0 ,90 ,Ά“c’J‹ζ,‰‘ς‚T’–Ϊ‚P‚S‚O”Τ,‰‘ς‚T|‚P‚S|‚Q‚U,"1,130,000 ","1,030,000 ",9.7 ,250 ,,1,1.2,Z‘ξ,‚v,2F,,’†‹K–Νκ”ΚZ‘ξ‚ª‚Ώ•ΐ‚ΤZ‘ξ’nζ,‹ζ“Ή,–k,5.5,,,,ƒKƒX,…“Ή,‰Ί…“Ή,‰‘ς,,200 ,‚P’ακ,€–h,60 ,150 ,,,,,,,,,,
Z,13112 ,8 ,Ά“c’J,0 ,91 ,Ά“c’J‹ζ,ηΞ‘δ‚T’–Ϊ‚T‚P‚V”Τ‚T,ηΞ‘δ‚T|‚W|‚R,"485,000 ","458,000 ",5.9 ,216 ,,1,1,Z‘ξ,‚v,2F,,κ”ΚZ‘ξ‚ΖƒAƒp[ƒg‚ª‚Ώ•ΐ‚ΤxO‚ΜZ‘ξ’nζ,‹ζ“Ή,“μ,3.9,,,,ƒKƒX,…“Ή,‰Ί…“Ή,‘ctƒ–’J‘ε‘ ,,"1,700 ",‚P’ακ,€–h,50 ,100 ,,,,,,,,,,
Z,13112 ,8 ,Ά“c’J,0 ,92 ,Ά“c’J‹ζ,””’J‚Q’–Ϊ‚P‚W‚X”Τ‚P‚XO,””’J‚Q|‚T|‚P‚R,"566,000 ","533,000 ",6.2 ,158 ,,1,1.2,Z‘ξ,‚k‚r,2F,,κ”ΚZ‘ξ‚Μ‚Ω‚©ƒ}ƒ“ƒVƒ‡ƒ“‚ΰ©‚η‚κ‚ιZ‘ξ’nζ,‹ζ“Ή,Ό,6.1,,,,ƒKƒX,…“Ή,‰Ί…“Ή,°‰Τφ‰€,,880 ,‚P’ακ,€–h,50 ,100 ,,,,,,,,,,
Z,13112 ,8 ,Ά“c’J,0 ,93 ,Ά“c’J‹ζ,‰Ί”n‚R’–Ϊ‚T‚Q”Τ‚P‚V,‰Ί”n‚R|‚P‚U|‚P‚R,"879,000 ","813,000 ",8.1 ,74 ,,1,2,f—Γ“Z‘ξ,‚r,3F,1B,Z‘ξAƒAƒp[ƒgA“X•ά“™‚ª¬έ‚·‚ιω¬Z‘ξ’nζ,‹ζ“Ή,“μ“,12.8,,,,ƒKƒX,…“Ή,‰Ί…“Ή,O¬’ƒ‰®,,"1,200 ",‚P’†κ,€–h,60 ,200 ,,,,,,,,,,
Z,13112 ,8 ,Ά“c’J,0 ,94 ,Ά“c’J‹ζ,–k‘ς‚S’–Ϊ‚U‚T‚O”Τ‚P‚P,–k‘ς‚S|‚Q‚U|‚S,"894,000 ","834,000 ",7.2 ,99 ,,1,1.2,Z‘ξ,‚q‚b,3F,1B,¬‹K–Νκ”ΚZ‘ξ‚ΙƒAƒp[ƒg“™‚ª©‚η‚κ‚ιZ‘ξ’nζ,‹ζ“Ή,“μ“,3.3,,,,ƒKƒX,…“Ή,‰Ί…“Ή,“–k‘ς,,550 ,‚P’ακ,€–h,50 ,150 ,,,,,,,,,,
Z,13112 ,8 ,Ά“c’J,0 ,95 ,Ά“c’J‹ζ,£“c‚P’–Ϊ‚X‚S‚X”Τ‚R,£“c‚P|‚W|‚P‚S,"871,000 ","820,000 ",6.2 ,332 ,,1,1.5,Z‘ξ,‚v,2F,,’†‹K–Νκ”ΚZ‘ξ‚ª‚Ώ•ΐ‚ΤΥΓ‚ΘZ‘ξ’nζ,‹ζ“Ή,“,6,,,,ƒKƒX,…“Ή,‰Ί…“Ή,“ρq‹Κμ,,600 ,‚P’ακ,€–h,50 ,100 ,,,,,,,,,,
Z,13112 ,8 ,Ά“c’J,0 ,96 ,Ά“c’J‹ζ,‘γ“c‚T’–Ϊ‚X‚O‚P”Τ‚Q,‘γ“c‚T|‚P‚V|‚Q‚P,"967,000 ","887,000 ",9.0 ,193 ,,1,1.5,Z‘ξ,‚v,3F,,’†‹K–ΝZ‘ξ‹y‚ΡƒAƒp[ƒg“™‚Μ‚Ώ•ΐ‚ΤZ‘ξ’nζ,‹ζ“Ή,“,4,,,,ƒKƒX,…“Ή,‰Ί…“Ή,V‘γ“c,,300 ,‚P’ακ,€–h,50 ,150 ,,,,,,,,,,
Z,13112 ,8 ,Ά“c’J,0 ,97 ,Ά“c’J‹ζ,‘D‹΄‚P’–Ϊ‚R‚S‚O”Τ‚R‚Q,‘D‹΄‚P|‚S‚T|‚P‚O,"643,000 ","605,000 ",6.3 ,198 ,,1.2,1,Z‘ξ,‚v,2F,,’†¬‹K–Νκ”ΚZ‘ξAƒAƒp[ƒg‚ª‚Ώ•ΐ‚ΤZ‘ξ’nζ,‹ζ“Ή,Ό,3.8,,,,ƒKƒX,…“Ή,‰Ί…“Ή,ηΞ‘D‹΄,,800 ,‚P’ακ,€–h,50 ,100 ,,,,,,,,,,
,13112 ,8 ,Ά“c’J,0 ,98 ,Ά“c’J‹ζ,[‘ς‚W’–Ϊ‚P‚O‚W”Τ‚Q‚V,[‘ς‚W|‚P‚R|‚R‚Q,"909,000 ",,,152 ,,1,2,Z‘ξ,‚v,2F,,’†‹K–Νκ”ΚZ‘ξ‚ª‘½‚ΆΥΓ‚ΘZ‘ξ’nζ,‹ζ“Ή,–k“,8.1,,,,ƒKƒX,…“Ή,‰Ί…“Ή,χV’¬,,800 ,‚P’ακ,€–h,50 ,100 ,,,,,,,,,,
Z,13112 ,8 ,Ά“c’J,0 ,99 ,Ά“c’J‹ζ,γ—p‰κ‚P’–Ϊ‚P‚S”Τ‚P‚V,γ—p‰κ‚P|‚P‚S|‚U,"841,000 ","771,000 ",9.1 ,240 ,,1,1,Z‘ξ,‚q‚b,2F,,’†‹K–ΝA¬‹K–ΝZ‘ξ‚ª‚Ώ•ΐ‚ΤZ‘ξ’nζ,‹ζ“Ή,Ό,6,,,,ƒKƒX,…“Ή,‰Ί…“Ή,—p‰κ,,850 ,‚P’†κ,€–h,60 ,200 ,,,,,,,,,,
Z,13112 ,8 ,Ά“c’J,0 ,100 ,Ά“c’J‹ζ,‹Κμ“c‰€’²•z‚Q’–Ϊ‚V‚Q‚W”Τ‚Q,‹Κμ“c‰€’²•z‚Q|‚W|‚P‚T,"815,000 ","763,000 ",6.8 ,492 ,,1,1.5,Z‘ξ,‚q‚b,3F,1B,’†‹K–ΝΘγ‚Μκ”ΚZ‘ξ‚ª‘½‚ΆΥΓ‚ΘZ‘ξ’nζ,‹ζ“Ή,–k,5.4,,,,ƒKƒX,…“Ή,‰Ί…“Ή,“c‰€’²•z,,680 ,‚P’ακ,€–h,50 ,100 ,,,,,,,,,,
Z,13112 ,8 ,Ά“c’J,0 ,101 ,Ά“c’J‹ζ,–μ‘ς‚R’–Ϊ‚P‚P‚W”Τ‚WO,–μ‘ς‚R|‚R‚Q|‚P‚U,"890,000 ","832,000 ",7.0 ,206 ,,1,1.5,Z‘ξ,‚v,2F,,’†¬‹K–Ν‚Μκ”ΚZ‘ξ‚ª‚Ώ•ΐ‚ΤZ‘ξ’nζ,‹ζ“Ή,“μ“,6,,,,ƒKƒX,…“Ή,‰Ί…“Ή,w|‘εw,,"1,400 ",‚P’ακ,€–h,50 ,150 ,,,,,,,,,,
Z,13112 ,8 ,Ά“c’J,0 ,102 ,Ά“c’J‹ζ,™“c‚S’–Ϊ‚Q‚Q”Τ‚Q‚W,™“c‚S|‚V|‚T,"372,000 ","356,000 ",4.5 ,104 ,,1,2,Z‘ξ,‚v,2F,,κ”ΚZ‘ξAƒAƒp[ƒg“™‚ª‚Ώ•ΐ‚ΤZ‘ξ’nζ,‹ζ“Ή,Ό,4.5,,,,ƒKƒX,…“Ή,‰Ί…“Ή,“ρq‹Κμ,,"2,200 ",‚P’ακ,€–h,50 ,100 ,,,,,,,,,,
Z,13112 ,8 ,Ά“c’J,0 ,103 ,Ά“c’J‹ζ,“μ‰GR‚S’–Ϊ‚P‚O‚X‚R”Τ‚T,“μ‰GR‚S|‚Q‚Q|‚P‚T,"642,000 ","613,000 ",4.7 ,210 ,,1,2,Z‘ξ,‚v,2F,,κ”ΚZ‘ξ‚Μ‚Ω‚©‹¤“―Z‘ξ‚ΰ‚ ‚ιZ‘ξ’nζ,‹ζ“Ή,“μΌ,3.8,,,,ƒKƒX,…“Ή,‰Ί…“Ή,ηΞ‰GR,,520 ,‚PZ‹,€–h,60 ,200 ,,,,,,,,,,
Z,13112 ,8 ,Ά“c’J,0 ,104 ,Ά“c’J‹ζ,γ‘ct’J‚Q’–Ϊ‚R‚W‚Q”Τ‚P‚O,γ‘ct’J‚Q|‚Q‚U|‚S,"518,000 ","486,000 ",6.6 ,209 ,,1,1.2,Z‘ξ,‚v,2F,,κ”ΚZ‘ξ‚ª‘½‚­©‚η‚κ‚ιZ‘ξ’nζ,‹ζ“Ή,“μ,4,,,,ƒKƒX,…“Ή,‰Ί…“Ή,ηΞ‰GR,,970 ,‚P’ακ,€–h,50 ,100 ,,,,,,,,,,
Z,13112 ,8 ,Ά“c’J,0 ,105 ,Ά“c’J‹ζ,‹m‚S’–Ϊ‚Q‚T‚V”Τ‚P,‹m‚S|‚Q‚U|‚R,"720,000 ","664,000 ",8.4 ,113 ,,1,1.5,Z‘ξ,‚v,2F,,’†¬‹K–Νκ”ΚZ‘ξ‚ª‘½‚ΆΥΓ‚ΘZ‘ξ’nζ,‹ζ“Ή,“μ,5.9,,,,ƒKƒX,…“Ή,‰Ί…“Ή,‘ctƒ–’J‘ε‘ ,,670 ,‚P’ακ,€–h,50 ,100 ,,,,,,,,,,
Z,13112 ,8 ,Ά“c’J,0 ,106 ,Ά“c’J‹ζ,‘ct’J‚U’–Ϊ‚V‚P‚R”Τ‚P‚S,‘ct’J‚U|‚S|‚Q‚S,"453,000 ","427,000 ",6.1 ,190 ,,1,1.5,Z‘ξ,‚v,2F,,’†¬‹K–Νκ”ΚZ‘ξAƒAƒp[ƒg“™‚ª‚ ‚ιZ‘ξ’nζ,‹ζ“Ή,–k,4,,,,ƒKƒX,…“Ή,‰Ί…“Ή,‘ctƒ–’J‘ε‘ ,,"1,500 ",‚P’ακ,,40 ,80 ,,,,,,,,,,
Z,13112 ,8 ,Ά“c’J,0 ,107 ,Ά“c’J‹ζ,‘γ‘ς‚T’–Ϊ‚P‚P‚S‚P”Τ‚W,‘γ‘ς‚T|‚P‚U|‚P‚S,"1,020,000 ","931,000 ",9.6 ,155 ,,1,1.5,Z‘ξ,‚v,2F,1B,’†¬‹K–Νκ”ΚZ‘ξ‚ΖƒAƒp[ƒg‚ª‚Ώ•ΐ‚ΤZ‘ξ’nζ,‹ζ“Ή,–k,3.6,,,,ƒKƒX,…“Ή,‰Ί…“Ή,‰Ί–k‘ς,,520 ,‚P’ακ,€–h,50 ,150 ,,,,,,,,,,
Z,13112 ,8 ,Ά“c’J,0 ,108 ,Ά“c’J‹ζ,‹Κμ‚P’–Ϊ‚U‚V”Τ‚Q,‹Κμ‚P|‚P‚V|‚Q‚O,"1,010,000 ","934,000 ",8.1 ,191 ,,1,2,Z‘ξ,‚v,2F,,’†¬‹K–Ν‚Μκ”ΚZ‘ξ‚ª‘½‚ΆZ‘ξ’nζ,‹ζ“Ή,“μ“,6,,,,ƒKƒX,…“Ή,‰Ί…“Ή,“ρq‹Κμ,,580 ,‚PZ‹,€–h,60 ,200 ,,,,,,,,,,
Z,13112 ,8 ,Ά“c’J,0 ,111 ,Ά“c’J‹ζ,O¬’ƒ‰®‚Q’–Ϊ‚Q‚R‚S”Τ‚P‚T,O¬’ƒ‰®‚Q|‚Q‚W|‚S,"1,600,000 ","1,440,000 ",11.1 ,"1,698 ",‘δ`,1.5,1,‹¤“―Z‘ξ,‚q‚b,7F,,ƒ}ƒ“ƒVƒ‡ƒ“Aκ”ΚZ‘ξ“™‚ª©‚η‚κ‚ιZ‘ξ’nζ,‹ζ“Ή,Ό,8,,‘¤“Ή,“μ“,ƒKƒX,…“Ή,‰Ί…“Ή,O¬’ƒ‰®,,700 ,‚PZ‹,€–h,60 ,300 ,,,,,,,,,,
Z,13112 ,8 ,Ά“c’J,5 ,1 ,Ά“c’J‹ζ,χV’¬‚Q’–Ϊ‚T‚Q‚T”Τ‚P‚R,χV’¬‚Q|‚P‚O|‚V,"1,340,000 ","1,210,000 ",10.7 ,149 ,,1,3,“X•ά“––±,‚r,4F,,¬”„“X•ά‚Ζ’†‘w‚Μ––±ƒrƒ‹‚ª‚Ώ•ΐ‚Τ¤‹Ζ’nζ,“s“Ή,“μ,21,,,,ƒKƒX,…“Ή,‰Ί…“Ή,χV’¬,,130 ,‹ί¤,€–h,80 ,300 ,,,,,,,,,,
Z,13112 ,8 ,Ά“c’J,5 ,2 ,Ά“c’J‹ζ,γ–k‘ς‚S’–Ϊ‚P‚P‚O‚X”Τ‚P‚W,γ–k‘ς‚S|‚P‚R|‚P‚S,"762,000 ","725,000 ",5.1 ,91 ,,1,2,“X•ά“‹¤“―Z‘ξ,‚q‚b,5F,1B,¬”„“X•ά‚ª‚Ώ•ΐ‚Τ‰w‘O‚Μ¤‹Ζ’nζ,‹ζ“Ή,“,5.4,,,,ƒKƒX,…“Ή,‰Ί…“Ή,γ–k‘ς,,130 ,‹ί¤,€–h,80 ,300 ,,,,,,,,,,
Z,13112 ,8 ,Ά“c’J,5 ,3 ,Ά“c’J‹ζ,‘Ύq“°‚Q’–Ϊ‚S‚Q‚W”Τ‚P‚UO,‘Ύq“°‚Q|‚P‚U|‚U,"3,750,000 ","3,280,000 ",14.3 ,247 ,,1,3,“X•ά“––±,‚q‚b,7F,1B,¬”„“X•άAωH“XA‹βs“™‚ª‚Ώ•ΐ‚Τ¤‹Ζ’nζ,‹ζ“Ή,Ό,11,,,,ƒKƒX,…“Ή,‰Ί…“Ή,O¬’ƒ‰®,,60 ,¤‹Ζ,–h‰Ξ,80 ,500 ,,,,,,,,,,
Z,13112 ,8 ,Ά“c’J,5 ,4 ,Ά“c’J‹ζ,–k‘ς‚Q’–Ϊ‚P‚O‚S‚T”Τ‚R‚V,–k‘ς‚Q|‚P‚X|‚P‚Q,"3,480,000 ","3,100,000 ",12.3 ,89 ,,1,3.5,“X•ά“Z‘ξ,‚r,5F,,¬”„AωHAβy“X•ά“™‚Μ‚Ώ•ΐ‚Τ‰w‘O¤‹Ζ’nζ,‹ζ“Ή,“,5.5,,”w–Κ“Ή,,ƒKƒX,…“Ή,‰Ί…“Ή,‰Ί–k‘ς,,70 ,¤‹Ζ,–h‰Ξ,80 ,500 ,,,,,,,,,,
Z,13112 ,8 ,Ά“c’J,5 ,5 ,Ά“c’J‹ζ,“™X—Ν‚P’–Ϊ‚W‚O”Τ‚Q,“™X—Ν‚P|‚R‚O|‚P‚R,"946,000 ","878,000 ",7.7 ,238 ,,1.2,1,“X•ά“‹¤“―Z‘ξ,‚q‚b,7F,,“X•άA––±“™‚ª‚Ώ•ΐ‚ΤHό¤‹Ζ’nζ,“s“Ή,–k,25,,,,ƒKƒX,…“Ή,‰Ί…“Ή,”φR‘δ,,500 ,‚QZ‹,–h‰Ξ,60 ,300 ,,,,,,,,,,
Z,13112 ,8 ,Ά“c’J,5 ,6 ,Ά“c’J‹ζ,‹Κμ‚S’–Ϊ‚P‚U‚U‚V”Τ‚W,‹Κμ‚S|‚P‚P|‚X,"986,000 ","916,000 ",7.6 ,82 ,,1,1.5,“X•ά“Z‘ξ,‚r,3F,,¬”„“X•άA“X•ά•Ή—pZ‘ξ‚ª‚Ώ•ΐ‚Τ¤‹Ζ’nζ,‹ζ“Ή,“,5.8,,,,ƒKƒX,…“Ή,‰Ί…“Ή,“ρq‹Κμ,,620 ,‹ί¤,€–h,80 ,300 ,,,,,,,,,,
Z,13112 ,8 ,Ά“c’J,5 ,7 ,Ά“c’J‹ζ,’rK‚R’–Ϊ‚P‚T‚X”Τ‚P‚RO,’rK‚R|‚R‚O|‚U,"1,920,000 ","1,690,000 ",13.6 ,134 ,‘δ`,1.5,1,“X•ά“‹¤“―Z‘ξ,‚q‚b,10F,,’†¬‹K–Ν‚Μ“X•άƒrƒ‹“™‚ª‚Ώ•ΐ‚ΤHό¤‹Ζ’nζ,‘“Ή,“μ“,40,,,,ƒKƒX,…“Ή,‰Ί…“Ή,’rK‘ε‹΄,,630 ,¤‹Ζ,–h‰Ξ,80 ,500 ,,,,,,,,,,
Z,13112 ,8 ,Ά“c’J,5 ,8 ,Ά“c’J‹ζ,“™X—Ν‚Q’–Ϊ‚P‚V”Τ‚U,“™X—Ν‚Q|‚P‚X|‚P‚T,"1,250,000 ","1,160,000 ",7.8 ,63 ,,1,3,“X•ά“Z‘ξ,‚r,3F,,¬”„“X•ά‚ª‚Ώ•ΐ‚Τ‰w‘O‚Μ¤‹Ζ’nζ,‹ζ“Ή,“μ“,11,,,,ƒKƒX,…“Ή,‰Ί…“Ή,”φR‘δ,‹ίΪ,0 ,‹ί¤,€–h,80 ,300 ,,,,,*,13112,5 ,10 ,"1,190,000 ",5.0 
Z,13112 ,8 ,Ά“c’J,5 ,9 ,Ά“c’J‹ζ,‰‘ς‚S’–Ϊ‚R‚Q”Τ‚R,‰‘ς‚S|‚P‚U|‚P‚Q,"1,010,000 ","946,000 ",6.8 ,90 ,,1,3,“X•ά“‹¤“―Z‘ξ,‚r,3F,,’α’†‘w‚Μ“X•ά“‹¤“―Z‘ξ“™‚ª‘½‚Ά‹ί—Χ¤‹Ζ’nζ,‹ζ“Ή,“,6.3,,,,ƒKƒX,…“Ή,‰Ί…“Ή,‰‘ς,,230 ,‹ί¤,€–h,80 ,300 ,,,,,,,,,,
Z,13112 ,8 ,Ά“c’J,5 ,10 ,Ά“c’J‹ζ,–k‘ς‚Q’–Ϊ‚X‚V‚O”Τ‚T,–k‘ς‚Q|‚R‚P|‚P‚R,"2,070,000 ","1,860,000 ",11.3 ,74 ,,1,2.5,“X•ά“Z‘ξ,‚r,3F,,¬”„“X•ά“™‚ª‚Ώ•ΐ‚Τ‰w‚Ι‹ί‚Ά¤‹Ζ’nζ,‹ζ“Ή,“μ“,5.4,,,,ƒKƒX,…“Ή,‰Ί…“Ή,‰Ί–k‘ς,,200 ,¤‹Ζ,–h‰Ξ,80 ,500 ,,,,,,,,,,
Z,13112 ,8 ,Ά“c’J,5 ,11 ,Ά“c’J‹ζ,‘ε΄‚Q’–Ϊ‚P‚R‚O‚V”Τ‚W,‘ε΄‚Q|‚P‚W|‚R,"916,000 ","846,000 ",8.3 ,82 ,,1,2,“X•ά“‹¤“―Z‘ξ,‚r,4F,,¬‹K–Ν“X•άA“X•ά“‹¤“―Z‘ξ‚ª‘½‚Ά‰w‘O¤‹Ζ’nζ,‹ζ“Ή,“μ,4.3,,,,ƒKƒX,…“Ή,‰Ί…“Ή,‘γ“c‹΄,,60 ,‹ί¤,€–h,80 ,300 ,,,,,,,,,,
Z,13112 ,8 ,Ά“c’J,5 ,12 ,Ά“c’J‹ζ,Ά“c’J‚S’–Ϊ‚T‚O”Τ‚V,Ά“c’J‚S|‚Q|‚P‚P,"947,000 ","884,000 ",7.1 ,149 ,,1,2,“X•ά“––±,‚r,3F,1B,¬”„“X•άA‹¤“―Z‘ξ“™‚ª‚Ώ•ΐ‚Τ‰w‘O¤‹Ζ’nζ,‹ζ“Ή,“,5.4,,,,ƒKƒX,…“Ή,‰Ί…“Ή,Ό‰A_Π‘O,‹ίΪ,0 ,‹ί¤,€–h,80 ,300 ,,,,,,,,,,
Z,13112 ,8 ,Ά“c’J,5 ,13 ,Ά“c’J‹ζ,“μ‰GR‚T’–Ϊ‚U‚S‚R”Τ‚WO,“μ‰GR‚T|‚P‚U|‚Q‚O,"1,750,000 ","1,590,000 ",10.1 ,164 ,,1,1.5,“X•ά“––±,‚q‚b,5F,1B,’†‘w‚Μ“X•άA––±ƒrƒ‹‚ª‚Ώ•ΐ‚Τ¤‹Ζ’nζ,‹ζ“Ή,–k“,12,,,,ƒKƒX,…“Ή,‰Ί…“Ή,ηΞ‰GR,,120 ,¤‹Ζ,–h‰Ξ,80 ,500 ,,,,,,,,,,
Z,13112 ,8 ,Ά“c’J,5 ,14 ,Ά“c’J‹ζ,Ό΄‚P’–Ϊ‚U‚S‚U”Τ‚P‚V,Ό΄‚P|‚R‚U|‚W,"1,210,000 ","1,090,000 ",11.0 ,135 ,,1,3,“X•ά“Z‘ξ,‚q‚b,4F,,¬”„AωH“X•ά“™‚ª‚Ώ•ΐ‚Τ‰w‚Ι‹ί‚Ά¤‹Ζ’nζ,‹ζ“Ή,–k,4.5,,,,ƒKƒX,…“Ή,‰Ί…“Ή,–Ύ‘ε‘O,,90 ,¤‹Ζ,–h‰Ξ,80 ,400 ,,,,,,,,,,
Z,13112 ,8 ,Ά“c’J,5 ,15 ,Ά“c’J‹ζ,‹ξ‘ς‚Q’–Ϊ‚X‚U‚R”Τ‚P‚W,‹ξ‘ς‚Q|‚P‚U|‚Q,"1,620,000 ","1,470,000 ",10.2 ,121 ,,1,2,“X•άA––±“‹¤“―Z‘ξ,‚r‚q‚b,8F,1B,’†‚‘w‚Μ“X•ά“‹¤“―Z‘ξ‚ª‘½‚Ά¤‹Ζ’nζ,‘“Ή,“μ“,30,,,,ƒKƒX,…“Ή,‰Ί…“Ή,‹ξ‘ς‘εw,,400 ,¤‹Ζ,–h‰Ξ,80 ,500 ,,,,,,,,,,
Z,13112 ,8 ,Ά“c’J,5 ,16 ,Ά“c’J‹ζ,‹“Ώ›‚P’–Ϊ‚Q‚O‚R‚Q”Τ‚W,‹“Ώ›‚P|‚Q‚Q|‚T,"901,000 ","841,000 ",7.1 ,115 ,,1,3,“X•άA––±“Z‘ξ,‚r‚q‚b,3F,1B,’†’α‘w‚Μ¬”„“X•ά‚Μ‚Ώ•ΐ‚Τ‰w‘O‚Μ¤‹Ζ’nζ,“s“Ή,Ό,4.2,,,,ƒKƒX,…“Ή,‰Ί…“Ή,‹“Ώ›,,90 ,‹ί¤,€–h,80 ,300 ,,,,,*,13112,5 ,9 ,"862,000 ",4.5 
Z,13112 ,8 ,Ά“c’J,5 ,17 ,Ά“c’J‹ζ,o“°‚P’–Ϊ‚R‚U”Τ‚Q‚P,o“°‚P|‚P‚Q|‚W,"1,280,000 ","1,180,000 ",8.5 ,99 ,,1,2,“X•άAf—Γ“Z‘ξ,‚r,4F,,¬”„“X•άAωH“X‚ª‚Ώ•ΐ‚Τ‰w‘O‚Μ¤‹Ζ’nζ,‹ζ“Ή,–kΌ,5.2,,,,ƒKƒX,…“Ή,‰Ί…“Ή,o“°,,140 ,‹ί¤,–h‰Ξ,80 ,300 ,,,,,,,,,,
Z,13112 ,8 ,Ά“c’J,5 ,18 ,Ά“c’J‹ζ,£“c‚Q’–Ϊ‚W‚P‚Q”Τ‚P‚P,£“c‚Q|‚Q‚R|‚P‚T,"945,000 ","889,000 ",6.3 ,507 ,‘δ`,1.2,1,––±,‚q‚b,3F,,’†’α‘w‚Μ“X•άA––±“™‚ª‘½‚ΆHό¤‹Ζ’nζ,‘“Ή,–k“,25,,‘¤“Ή,“μ“,ƒKƒX,…“Ή,‰Ί…“Ή,—p‰κ,,850 ,‹ί¤,–h‰Ξ,80 ,300 ,,,,,,,,,,
Z,13112 ,8 ,Ά“c’J,5 ,19 ,Ά“c’J‹ζ,—p‰κ‚S’–Ϊ‚S‚Q‚T”Τ‚W,—p‰κ‚S|‚P‚R|‚Q,"1,150,000 ","1,050,000 ",9.5 ,210 ,‘δ`,1,2,“X•ά“‹¤“―Z‘ξ,‚q‚b,5F,,’†‘wƒrƒ‹A¬”„“X•ά‚ª‚Ώ•ΐ‚Τ‰w‘O‚Μ¤‹Ζ’nζ,‹ζ“Ή,“μ,7.3,,,,ƒKƒX,…“Ή,‰Ί…“Ή,—p‰κ,,200 ,‹ί¤,€–h,80 ,300 ,,,,,,,,,,
Z,13112 ,8 ,Ά“c’J,5 ,20 ,Ά“c’J‹ζ,‹Κμ‚R’–Ϊ‚P‚T‚X‚U”Τ‚R,‹Κμ‚R|‚P‚O|‚V,"1,920,000 ","1,730,000 ",11.0 ,142 ,,1,1,“X•ά,‚q‚b,4F,1B,‘ε‹K–Ν“X•ά‚Ι’†¬‹K–Ν“X•ά‚ª¬έ‚·‚ι¤‹Ζ’nζ,‹ζ“Ή,–k,6.9,,‘¤“Ή,Ό,ƒKƒX,…“Ή,‰Ί…“Ή,“ρq‹Κμ,,200 ,‹ί¤,€–h,80 ,300 ,,,,,,,,,,
Z,13112 ,8 ,Ά“c’J,5 ,21 ,Ά“c’J‹ζ,‘γ“c‚P’–Ϊ‚R‚U‚W”Τ‚Q,‘γ“c‚P|‚R‚R|‚P‚S,"895,000 ","820,000 ",9.1 ,155 ,,1,1.5,“X•ά“‹¤“―Z‘ξ,‚q‚b,3F,,’α’†‘w“X•ά“‹¤“―Z‘ξ‚ª‘½‚Ά‹ί—Χ¤‹Ζ’nζ,‹ζ“Ή,–k,11,,‘¤“Ή,Ό,ƒKƒX,…“Ή,‰Ί…“Ή,Ά“c’J‘γ“c,,700 ,‹ί¤,€–h,80 ,200 ,,,,,,,,,,
Z,13112 ,8 ,Ά“c’J,5 ,22 ,Ά“c’J‹ζ,Ό΄‚R’–Ϊ‚W‚R‚V”Τ‚Q,Ό΄‚R|‚R‚X|‚R‚O,"1,120,000 ","1,020,000 ",9.8 ,204 ,‘δ`,1,1,“X•ά“‹¤“―Z‘ξ,‚r,7F,1B,ƒ}ƒ“ƒVƒ‡ƒ“‚Ζ––±ƒrƒ‹‚ª¬έ‚·‚ιHό¤‹Ζ’nζ,‘“Ή,–k,43,,‘¤“Ή,“,ƒKƒX,…“Ή,‰Ί…“Ή,‰Ί‚δΛ,,420 ,¤‹Ζ,–h‰Ξ,80 ,400 ,,,,,,,,,,
Z,13112 ,8 ,Ά“c’J,5 ,23 ,Ά“c’J‹ζ,O¬’ƒ‰®‚P’–Ϊ‚P‚V”Τ‚P‚PO,O¬’ƒ‰®‚P|‚R‚U|‚Q,"1,670,000 ","1,480,000 ",12.8 ,139 ,,1,1.2,“X•ά,‚r‚q‚b,3F,1B,¬”„“X•άAωH“X“™‚ª‚Ώ•ΐ‚Τ‰w‚Ι‹ί‚Ά¤‹Ζ’nζ,‹ζ“Ή,“μ,5.3,,,,ƒKƒX,…“Ή,‰Ί…“Ή,O¬’ƒ‰®,,200 ,‹ί¤,€–h,80 ,300 ,,,,,,,,,,
Z,13112 ,8 ,Ά“c’J,5 ,24 ,Ά“c’J‹ζ,α—Ρ‚T’–Ϊ‚T‚V‚U”Τ‚S,α—Ρ‚T|‚R|‚P‚R,"931,000 ","857,000 ",8.6 ,379 ,•s®`,1.2,1,“X•ά“‹¤“―Z‘ξ,‚q‚b,5F,,’†¬‹K–Ν‚Μ“X•ά“Z‘ξ‚ª‚Ώ•ΐ‚ΤHό¤‹Ζ’nζ,“s“Ή,“,25,,”w–Κ“Ή,,ƒKƒX,…“Ή,‰Ί…“Ή,α—Ρ,,170 ,‹ί¤,–h‰Ξ,80 ,300 ,,,,,,,,,,
Z,13112 ,8 ,Ά“c’J,5 ,25 ,Ά“c’J‹ζ,[‘ς‚U’–Ϊ‚S‚P”Τ‚Q‚Q,[‘ς‚U|‚Q|‚P‚V,"833,000 ","771,000 ",8.0 ,104 ,‘δ`,1.5,1,“X•ά“––±,‚q‚b,3F,1B,“X•άA‰c‹ΖA‹βs“™‚ª¬έ‚·‚ι‹ί—Χ¤‹Ζ’nζ,‹ζ“Ή,“μ“,15,,,,ƒKƒX,…“Ή,‰Ί…“Ή,‹ξ‘ς‘εw,,"1,400 ",‹ί¤,€–h,80 ,300 ,,,,,,,,,,
Z,13112 ,8 ,Ά“c’J,5 ,26 ,Ά“c’J‹ζ,—p‰κ‚Q’–Ϊ‚S”Τ‚T,—p‰κ‚Q|‚P|‚Q,"925,000 ","844,000 ",9.6 ,105 ,,1.5,1,“X•ά“––±,‚r,4F,1B,“X•άA‰c‹Ζ“™‚ª‚Ώ•ΐ‚ΤHό¤‹Ζ’nζ,‘“Ή,“μ,30,,,,ƒKƒX,…“Ή,‰Ί…“Ή,χV’¬,,750 ,€Z‹,–h‰Ξ,60 ,300 ,,,,,,,,,,
Z,13112 ,8 ,Ά“c’J,5 ,27 ,Ά“c’J‹ζ,χ‹u‚T’–Ϊ‚R‚P‚P‚T”Τ‚P,χ‹u‚T|‚R‚Q|‚U,"866,000 ","795,000 ",8.9 ,422 ,,1,2,“X•ά“‹¤“―Z‘ξ,‚q‚b,5F,,’†‘w‚Μ“X•ά•tƒ}ƒ“ƒVƒ‡ƒ““™‚ª‘½‚ΆHό¤‹Ζ’nζ,“s“Ή,Ό,25,,‘¤“Ή,–k,ƒKƒX,…“Ή,‰Ί…“Ή,ηΞ‘D‹΄,,750 ,€Z‹,–h‰Ξ,60 ,300 ,,,,,,,,,,
Z,13112 ,8 ,Ά“c’J,5 ,28 ,Ά“c’J‹ζ,“μ‰GR‚R’–Ϊ‚W‚U‚T”Τ‚P,“μ‰GR‚R|‚Q‚T|‚P‚Q,"855,000 ","792,000 ",8.0 ,510 ,‘δ`,1,1,“X•ά“‹¤“―Z‘ξ,‚r‚q‚b,8F,,“X•άA‰c‹Ζ“™‚ª‚Ώ•ΐ‚ΤHό¤‹Ζ’nζ,‘“Ή,–k,20,,”w–Κ“Ή,,ƒKƒX,…“Ή,‰Ί…“Ή,°‰Τφ‰€,,300 ,€Z‹,–h‰Ξ,60 ,300 ,,,,,,,,,,
Z,13112 ,8 ,Ά“c’J,5 ,29 ,Ά“c’J‹ζ,χγ…‚S’–Ϊ‚S‚R‚O”Τ‚P‚Q,χγ…‚S|‚P‚V|‚S,"1,010,000 ","928,000 ",8.8 ,117 ,‘δ`,1,1.5,“X•ά“‹¤“―Z‘ξ,‚r,3F,,¬”„“X•ά‚ª‚Ώ•ΐ‚Τ‰w‚Ι‹ί‚Ά¤‹Ζ’nζ,‹ζ“Ή,Ό,5.6,,,,ƒKƒX,…“Ή,‰Ί…“Ή,χγ…,,70 ,‹ί¤,€–h,80 ,300 ,,,,,,,,,,
Z,13112 ,8 ,Ά“c’J,5 ,30 ,Ά“c’J‹ζ,‰‘ς‚T’–Ϊ‚R‚P‚U”Τ‚X,‰‘ς‚T|‚S‚P|‚V,"1,660,000 ","1,470,000 ",12.9 ,141 ,,1,1.5,“X•ά“‹¤“―Z‘ξ,‚r,5F,,¬‹K–Ν‚Θ“X•ά“‹¤“―Z‘ξ“™‚ª‘½‚Ά‹ί—Χ¤‹Ζ’nζ,‹ζ“Ή,Ό,9.5,,,,ƒKƒX,…“Ή,‰Ί…“Ή,©—R‚ª‹u,,380 ,‹ί¤,€–h,80 ,300 ,,,,,,,,,,
Z,13112 ,8 ,Ά“c’J,5 ,31 ,Ά“c’J‹ζ,μ‘½©‚W’–Ϊ‚Q‚P‚V‚T”Τ‚P‚O,μ‘½©‚W|‚P‚W|‚P‚P,"877,000 ","813,000 ",7.9 ,222 ,,1,1.5,“X•άA––±“‹¤“―Z‘ξ,‚q‚b,5F,1B,’†’α‘w‚Μ“X•ά“‹¤“―Z‘ξ‚ª‘½‚Ά‰w‚Ι‹ί‚Ά¤‹Ζ’nζ,‹ζ“Ή,–kΌ,6,,,,ƒKƒX,…“Ή,‰Ί…“Ή,μ‘½©,,50 ,‹ί¤,€–h,80 ,300 ,,,,,,,,,,
Z,13112 ,8 ,Ά“c’J,5 ,32 ,Ά“c’J‹ζ,Ό΄‚T’–Ϊ‚P‚U‚W”Τ‚S‚O,Ό΄‚T|‚R|‚P‚R,"920,000 ","847,000 ",8.6 ,78 ,,1,1.5,“X•ά“‹¤“―Z‘ξ,‚q‚b,4F,,¬”„“X•άAƒ}ƒ“ƒVƒ‡ƒ““™‚ª¬έ‚·‚ι‰w‘O¤‹Ζ’nζ,‹ζ“Ή,–kΌ,5.4,,,,ƒKƒX,…“Ή,‰Ί…“Ή,“Ό΄,,90 ,‹ί¤,€–h,80 ,300 ,,,,,,,,,,
Z,13113 ,8 ,a’J,0 ,1 ,a’J‹ζ,‰‘δ‚Q’–Ϊ‚W”Τ‚P‚S,‰‘δ‚Q|‚W|‚U,"1,280,000 ","1,180,000 ",8.5 ,141 ,,1,1,‹¤“―Z‘ξ“––±,‚r,4F,,κ”ΚZ‘ξAƒ}ƒ“ƒVƒ‡ƒ““™‚ª¬έ‚·‚ιZ‘ξ’nζ,‹ζ“Ή,“μΌ,7.2,,,,ƒKƒX,…“Ή,‰Ί…“Ή,‰‘δ,,750 ,‚PZ‹,€–h,60 ,300 ,,,,,,,,,,
Z,13113 ,8 ,a’J,0 ,2 ,a’J‹ζ,η‘ΚƒP’J‚P’–Ϊ‚Q‚U”Τ‚U,η‘Κƒ–’J‚P|‚Q‚U|‚P‚P,"1,750,000 ","1,590,000 ",10.1 ,181 ,,1,2,Z‘ξ,‚k‚r,3F,,κ”ΚZ‘ξAƒ}ƒ“ƒVƒ‡ƒ““™‚ª¬έ‚·‚ιZ‘ξ’nζ,‹ζ“Ή,–k“,4.5,,,,ƒKƒX,…“Ή,‰Ί…“Ή,η‘ΚƒP’J,,290 ,‚QZ‹,€–h,60 ,300 ,,,,,*,13113,0 ,2 ,"1,650,000 ",6.1 
Z,13113 ,8 ,a’J,0 ,3 ,a’J‹ζ,L”φ‚Q’–Ϊ‚P‚P”Τ‚U,L”φ‚Q|‚P‚Q|‚P‚R,"1,970,000 ","1,710,000 ",15.2 ,209 ,,1,2.5,Z‘ξ,‚v,2F,,’†‹K–Νκ”ΚZ‘ξ‚ª‘½‚ΆΥΓ‚ΘZ‘ξ’nζ,‹ζ“Ή,“μ,5.4,,,,ƒKƒX,…“Ή,‰Ί…“Ή,L”φ,,600 ,‚P’ακ,€–h,60 ,150 ,,,,,,,,,,
Z,13113 ,8 ,a’J,0 ,4 ,a’J‹ζ,_‹{‘O‚S’–Ϊ‚P‚T”Τ‚S,_‹{‘O‚S|‚P‚T|‚U,"3,190,000 ","2,750,000 ",16.0 ,174 ,,1,2,‹¤“―Z‘ξ,‚r,3F,,ƒ}ƒ“ƒVƒ‡ƒ“‚Μ‚Ω‚©κ”ΚZ‘ξ‚ΰ©‚η‚κ‚ιZ‘ξ’nζ,‹ζ“Ή,“μΌ,5,,,,ƒKƒX,…“Ή,‰Ί…“Ή,•\Q“Ή,,360 ,‚P’†κ,€–h,60 ,200 ,,,,,,,,,,
Z,13113 ,8 ,a’J,0 ,5 ,a’J‹ζ,Ό·‚P’–Ϊ‚Q‚U”Τ‚R‚VO,Ό·‚P|‚P‚R|‚V,"2,640,000 ","2,320,000 ",13.8 ,659 ,,2,1,‹¤“―Z‘ξ“ΤΙ,‚q‚b,4F,,‘ε‹K–ΝZ‘ξAƒ}ƒ“ƒVƒ‡ƒ““™‚ª‘½‚ΆΥΓ‚ΘZ‘ξ’nζ,‹ζ“Ή,“μ“,6,,‘¤“Ή,–k“,ƒKƒX,…“Ή,‰Ί…“Ή,a’J,,960 ,‚P’ακ,€–h,60 ,150 ,,,,,,,,,,
Z,13113 ,8 ,a’J,0 ,6 ,a’J‹ζ,‘εR’¬‚P‚O‚U‚V”Τ‚S‚PO,‘εR’¬‚R‚S|‚X,"1,600,000 ","1,450,000 ",10.3 ,534 ,,1,1.2,Z‘ξ“ΤΙ,‚v,2F,1B,’†‹K–ΝΘγ‚ΜZ‘ξ‚ª‘½‚Ά‹ζ‰ζ®‘R‚Ζ‚µ‚½Z‘ξ’nζ,‹ζ“Ή,“μ,7.2,,,,ƒKƒX,…“Ή,‰Ί…“Ή,‘γX–Ψγ΄,,510 ,‚P’ακ,€–h,60 ,150 ,,,,,*,13113,0 ,6 ,"1,500,000 ",6.7 
Z,13113 ,8 ,a’J,0 ,7 ,a’J‹ζ,–{’¬‚P’–Ϊ‚X”Τ‚P‚R,–{’¬‚P|‚X|‚P‚Q,"952,000 ","880,000 ",8.2 ,144 ,,1,1.5,Z‘ξ“‹¤“―Z‘ξ,‚r,3F,,κ”ΚZ‘ξA‹¤“―Z‘ξ‚ª‚Ώ•ΐ‚ΤZ‘ξ’nζ,‹ζ“Ή,–kΌ,3.4,,,,ƒKƒX,…“Ή,‰Ί…“Ή,‰‘δ,,400 ,‚PZ‹,€–h,60 ,300 ,,,,,*,13113,0 ,5 ,"915,000 ",4.0 
Z,13113 ,8 ,a’J,0 ,8 ,a’J‹ζ,b”δυ‚R’–Ϊ‚Q‚W”Τ‚Q‚U,b”δυ‚R|‚Q‚P|‚Q,"1,790,000 ","1,620,000 ",10.5 ,249 ,,1,3,Z‘ξ,‚q‚b,3F,,κ”ΚZ‘ξAƒ}ƒ“ƒVƒ‡ƒ““™‚ª¬έ‚·‚ιZ‘ξ’nζ,‹ζ“Ή,–k,8.2,,,,ƒKƒX,…“Ή,‰Ί…“Ή,b”δυ,,900 ,‚P’ακ,€–h,60 ,150 ,,,,,,,,,,
Z,13113 ,8 ,a’J,0 ,9 ,a’J‹ζ,³‘γX–Ψ’¬‚T‚O”Τ‚P‚S,³‘γX–Ψ’¬‚T‚O|‚P‚X,"1,360,000 ","1,240,000 ",9.7 ,148 ,,1,1.5,Z‘ξ,‚r,2F,1B,’†‹K–ΝZ‘ξAƒ}ƒ“ƒVƒ‡ƒ““™‚ª¬έ‚·‚ιZ‘ξ’nζ,‹ζ“Ή,–kΌ,5.2,,,,ƒKƒX,…“Ή,‰Ί…“Ή,‘γX–Ψ”ª”¦,,640 ,‚P’ακ,€–h,60 ,150 ,,,,,,,,,,
Z,13113 ,8 ,a’J,0 ,10 ,a’J‹ζ,_ς’¬‚T”Τ‚P‚P,_ς’¬‚P‚S|‚Q,"1,370,000 ","1,180,000 ",16.1 ,181 ,•s®`,1,1.5,Z‘ξ,‚v,2F,,Z‘ξAƒAƒp[ƒgAƒ}ƒ“ƒVƒ‡ƒ“‚ª¬έ‚·‚ιZ‘ξ’nζ,‹ζ“Ή,“,2,,,,ƒKƒX,…“Ή,‰Ί…“Ή,_ς,,100 ,‚PZ‹,€–h,60 ,300 ,,,,,,,,,,
Z,13113 ,8 ,a’J,0 ,11 ,a’J‹ζ,b”δυΌ‚Q’–Ϊ‚Q‚O”Τ‚P,b”δυΌ‚Q|‚Q‚O|‚V,"3,900,000 ","3,490,000 ",11.7 ,"3,089 ",•s®`,1,1.2,‹¤“―Z‘ξ,‚q‚b,10F,2B,’†‚‘w‚Μƒ}ƒ“ƒVƒ‡ƒ“‚ª‚Ώ•ΐ‚ΤZ‘ξ’nζ,‹ζ“Ή,“μ“,7.9,,‘¤“Ή,“,ƒKƒX,…“Ή,‰Ί…“Ή,‘γ―R,,200 ,‚Q’†κ,€–h,60 ,300 ,,,,,,,,,,
Z,13113 ,8 ,a’J,0 ,12 ,a’J‹ζ,b”δυΌ‚Q’–Ϊ‚P‚Q”Τ‚P‚WO,b”δυΌ‚Q|‚P‚Q|‚U,"2,000,000 ","1,830,000 ",9.3 ,200 ,,1,1.2,‹¤“―Z‘ξ,‚r,3F,,κ”ΚZ‘ξAƒ}ƒ“ƒVƒ‡ƒ““™‚ª¬έ‚·‚ιZ‘ξ’nζ,‹ζ“Ή,“μ,4,,,,ƒKƒX,…“Ή,‰Ί…“Ή,‘γ―R,,420 ,‚PZ‹,€–h,60 ,300 ,,,,,,,,,,
Z,13113 ,8 ,a’J,0 ,13 ,a’J‹ζ,a’J‚S’–Ϊ‚R”Τ‚TO,a’J‚S|‚Q|‚Q‚R,"2,300,000 ","2,060,000 ",11.7 ,143 ,,1,2,Z‘ξ,‚q‚b,4F,,’†‹K–ΝΘγ‚ΜZ‘ξAƒ}ƒ“ƒVƒ‡ƒ““™‚Μ‘½‚ΆZ‘ξ’nζ,‹ζ“Ή,Ό,6.3,,,,ƒKƒX,…“Ή,‰Ί…“Ή,•\Q“Ή,,500 ,‚Q’†κ,€–h,60 ,300 ,,,,,,,,,,
Z,13113 ,8 ,a’J,0 ,14 ,a’J‹ζ,γ΄‚Q’–Ϊ‚P‚P‚V‚V”Τ‚X‚OO,γ΄‚Q|‚P‚O|‚U,"1,540,000 ","1,400,000 ",10.0 ,251 ,,1,2,Z‘ξ,‚v,2F,1B,’†‹K–Νκ”ΚZ‘ξ“™‚ª‚Ώ•ΐ‚ΤΥΓ‚ΘZ‘ξ’nζ,‹ζ“Ή,“μΌ,5.1,,,,ƒKƒX,…“Ή,‰Ί…“Ή,‘γX–Ψγ΄,,680 ,‚P’ακ,€–h,60 ,150 ,,,,,,,,,,
Z,13113 ,8 ,a’J,0 ,15 ,a’J‹ζ,‘γX–Ψ‚T’–Ϊ‚R‚O”Τ‚P,‘γX–Ψ‚T|‚R‚O|‚P,"1,830,000 ","1,720,000 ",6.4 ,"3,930 ",‘δ`,1,1.2,‹¤“―Z‘ξ,‚q‚b,4F,,’†‘w‚Μƒ}ƒ“ƒVƒ‡ƒ“‚ª‚Ώ•ΐ‚ΤZ‘ξ’nζ,‹ζ“Ή,–kΌ,5.4,,O•ϋH,,ƒKƒX,…“Ή,‰Ί…“Ή,Q‹{‹΄,,650 ,‚Q’ακ,€–h,60 ,200 ,,,,,,,,,,
Z,13113 ,8 ,a’J,0 ,16 ,a’J‹ζ,“‚R’–Ϊ‚U‚V”Τ‚Q,“‚R|‚V|‚P‚P,"1,260,000 ","1,130,000 ",11.5 ,80 ,,1,1.2,Z‘ξ,‚v,2F,,κ”ΚZ‘ξAƒAƒp[ƒg“™‚ª¬έ‚·‚ιZ‘ξ’nζ,‹ζ“Ή,“μΌ,4.1,,,,ƒKƒX,…“Ή,‰Ί…“Ή,b”δυ,,600 ,‚Q’†κ,€–h,60 ,300 ,,,,,,,,,,
Z,13113 ,8 ,a’J,0 ,17 ,a’J‹ζ,η‘ΚƒP’J‚T’–Ϊ‚P‚Q”Τ‚U,η‘Κƒ–’J‚T|‚P‚Q|‚P‚V,"1,470,000 ","1,310,000 ",12.2 ,138 ,,1.5,1,‹¤“―Z‘ξ,‚r,3F,,Z‘ξAƒ}ƒ“ƒVƒ‡ƒ“A––±“™‚ª¬έ‚·‚ιZ‘ξ’nζ,„“Ή,–kΌ,4,,,,ƒKƒX,…“Ή,‰Ί…“Ή,‘γX–Ψ,,430 ,‚QZ‹,€–h,60 ,300 ,,,,,,,,,,
Z,13113 ,8 ,a’J,0 ,18 ,a’J‹ζ,_‹{‘O‚T’–Ϊ‚R‚S”Τ‚T,_‹{‘O‚T|‚R‚S|‚R,"2,020,000 ","1,820,000 ",11.0 ,137 ,,1,1,Z‘ξ,‚v,2F,,’†‹K–Νκ”ΚZ‘ξ“™‚ª‘½‚ΆZ‘ξ’nζ,„“Ή,–k“,4.3,,,,ƒKƒX,…“Ή,‰Ί…“Ή,a’J,,750 ,‚P’†κ,€–h,60 ,200 ,,,,,,,,,,
Z,13113 ,8 ,a’J,0 ,19 ,a’J‹ζ,“μ•½‘δ’¬‚T‚Q”Τ‚W,“μ•½‘δ’¬‚P‚X|‚P‚W,"2,330,000 ","2,130,000 ",9.4 ,304 ,,1,1.5,Z‘ξ,‚q‚b,2F,,’†‹K–ΝZ‘ξAƒ}ƒ“ƒVƒ‡ƒ““™‚ª‘½‚ΆΥΓ‚ΘZ‘ξ’nζ,‹ζ“Ή,“μΌ,5.4,,,,ƒKƒX,…“Ή,‰Ί…“Ή,a’J,,900 ,‚Q’ακ,€–h,60 ,200 ,,,,,,,,,,
Z,13113 ,8 ,a’J,0 ,21 ,a’J‹ζ,η‘ΚƒP’J‚R’–Ϊ‚S”Τ‚Q‚T,η‘Κƒ–’J‚R|‚S|‚Q‚S,"2,060,000 ","1,790,000 ",15.1 ,247 ,,1.2,1,‹¤“―Z‘ξ,‚q‚b,4F,1B,’†‘w‚Μ‹¤“―Z‘ξ‚ª‚Ώ•ΐ‚ΤZ‘ξ’nζ,‹ζ“Ή,“,5.4,,,,ƒKƒX,…“Ή,‰Ί…“Ή,–kQ“Ή,,400 ,‚Q’†κ,€–h,60 ,300 ,,,,,,,,,,
Z,13113 ,8 ,a’J,0 ,22 ,a’J‹ζ,b”δυ‚S’–Ϊ‚P‚T”Τ‚P,b”δυ‚S|‚Q‚Q|‚Q,"1,540,000 ","1,400,000 ",10.0 ,198 ,‘δ`,1,2,‹¤“―Z‘ξ,‚r,3F,,’†‹K–Νκ”ΚZ‘ξA‹¤“―Z‘ξ“™‚ª¬έ‚·‚ιZ‘ξ’nζ,„“Ή,–kΌ,4,,,,ƒKƒX,…“Ή,‰Ί…“Ή,b”δυ,,490 ,‚PZ‹,€–h,60 ,300 ,,,,,,,,,,
Z,13113 ,8 ,a’J,0 ,23 ,a’J‹ζ,‘γX–Ψ‚S’–Ϊ‚R‚U”Τ‚P‚W,‘γX–Ψ‚S|‚R‚U|‚V,"1,500,000 ","1,370,000 ",9.5 ,175 ,,1.2,1,‹¤“―Z‘ξ,‚q‚b,4F,1B,’†’α‘wκ”ΚZ‘ξA‹¤“―Z‘ξ“™‚ª¬έ‚·‚ιZ‘ξ’nζ,‹ζ“Ή,–k“,5.2,,,,ƒKƒX,…“Ή,‰Ί…“Ή,‰‘δ,,500 ,‚Q’†κ,€–h,60 ,300 ,,,,,,,,,,
Z,13113 ,8 ,a’J,0 ,24 ,a’J‹ζ,L”φ‚R’–Ϊ‚U‚V”Τ‚X,L”φ‚R|‚P‚U|‚V,"1,770,000 ","1,600,000 ",10.6 ,297 ,,1,1,Z‘ξ,‚v,2F,1B,’†‹K–ΝΘγ‚ΜZ‘ξAƒ}ƒ“ƒVƒ‡ƒ“‚ª‘½‚ΆZ‘ξ’nζ,‹ζ“Ή,“,5.6,,‘¤“Ή,“μ,ƒKƒX,…“Ή,‰Ί…“Ή,L”φ,,"1,100 ",‚P’ακ,€–h,60 ,150 ,,,,,,,,,,
Z,13113 ,8 ,a’J,0 ,25 ,a’J‹ζ,γ΄‚P’–Ϊ‚P‚R‚S‚P”Τ‚V,γ΄‚P|‚P‚W|‚Q,"1,530,000 ","1,400,000 ",9.3 ,154 ,,1,1.5,Z‘ξ,‚v,2F,,’†‹K–Νκ”ΚZ‘ξAƒAƒp[ƒg“™‚ª¬έ‚·‚ιZ‘ξ’nζ,‹ζ“Ή,–k“,5,,,,ƒKƒX,…“Ή,‰Ί…“Ή,‘γX–Ψγ΄,,380 ,‚Q’†κ,€–h,60 ,300 ,,,,,,,,,,
Z,13113 ,8 ,a’J,0 ,26 ,a’J‹ζ,Ό·‚Q’–Ϊ‚P‚S”Τ‚R‚O,Ό·‚Q|‚R|‚Q,"1,900,000 ","1,750,000 ",8.6 ,157 ,,1,2,Z‘ξ,‚v,2F,,’†‹K–ΝZ‘ξ‚ª‘½‚ΆΥΓ‚ΘZ‘ξ’nζ,‹ζ“Ή,–k“,6.9,,,,ƒKƒX,…“Ή,‰Ί…“Ή,_ς,,640 ,‚P’ακ,€–h,60 ,150 ,,,,,,,,,,
Z,13113 ,8 ,a’J,5 ,1 ,a’J‹ζ,“ΉΊβ‚P’–Ϊ‚P‚U”Τ‚P‚W,“ΉΊβ‚P|‚U|‚R,"7,750,000 ","6,830,000 ",13.5 ,78 ,‘δ`,1,1.5,“X•ά,‚q‚b,6F,1B,’†‘w‚Μ“X•άƒrƒ‹“™‚ª‚Ώ•ΐ‚Τ¤‹Ζ’nζ,‹ζ“Ή,–k“,10,,,,ƒKƒX,…“Ή,‰Ί…“Ή,a’J,,230 ,¤‹Ζ,–h‰Ξ,80 ,800 ,,,,,,,,,,
Z,13113 ,8 ,a’J,5 ,2 ,a’J‹ζ,_“μ‚P’–Ϊ‚R‚X”Τ‚R,_“μ‚P|‚P‚T|‚W,"7,840,000 ","7,060,000 ",11.0 ,167 ,‘δ`,1,3.5,“X•ά“––±,‚r‚q‚b,7F,2B,’†‚‘w‚Μ“X•άA––±ƒrƒ‹“™‚ª‚Ώ•ΐ‚Τ¤‹Ζ’nζ,‹ζ“Ή,Ό,20,,,,ƒKƒX,…“Ή,‰Ί…“Ή,a’J,,640 ,¤‹Ζ,–h‰Ξ,80 ,500 ,,,,,,,,,,
Z,13113 ,8 ,a’J,5 ,3 ,a’J‹ζ,a’J‚Q’–Ϊ‚X”Τ‚R,a’J‚Q|‚X|‚X,"9,850,000 ","8,670,000 ",13.6 ,184 ,,1,2,“X•ά“––±,‚r‚q‚b,9F,1B,’†‚‘w‚Μ“X•άA––±ƒrƒ‹“™‚ª‚Ώ•ΐ‚Τ¤‹Ζ’nζ,‘“Ή,–kΌ,40,,”w–Κ“Ή,,ƒKƒX,…“Ή,‰Ί…“Ή,a’J,,600 ,¤‹Ζ,–h‰Ξ,80 ,700 ,,,,,*,13113,5 ,5 ,"9,280,000 ",6.1 
Z,13113 ,8 ,a’J,5 ,4 ,a’J‹ζ,“‚P’–Ϊ‚P‚Q‚W”Τ‚S,“‚P|‚Q‚V|‚X,"3,590,000 ","2,960,000 ",21.3 ,104 ,,1,1.2,“X•άA––±“Z‘ξ,‚q‚b,5F,,’†‚‘w‚Μ“X•άA––±ƒrƒ‹‚Μ‚Ώ•ΐ‚Τ¤‹Ζ’nζ,“s“Ή,–k“,27,,,,ƒKƒX,…“Ή,‰Ί…“Ή,a’J,,670 ,¤‹Ζ,–h‰Ξ,80 ,500 ,,,,,,,,,,
Z,13113 ,8 ,a’J,5 ,5 ,a’J‹ζ,a’J‚P’–Ϊ‚P‚U”Τ‚PO,a’J‚P|‚P‚U|‚X,"15,600,000 ","14,800,000 ",5.4 ,423 ,,1,2.5,“X•άA––±“’“Τκ,‚r‚q‚b,9F,2B,‚‘w‚Μ“X•άA––±ƒrƒ‹‚ª‚Ώ•ΐ‚Τ¤‹Ζ’nζ,“s“Ή,Ό,30,,‘¤“Ή,“μ,ƒKƒX,…“Ή,‰Ί…“Ή,a’J,,270 ,¤‹Ζ,–h‰Ξ,80 ,800 ,,,,,,,,,,
Z,13113 ,8 ,a’J,5 ,6 ,a’J‹ζ,_‹{‘O‚R’–Ϊ‚T”Τ‚S‚S,_‹{‘O‚R|‚T|‚Q,"3,550,000 ","3,150,000 ",12.7 ,343 ,,1.2,1,“X•ά“‹¤“―Z‘ξ,‚q‚b,3F,1B,’†‘w“X•ά“‹¤“―Z‘ξA––±‚ª‚Ώ•ΐ‚Τ¤‹Ζ’nζ,‹ζ“Ή,“μ“,5.8,,,,ƒKƒX,…“Ή,‰Ί…“Ή,•\Q“Ή,,400 ,‹ί¤,€–h,80 ,300 ,,,,,,,,,,
Z,13113 ,8 ,a’J,5 ,7 ,a’J‹ζ,b”δυΌ‚P’–Ϊ‚P‚O”Τ‚P‚U,b”δυΌ‚P|‚P‚O|‚W,"8,280,000 ","7,250,000 ",14.2 ,134 ,,1,1.5,“X•άA––±“f—Γ“™,‚r‚q‚b,9F,1B,’†‚‘w‚Μ“X•άA––±ƒrƒ‹“™‚ª‚Ώ•ΐ‚Τ¤‹Ζ’nζ,“s“Ή,“μ“,30,,,,ƒKƒX,…“Ή,‰Ί…“Ή,b”δυ,,200 ,¤‹Ζ,–h‰Ξ,80 ,700 ,,,,,,,,,,
Z,13113 ,8 ,a’J,5 ,8 ,a’J‹ζ,ω’Λ‚Q’–Ϊ‚S‚S”Τ‚R,ω’Λ‚Q|‚S‚S|‚T,"1,500,000 ","1,310,000 ",14.5 ,106 ,,1,1.5,“X•ά“‹¤“―Z‘ξ,‚v,3F,,eν¬”„“X•ά‚ª‚Ώ•ΐ‚Τω¬¤‹Ζ’nζ,‹ζ“Ή,Ό,4.5,,,,ƒKƒX,…“Ή,‰Ί…“Ή,ωϊ,,310 ,‹ί¤,€–h,80 ,300 ,,,,,,,,,,
Z,13113 ,8 ,a’J,5 ,9 ,a’J‹ζ,_R’¬‚V”Τ‚X,_R’¬‚P‚U|‚S,"2,200,000 ","1,840,000 ",19.6 ,85 ,,1,2,“X•ά“‹¤“―Z‘ξ,‚r,4F,,’†‘w‚Μ“X•ά“‹¤“―Z‘ξ“™‚ª‚Ώ•ΐ‚Τ‹ί—Χ¤‹Ζ’nζ,‹ζ“Ή,–k“,7.5,,,,ƒKƒX,…“Ή,‰Ί…“Ή,a’J,,840 ,‹ί¤,€–h,80 ,300 ,,,,,,,,,,
Z,13113 ,8 ,a’J,5 ,10 ,a’J‹ζ,‘γX–Ψ‚P’–Ϊ‚T‚V”Τ‚U,‘γX–Ψ‚P|‚T‚V|‚S,"6,080,000 ","5,440,000 ",11.8 ,339 ,,1,1,––±“‹¤“―Z‘ξ,‚r‚q‚b,10F,,’†‚‘w‚Μ––±AeνwZ“™‚ª©‚η‚κ‚ι¤‹Ζ’nζ,“s“Ή,Ό,22,,,,ƒKƒX,…“Ή,‰Ί…“Ή,‘γX–Ψ,,150 ,¤‹Ζ,–h‰Ξ,80 ,600 ,,,,,,,,,,
Z,13113 ,8 ,a’J,5 ,11 ,a’J‹ζ,‰‘δ‚P’–Ϊ‚S‚X”Τ‚P‚Q,‰‘δ‚P|‚S‚X|‚P,"3,280,000 ","2,850,000 ",15.1 ,169 ,,1,1.5,––±“ΤΙ,‚q‚b,9F,,––±ƒrƒ‹Aƒ}ƒ“ƒVƒ‡ƒ““™‚ª‚Ώ•ΐ‚Τ¤‹Ζ’nζ,‘“Ή,–kΌ,40,,,,ƒKƒX,…“Ή,‰Ί…“Ή,‰‘δ,,130 ,¤‹Ζ,–h‰Ξ,80 ,600 ,,,,,,,,,,
Z,13113 ,8 ,a’J,5 ,12 ,a’J‹ζ,“ΉΊβ‚Q’–Ϊ‚Q‚P‚R”Τ,“ΉΊβ‚Q|‚Q‚X|‚P‚X,"20,300,000 ","18,800,000 ",8.0 ,207 ,‘δ`,1,2,“X•ά“––±,‚q‚b,7F,1B,’†‚‘w‚Μ“X•άA––±ƒrƒ‹‚ª‚Ώ•ΐ‚Τ¤‹Ζ’nζ,‹ζ“Ή,–k“,20,,,,ƒKƒX,…“Ή,‰Ί…“Ή,a’J,,300 ,¤‹Ζ,–h‰Ξ,80 ,700 ,,,,,*,13113,5 ,4 ,"19,400,000 ",4.6 
Z,13113 ,8 ,a’J,5 ,13 ,a’J‹ζ,χ‹u’¬‚P‚T”Τ‚UO,χ‹u’¬‚P‚S|‚U,"4,450,000 ","3,450,000 ",29.0 ,362 ,,1,1.2,“X•άA––±“‹¤“―Z‘ξ,‚q‚b,7F,1B,’†‚‘w‚Μ“X•άA––±ƒrƒ‹‚ª‚Ώ•ΐ‚Τ¤‹Ζ’nζ,‹ζ“Ή,–kΌ,9,,‘¤“Ή,“μΌ,ƒKƒX,…“Ή,‰Ί…“Ή,a’J,,240 ,¤‹Ζ,–h‰Ξ,80 ,500 ,,,,,,,,,,
Z,13113 ,8 ,a’J,5 ,14 ,a’J‹ζ,“ΉΊβ‚Q’–Ϊ‚R‚U”Τ‚P‚O,“ΉΊβ‚Q|‚U|‚P‚V,"27,000,000 ","25,600,000 ",5.5 ,"1,513 ",•s®`,1,2,“X•άA––±“‰f‰ζΩ,‚r‚q‚b,16F,2B,’†‚‘w‚Μ“X•ά“™‚ª‚Ώ•ΐ‚Τ”Ι‰Ψ‚Θ¤‹Ζ’nζ,‹ζ“Ή,–kΌ,22,,O•ϋH,,ƒKƒX,…“Ή,‰Ί…“Ή,a’J,,200 ,¤‹Ζ,–h‰Ξ,80 ,800 ,,,,,,,,,,
Z,13113 ,8 ,a’J,5 ,15 ,a’J‹ζ,b”δυ‚P’–Ϊ‚P‚Q”Τ‚P‚R,b”δυ‚P|‚P‚P|‚Q,"6,500,000 ","5,540,000 ",17.3 ,192 ,,1,2,“X•άA––±“‹¤“―Z‘ξ,‚r‚q‚b,8F,,’†‚‘w‚Μ“X•άA––±ƒrƒ‹“™‚ª‚Ώ•ΐ‚Τ¤‹Ζ’nζ,“s“Ή,–k“,20,,,,ƒKƒX,…“Ή,‰Ί…“Ή,b”δυ,,110 ,¤‹Ζ,–h‰Ξ,80 ,500 ,,,,,*,13113,5 ,2 ,"5,800,000 ",12.1 
Z,13113 ,8 ,a’J,5 ,16 ,a’J‹ζ,γ΄‚Q’–Ϊ‚P‚P‚W‚U”Τ‚Q‚Q,γ΄‚Q|‚Q‚X|‚V,"1,690,000 ","1,540,000 ",9.7 ,399 ,,1,1,––±“‹¤“―Z‘ξ,‚q‚b,7F,,ƒ}ƒ“ƒVƒ‡ƒ“A––±“™‚ª‚Ώ•ΐ‚Τ¤‹Ζ’nζ,‹ζ“Ή,“μΌ,15,,,,ƒKƒX,…“Ή,‰Ί…“Ή,‹ξκ“‘ε‘O,,700 ,‹ί¤,€–h,80 ,300 ,,,,,,,,,,
Z,13113 ,8 ,a’J,5 ,17 ,a’J‹ζ,‘γX–Ψ‚Q’–Ϊ‚P‚P”Τ‚P‚RO,‘γX–Ψ‚Q|‚P‚P|‚P‚T,"11,100,000 ","10,600,000 ",4.7 ,"1,099 ",,1,1,“X•άA––±“’“Τκ,‚r‚q‚b,9F,2B,’†‚‘w‚Μ“X•άA––±ƒrƒ‹‚ª‚Ώ•ΐ‚Τ¤‹Ζ’nζ,‘“Ή,–kΌ,40,,”w–Κ“Ή,,ƒKƒX,…“Ή,‰Ί…“Ή,Vh,,400 ,¤‹Ζ,–h‰Ξ,80 ,800 ,,,,,,,,,,
Z,13113 ,8 ,a’J,5 ,18 ,a’J‹ζ,‰~R’¬‚R‚P”Τ‚PO,‰~R’¬‚P|‚P‚Q,"2,310,000 ","1,980,000 ",16.7 ,239 ,,1,1,ƒzƒeƒ‹,‚q‚b,6F,1B,’†‘w‚Μƒzƒeƒ‹“™‚ªW‚ά‚ιω¬¤‹Ζ’nζ,‹ζ“Ή,Ό,5.2,,,,ƒKƒX,…“Ή,‰Ί…“Ή,_ς,,320 ,¤‹Ζ,–h‰Ξ,80 ,400 ,,,,,,,,,,
Z,13113 ,8 ,a’J,5 ,19 ,a’J‹ζ,η‘ΚƒP’J‚R’–Ϊ‚Q‚U”Τ‚P‚QO,η‘Κƒ–’J‚R|‚Q‚U|‚T,"2,650,000 ","2,240,000 ",18.3 ,321 ,,1,1.5,“X•άA––±“‹¤“―Z‘ξ,‚q‚b,4F,1B,’†’α‘w‚Μ“X•άA––±‚ª¬έ‚·‚ι‹ί—Χ¤‹Ζ’nζ,‹ζ“Ή,–kΌ,9.1,,‘¤“Ή,“μΌ,ƒKƒX,…“Ή,‰Ί…“Ή,–kQ“Ή,,200 ,‹ί¤,€–h,80 ,300 ,,,,,,,,,,
Z,13113 ,8 ,a’J,5 ,20 ,a’J‹ζ,‘γX–Ψ‚Q’–Ϊ‚Q‚O”Τ‚TO,‘γX–Ψ‚Q|‚Q‚O|‚P‚Q,"2,200,000 ","1,960,000 ",12.2 ,271 ,,1.5,1,––±““X•ά,‚q‚b,6F,,’†‘w––±ƒrƒ‹A‹¤“―Z‘ξ“™‚ª¬έ‚·‚ι¤‹Ζ’nζ,‹ζ“Ή,–kΌ,4.9,,,,ƒKƒX,…“Ή,‰Ί…“Ή,Vh,,560 ,¤‹Ζ,–h‰Ξ,80 ,500 ,,,,,,,,,,
Z,13113 ,8 ,a’J,5 ,21 ,a’J‹ζ,‘γX–Ψ‚P’–Ϊ‚T‚T”Τ‚Q‚R,‘γX–Ψ‚P|‚T‚T|‚S,"3,700,000 ","3,200,000 ",15.6 ,276 ,,1.5,1,“X•άA––±“‹¤“―Z‘ξ,‚r,7F,,’†‚‘w‚Μ“X•άA‹¤“―Z‘ξ“™‚ª‚Ώ•ΐ‚Τ¤‹Ζ’nζ,‹ζ“Ή,“μΌ,7.2,,‘¤“Ή,–kΌ,ƒKƒX,…“Ή,‰Ί…“Ή,‘γX–Ψ,,180 ,¤‹Ζ,–h‰Ξ,80 ,600 ,,,,,,,,,,
Z,13113 ,8 ,a’J,5 ,22 ,a’J‹ζ,‰F“cμ’¬‚V‚V”Τ‚P‚SO,‰F“cμ’¬‚Q‚R|‚R,"35,300,000 ","33,500,000 ",5.4 ,819 ,•s®`,1,1.5,‹βsA“X•ά“––±,‚r‚q‚b,8F,2B,’†‚‘w‚Μ“X•ά“™‚ª‚Ώ•ΐ‚Τ”Ι‰Ψ‚Θ¤‹Ζ’nζ,‹ζ“Ή,“μ,30,,O•ϋH,,ƒKƒX,…“Ή,‰Ί…“Ή,a’J,,150 ,¤‹Ζ,–h‰Ξ,80 ,800 ,,,,,,,,,,
Z,13113 ,8 ,a’J,5 ,23 ,a’J‹ζ,b”δυ“μ‚R’–Ϊ‚P‚Q‚R”Τ‚U,b”δυ“μ‚R|‚Q|‚P‚V,"5,250,000 ","4,480,000 ",17.2 ,544 ,,1.5,1,“X•ά“––±,‚q‚b,6F,1B,’†‚‘w‚Μ“X•ά“––±ƒrƒ‹“™‚ª‚Ώ•ΐ‚Τ¤‹Ζ’nζ,“s“Ή,–k,30,,,,ƒKƒX,…“Ή,‰Ί…“Ή,b”δυ,,450 ,¤‹Ζ,–h‰Ξ,80 ,500 ,,,,,,,,,,
Z,13113 ,8 ,a’J,5 ,24 ,a’J‹ζ,a’J‚Q’–Ϊ‚U”Τ‚XO,a’J‚Q|‚U|‚P‚Q,"3,600,000 ","2,900,000 ",24.1 ,286 ,,1,1.5,“X•ά“––±,‚q‚b,6F,1B,’†‚‘w‚Μ“X•ά“––±“™‚ª‚Ώ•ΐ‚Τ¤‹Ζ’nζ,‹ζ“Ή,–kΌ,8,,,,ƒKƒX,…“Ή,‰Ί…“Ή,a’J,,650 ,¤‹Ζ,–h‰Ξ,80 ,500 ,,,,,,,,,,
Z,13113 ,8 ,a’J,5 ,25 ,a’J‹ζ,_“μ‚P’–Ϊ‚R‚V”Τ‚T,_“μ‚P|‚P‚V|‚R,"3,140,000 ","2,720,000 ",15.4 ,131 ,,1,1,“X•ά“––±,‚q‚b,5F,,’†‘w“X•ά‚β‚‘w‹¤“―Z‘ξ“™‚ª‚Ώ•ΐ‚Τ¤‹Ζ’nζ,‹ζ“Ή,“,4.2,,,,ƒKƒX,…“Ή,‰Ί…“Ή,a’J,,520 ,¤‹Ζ,–h‰Ξ,80 ,500 ,,,,,,,,,,
Z,13113 ,8 ,a’J,5 ,26 ,a’J‹ζ,_‹{‘O‚S’–Ϊ‚Q‚U”Τ‚S‚RO,_‹{‘O‚S|‚Q‚U|‚P‚W,"29,900,000 ","28,500,000 ",4.9 ,"1,024 ",•s®`,1,1,“X•άA––±“Z‘ξ“™,‚q‚b,8F,2B,’†‚‘w‚Μ“X•άƒrƒ‹“™‚ª‚Ώ•ΐ‚Τ”Ι‰Ψ‚Θ¤‹Ζ’nζ,“s“Ή,“μΌ,36,,O•ϋH,,ƒKƒX,…“Ή,‰Ί…“Ή,–Ύ΅_‹{‘O,,150 ,¤‹Ζ,–h‰Ξ,80 ,500 ,,,,,,,,,,
Z,13113 ,8 ,a’J,5 ,27 ,a’J‹ζ,‘γX–Ψ‚S’–Ϊ‚P‚O”Τ‚P‚R,‘γX–Ψ‚S|‚P‚O|‚P‚O,"1,690,000 ","1,500,000 ",12.7 ,187 ,,1,2,“X•ά“Z‘ξ,‚r,3F,,’†‘w‚Μ“X•ά“‹¤“―Z‘ξ“™‚ª‚Ώ•ΐ‚Τ‹ί—Χ¤‹Ζ’nζ,‹ζ“Ή,“μ,6.3,,,,ƒKƒX,…“Ή,‰Ί…“Ή,Q‹{‹΄,,130 ,‹ί¤,€–h,80 ,300 ,,,,,,,,,,
Z,13113 ,8 ,a’J,5 ,28 ,a’J‹ζ,‰F“cμ’¬‚W‚U”Τ‚V,‰F“cμ’¬‚Q‚T|‚T,"19,800,000 ","18,400,000 ",7.6 ,165 ,,1,1.2,“X•ά“––±,‚q‚b,6F,1B,’†‘w‚Μ“X•άƒrƒ‹“™‚ª‚Ώ•ΐ‚Τ¤‹Ζ’nζ,‹ζ“Ή,“μΌ,10,,,,ƒKƒX,…“Ή,‰Ί…“Ή,a’J,,240 ,¤‹Ζ,–h‰Ξ,80 ,700 ,,,,,,,,,,
Z,13113 ,8 ,a’J,5 ,29 ,a’J‹ζ,γ΄‚Q’–Ϊ‚P‚P‚S‚O”Τ‚W‚UO,γ΄‚Q|‚S|‚W,"2,120,000 ","1,770,000 ",19.8 ,130 ,,1,1.5,––±“‹¤“―Z‘ξ,‚q‚b,5F,,‚‘w‹¤“―Z‘ξ‚Μ‚Ω‚©A“X•ά“™‚ª¬έ‚·‚ι¤‹Ζ’nζ,“s“Ή,–k,25,,,,ƒKƒX,…“Ή,‰Ί…“Ή,‘γX–Ψγ΄,,400 ,‹ί¤,–h‰Ξ,80 ,300 ,,,,,,,,,,
Z,13113 ,8 ,a’J,5 ,30 ,a’J‹ζ,_‹{‘O‚R’–Ϊ‚R‚W”Τ‚W,_‹{‘O‚R|‚R‚W|‚W,"4,800,000 ","4,110,000 ",16.8 ,371 ,‘δ`,1.5,1,“X•ά“‹¤“―Z‘ξ,‚r‚q‚b,7F,1B,‚‘w“X•ά“‹¤“―Z‘ξA––±‚ª‚Ώ•ΐ‚Τ¤‹Ζ’nζ,“s“Ή,“μΌ,22,,‘¤“Ή,“μ,ƒKƒX,…“Ή,‰Ί…“Ή,O‰‘‘O,,530 ,‹ί¤,–h‰Ξ,80 ,400 ,,,,,,,,,,
,13113 ,8 ,a’J,5 ,31 ,a’J‹ζ,a’J‚R’–Ϊ‚W”Τ‚P,a’J‚R|‚W|‚P‚O,"12,500,000 ",,,276 ,,1,1.5,“X•ά“––±,‚r,9F,1B,‚‘w‚Μ“X•ά“––±ƒrƒ‹“™‚ª‚Ώ•ΐ‚Τ¤‹Ζ’nζ,“s“Ή,“μΌ,35,,‘¤“Ή,“μ“,ƒKƒX,…“Ή,‰Ί…“Ή,a’J,,260 ,¤‹Ζ,–h‰Ξ,80 ,800 ,,,,,,,,,,
Z,13113 ,8 ,a’J,5 ,32 ,a’J‹ζ,_‹{‘O‚P’–Ϊ‚U”Τ‚P‚T,_‹{‘O‚P|‚U|‚P‚O,"14,000,000 ","11,700,000 ",19.7 ,166 ,,1.2,1,“X•ά“––±,‚q‚b,3F,1B,’†’α‘w‚Μ¬”„“X•ά“™‚ª‚Ώ•ΐ‚Τ¤‹Ζ’nζ,‹ζ“Ή,“μΌ,5.3,,,,ƒKƒX,…“Ή,‰Ί…“Ή,΄h,,240 ,‹ί¤,€–h,80 ,300 ,,,,,,,,,,
Z,13113 ,8 ,a’J,5 ,33 ,a’J‹ζ,_‹{‘O‚P’–Ϊ‚P‚R”Τ‚T,_‹{‘O‚P|‚P‚R|‚P‚P,"23,300,000 ","21,800,000 ",6.9 ,172 ,‘δ`,1,2,“X•άA––±“Z‘ξ,‚q‚b,5F,1B,κ–ε“X•άAωH“X•ά“™‚ª‚Ώ•ΐ‚Τ”Ι‰Ψ‚Θ¤‹Ζ’nζ,“s“Ή,“μΌ,36,,,,ƒKƒX,…“Ή,‰Ί…“Ή,΄h,,190 ,¤‹Ζ,–h‰Ξ,80 ,500 ,,,,,,,,,,
Z,13114 ,8 ,’†–μ,0 ,1 ,’†–μ‹ζ,Vδ‚Q’–Ϊ‚S‚W”Τ‚Q‚V,Vδ‚Q|‚W|‚P‚O,"951,000 ","860,000 ",10.6 ,170 ,,1,1.5,‹¤“―Z‘ξ,‚q‚b,4F,,’†¬‹K–Ν‚Μ’†‘w‹¤“―Z‘ξ‚ª‘½‚­‚Ώ•ΐ‚ΤZ‘ξ’nζ,‹ζ“Ή,–k,10,,,,ƒKƒX,…“Ή,‰Ί…“Ή,’†–μ,,820 ,‚P’†κ,–h‰Ξ,60 ,200 ,,,,,*,13114,0 ,11 ,"905,000 ",5.1 
Z,13114 ,8 ,’†–μ,0 ,2 ,’†–μ‹ζ,”’λ‚R’–Ϊ‚X‚P‚Q”Τ‚Q‚X,”’λ‚R|‚U|‚X,"566,000 ","527,000 ",7.4 ,183 ,‘δ`,1.5,1,‹¤“―Z‘ξ,‚r,2F,,κ”ΚZ‘ξ‚Μ‚Ω‚©ƒAƒp[ƒg‚ΰ©‚η‚κ‚ιZ‘ξ’nζ,‹ζ“Ή,Ό,4,,,,ƒKƒX,…“Ή,‰Ί…“Ή,λƒm‹{,,750 ,‚P’ακ,€–h,50 ,150 ,,,,,,,,,,
Z,13114 ,8 ,’†–μ,0 ,3 ,’†–μ‹ζ,’†‰›‚Q’–Ϊ‚S‚Q”Τ‚T,’†‰›‚Q|‚S‚T|‚S,"774,000 ","710,000 ",9.0 ,80 ,,1,1.5,Z‘ξ,‚v,3F,,ΛZ‘ξ‚ª‘½‚­©‚η‚κ‚ιZ‘ξ’nζ,‹ζ“Ή,–kΌ,4,,,,ƒKƒX,…“Ή,‰Ί…“Ή,’†–μβγ,,480 ,‚P’†κ,€–h,60 ,200 ,,,,,*,13114,0 ,7 ,"731,000 ",5.9 
Z,13114 ,8 ,’†–μ,0 ,4 ,’†–μ‹ζ,α‹{‚Q’–Ϊ‚U‚U”Τ‚P‚SO,α‹{‚Q|‚P‚O|‚P‚P,"565,000 ","525,000 ",7.6 ,99 ,,1,2,Z‘ξ,‚v,2F,,’†¬‹K–ΝZ‘ξAƒAƒp[ƒg“™‚ª©‚η‚κ‚ιZ‘ξ’nζ,‹ζ“Ή,–k,4,,,,ƒKƒX,…“Ή,‰Ί…“Ή,“s—§‰Ζ­,,620 ,‚P’ακ,€–h,60 ,150 ,,,,,,,,,,
Z,13114 ,8 ,’†–μ,0 ,5 ,’†–μ‹ζ,]΄’¬‚P’–Ϊ‚U‚T”Τ‚P‚R,]΄’¬‚P|‚R‚R|‚Q,"660,000 ","613,000 ",7.7 ,213 ,,1.2,1,Z‘ξ,‚q‚b,2F,1B,κ”ΚZ‘ξAƒAƒp[ƒg“™‚ª‚Ώ•ΐ‚Τω¬Z‘ξ’nζ,‹ζ“Ή,“μ,8,,,,ƒKƒX,…“Ή,‰Ί…“Ή,V]Γ“c,,610 ,‚P’ακ,€–h,60 ,150 ,,,,,,,,,,
Z,13114 ,8 ,’†–μ,0 ,6 ,’†–μ‹ζ,γ‚“c‚T’–Ϊ‚R‚O”Τ‚Q‚QO,γ‚“c‚T|‚R‚O|‚R,"599,000 ","558,000 ",7.3 ,114 ,,1.5,1,Z‘ξ,‚v,2F,,¬‹K–Νκ”ΚZ‘ξAƒAƒp[ƒg“™‚ª‚Ώ•ΐ‚ΤZ‘ξ’nζ,„“Ή,Ό,4,,,,ƒKƒX,…“Ή,‰Ί…“Ή,Vδ–ςt‘O,,460 ,‚P’ακ,€–h,60 ,150 ,,,,,,,,,,
Z,13114 ,8 ,’†–μ,0 ,7 ,’†–μ‹ζ,–ν¶’¬‚T’–Ϊ‚T‚U”Τ‚XO,–ν¶’¬‚T|‚X|‚Q‚U,"806,000 ","746,000 ",8.0 ,102 ,,1,1.2,Z‘ξ,‚v,2F,,’†¬‹K–Ν‚ΜZ‘ξA‹¤“―Z‘ξ‚ª‚Ώ•ΐ‚ΤZ‘ξ’nζ,‹ζ“Ή,“,4.5,,,,ƒKƒX,…“Ή,‰Ί…“Ή,’†–μ•xm©’¬,,550 ,‚P’ακ,€–h,60 ,150 ,,,,,,,,,,
,13114 ,8 ,’†–μ,0 ,8 ,’†–μ‹ζ,“’†–μ‚R’–Ϊ‚P‚Q‚V”Τ‚W,“’†–μ‚R|‚P‚X|‚P‚W,"890,000 ",,,194 ,,1,1.5,Z‘ξ“‹¤“―Z‘ξ,‚v,2F,,κ”ΚZ‘ξ‚Μ‚Ω‚©‚ΙƒAƒp[ƒg“™‚ΰ©‚η‚κ‚ιZ‘ξ’nζ,‹ζ“Ή,–k“,4.3,,,,ƒKƒX,…“Ή,‰Ί…“Ή,“’†–μ,,430 ,‚P’ακ,€–h,60 ,150 ,,,,,,,,,,
Z,13114 ,8 ,’†–μ,0 ,9 ,’†–μ‹ζ,–ν¶’¬‚P’–Ϊ‚R‚X”Τ‚P‚R,–ν¶’¬‚P|‚R‚T|‚P‚R,"764,000 ","700,000 ",9.1 ,178 ,,1,2,‹¤“―Z‘ξ,‚k‚r,3F,,¬‹K–ΝZ‘ξAƒAƒp[ƒg“™‚ª–§W‚·‚ιZ‘ξ’nζ,‹ζ“Ή,–k“,3.8,,,,ƒKƒX,…“Ή,‰Ί…“Ή,ΌVhά’–Ϊ,,500 ,‚P’†κ,€–h,60 ,200 ,,,,,,,,,,
Z,13114 ,8 ,’†–μ,0 ,10 ,’†–μ‹ζ,–{’¬‚Q’–Ϊ‚R‚U”Τ‚P‚T,–{’¬‚Q|‚P‚R|‚P‚R,"833,000 ","768,000 ",8.5 ,200 ,,1,1.2,Z‘ξ,‚v,2F,,κ”ΚZ‘ξAƒ}ƒ“ƒVƒ‡ƒ““™‚ª‘½‚ΆZ‘ξ’nζ,„“Ή,“μ,4.5,,,,ƒKƒX,…“Ή,‰Ί…“Ή,’†–μβγ,,550 ,‚P’†κ,€–h,60 ,200 ,,,,,,,,,,
Z,13114 ,8 ,’†–μ,0 ,11 ,’†–μ‹ζ,’†–μ‚R’–Ϊ‚Q”Τ‚P,’†–μ‚R|‚Q‚R|‚S‚U,"1,190,000 ","1,070,000 ",11.2 ,304 ,,1,1.5,‹¤“―Z‘ξ,‚r,4F,1B,’†‹K–ΝΘγ‚ΜZ‘ξ‚Μ‘½‚ΆΥΓ‚ΘZ‘ξ’nζ,‹ζ“Ή,–k,5.5,,,,ƒKƒX,…“Ή,‰Ί…“Ή,’†–μ,,500 ,‚P’†κ,€–h,60 ,200 ,,,,,,,,,,
Z,13114 ,8 ,’†–μ,0 ,12 ,’†–μ‹ζ,–μ•ϋ‚Q’–Ϊ‚P‚S‚Q‚R”Τ‚P‚P,–μ•ϋ‚Q|‚S‚R|‚T,"567,000 ","527,000 ",7.6 ,215 ,,1,1.5,Z‘ξ,‚v,2F,,κ”ΚZ‘ξ‚Μ‚Ω‚©ƒAƒp[ƒg‚ΰ©‚η‚κ‚ιZ‘ξ’nζ,‹ζ“Ή,“μΌ,4,,,,ƒKƒX,…“Ή,‰Ί…“Ή,–μ•ϋ,,800 ,‚P’ακ,€–h,60 ,150 ,,,,,,,,,,
Z,13114 ,8 ,’†–μ,0 ,13 ,’†–μ‹ζ,’†‰›‚P’–Ϊ‚U‚P‚Q”Τ‚P,’†‰›‚P|‚Q‚P|‚P‚R,"1,500,000 ","1,280,000 ",17.2 ,"2,014 ",•s®`,1,2.5,‹¤“―Z‘ξ,‚q‚b,5F,,‹¤“―Z‘ξ‚Μ‚Ω‚©κ”ΚZ‘ξ‚ΰ©‚η‚κ‚ιZ‘ξ’nζ,‹ζ“Ή,–k,5.8,,,,ƒKƒX,…“Ή,‰Ί…“Ή,’†–μβγ,,270 ,‚P’†κ,€–h,60 ,200 ,,,,,,,,,,
Z,13114 ,8 ,’†–μ,0 ,14 ,’†–μ‹ζ,λ‹{‚R’–Ϊ‚P‚T‚R”Τ‚S,λ‹{‚R|‚Q‚W|‚T,"602,000 ","560,000 ",7.5 ,167 ,,1,2,Z‘ξ,‚v,2F,,’†¬‹K–Νκ”ΚZ‘ξ‚ΙƒAƒp[ƒg‚ΰ©‚η‚κ‚ιZ‘ξ’nζ,‹ζ“Ή,–kΌ,5.5,,,,ƒKƒX,…“Ή,‰Ί…“Ή,λƒm‹{,,320 ,‚P’ακ,€–h,50 ,150 ,,,,,*,13114,0 ,1 ,"580,000 ",3.8 
Z,13114 ,8 ,’†–μ,0 ,15 ,’†–μ‹ζ,“’†–μ‚P’–Ϊ‚V‚V”Τ‚Q‚P,“’†–μ‚P|‚P‚S|‚T,"1,070,000 ","967,000 ",10.7 ,317 ,,1,1.5,Z‘ξ,‚k‚r,2F,,’†‹K–ΝΘγ‚Μκ”ΚZ‘ξ‚Μ‘½‚ΆZ‘ξ’nζ,‹ζ“Ή,“μ,5.4,,,,ƒKƒX,…“Ή,‰Ί…“Ή,“’†–μ,,560 ,‚P’†κ,€–h,60 ,200 ,,,,,,,,,,
Z,13114 ,8 ,’†–μ,0 ,16 ,’†–μ‹ζ,γλ‹{‚T’–Ϊ‚U‚R‚X”Τ‚P‚X,γλ‹{‚T|‚Q‚P|‚W,"492,000 ","462,000 ",6.5 ,231 ,,1.5,1,Z‘ξ,‚v,2F,,’†‹K–Νκ”ΚZ‘ξ‚ª‘½‚ΆΒ‹«‚Μ—Η‚ΆZ‘ξ’nζ,‹ζ“Ή,Ό,5,,,,ƒKƒX,…“Ή,‰Ί…“Ή,•xm©‘δ,,900 ,‚P’ακ,€–h,40 ,80 ,,,,,,,,,,
Z,13114 ,8 ,’†–μ,0 ,17 ,’†–μ‹ζ,]Γ“c‚S’–Ϊ‚P‚U‚S‚P”Τ‚P‚W,]Γ“c‚S|‚R‚Q|‚P‚S,"594,000 ","556,000 ",6.8 ,181 ,‘δ`,1,1,Z‘ξ,‚v,2F,,κ”ΚZ‘ξAƒAƒp[ƒg“™‚ª‚Ώ•ΐ‚ΤZ‘ξ’nζ,‹ζ“Ή,–k,6,,,,ƒKƒX,…“Ή,‰Ί…“Ή,ΐ‘ά,,800 ,‚P’ακ,€–h,60 ,150 ,,,,,,,,,,
Z,13114 ,8 ,’†–μ,0 ,18 ,’†–μ‹ζ,“μ‘δ‚R’–Ϊ‚P‚U”Τ‚X,“μ‘δ‚R|‚P‚W|‚T,"811,000 ","747,000 ",8.6 ,81 ,,1,1.2,Z‘ξ,‚r,3F,,¬‹K–Νκ”ΚZ‘ξA‹¤“―Z‘ξ“™‚ª‚Ώ•ΐ‚ΤZ‘ξ’nζ,‹ζ“Ή,Ό,5.5,,,,ƒKƒX,…“Ή,‰Ί…“Ή,•ϋ“μ’¬,,930 ,‚P’†κ,€–h,60 ,200 ,,,,,,,,,,
Z,13114 ,8 ,’†–μ,0 ,19 ,’†–μ‹ζ,’†–μ‚Q’–Ϊ‚X”Τ‚P‚W,’†–μ‚Q|‚P‚S|‚U,"1,100,000 ","997,000 ",10.3 ,230 ,,1.2,1,Z‘ξ,‚q‚b,3F,,’†‹K–Νκ”ΚZ‘ξ‚ª‘½‚­©‚η‚κ‚ιZ‘ξ’nζ,‹ζ“Ή,“μ,5.2,,,,ƒKƒX,…“Ή,‰Ί…“Ή,’†–μ,,450 ,‚P’†κ,€–h,60 ,200 ,,,,,,,,,,
Z,13114 ,8 ,’†–μ,0 ,20 ,’†–μ‹ζ,’†–μ‚T’–Ϊ‚X”Τ‚P‚Q,’†–μ‚T|‚R‚W|‚P‚S,"970,000 ","882,000 ",10.0 ,218 ,,1,1,‹¤“―Z‘ξ,‚r,3F,,’†¬‹K–Νκ”ΚZ‘ξ‚Ι‹¤“―Z‘ξ‚ΰ©‚η‚κ‚ιZ‘ξ’nζ,‹ζ“Ή,–k,4,,,,ƒKƒX,…“Ή,‰Ί…“Ή,’†–μ,,500 ,‚P’†κ,€–h,60 ,200 ,,,,,,,,,,
Z,13114 ,8 ,’†–μ,0 ,21 ,’†–μ‹ζ,‘εa’¬‚S’–Ϊ‚R‚O‚P”Τ‚R‚U,‘εa’¬‚S|‚S|‚W,"635,000 ","577,000 ",10.1 ,79 ,,1,2.5,Z‘ξ,‚v,2F,,¬‹K–Νκ”ΚZ‘ξ‚ΖƒAƒp[ƒg“™‚ª‚Ώ•ΐ‚ΤZ‘ξ’nζ,‹ζ“Ή,“,3.8,,,,ƒKƒX,…“Ή,‰Ί…“Ή,‚‰~›,,"1,100 ",‚P’ακ,€–h,60 ,150 ,,,,,,,,,,
Z,13114 ,8 ,’†–μ,0 ,22 ,’†–μ‹ζ,λ‹{‚S’–Ϊ‚S‚V‚W”Τ‚W,λ‹{‚S|‚Q‚T|‚X,"562,000 ","524,000 ",7.3 ,204 ,,1,1.5,Z‘ξ,‚v,2F,1B,’†‹K–Ν‚Μκ”ΚZ‘ξ‚ª‘½‚ΆZ‘ξ’nζ,‹ζ“Ή,–k,4.5,,,,ƒKƒX,…“Ή,‰Ί…“Ή,λƒm‹{,,600 ,‚P’ακ,€–h,50 ,150 ,,,,,,,,,,
Z,13114 ,8 ,’†–μ,0 ,23 ,’†–μ‹ζ,Vδ‚S’–Ϊ‚S‚W”Τ‚U,Vδ‚S|‚P‚P|‚P‚O,"683,000 ","631,000 ",8.2 ,76 ,,1,1,Z‘ξ,‚k‚r,3F,,κ”ΚZ‘ξAƒ}ƒ“ƒVƒ‡ƒ““™‚ª‚Ώ•ΐ‚Τω¬Z‘ξ’nζ,‹ζ“Ή,–k,4,,,,ƒKƒX,…“Ή,‰Ί…“Ή,ΐ‘ά,,500 ,‚P’†κ,€–h,60 ,200 ,,,,,,,,,,
Z,13114 ,8 ,’†–μ,0 ,24 ,’†–μ‹ζ,–μ•ϋ‚S’–Ϊ‚T‚V‚T”Τ‚V,–μ•ϋ‚S|‚S‚O|‚P‚X,"551,000 ","513,000 ",7.4 ,141 ,,1,1.2,Z‘ξ,‚v,2F,,’†¬‹K–Νκ”ΚZ‘ξ‚ΙƒAƒp[ƒg‚ΰ©‚η‚κ‚ιZ‘ξ’nζ,‹ζ“Ή,–k,3.8,,,,ƒKƒX,…“Ή,‰Ί…“Ή,–μ•ϋ,,700 ,‚P’ακ,€–h,60 ,150 ,,,,,,,,,,
Z,13114 ,8 ,’†–μ,0 ,26 ,’†–μ‹ζ,γ‚“c‚Q’–Ϊ‚Q‚Q”Τ‚U,γ‚“c‚Q|‚Q‚Q|‚W,"683,000 ","632,000 ",8.1 ,158 ,,1,1.5,Z‘ξ,‚v,2F,,κ”ΚZ‘ξAƒAƒp[ƒg“™‚ª‚Ώ•ΐ‚ΤZ‘ξ’nζ,‹ζ“Ή,Ό,4.1,,,,ƒKƒX,…“Ή,‰Ί…“Ή,Vδ–ςt‘O,,350 ,‚P’†κ,€–h,60 ,200 ,,,,,,,,,,
Z,13114 ,8 ,’†–μ,0 ,27 ,’†–μ‹ζ,–ν¶’¬‚S’–Ϊ‚Q‚U”Τ‚R,–ν¶’¬‚S|‚P‚O|‚U,"765,000 ","701,000 ",9.1 ,245 ,,1,1.2,Z‘ξ,‚v,2F,,’†‹K–Νκ”ΚZ‘ξ‚Ι‹¤“―Z‘ξ‚ª©‚η‚κ‚ιZ‘ξ’nζ,‹ζ“Ή,Ό,5.4,,,,ƒKƒX,…“Ή,‰Ί…“Ή,’†–μV‹΄,,450 ,‚P’†κ,€–h,60 ,200 ,,,,,,,,,,
Z,13114 ,8 ,’†–μ,0 ,28 ,’†–μ‹ζ,’†–μ‚R’–Ϊ‚P‚X”Τ‚P‚O,’†–μ‚R|‚S‚T|‚S,"950,000 ","855,000 ",11.1 ,168 ,,1,1,‹¤“―Z‘ξ,‚r,3F,,¬‹K–Ν‹¤“―Z‘ξAΛZ‘ξ“™‚ª‚Ώ•ΐ‚ΤZ‘ξ’nζ,‹ζ“Ή,“μ,4,,,,ƒKƒX,…“Ή,‰Ί…“Ή,’†–μ,,460 ,‚P’†κ,€–h,60 ,200 ,,,,,,,,,,
Z,13114 ,8 ,’†–μ,5 ,1 ,’†–μ‹ζ,’†–μ‚R’–Ϊ‚P‚O‚V”Τ‚P‚OO,’†–μ‚R|‚R‚U|‚P‚T,"8,270,000 ","6,670,000 ",24.0 ,192 ,,1,1,“X•ά,‚r‚q‚b,6F,1B,’†‚‘w‚Μ“X•άƒrƒ‹“™‚ª‚Ώ•ΐ‚Τ‰w‘O‚Μ¤‹Ζ’nζ,“s“Ή,“,20,,‘¤“Ή,–k,ƒKƒX,…“Ή,‰Ί…“Ή,’†–μ,‹ίΪ,0 ,¤‹Ζ,–h‰Ξ,80 ,600 ,,,,,,,,,,
Z,13114 ,8 ,’†–μ,5 ,2 ,’†–μ‹ζ,ΐ‘ά‚P’–Ϊ‚Q‚T‚V”Τ‚XO,ΐ‘ά‚P|‚R‚X|‚R,"763,000 ","687,000 ",11.1 ,109 ,,1,2,“X•ά“‹¤“―Z‘ξ,‚q‚b,4F,,’†’α‘w‚Μ“X•ά“Z‘ξ‚ª‚Ώ•ΐ‚Τ‹ί—Χ¤‹Ζ’nζ,‹ζ“Ή,“μ“,4.5,,,,ƒKƒX,…“Ή,‰Ί…“Ή,ΐ‘ά,,90 ,‹ί¤,–h‰Ξ,80 ,300 ,,,,,,,,,,
Z,13114 ,8 ,’†–μ,5 ,3 ,’†–μ‹ζ,Vδ‚P’–Ϊ‚P‚R”Τ‚S,Vδ‚P|‚P‚S|‚P‚V,"1,130,000 ","972,000 ",16.3 ,95 ,,1,3,“X•άA––±“‹¤“―Z‘ξ,‚q‚b,4F,,¬‹K–Ν‚Θ¬”„“X•ά“Z‘ξ“™‚ª‘½‚Ά¤‹Ζ’nζ,‹ζ“Ή,“,5.1,,,,ƒKƒX,…“Ή,‰Ί…“Ή,’†–μ,,620 ,‹ί¤,–h‰Ξ,80 ,300 ,,,,,,,,,,
Z,13114 ,8 ,’†–μ,5 ,4 ,’†–μ‹ζ,’†‰›‚S’–Ϊ‚R‚S”Τ‚P‚T,’†‰›‚S|‚Q‚V|‚T,"1,920,000 ","1,610,000 ",19.3 ,177 ,,1.2,1,“X•ά“‹¤“―Z‘ξ,‚q‚b,7F,,’†‚‘w‚Μ“X•ά“‹¤“―Z‘ξ“™‚ª‚Ώ•ΐ‚Τ¤‹Ζ’nζ,“s“Ή,Ό,15,,,,ƒKƒX,…“Ή,‰Ί…“Ή,V’†–μ,,460 ,‹ί¤,–h‰Ξ,80 ,400 ,,,,,*,13114,5 ,4 ,"1,780,000 ",7.9 
Z,13114 ,8 ,’†–μ,5 ,5 ,’†–μ‹ζ,–μ•ϋ‚U’–Ϊ‚V‚R‚S”Τ‚P‚U,–μ•ϋ‚U|‚R‚P|‚P‚P,"992,000 ","887,000 ",11.8 ,119 ,•s®`,1,2,“X•άA––±“‹¤“―Z‘ξ,‚r,3F,,’α‘w‚Μ¬‹K–Ν“X•ά‚ª‚Ώ•ΐ‚Τ‰w‘O‚Μ¤‹Ζ’nζ,‹ζ“Ή,“,5.5,,”w–Κ“Ή,,ƒKƒX,…“Ή,‰Ί…“Ή,–μ•ϋ,,70 ,¤‹Ζ,–h‰Ξ,80 ,400 ,,,,,*,13114,5 ,9 ,"933,000 ",6.3 
Z,13114 ,8 ,’†–μ,5 ,6 ,’†–μ‹ζ,Vδ‚T’–Ϊ‚P‚U”Τ‚Q,Vδ‚T|‚P‚U|‚P,"951,000 ","845,000 ",12.5 ,144 ,,1,3,“X•ά“Z‘ξ,‚r,3F,,¬‹K–Ν‚Θ¬”„“X•ά“™‚ª‚Ώ•ΐ‚Τ‰w‘O‚Μ¤‹Ζ’nζ,‹ζ“Ή,“μ“,11,,,,ƒKƒX,…“Ή,‰Ί…“Ή,Vδ–ςt‘O,,210 ,¤‹Ζ,–h‰Ξ,80 ,400 ,,,,,,,,,,
Z,13114 ,8 ,’†–μ,5 ,7 ,’†–μ‹ζ,“’†–μ‚R’–Ϊ‚Q”Τ‚P,“’†–μ‚R|‚W|‚P‚T,"3,370,000 ","2,880,000 ",17.0 ,427 ,•s®`,1,1,“X•ά“‹¤“―Z‘ξ,‚r‚q‚b,11F,1B,’†‚‘w‚Μ“X•ά“‹¤“―Z‘ξA––±‚ª‘½‚Ά¤‹Ζ’nζ,“s“Ή,“,40,,,,ƒKƒX,…“Ή,‰Ί…“Ή,“’†–μ,,130 ,¤‹Ζ,–h‰Ξ,80 ,500 ,,,,,,,,,,
Z,13114 ,8 ,’†–μ,5 ,8 ,’†–μ‹ζ,“’†–μ‚P’–Ϊ‚P‚Q‚O”Τ‚P‚W,“’†–μ‚P|‚U|‚S,"1,420,000 ","1,190,000 ",19.3 ,141 ,,1,2,“X•ά“‹¤“―Z‘ξ,‚q‚b,6F,,’†’α‘w“X•ά“‹¤“―Z‘ξ“™‚ª‚Ώ•ΐ‚Τ¤‹Ζ’nζ,“s“Ή,“μ“,11,,‘¤“Ή,“μΌ,ƒKƒX,…“Ή,‰Ί…“Ή,“’†–μ,,630 ,‹ί¤,–h‰Ξ,80 ,400 ,,,,,,,,,,
Z,13114 ,8 ,’†–μ,5 ,9 ,’†–μ‹ζ,“μ‘δ‚Q’–Ϊ‚X‚S”Τ‚Q‚QO,“μ‘δ‚Q|‚S‚X|‚W,"1,330,000 ","1,120,000 ",18.8 ,170 ,,1,1.5,“X•ά“‹¤“―Z‘ξ,‚q‚b,4F,,’†‘wƒrƒ‹A‹¤“―Z‘ξ“™‚ª‚Ώ•ΐ‚ΤHό¤‹Ζ’nζ,“s“Ή,–k,20,,,,ƒKƒX,…“Ή,‰Ί…“Ή,’†–μ•xm©’¬,,840 ,‹ί¤,–h‰Ξ,80 ,400 ,,,,,,,,,,
Z,13114 ,8 ,’†–μ,5 ,10 ,’†–μ‹ζ,“’†–μ‚R’–Ϊ‚P‚Q‚R”Τ‚W,“’†–μ‚R|‚P‚U|‚P‚S,"1,430,000 ","1,200,000 ",19.2 ,115 ,,1,1.5,‘qΙA––±“Z‘ξ,‚q‚b,5F,,“X•άAƒ}ƒ“ƒVƒ‡ƒ““™‚ª‚Ώ•ΐ‚ΤHό¤‹Ζ’nζ,“s“Ή,–kΌ,15,,,,ƒKƒX,…“Ή,‰Ί…“Ή,—‡,,230 ,‹ί¤,–h‰Ξ,80 ,400 ,,,,,,,,,,
Z,13114 ,8 ,’†–μ,5 ,11 ,’†–μ‹ζ,–{’¬‚Q’–Ϊ‚S‚R‚Q”Τ‚P‚P,–{’¬‚Q|‚S‚X|‚P‚Q,"2,890,000 ","2,410,000 ",19.9 ,165 ,,1,3,“X•ά“‹¤“―Z‘ξ,‚r‚q‚b,9F,,’†‚‘w‚Μ“X•ά“Z‘ξ“™‚ª‚Ώ•ΐ‚Τ¤‹Ζ’nζ,“s“Ή,–k,25,,,,ƒKƒX,…“Ή,‰Ί…“Ή,’†–μβγ,,50 ,¤‹Ζ,–h‰Ξ,80 ,500 ,,,,,,,,,,
Z,13114 ,8 ,’†–μ,5 ,12 ,’†–μ‹ζ,’†–μ‚T’–Ϊ‚Q‚P”Τ‚V,’†–μ‚T|‚U‚V|‚T,"5,410,000 ","4,370,000 ",23.8 ,129 ,,1,2,“X•άA––±“Z‘ξ,‚q‚b,9F,,’†‚‘w“X•άA––±ƒrƒ‹“™‚ª‚Ώ•ΐ‚Τ¤‹Ζ’nζ,“s“Ή,Ό,20,,,,ƒKƒX,…“Ή,‰Ί…“Ή,’†–μ,,250 ,¤‹Ζ,–h‰Ξ,80 ,600 ,,,,,*,13114,5 ,11 ,"4,800,000 ",12.7 
Z,13114 ,8 ,’†–μ,5 ,13 ,’†–μ‹ζ,–ν¶’¬‚Q’–Ϊ‚Q‚S”Τ‚VO,–ν¶’¬‚Q|‚Q‚P|‚U,"1,940,000 ","1,640,000 ",18.3 ,210 ,,1,2,“X•ά“––±,‚q‚b,5F,1B,’†‚‘w“X•ά“‹¤“―Z‘ξ“™‚ª‚Ώ•ΐ‚Τ‰w‘O¤‹Ζ’nζ,‹ζ“Ή,Ό,11,,,,ƒKƒX,…“Ή,‰Ί…“Ή,’†–μV‹΄,‹ίΪ,0 ,¤‹Ζ,–h‰Ξ,80 ,400 ,,,,,,,,,,
Z,13114 ,8 ,’†–μ,5 ,14 ,’†–μ‹ζ,’†–μ‚P’–Ϊ‚X‚T”Τ‚SO,’†–μ‚P|‚T‚O|‚R,"1,580,000 ","1,340,000 ",17.9 ,345 ,,1,1.5,––±,‚q‚b,6F,1B,’†‚‘w‚Μ“X•ά“‹¤“―Z‘ξ‚ª‘½‚Ά¤‹Ζ’nζ,“s“Ή,“μ,11,,,,ƒKƒX,…“Ή,‰Ί…“Ή,’†–μ,,"1,000 ",‹ί¤,–h‰Ξ,80 ,400 ,,,,,,,,,,
Z,13114 ,8 ,’†–μ,5 ,15 ,’†–μ‹ζ,–μ•ϋ‚P’–Ϊ‚P‚U‚R‚U”Τ‚P,–μ•ϋ‚P|‚Q‚X|‚Q,"1,450,000 ","1,220,000 ",18.9 ,108 ,,1,3,“X•άA––±“Z‘ξ,‚q‚b,6F,,“X•άA––±Aƒ}ƒ“ƒVƒ‡ƒ““™‚ª‚Ώ•ΐ‚Τ¤‹Ζ’nζ,“s“Ή,“μ,15.5,,,,ƒKƒX,…“Ή,‰Ί…“Ή,’†–μ,,"1,000 ",‹ί¤,–h‰Ξ,80 ,400 ,,,,,,,,,,
Z,13114 ,8 ,’†–μ,5 ,16 ,’†–μ‹ζ,’†–μ‚R’–Ϊ‚P‚P‚P”Τ‚T‚QO,’†–μ‚R|‚R‚S|‚P‚R,"2,040,000 ","1,690,000 ",20.7 ,152 ,,1,2,“X•ά“‹¤“―Z‘ξ,‚r,4F,,’†‘w“X•άA––±ƒrƒ‹“™‚ª‚Ώ•ΐ‚Τ¤‹Ζ’nζ,‹ζ“Ή,Ό,6,,,,ƒKƒX,…“Ή,‰Ί…“Ή,’†–μ,,270 ,¤‹Ζ,–h‰Ξ,80 ,600 ,,,,,,,,,,
Z,13114 ,8 ,’†–μ,5 ,17 ,’†–μ‹ζ,“’†–μ‚S’–Ϊ‚W”Τ‚S,“’†–μ‚S|‚P‚O|‚Q‚O,"1,620,000 ","1,350,000 ",20.0 ,133 ,,1,1.2,“X•ά“Z‘ξ,‚r,3F,1B,’†’α‘w‚Μ“X•άA––±“™‚ª‚Ώ•ΐ‚Τ¤‹Ζ’nζ,‹ζ“Ή,“,10.6,,,,ƒKƒX,…“Ή,‰Ί…“Ή,“’†–μ,,190 ,‹ί¤,–h‰Ξ,80 ,400 ,,,,,,,,,,
Z,13114 ,8 ,’†–μ,5 ,18 ,’†–μ‹ζ,γλ‹{‚R’–Ϊ‚Q‚W‚X”Τ‚W,γλ‹{‚R|‚P‚U|‚T,"667,000 ","610,000 ",9.3 ,165 ,,1,2,––±“‘qΙ,‚r,3F,1B,’†’α‘w“X•ά“––±A‹¤“―Z‘ξ“™‚ª‘½‚Ά¤‹Ζ’nζ,“s“Ή,“μ,14.5,,,,ƒKƒX,…“Ή,‰Ί…“Ή,•xm©‘δ,,400 ,‹ί¤,–h‰Ξ,80 ,300 ,,,,,,,,,,
Z,13114 ,8 ,’†–μ,5 ,19 ,’†–μ‹ζ,]Γ“c‚S’–Ϊ‚P‚U‚T‚W”Τ‚T,]Γ“c‚S|‚R‚O|‚R,"815,000 ","734,000 ",11.0 ,132 ,,1,3,“X•άA––±“‹¤“―Z‘ξ,‚q‚b,5F,,’†‚‘w‚Μ“X•ά“‹¤“―Z‘ξ‚ª‚Ώ•ΐ‚ΤHό¤‹Ζ’nζ,“s“Ή,“μ,15,,,,ƒKƒX,…“Ή,‰Ί…“Ή,ΐ‘ά,,550 ,‹ί¤,–h‰Ξ,80 ,300 ,,,,,,,,,,
Z,13114 ,8 ,’†–μ,5 ,20 ,’†–μ‹ζ,Vδ‚P’–Ϊ‚R‚U”Τ‚VO,Vδ‚P|‚Q‚T|‚U,"1,940,000 ","1,630,000 ",19.0 ,216 ,,1,1,––±,‚q‚b,6F,,’†‘w“X•άA––±Aƒ}ƒ“ƒVƒ‡ƒ“‚Μ‘½‚Ά¤‹Ζ’nζ,“s“Ή,Ό,20,,,,ƒKƒX,…“Ή,‰Ί…“Ή,’†–μ,,700 ,‹ί¤,–h‰Ξ,80 ,400 ,,,,,,,,,,
Z,13114 ,8 ,’†–μ,5 ,21 ,’†–μ‹ζ,’†–μ‚T’–Ϊ‚Q‚O”Τ‚Q‚P,’†–μ‚T|‚T‚U|‚P‚O,"2,360,000 ","2,000,000 ",18.0 ,79 ,,1,2,“X•ά“Z‘ξ,‚q‚b,4F,1B,¬‹K–Ν‚ΘωH“X•ά‚ª‚Ώ•ΐ‚Τ¤‹Ζ’nζ,‹ζ“Ή,–k,2.7,,,,ƒKƒX,…“Ή,‰Ί…“Ή,’†–μ,,300 ,¤‹Ζ,–h‰Ξ,80 ,600 ,,,,,,,,,,
Z,13114 ,8 ,’†–μ,5 ,22 ,’†–μ‹ζ,‘εa’¬‚P’–Ϊ‚P‚S‚X‚V”Τ‚S,‘εa’¬‚P|‚P‚R|‚X,"990,000 ","838,000 ",18.1 ,142 ,,1,1,“X•ά“‹¤“―Z‘ξ,‚q‚b,6F,1B,’†’α‘w‚Μ“X•ά“‹¤“―Z‘ξ‚ª‚Ώ•ΐ‚ΤHό¤‹Ζ’nζ,“s“Ή,“,25,,,,ƒKƒX,…“Ή,‰Ί…“Ή,–μ•ϋ,,740 ,‹ί¤,–h‰Ξ,80 ,300 ,,,,,,,,,,
Z,13114 ,8 ,’†–μ,5 ,23 ,’†–μ‹ζ,–{’¬‚S’–Ϊ‚X‚Q”Τ‚U,–{’¬‚S|‚R‚V|‚Q‚T,"1,620,000 ","1,380,000 ",17.4 ,75 ,,1,3,“X•ά“‹¤“―Z‘ξ,‚q‚b,5F,,’†‚‘w‚Μ“X•ά“‹¤“―Z‘ξA––±‚ª‘½‚Ά¤‹Ζ’nζ,‹ζ“Ή,“μ“,15,,,,ƒKƒX,…“Ή,‰Ί…“Ή,V’†–μ,,400 ,‹ί¤,–h‰Ξ,80 ,400 ,,,,,,,,,,
Z,13114 ,8 ,’†–μ,5 ,24 ,’†–μ‹ζ,’†–μ‚Q’–Ϊ‚P‚Q”Τ‚P,’†–μ‚Q|‚P‚P|‚P,"1,940,000 ","1,630,000 ",19.0 ,408 ,,1.2,1,“X•ά“‹¤“―Z‘ξ,‚q‚b,3F,,’†‘w‚Μ“X•άA––±Aƒ}ƒ“ƒVƒ‡ƒ“‚ª‘½‚Ά¤‹Ζ’nζ,‹ζ“Ή,“μ,8,,,,ƒKƒX,…“Ή,‰Ί…“Ή,’†–μ,,280 ,‹ί¤,–h‰Ξ,80 ,300 ,,,,,,,,,,
Z,13115 ,8 ,™•ΐ,0 ,1 ,™•ΐ‹ζ,‰¬E‚P’–Ϊ‚S‚P‚X”Τ‚Q‚W,‰¬E‚P|‚P|‚P‚W,"620,000 ","578,000 ",7.3 ,187 ,,1,1.2,Z‘ξ,‚v,2F,,’†‹K–Νκ”ΚZ‘ξ‚ª‘½‚ΆΛZ‘ξ’nζ,‹ζ“Ή,–k,4,,,,ƒKƒX,…“Ή,‰Ί…“Ή,‚δΛ,,"1,200 ",‚P’ακ,€–h,50 ,100 ,,,,,,,,,,
Z,13115 ,8 ,™•ΐ,0 ,2 ,™•ΐ‹ζ,‚‰~›–k‚Q’–Ϊ‚V‚R‚O”Τ‚Q‚V,‚‰~›–k‚Q|‚Q‚U|‚U,"827,000 ","759,000 ",9.0 ,77 ,,1,2,Z‘ξ,‚v,3F,,¬‹K–Νκ”ΚZ‘ξA‹¤“―Z‘ξ“™‚ª‚Ώ•ΐ‚ΤZ‘ξ’nζ,‹ζ“Ή,Ό,4,,,,ƒKƒX,…“Ή,‰Ί…“Ή,‚‰~›,,450 ,‚P’†κ,€–h,60 ,200 ,,,,,,,,,,
Z,13115 ,8 ,™•ΐ,0 ,4 ,™•ΐ‹ζ,aς‚R’–Ϊ‚V‚R‚S”Τ‚W,aς‚R|‚Q‚U|‚Q‚P,"799,000 ","740,000 ",8.0 ,332 ,‘δ`,1,1.5,Z‘ξ,‚q‚b,2F,,’†‹K–Νκ”ΚZ‘ξ‚ª‚Ώ•ΐ‚ΤΥΓ‚ΘZ‘ξ’nζ,‹ζ“Ή,“μ“,6,,,,ƒKƒX,…“Ή,‰Ί…“Ή,‰i•’¬,,600 ,‚P’ακ,€–h,50 ,100 ,,,,,,,,,,
Z,13115 ,8 ,™•ΐ,0 ,5 ,™•ΐ‹ζ,Όƒm–Ψ‚R’–Ϊ‚P‚P‚R‚S”Τ‚S‚X,Όƒm–Ψ‚R|‚P‚P|‚R,"628,000 ","581,000 ",8.1 ,146 ,,1,2.5,Z‘ξ,‚v,2F,,’†¬‹K–Ν‚Μκ”ΚZ‘ξ‚ª‘½‚ΆZ‘ξ’nζ,„“Ή,“μ,3.5,,,,ƒKƒX,…“Ή,‰Ί…“Ή,V‚‰~›,,690 ,‚P’ακ,€–h,50 ,100 ,,,,,,,,,,
Z,13115 ,8 ,™•ΐ,0 ,6 ,™•ΐ‹ζ,“δ‚S’–Ϊ‚P‚Q‚W”Τ,“δ‚S|‚P‚Q|‚Q‚P,"1,080,000 ","951,000 ",13.6 ,"4,291 ",,2.5,1,‹¤“―Z‘ξ,‚q‚b,7F,,‘ε‹K–Ν‚‘wƒ}ƒ“ƒVƒ‡ƒ“‚ª‘½‚ΆZ‘ξ’nζ,‹ζ“Ή,“,9.2,,‘¤“Ή,–k,ƒKƒX,…“Ή,‰Ί…“Ή,Ό‰¬E,,"1,200 ",€H,€–h,60 ,200 ,,,,,,,,,,
Z,13115 ,8 ,™•ΐ,0 ,7 ,™•ΐ‹ζ,aς‚P’–Ϊ‚P‚P‚O”Τ‚P‚S,aς‚P|‚Q‚W|‚P‚U,"642,000 ","599,000 ",7.2 ,181 ,,1,2,Z‘ξ,‚v,2F,,’†‹K–Νκ”ΚZ‘ξAƒAƒp[ƒg‚ª‚Ώ•ΐ‚ΤZ‘ξ’nζ,‹ζ“Ή,–kΌ,3.9,,,,ƒKƒX,…“Ή,‰Ί…“Ή,‘γ“c‹΄,,600 ,‚P’ακ,€–h,50 ,100 ,,,,,,,,,,
Z,13115 ,8 ,™•ΐ,0 ,8 ,™•ΐ‹ζ,¬“c“‚P’–Ϊ‚T‚U‚P”Τ‚X,¬“c“‚P|‚U|‚P‚O,"563,000 ","525,000 ",7.2 ,146 ,‘δ`,1,1.2,Z‘ξ,‚k‚r,2F,,’†‹K–Ν’φ“x‚Μκ”ΚZ‘ξ‚ª‘½‚ΆZ‘ξ’nζ,‹ζ“Ή,“μ,4.9,,,,ƒKƒX,…“Ή,‰Ί…“Ή,Ό‰i•,,"1,200 ",‚P’ακ,€–h,50 ,100 ,,,,,,,,,,
Z,13115 ,8 ,™•ΐ,0 ,9 ,™•ΐ‹ζ,“μ‰¬E‚S’–Ϊ‚T‚Q”Τ‚R,“μ‰¬E‚S|‚R‚Q|‚P‚T,"823,000 ","755,000 ",9.0 ,114 ,,1,2.5,Z‘ξ,‚v,2F,1B,’†¬‹K–Ν‚Μκ”ΚZ‘ξ“™‚ª‚Ώ•ΐ‚ΤZ‘ξ’nζ,‹ζ“Ή,–k,4.5,,,,ƒKƒX,…“Ή,‰Ί…“Ή,‰¬E,,570 ,‚P’ακ,€–h,50 ,100 ,,,,,,,,,,
Z,13115 ,8 ,™•ΐ,0 ,10 ,™•ΐ‹ζ,΄…‚R’–Ϊ‚Q‚O‚X”Τ‚P,΄…‚R|‚P‚W|‚Q,"617,000 ","590,000 ",4.6 ,182 ,,1,1.5,‹¤“―Z‘ξ,‚v,2F,,’†‹K–Νκ”ΚZ‘ξAƒAƒp[ƒg“™‚ª‚Ώ•ΐ‚ΤZ‘ξ’nζ,‹ζ“Ή,“μ,5.4,,,,ƒKƒX,…“Ή,‰Ί…“Ή,δ‰¬,,900 ,‚P’ακ,€–h,50 ,100 ,,,,,,,,,,
Z,13115 ,8 ,™•ΐ,0 ,11 ,™•ΐ‹ζ,΄…‚Q’–Ϊ‚P‚Q‚V”Τ‚TO,΄…‚Q|‚S|‚Q,"675,000 ","623,000 ",8.3 ,129 ,,1,2,Z‘ξ,‚v,2F,,’†‹K–Νκ”ΚZ‘ξAƒAƒp[ƒg“™‚ª‘½‚ΆZ‘ξ’nζ,‹ζ“Ή,“μ,8,,,,ƒKƒX,…“Ή,‰Ί…“Ή,‰¬E,,"1,100 ",‚P’ακ,€–h,50 ,100 ,,,,,,,,,,
Z,13115 ,8 ,™•ΐ,0 ,12 ,™•ΐ‹ζ,΅μ‚Q’–Ϊ‚Q‚P‚P”Τ,΅μ‚Q|‚R|‚U,"514,000 ","482,000 ",6.6 ,231 ,,1,1.5,Z‘ξ,‚k‚r,2F,,κ”ΚZ‘ξAƒAƒp[ƒg“™‚ª‚Ώ•ΐ‚ΤZ‘ξ’nζ,‹ζ“Ή,Ό,5.4,,,,ƒKƒX,…“Ή,‰Ί…“Ή,γδ‘,,"1,300 ",‚P’ακ,€–h,50 ,100 ,,,,,,,,,,
Z,13115 ,8 ,™•ΐ,0 ,13 ,™•ΐ‹ζ,‹{‘O‚R’–Ϊ‚T‚Q‚R”Τ‚P‚X,‹{‘O‚R|‚Q‚W|‚W,"659,000 ","608,000 ",8.4 ,136 ,,1,1.2,Z‘ξ,‚v,2F,,κ”ΚZ‘ξ‚Μ’†‚ΙƒAƒp[ƒg‚ΰ©‚η‚κ‚ιZ‘ξ’nζ,‹ζ“Ή,Ό,3.7,,,,ƒKƒX,…“Ή,‰Ί…“Ή,Ό‰¬E,,"1,200 ",‚P’ακ,€–h,50 ,100 ,,,,,,,,,,
Z,13115 ,8 ,™•ΐ,0 ,14 ,™•ΐ‹ζ,‚‰~›“μ‚R’–Ϊ‚S‚R‚R”Τ‚WO,‚‰~›“μ‚R|‚T‚Q|‚Q,"731,000 ","674,000 ",8.5 ,133 ,,1,2,Z‘ξ,‚k‚r,3F,,¬‹K–Νκ”ΚZ‘ξAƒAƒp[ƒg“™‚ª‚Ώ•ΐ‚ΤZ‘ξ’nζ,‹ζ“Ή,“μ,3.6,,,,ƒKƒX,…“Ή,‰Ί…“Ή,‚‰~›,,520 ,‚P’†κ,€–h,60 ,200 ,,,,,,,,,,
Z,13115 ,8 ,™•ΐ,0 ,15 ,™•ΐ‹ζ,‚‰~›“μ‚P’–Ϊ‚T‚P‚P”Τ‚Q‚W,‚‰~›“μ‚P|‚Q‚U|‚P,"864,000 ","788,000 ",9.6 ,76 ,,1,2,Z‘ξ,‚r,3F,,κ”ΚZ‘ξ‚π’†S‚Ι‹¤“―Z‘ξ“™‚ΰ©‚η‚κ‚ιZ‘ξ’nζ,‹ζ“Ή,“μ,4,,,,ƒKƒX,…“Ή,‰Ί…“Ή,“‚‰~›,,300 ,‚P’†κ,€–h,60 ,200 ,,,,,,,,,,
Z,13115 ,8 ,™•ΐ,0 ,16 ,™•ΐ‹ζ,a“c‚Q’–Ϊ‚X‚X‚V”Τ‚S‚V,a“c‚Q|‚R‚T|‚V,"628,000 ","581,000 ",8.1 ,134 ,,1,2,Z‘ξ,‚v,2F,,¬‹K–Νκ”ΚZ‘ξAƒAƒp[ƒg“™‚ª‚Ώ•ΐ‚ΤZ‘ξ’nζ,‹ζ“Ή,“μ,3.5,,,,ƒKƒX,…“Ή,‰Ί…“Ή,“‚‰~›,,940 ,‚P’ακ,€–h,60 ,150 ,,,,,,,,,,
Z,13115 ,8 ,™•ΐ,0 ,17 ,™•ΐ‹ζ,‚δΛ“‚Q’–Ϊ‚U‚U‚X”Τ‚Q‚TO,‚δΛ“‚Q|‚Q‚S|‚Q,"748,000 ","694,000 ",7.8 ,235 ,,1,1,Z‘ξ,‚q‚b,2F,,’†‹K–Ν’φ“x‚Μκ”ΚZ‘ξ‚ª‘½‚ΆZ‘ξ’nζ,‹ζ“Ή,“μ,4.5,,,,ƒKƒX,…“Ή,‰Ί…“Ή,‚δΛ,,390 ,‚P’ακ,€–h,40 ,80 ,,,,,,,,,,
Z,13115 ,8 ,™•ΐ,0 ,18 ,™•ΐ‹ζ,‹{‘O‚S’–Ϊ‚P‚S‚T”Τ‚PO,‹{‘O‚S|‚P‚P|‚Q‚U,"663,000 ","615,000 ",7.8 ,148 ,,1,1.2,Z‘ξ,‚k‚r,2F,,’†‹K–Νκ”ΚZ‘ξ‚ª‘½‚­‚Ώ•ΐ‚ΤZ‘ξ’nζ,‹ζ“Ή,“μ“,6,,,,ƒKƒX,…“Ή,‰Ί…“Ή,‹v‰δR,,600 ,‚P’ακ,€–h,50 ,100 ,,,,,,,,,,
Z,13115 ,8 ,™•ΐ,0 ,19 ,™•ΐ‹ζ,‚‰~›“μ‚Q’–Ϊ‚R‚T‚W”Τ‚Q‚R,‚‰~›“μ‚Q|‚Q|‚P‚R,"724,000 ","665,000 ",8.9 ,132 ,,1,2.5,‹¤“―Z‘ξ,‚q‚b,3F,,¬‹K–Νκ”ΚZ‘ξAƒAƒp[ƒg“™‚ª‚Ώ•ΐ‚ΤZ‘ξ’nζ,‹ζ“Ή,–k,3.8,,,,ƒKƒX,…“Ή,‰Ί…“Ή,“‚‰~›,,500 ,‚Q’†κ,€–h,60 ,200 ,,,,,,,,,,
Z,13115 ,8 ,™•ΐ,0 ,20 ,™•ΐ‹ζ,‹v‰δR‚P’–Ϊ‚R‚V‚O”Τ‚S,‹v‰δR‚P|‚T|‚P‚V,"1,090,000 ","944,000 ",15.5 ,"3,566 ",,1,1,‹¤“―Z‘ξ,‚q‚b,9F,1B,’†‚‘w‚Μ‹¤“―Z‘ξA––±ƒrƒ‹“™‚ª‚Ώ•ΐ‚Τ’nζ,‹ζ“Ή,Ό,11,,‘¤“Ή,–k,ƒKƒX,…“Ή,‰Ί…“Ή,‹v‰δR,,570 ,€H,€–h,60 ,200 ,,,,,*,13115,0 ,7 ,"1,010,000 ",7.9 
Z,13115 ,8 ,™•ΐ,0 ,21 ,™•ΐ‹ζ,¬“c“‚S’–Ϊ‚P‚W”Τ‚Q,¬“c“‚S|‚P‚R|‚P‚X,"778,000 ","718,000 ",8.4 ,141 ,,1,1.5,Z‘ξ,‚v,2F,,’†¬‹K–Νκ”ΚZ‘ξ“™‚ª‚Ώ•ΐ‚ΤZ‘ξ’nζ,‹ζ“Ή,“μ“,5.1,,,,ƒKƒX,…“Ή,‰Ί…“Ή,“μΆ²ƒP’J,,300 ,‚P’ακ,€–h,50 ,100 ,,,,,*,13115,0 ,12 ,"752,000 ",3.5 
Z,13115 ,8 ,™•ΐ,0 ,22 ,™•ΐ‹ζ,•l“cR‚Q’–Ϊ‚W‚T‚V”Τ‚R‚W,•l“cR‚Q|‚X|‚Q,"797,000 ","738,000 ",8.0 ,239 ,,1.2,1,Z‘ξ,‚k‚r,2F,1B,’†‹K–Νκ”ΚZ‘ξ‚ª‘½‚ΆΥΓ‚ΘZ‘ξ’nζ,‹ζ“Ή,“μΌ,4.8,,,,ƒKƒX,…“Ή,‰Ί…“Ή,•l“cR,,610 ,‚P’ακ,€–h,50 ,100 ,,,,,,,,,,
Z,13115 ,8 ,™•ΐ,0 ,23 ,™•ΐ‹ζ,‘ε‹{‚P’–Ϊ‚P‚U‚R‚S”Τ‚U,‘ε‹{‚P|‚P‚O|‚P‚O,"582,000 ","540,000 ",7.8 ,132 ,,1,1.5,Z‘ξ,‚v,2F,,κ”ΚZ‘ξAƒAƒp[ƒg“™‚ª‚Ώ•ΐ‚ΤZ‘ξ’nζ,‹ζ“Ή,–k,3.8,,,,ƒKƒX,…“Ή,‰Ί…“Ή,‰i•’¬,,"1,000 ",‚P’ακ,€–h,50 ,100 ,,,,,,,,,,
Z,13115 ,8 ,™•ΐ,0 ,24 ,™•ΐ‹ζ,‹v‰δR‚S’–Ϊ‚P‚S‚S”Τ‚R,‹v‰δR‚S|‚Q‚S|‚P‚W,"730,000 ","678,000 ",7.7 ,297 ,,1,1,Z‘ξ,‚v,2F,,’†‹K–Νκ”ΚZ‘ξ‚ª‚Ώ•ΐ‚ΤΥΓ‚ΘZ‘ξ’nζ,‹ζ“Ή,“μ“,5,,,,ƒKƒX,…“Ή,‰Ί…“Ή,O‘ι‘δ,,340 ,‚P’ακ,€–h,50 ,100 ,,,,,,,,,,
Z,13115 ,8 ,™•ΐ,0 ,25 ,™•ΐ‹ζ,Ό‰¬“μ‚S’–Ϊ‚U‚S”Τ‚S,Ό‰¬“μ‚S|‚P‚T|‚Q,"815,000 ","748,000 ",9.0 ,165 ,,1,1,Z‘ξ,‚v,2F,,’†‹K–Νκ”ΚZ‘ξ‚ª‘½‚ΆΥΓ‚ΘZ‘ξ’nζ,‹ζ“Ή,“μ,5.4,,,,ƒKƒX,…“Ή,‰Ί…“Ή,Ό‰¬E,,550 ,‚P’ακ,€–h,50 ,100 ,,,,,*,13115,0 ,24 ,"790,000 ",3.2 
Z,13115 ,8 ,™•ΐ,0 ,26 ,™•ΐ‹ζ,Ό‰¬“μ‚P’–Ϊ‚S‚R‚Q”Τ‚P‚R,Ό‰¬“μ‚P|‚P‚O|‚P‚W,"768,000 ","709,000 ",8.3 ,96 ,,1,1.5,Z‘ξ,‚v,2F,,κ”ΚZ‘ξ‚Μ’†‚ΙƒAƒp[ƒg‚ΰ©‚η‚κ‚ιZ‘ξ’nζ,‹ζ“Ή,“μ“,5.4,,,,ƒKƒX,…“Ή,‰Ί…“Ή,Ό‰¬E,,940 ,‚P’ακ,€–h,50 ,100 ,,,,,,,,,,
Z,13115 ,8 ,™•ΐ,0 ,27 ,™•ΐ‹ζ,γδ‘‚Q’–Ϊ‚U‚V”Τ‚P‚R,γδ‘‚Q|‚Q‚X|‚R,"555,000 ","519,000 ",6.9 ,104 ,,1,2.5,Z‘ξ,‚v,2F,,κ”ΚZ‘ξAƒAƒp[ƒg“™‚ª‚Ώ•ΐ‚ΤZ‘ξ’nζ,‹ζ“Ή,“μ,4.6,,,,ƒKƒX,…“Ή,‰Ί…“Ή,δ‰¬,,620 ,‚P’ακ,€–h,50 ,100 ,,,,,,,,,,
Z,13115 ,8 ,™•ΐ,0 ,28 ,™•ΐ‹ζ,‰Ίδ‘‚R’–Ϊ‚P‚V‚Q”Τ‚P‚W,‰Ίδ‘‚R|‚R‚T|‚P‚W,"585,000 ","548,000 ",6.8 ,90 ,,1,1.5,Z‘ξ,‚v,2F,,’†¬‹K–Νκ”ΚZ‘ξ‚Ι‹¤“―Z‘ξ‚ª©‚η‚κ‚ιZ‘ξ’nζ,‹ζ“Ή,“,5.4,,,,ƒKƒX,…“Ή,‰Ί…“Ή,‰Ίδ‘,,270 ,‚P’ακ,€–h,50 ,100 ,,,,,*,13115,0 ,25 ,"564,000 ",3.7 
Z,13115 ,8 ,™•ΐ,0 ,29 ,™•ΐ‹ζ,‰Ί‚δΛ‚Q’–Ϊ‚T‚T‚P”Τ‚P‚O,‰Ί‚δΛ‚Q|‚P‚S|‚X,"634,000 ","592,000 ",7.1 ,132 ,,1,2,Z‘ξ,‚v,2F,,’†‹K–Νκ”ΚZ‘ξAƒAƒp[ƒg“™‚ª‚Ώ•ΐ‚ΤZ‘ξ’nζ,‹ζ“Ή,–k,5.4,,,,ƒKƒX,…“Ή,‰Ί…“Ή,χγ…,,640 ,‚P’ακ,€–h,40 ,80 ,,,,,,,,,,
Z,13115 ,8 ,™•ΐ,0 ,30 ,™•ΐ‹ζ,‹v‰δR‚T’–Ϊ‚Q‚W‚R”Τ‚VO,‹v‰δR‚T|‚X|‚V,"788,000 ","722,000 ",9.1 ,330 ,‘δ`,1.2,1,‹¤“―Z‘ξ,‚q‚b,3F,,’α‘wƒ}ƒ“ƒVƒ‡ƒ“‚ª‘½‚ΆX“Ή‰‚Ά‚ΜZ‘ξ’nζ,“s“Ή,“μ,8,,,,ƒKƒX,…“Ή,‰Ί…“Ή,‹v‰δR,,330 ,‚Q’†κ,€–h,60 ,200 ,,,,,,,,,,
Z,13115 ,8 ,™•ΐ,0 ,31 ,™•ΐ‹ζ,‰¬E‚R’–Ϊ‚X”ΤO,‰¬E‚R|‚R‚Q|‚R,"973,000 ","892,000 ",9.1 ,337 ,‘δ`,1,1.2,Z‘ξ,‚v,2F,,’†‹K–Νκ”ΚZ‘ξ‚ª‘½‚ΆΥΓ‚ΘZ‘ξ’nζ,‹ζ“Ή,“μΌ,7.3,,‘¤“Ή,–kΌ,ƒKƒX,…“Ή,‰Ί…“Ή,‰¬E,,630 ,‚P’ακ,€–h,50 ,100 ,,,,,,,,,,
Z,13115 ,8 ,™•ΐ,0 ,32 ,™•ΐ‹ζ,‰Ί‚δΛ‚T’–Ϊ‚R‚T‚T”Τ‚R‚W,‰Ί‚δΛ‚T|‚V|‚R,"587,000 ","551,000 ",6.5 ,194 ,,1,2,Z‘ξ,‚v,2F,,’†‹K–Νκ”ΚZ‘ξ“™‚ª‘½‚ΆZ‘ξ’nζ,‹ζ“Ή,Ό,4,,,,ƒKƒX,…“Ή,‰Ί…“Ή,γ–k‘ς,,600 ,‚P’ακ,€–h,40 ,80 ,,,,,,,,,,
Z,13115 ,8 ,™•ΐ,0 ,33 ,™•ΐ‹ζ,‰i•‚R’–Ϊ‚Q‚T‚R”Τ‚R,‰i•‚R|‚Q‚R|‚P‚P,"931,000 ","862,000 ",8.0 ,284 ,,1,2,Z‘ξ,‚v,3F,,’†‹K–Νκ”ΚZ‘ξ‚ª‚Ώ•ΐ‚ΤΥΓ‚ΘZ‘ξ’nζ,‹ζ“Ή,–k,11,,,,ƒKƒX,…“Ή,‰Ί…“Ή,Ό‰i•,,290 ,‚P’ακ,€–h,50 ,100 ,,,,,*,13115,0 ,20 ,"900,000 ",3.4 
Z,13115 ,8 ,™•ΐ,0 ,34 ,™•ΐ‹ζ,‘P•›‚P’–Ϊ‚R‚O‚R”Τ‚P,‘P•›‚P|‚Q‚T|‚P‚U,"652,000 ","602,000 ",8.3 ,225 ,,1,1.5,Z‘ξ,‚v,2F,,’†‹K–Νκ”ΚZ‘ξ‚ª‘½‚ΆΥΓ‚ΘZ‘ξ’nζ,‹ζ“Ή,–k“,4.5,,,,ƒKƒX,…“Ή,‰Ί…“Ή,Ό‰¬E,,"1,300 ",‚P’ακ,€–h,40 ,80 ,,,,,,,,,,
Z,13115 ,8 ,™•ΐ,0 ,35 ,™•ΐ‹ζ,‚‰~›“μ‚R’–Ϊ‚P‚X‚P”Τ‚P‚S,‚‰~›“μ‚R|‚P‚S|‚P,"748,000 ","689,000 ",8.6 ,198 ,,1,1.5,Z‘ξ,‚k‚r,2F,,’†‹K–Νκ”ΚZ‘ξAƒAƒp[ƒg“™‚ª‚Ώ•ΐ‚ΤZ‘ξ’nζ,‹ζ“Ή,“μ,4.4,,,,ƒKƒX,…“Ή,‰Ί…“Ή,V‚‰~›,,410 ,‚P’ακ,€–h,60 ,150 ,,,,,,,,,,
Z,13115 ,8 ,™•ΐ,0 ,36 ,™•ΐ‹ζ,aς‚S’–Ϊ‚R‚P‚U”Τ‚V‚O,aς‚S|‚S‚T|‚Q‚W,"693,000 ","638,000 ",8.6 ,118 ,,1,1.5,‹¤“―Z‘ξ,‚q‚b,4F,,’†’α‘w‚Μ‹¤“―Z‘ξ‚ª‘½‚­©‚η‚κ‚ιZ‘ξ’nζ,‹ζ“Ή,–k,5.3,,,,ƒKƒX,…“Ή,‰Ί…“Ή,•ϋ“μ’¬,,270 ,‚P’†κ,€–h,60 ,200 ,,,,,,,,,,
Z,13115 ,8 ,™•ΐ,0 ,37 ,™•ΐ‹ζ,γ‚δΛ‚P’–Ϊ‚X‚P”Τ‚P‚Q,γ‚δΛ‚P|‚S|‚Q‚R,"685,000 ","637,000 ",7.5 ,99 ,,1,1.2,Z‘ξ,‚v,2F,,κ”ΚZ‘ξ‚Μ‚Ω‚©ƒAƒp[ƒg“™‚ΰ©‚η‚κ‚ιZ‘ξ’nζ,‹ζ“Ή,“,4,,,,ƒKƒX,…“Ή,‰Ί…“Ή,”ª”¦R,,290 ,‚Q’†κ,€–h,60 ,200 ,,,,,,,,,,
Z,13115 ,8 ,™•ΐ,0 ,38 ,™•ΐ‹ζ,“Vΐ‚R’–Ϊ‚P‚W‚U”Τ‚P‚T,“Vΐ‚R|‚Q‚O|‚Q‚P,"708,000 ","654,000 ",8.3 ,163 ,,1,1,‹¤“―Z‘ξ,‚v,2F,,’†‹K–Νκ”ΚZ‘ξAƒAƒp[ƒg“™‚ª‚Ώ•ΐ‚ΤZ‘ξ’nζ,‹ζ“Ή,“,3.6,,,,ƒKƒX,…“Ή,‰Ί…“Ή,‰¬E,,650 ,‚P’†κ,€–h,60 ,200 ,,,,,,,,,,
Z,13115 ,8 ,™•ΐ,0 ,39 ,™•ΐ‹ζ,Ά²’J–k‚P’–Ϊ‚S‚T‚S”Τ‚P‚R,Ά²’J–k‚P|‚Q‚P|‚P‚O,"729,000 ","668,000 ",9.1 ,132 ,‘δ`,1.2,1,Z‘ξ,‚q‚b,2F,,’†¬‹K–Νκ”ΚZ‘ξAƒAƒp[ƒg“™‚ª‘½‚ΆZ‘ξ’nζ,„“Ή,Ό,3.4,,,,ƒKƒX,…“Ή,‰Ί…“Ή,Ά²ƒP’J,,400 ,‚P’ακ,€–h,60 ,150 ,,,,,,,,,,
Z,13115 ,8 ,™•ΐ,0 ,40 ,™•ΐ‹ζ,‚δΛ“‚R’–Ϊ‚P‚X‚W‚X”Τ‚S‚S,‚δΛ“‚R|‚P‚U|‚P‚R,"695,000 ","645,000 ",7.8 ,84 ,,1,2,Z‘ξ,‚v,2F,,¬‹K–Νκ”ΚZ‘ξAƒAƒp[ƒg“™‚ª‚Ώ•ΐ‚ΤZ‘ξ’nζ,‹ζ“Ή,–kΌ,4,,,,ƒKƒX,…“Ή,‰Ί…“Ή,•l“cR,,700 ,‚P’ακ,€–h,50 ,100 ,,,,,,,,,,
Z,13115 ,8 ,™•ΐ,0 ,41 ,™•ΐ‹ζ,Ά²’J“μ‚R’–Ϊ‚T‚W‚T”Τ‚V,Ά²’J“μ‚R|‚S‚O|‚Q‚R,"734,000 ","674,000 ",8.9 ,214 ,,1,1.2,‹¤“―Z‘ξ,‚v,2F,,’†‹K–Νκ”ΚZ‘ξAƒAƒp[ƒg“™‚ª‘½‚ΆZ‘ξ’nζ,‹ζ“Ή,“,4,,,,ƒKƒX,…“Ή,‰Ί…“Ή,Ά²ƒP’J,,460 ,‚P’†κ,€–h,60 ,200 ,,,,,,,,,,
Z,13115 ,8 ,™•ΐ,0 ,42 ,™•ΐ‹ζ,Ό‰¬–k‚Q’–Ϊ‚Q‚R”Τ‚P‚P,Ό‰¬–k‚Q|‚Q‚P|‚P,"795,000 ","730,000 ",8.9 ,100 ,,1,1.5,Z‘ξ,‚k‚r,2F,,’†¬‹K–Ν‚ΜZ‘ξ‚ª‚Ώ•ΐ‚Τ—•Φ«‚Μ—Η‚ΆZ‘ξ’nζ,‹ζ“Ή,“μ,4.5,,,,ƒKƒX,…“Ή,‰Ί…“Ή,Ό‰¬E,,520 ,‚P’ακ,€–h,50 ,100 ,,,,,*,13115,0 ,18 ,"768,000 ",3.5 
Z,13115 ,8 ,™•ΐ,0 ,43 ,™•ΐ‹ζ,a“c‚R’–Ϊ‚X‚Q”Τ‚T‚T,a“c‚R|‚R‚U|‚R,"724,000 ","667,000 ",8.5 ,214 ,,1,1.5,Z‘ξ,‚q‚b,2F,,’†‹K–Νκ”ΚZ‘ξAƒ}ƒ“ƒVƒ‡ƒ““™‚ª‘½‚ΆZ‘ξ’nζ,‹ζ“Ή,“μ,5.3,,,,ƒKƒX,…“Ή,‰Ί…“Ή,“‚‰~›,,390 ,‚P’†κ,–h‰Ξ,60 ,200 ,,,,,,,,,,
Z,13115 ,8 ,™•ΐ,0 ,44 ,™•ΐ‹ζ,‹v‰δR‚P’–Ϊ‚U‚W‚W”Τ‚Q‚R,‹v‰δR‚P|‚P‚Q|‚Q,"566,000 ","527,000 ",7.4 ,110 ,,1,1.2,Z‘ξ,‚v,2F,,¬‹K–Νκ”ΚZ‘ξAƒAƒp[ƒg“™‚ª‚Ώ•ΐ‚ΤZ‘ξ’nζ,„“Ή,“μ“,4,,,,ƒKƒX,…“Ή,‰Ί…“Ή,‹v‰δR,,870 ,‚P’ακ,€–h,50 ,100 ,,,,,,,,,,
Z,13115 ,8 ,™•ΐ,0 ,45 ,™•ΐ‹ζ,‰Ί‚δΛ‚P’–Ϊ‚P‚W‚O”Τ‚U,‰Ί‚δΛ‚P|‚R‚S|‚T,"644,000 ","594,000 ",8.4 ,214 ,,1.5,1,‹¤“―Z‘ξ,‚k‚r,2F,,κ”ΚZ‘ξAƒAƒp[ƒg“™‚ª‚Ώ•ΐ‚ΤZ‘ξ’nζ,„“Ή,Ό,4,,,,ƒKƒX,…“Ή,‰Ί…“Ή,χγ…,,540 ,‚PZ‹,€–h,60 ,200 ,,,,,,,,,,
Z,13115 ,8 ,™•ΐ,0 ,46 ,™•ΐ‹ζ,Ά²’J–k‚U’–Ϊ‚P‚T‚S”Τ‚X,Ά²’J–k‚U|‚Q‚V|‚P‚Q,"589,000 ","555,000 ",6.1 ,138 ,,1.2,1,Z‘ξ,‚v,2F,,’†¬‹K–Νκ”ΚZ‘ξ‚ª‘½‚ΆZ‘ξ’nζ,‹ζ“Ή,Ό,4.6,,,,ƒKƒX,…“Ή,‰Ί…“Ή,λƒm‹{,,850 ,‚P’ακ,€–h,50 ,100 ,,,,,,,,,,
Z,13115 ,8 ,™•ΐ,0 ,47 ,™•ΐ‹ζ,•ϋ“μ‚P’–Ϊ‚W‚U”Τ‚S‚X,•ϋ“μ‚P|‚R‚S|‚P‚T,"698,000 ","643,000 ",8.6 ,86 ,,1,2.5,Z‘ξ,‚v,3F,,¬‹K–Νκ”ΚZ‘ξAƒAƒp[ƒg“™‚ª‚Ώ•ΐ‚ΤZ‘ξ’nζ,‹ζ“Ή,–k“,5.4,,,,ƒKƒX,…“Ή,‰Ί…“Ή,ωϊ,,950 ,‚P’†κ,€–h,60 ,200 ,,,,,,,,,,
Z,13115 ,8 ,™•ΐ,0 ,48 ,™•ΐ‹ζ,‚δΛΌ‚R’–Ϊ‚Q‚P‚Q‚Q”Τ‚P‚V,‚δΛΌ‚R|‚X|‚P‚Q,"615,000 ","573,000 ",7.3 ,189 ,,1.2,1,Z‘ξ,‚v,2F,,’†‹K–Νκ”ΚZ‘ξ‚ª‘½‚­©‚η‚κ‚ιZ‘ξ’nζ,‹ζ“Ή,“,4,,,,ƒKƒX,…“Ή,‰Ί…“Ή,‚δΛ,,860 ,‚P’ακ,€–h,50 ,100 ,,,,,,,,,,
Z,13115 ,8 ,™•ΐ,0 ,49 ,™•ΐ‹ζ,‘P•›‚R’–Ϊ‚P‚Q‚U”Τ‚R,‘P•›‚R|‚P‚S|‚P‚S,"605,000 ","569,000 ",6.3 ,152 ,,1.2,1,Z‘ξ,‚v,3F,,’†¬‹K–ΝZ‘ξAƒAƒp[ƒg“™‚ª‚Ώ•ΐ‚ΤZ‘ξ’nζ,‹ζ“Ή,–k“,5.4,,,,ƒKƒX,…“Ή,‰Ί…“Ή,γΞ_δ,,"1,200 ",‚P’ακ,€–h,40 ,80 ,,,,,,,,,,
Z,13115 ,8 ,™•ΐ,0 ,50 ,™•ΐ‹ζ,Ό‰¬–k‚R’–Ϊ‚Q‚P”Τ‚P‚U,Ό‰¬–k‚R|‚P‚S|‚W,"828,000 ","765,000 ",8.2 ,189 ,,1,1.2,Z‘ξ,‚v,2F,,’†‹K–Νκ”ΚZ‘ξAƒAƒp[ƒg“™‚ª‚Ώ•ΐ‚ΤZ‘ξ’nζ,‹ζ“Ή,–kΌ,4.5,,,,ƒKƒX,…“Ή,‰Ί…“Ή,Ό‰¬E,,330 ,‚P’ακ,€–h,60 ,150 ,,,,,,,,,,
Z,13115 ,8 ,™•ΐ,0 ,51 ,™•ΐ‹ζ,‚δΛ“‚S’–Ϊ‚P‚O‚T‚S”Τ‚P‚P‚P,‚δΛ“‚S|‚Q‚U|‚P‚S,"627,000 ","585,000 ",7.2 ,139 ,,1,1.2,Z‘ξ,‚v,2F,,κ”ΚZ‘ξ‚Μ’†‚ΙƒAƒp[ƒg‚ΰ©‚η‚κ‚ιZ‘ξ’nζ,‹ζ“Ή,“μ“,4,,,,ƒKƒX,…“Ή,‰Ί…“Ή,•l“cR,,870 ,‚P’ακ,€–h,50 ,100 ,,,,,*,13115,0 ,14 ,"615,000 ",2.0 
,13115 ,8 ,™•ΐ,0 ,52 ,™•ΐ‹ζ,‚δΛΌ‚P’–Ϊ‚W‚P‚P”Τ‚Q‚T,‚δΛΌ‚P|‚Q‚U|‚X,"690,000 ",,,121 ,,1,1,Z‘ξ,‚k‚r,2F,,’†¬‹K–Ν‚Μκ”ΚZ‘ξ‚ª‚Ώ•ΐ‚ΤZ‘ξ’nζ,„“Ή,–k,6,,,,ƒKƒX,…“Ή,‰Ί…“Ή,‚δΛ,,450 ,‚P’ακ,€–h,40 ,80 ,,,,,,,,,,
Z,13115 ,8 ,™•ΐ,0 ,53 ,™•ΐ‹ζ,δ‘‚P’–Ϊ‚P‚U‚X”Τ‚PO,δ‘‚P|‚P‚X|‚Q‚S,"506,000 ","474,000 ",6.8 ,231 ,,1,2,‹¤“―Z‘ξ,‚v,2F,,’†¬‹K–Νκ”ΚZ‘ξAƒAƒp[ƒg‚ª‚Ώ•ΐ‚ΤZ‘ξ’nζ,‹ζ“Ή,–k,5.5,,,,ƒKƒX,…“Ή,‰Ί…“Ή,‰Ίδ‘,,360 ,‚P’ακ,€–h,50 ,100 ,,,,,,,,,,
Z,13115 ,8 ,™•ΐ,0 ,54 ,™•ΐ‹ζ,Ά²’J–k‚Q’–Ϊ‚S‚X‚R”Τ‚P‚S,Ά²’J–k‚Q|‚R‚S|‚P‚T,"802,000 ","736,000 ",9.0 ,123 ,,1,2,Z‘ξ,‚q‚b,3F,,κ”ΚZ‘ξ‚βƒAƒp[ƒg“™‚ª‚Ώ•ΐ‚ΤZ‘ξ’nζ,„“Ή,–k,4,,,,ƒKƒX,…“Ή,‰Ί…“Ή,Ά²ƒP’J,,460 ,‚P’†κ,€–h,60 ,200 ,,,,,,,,,,
Z,13115 ,8 ,™•ΐ,0 ,55 ,™•ΐ‹ζ,¬“cΌ‚R’–Ϊ‚W‚V‚U”Τ‚P,¬“cΌ‚R|‚P‚O|‚Q‚W|‚P,"573,000 ","528,000 ",8.5 ,158 ,,1,1.5,Z‘ξ,‚v,2F,,’†¬‹K–Ν‚Μκ”ΚZ‘ξ‚ª‚Ώ•ΐ‚ΤZ‘ξ’nζ,‹ζ“Ή,“,5.4,,‘¤“Ή,“μ,ƒKƒX,…“Ή,‰Ί…“Ή,“μΆ²ƒP’J,,"1,100 ",‚P’ακ,€–h,40 ,80 ,,,,,,,,,,
Z,13115 ,8 ,™•ΐ,0 ,56 ,™•ΐ‹ζ,δ‘‚T’–Ϊ‚P‚P‚U”Τ‚P‚R,δ‘‚T|‚P‚Q|‚P‚S,"497,000 ","467,000 ",6.4 ,132 ,,1,2,Z‘ξ,‚v,2F,,κ”ΚZ‘ξAƒAƒp[ƒg“™‚ª‘½‚ΆZ‘ξ’nζ,‹ζ“Ή,–k,5.4,,,,ƒKƒX,…“Ή,‰Ί…“Ή,γδ‘,,510 ,‚P’ακ,€–h,50 ,100 ,,,,,,,,,,
Z,13115 ,8 ,™•ΐ,0 ,57 ,™•ΐ‹ζ,•l“cR‚S’–Ϊ‚P‚O‚R‚U”Τ‚P,•l“cR‚S|‚P‚T|‚Q‚R,"750,000 ","694,000 ",8.1 ,198 ,,1,2,Z‘ξ,‚v,2F,1B,’†‹K–ΝΛZ‘ξA‹¤“―Z‘ξ“™‚ª‚Ώ•ΐ‚ΤZ‘ξ’nζ,‹ζ“Ή,“,5,,,,ƒKƒX,…“Ή,‰Ί…“Ή,•l“cR,,450 ,‚P’ακ,€–h,50 ,100 ,,,,,,,,,,
Z,13115 ,8 ,™•ΐ,0 ,58 ,™•ΐ‹ζ,¬“c“‚S’–Ϊ‚Q‚R‚Q”Τ‚W,¬“c“‚S|‚U|‚V,"773,000 ","715,000 ",8.1 ,106 ,,1.2,1,Z‘ξ,‚v,2F,,’†¬‹K–Νκ”ΚZ‘ξAƒAƒp[ƒg“™‚ª‘½‚ΆZ‘ξ’nζ,‹ζ“Ή,–kΌ,4.5,,,,ƒKƒX,…“Ή,‰Ί…“Ή,“μΆ²ƒP’J,,470 ,‚P’ακ,€–h,50 ,100 ,,,,,,,,,,
Z,13115 ,8 ,™•ΐ,0 ,59 ,™•ΐ‹ζ,γ‚δΛ‚P’–Ϊ‚R‚R‚S”Τ‚P‚O,γ‚δΛ‚P|‚R‚Q|‚T‚O,"578,000 ","538,000 ",7.4 ,115 ,‘δ`,1,1.5,Z‘ξ,‚v,2F,,’†‹K–Νκ”ΚZ‘ξ‚π’†S‚Ι‹σ’n‚ΰ©‚η‚κ‚ιZ‘ξ’nζ,‹ζ“Ή,–k“,6.3,,,,ƒKƒX,…“Ή,‰Ί…“Ή,°‰Τφ‰€,,760 ,‚P’ακ,€–h,40 ,80 ,,,,,,,,,,
Z,13115 ,8 ,™•ΐ,0 ,60 ,™•ΐ‹ζ,–xƒm“ΰ‚P’–Ϊ‚S‚P‚Q”Τ‚R‚PO,–xƒm“ΰ‚P|‚Q‚V|‚T,"564,000 ","526,000 ",7.2 ,230 ,,1,1.5,Z‘ξ,‚v,2F,,κ”ΚZ‘ξ‚Μ‚Ω‚©ƒAƒp[ƒg“™‚ΰ©‚η‚κ‚ιZ‘ξ’nζ,„“Ή,“,4,,,,ƒKƒX,…“Ή,‰Ί…“Ή,•ϋ“μ’¬,,"1,100 ",‚P’ακ,€–h,40 ,80 ,,,,,,,,,,
Z,13115 ,8 ,™•ΐ,0 ,61 ,™•ΐ‹ζ,‚‰~›–k‚R’–Ϊ‚P‚O‚P‚Q”Τ‚Q‚O,‚‰~›–k‚R|‚Q‚U|‚P‚S,"702,000 ","642,000 ",9.3 ,164 ,,1,1.5,Z‘ξ,‚v,2F,1B,¬‹K–Νκ”ΚZ‘ξAƒAƒp[ƒg“™‚ª‚Ώ•ΐ‚ΤZ‘ξ’nζ,‹ζ“Ή,–k,3.6,,,,ƒKƒX,…“Ή,‰Ί…“Ή,‚‰~›,,440 ,‚P’ακ,€–h,60 ,150 ,,,,,,,,,,
,13115 ,8 ,™•ΐ,0 ,62 ,™•ΐ‹ζ,–{“Vΐ‚R’–Ϊ‚U‚O‚O”Τ‚P,–{“Vΐ‚R|‚P‚R|‚P‚W,"662,000 ",,,196 ,,1,1.5,Z‘ξ,‚v,2F,,’†‹K–Νκ”ΚZ‘ξ‚β‹¤“―Z‘ξ‚ª©‚η‚κ‚ιZ‘ξ’nζ,‹ζ“Ή,“μ“,5,,,,ƒKƒX,…“Ή,‰Ί…“Ή,‰¬E,,"1,100 ",‚P’ακ,€–h,50 ,100 ,,,,,,,,,,
Z,13115 ,8 ,™•ΐ,0 ,63 ,™•ΐ‹ζ,ΌΑ‚Q’–Ϊ‚T‚Q”Τ‚P‚Q,ΌΑ‚Q|‚P‚S|‚P‚O,"747,000 ","686,000 ",8.9 ,330 ,,1,1,Z‘ξ,‚v,2F,,’†‹K–Νκ”ΚZ‘ξ‚ª‘½‚ΆΥΓ‚ΘZ‘ξ’nζ,‹ζ“Ή,–kΌ,6.3,,,,ƒKƒX,…“Ή,‰Ί…“Ή,Ό‰¬E,,830 ,‚P’ακ,€–h,50 ,100 ,,,,,,,,,,
Z,13115 ,8 ,™•ΐ,5 ,1 ,™•ΐ‹ζ,γ‰¬‚P’–Ϊ‚V”Τ‚SO,γ‰¬‚P|‚W|‚X,"4,980,000 ","4,170,000 ",19.4 ,95 ,•s®`,1,1.2,“X•ά,‚r,8F,,’†‚‘w‚Μ“X•άƒrƒ‹‚ª‚Ώ•ΐ‚Τ‰w‘O‚Μ¤‹Ζ’nζ,“ΉH,“μ“,0,‰w‘OLκ,‘¤“Ή,–k“,ƒKƒX,…“Ή,‰Ί…“Ή,‰¬E,‰w‘OLκΪ–Κ,0 ,¤‹Ζ,–h‰Ξ,80 ,600 ,,,,,,,,,,
Z,13115 ,8 ,™•ΐ,5 ,2 ,™•ΐ‹ζ,•ϋ“μ‚Q’–Ϊ‚T‚Q‚T”Τ‚R,•ϋ“μ‚Q|‚Q‚P|‚R,"1,280,000 ","1,090,000 ",17.4 ,232 ,,1,1.2,“X•ά“‹¤“―Z‘ξ,‚q‚b,5F,,’†‘w“X•άA“X•ά“‹¤“―Z‘ξ‚ª‚Ώ•ΐ‚Τ¤‹Ζ’nζ,“s“Ή,“μ,15,,,,ƒKƒX,…“Ή,‰Ί…“Ή,•ϋ“μ’¬,,90 ,¤‹Ζ,–h‰Ξ,80 ,400 ,,,,,,,,,,
Z,13115 ,8 ,™•ΐ,5 ,3 ,™•ΐ‹ζ,‰¬E‚T’–Ϊ‚P‚Q‚U”Τ‚R,‰¬E‚T|‚Q‚V|‚V,"2,940,000 ","2,460,000 ",19.5 ,87 ,‘δ`,1,2.5,“X•ά,‚q‚b,4F,1B,’†‚‘w‚Μ“X•άA––±‚ª‚Ώ•ΐ‚Τ‰w‘O‚Μ¤‹Ζ’nζ,‹ζ“Ή,–k,16.6,,,,ƒKƒX,…“Ή,‰Ί…“Ή,‰¬E,,90 ,¤‹Ζ,–h‰Ξ,80 ,600 ,,,,,,,,,,
Z,13115 ,8 ,™•ΐ,5 ,4 ,™•ΐ‹ζ,Ά²’J“μ‚R’–Ϊ‚V‚V‚S”Τ‚R,Ά²’J“μ‚R|‚R‚V|‚P‚S,"3,140,000 ","2,630,000 ",19.4 ,109 ,,1.5,1,“X•άA––±“‹¤“―Z‘ξ“™,‚r‚q‚b,8F,,’†‚‘w¤‹Ζƒrƒ‹‚ª‚Ώ•ΐ‚Τ‰w‘O‚Μ¤‹Ζ’nζ,“ΉH,“,0,‰w‘OLκ,,,ƒKƒX,…“Ή,‰Ί…“Ή,Ά²ƒP’J,‰w‘OLκΪ–Κ,0 ,¤‹Ζ,–h‰Ξ,80 ,600 ,,,,,*,13115,5 ,11 ,"2,810,000 ",11.7 
Z,13115 ,8 ,™•ΐ,5 ,5 ,™•ΐ‹ζ,‚‰~›“μ‚Q’–Ϊ‚Q‚Q‚O”Τ‚P‚VO,‚‰~›“μ‚Q|‚Q‚O|‚P‚P,"1,080,000 ","920,000 ",17.4 ,143 ,‘δ`,1,2,“X•ά“‹¤“―Z‘ξ,‚r,4F,1B,¬‹K–Ν‚Θ¬”„“X•ά‚ª‚Ώ•ΐ‚Τ‹ί—Χ¤‹Ζ’nζ,‹ζ“Ή,Ό,5.5,,,,ƒKƒX,…“Ή,‰Ί…“Ή,V‚‰~›,,150 ,‹ί¤,€–h,80 ,300 ,,,,,,,,,,
Z,13115 ,8 ,™•ΐ,5 ,6 ,™•ΐ‹ζ,‰i•‚S’–Ϊ‚S‚V”Τ‚Q‚T,‰i•‚S|‚P|‚S,"1,580,000 ","1,340,000 ",17.9 ,187 ,,1,1.5,“X•ά––±,‚r,3F,1B,¬‹K–Ν‚Θ¬”„“X•ά“™‚ª‚Ώ•ΐ‚Τ‹ί—Χ¤‹Ζ’nζ,“s“Ή,“μΌ,19.1,,,,ƒKƒX,…“Ή,‰Ί…“Ή,‰i•’¬,,90 ,‹ί¤,–h‰Ξ,80 ,300 ,,,,,,,,,,
Z,13115 ,8 ,™•ΐ,5 ,7 ,™•ΐ‹ζ,Ό‰¬–k‚Q’–Ϊ‚P‚O‚X”Τ‚R,Ό‰¬–k‚Q|‚R|‚X,"1,980,000 ","1,640,000 ",20.7 ,100 ,,1,3,––±A“X•ά“‹¤“―Z‘ξ,‚q‚b,7F,1B,¬”„“X•άA‹βs“™‚ª‚Ώ•ΐ‚Τ‰w‘O‚Μ¤‹Ζ’nζ,‹ζ“Ή,Ό,11,,,,ƒKƒX,…“Ή,‰Ί…“Ή,Ό‰¬E,,140 ,¤‹Ζ,–h‰Ξ,80 ,500 ,,,,,,,,,,
Z,13115 ,8 ,™•ΐ,5 ,8 ,™•ΐ‹ζ,¬“c“‚T’–Ϊ‚R‚P”Τ‚PO,¬“c“‚T|‚R‚S|‚P‚U,"1,360,000 ","1,150,000 ",18.3 ,192 ,,1,1.2,––±“‹¤“―Z‘ξ,‚r‚q‚b,7F,,’†‚‘w‚Μ––±“‹¤“―Z‘ξ“™‚ª‚Ώ•ΐ‚Τ¤‹Ζ’nζ,“s“Ή,–k“,25,,,,ƒKƒX,…“Ή,‰Ί…“Ή,“μΆ²ƒP’J,,360 ,¤‹Ζ,–h‰Ξ,80 ,400 ,,,,,*,13115,5 ,2 ,"1,220,000 ",11.5 
Z,13115 ,8 ,™•ΐ,5 ,9 ,™•ΐ‹ζ,‰i•‚R’–Ϊ‚Q‚R‚U”Τ‚V,‰i•‚R|‚R‚T|‚V,"1,090,000 ","933,000 ",16.8 ,109 ,,1,3,“X•ά,‚r,2F,,¬‹K–Ν‚Θ¬”„“X•ά‚ª‚Ώ•ΐ‚Τ‰w‘O‚Μ¤‹Ζ’nζ,‹ζ“Ή,–k“,11,,,,ƒKƒX,…“Ή,‰Ί…“Ή,Ό‰i•,‹ίΪ,0 ,‹ί¤,€–h,80 ,300 ,,,,,,,,,,
Z,13115 ,8 ,™•ΐ,5 ,10 ,™•ΐ‹ζ,‰Ίδ‘‚Q’–Ϊ‚Q‚R‚T”Τ‚RO,‰Ίδ‘‚Q|‚S‚O|‚P‚S,"883,000 ","795,000 ",11.1 ,160 ,,1,1.5,“X•ά,‚q‚b,4F,,’†‘w¬”„“X•ά‚ª‚Ώ•ΐ‚Τ‰w‘O‚Μ¤‹Ζ’nζ,‹ζ“Ή,–k,7.2,,,,ƒKƒX,…“Ή,‰Ί…“Ή,‰Ίδ‘,,60 ,‹ί¤,€–h,80 ,300 ,,,,,,,,,,
Z,13115 ,8 ,™•ΐ,5 ,11 ,™•ΐ‹ζ,Ά²’J–k‚S’–Ϊ‚Q‚S‚O”Τ‚R,Ά²’J–k‚S|‚U|‚Q‚X,"1,270,000 ","1,070,000 ",18.7 ,134 ,,2,1,“X•ά“‹¤“―Z‘ξ,‚q‚b,3F,,¬‹K–Ν‚Μ“X•άAƒ}ƒ“ƒVƒ‡ƒ“‚ª‘½‚Ά¤‹Ζ’nζ,“s“Ή,“,20,,,,ƒKƒX,…“Ή,‰Ί…“Ή,Ά²ƒP’J,,650 ,‹ί¤,–h‰Ξ,80 ,400 ,,,,,,,,,,
Z,13115 ,8 ,™•ΐ,5 ,12 ,™•ΐ‹ζ,¬“c“‚R’–Ϊ‚P‚R‚V”Τ‚Q‚V,¬“c“‚R|‚U|‚S,"907,000 ","776,000 ",16.9 ,136 ,,1,1.5,“X•ά“Z‘ξ,‚v,2F,,¬‹K–Ν‚Θ¬”„“X•ά‚Μ‚Ώ•ΐ‚ΤX“Ή‰‚Ά‚Μ¤‹Ζ’nζ,“s“Ή,“μ“,15,,,,ƒKƒX,…“Ή,‰Ί…“Ή,V‚‰~›,,"1,100 ",‹ί¤,€–h,80 ,300 ,,,,,,,,,,
Z,13115 ,8 ,™•ΐ,5 ,13 ,™•ΐ‹ζ,‚δΛΌ‚P’–Ϊ‚V‚O‚P”Τ‚UO,‚δΛΌ‚P|‚Q‚V|‚Q‚P,"1,080,000 ","923,000 ",17.0 ,214 ,,1,1.5,γ‰@,‚q‚b,3F,,“X•άA––±Aƒ}ƒ“ƒVƒ‡ƒ““™‚ª‚Ώ•ΐ‚Τ¤‹Ζ’nζ,“s“Ή,“,25,,,,ƒKƒX,…“Ή,‰Ί…“Ή,‚δΛ,,130 ,‹ί¤,–h‰Ξ,80 ,300 ,,,,,,,,,,
Z,13115 ,8 ,™•ΐ,5 ,14 ,™•ΐ‹ζ,‚‰~›“μ‚S’–Ϊ‚Q‚R”Τ‚RO,‚‰~›“μ‚S|‚Q‚R|‚S,"2,010,000 ","1,680,000 ",19.6 ,178 ,,1,2,“X•ά“‹¤“―Z‘ξ,‚r‚q‚b,12F,1B,’†‚‘w¤‹Ζƒrƒ‹Aƒ}ƒ“ƒVƒ‡ƒ“‚ª‘½‚Ά‰w‘O¤‹Ζ’nζ,‹ζ“Ή,Ό,18,,,,ƒKƒX,…“Ή,‰Ί…“Ή,‚‰~›,,190 ,¤‹Ζ,–h‰Ξ,80 ,500 ,,,,,,,,,,
Z,13115 ,8 ,™•ΐ,5 ,15 ,™•ΐ‹ζ,‚δΛΌ‚Q’–Ϊ‚Q‚P‚S‚O”Τ‚TO,‚δΛΌ‚Q|‚P‚O|‚X,"1,000,000 ","852,000 ",17.4 ,127 ,,1,2.5,“X•ά“‹¤“―Z‘ξ,‚q‚b,4F,,¬‹K–Ν‚Θ¬”„“X•ά‚ª‚Ώ•ΐ‚Τ‹ί—Χ¤‹Ζ’nζ,‹ζ“Ή,Ό,6.3,,,,ƒKƒX,…“Ή,‰Ί…“Ή,•xm©ƒ–‹u,,100 ,‹ί¤,€–h,80 ,300 ,,,,,,,,,,
Z,13115 ,8 ,™•ΐ,5 ,16 ,™•ΐ‹ζ,‰Ί‚δΛ‚P’–Ϊ‚R”Τ‚R,‰Ί‚δΛ‚P|‚P|‚U,"980,000 ","834,000 ",17.5 ,244 ,‘δ`,1,1.5,“X•άA––±“‹¤“―Z‘ξ“™,‚q‚b,5F,,’†¬‹K–Ν‚Μ“X•ά“‹¤“―Z‘ξ‚ª‘½‚Ά‰w‘O‚Μ¤‹Ζ’nζ,‹ζ“Ή,Ό,3.6,,,,ƒKƒX,…“Ή,‰Ί…“Ή,‰Ί‚δΛ,,100 ,¤‹Ζ,–h‰Ξ,80 ,400 ,,,,,,,,,,
Z,13115 ,8 ,™•ΐ,5 ,17 ,™•ΐ‹ζ,aς‚S’–Ϊ‚Q‚T‚U”Τ‚U,aς‚S|‚S‚O|‚R‚R,"1,090,000 ","920,000 ",18.5 ,204 ,,1,1.5,––±“‹¤“―Z‘ξ,‚q‚b,5F,,“X•άA––±“‹¤“―Z‘ξ‚ª‚Ώ•ΐ‚ΤHό¤‹Ζ’nζ,“s“Ή,“,25,,,,ƒKƒX,…“Ή,‰Ί…“Ή,•ϋ“μ’¬,,390 ,‹ί¤,–h‰Ξ,80 ,400 ,,,,,,,,,,
Z,13115 ,8 ,™•ΐ,5 ,18 ,™•ΐ‹ζ,Ά²’J–k‚P’–Ϊ‚W‚O‚W”Τ‚P‚V,Ά²’J–k‚P|‚S|‚W,"1,260,000 ","1,070,000 ",17.8 ,100 ,‘δ`,1,2,“X•ά“Z‘ξ,‚r,4F,,“X•ά“Z‘ξ“™‚ª‚Ώ•ΐ‚Τ‹ί—Χ¤‹Ζ’nζ,‹ζ“Ή,“μ,4.5,,,,ƒKƒX,…“Ή,‰Ί…“Ή,Ά²ƒP’J,,140 ,¤‹Ζ,–h‰Ξ,80 ,500 ,,,,,,,,,,
Z,13115 ,8 ,™•ΐ,5 ,19 ,™•ΐ‹ζ,‘P•›‚P’–Ϊ‚T”ΤO,‘P•›‚P|‚P‚T|‚Q‚Q,"1,040,000 ","896,000 ",16.1 ,819 ,‘δ`,1.2,1,“X•ά“‹¤“―Z‘ξ,‚r‚q‚b,10F,1B,‚‘w“X•ά“‹¤“―Z‘ξA‰c‹Ζ‚ª‘½‚ΆHό¤‹Ζ’nζ,“s“Ή,–k“,25,,,,ƒKƒX,…“Ή,‰Ί…“Ή,Ό‰¬E,,"1,100 ",‹ί¤,–h‰Ξ,80 ,300 ,,,,,,,,,,
Z,13115 ,8 ,™•ΐ,5 ,20 ,™•ΐ‹ζ,‰¬E‚T’–Ϊ‚U‚R”Τ‚R,‰¬E‚T|‚S|‚W,"1,090,000 ","926,000 ",17.7 ,93 ,,1,2,“X•ά“‹¤“―Z‘ξ,‚q‚b,4F,,“X•άA––±Aƒ}ƒ“ƒVƒ‡ƒ““™‚ª‚Ώ•ΐ‚Τ¤‹Ζ’nζ,‹ζ“Ή,“μ“,7.4,,,,ƒKƒX,…“Ή,‰Ί…“Ή,‰¬E,,600 ,‹ί¤,–h‰Ξ,80 ,400 ,,,,,,,,,,
Z,13115 ,8 ,™•ΐ,5 ,21 ,™•ΐ‹ζ,‰Ί‚δΛ‚R’–Ϊ‚Q‚S‚Q”Τ‚P,‰Ί‚δΛ‚R|‚R|‚U,"1,100,000 ","934,000 ",17.8 ,182 ,,1,2,•Ϋη‰€“‹¤“―Z‘ξ,‚q‚b,5F,,¬”„“X•άAƒ}ƒ“ƒVƒ‡ƒ““™‚ª‚Ώ•ΐ‚ΤHό¤‹Ζ’nζ,‘“Ή,“μ,40,,,,ƒKƒX,…“Ή,‰Ί…“Ή,χγ…,,350 ,‹ί¤,–h‰Ξ,80 ,300 ,,,,,,,,,,
Z,13115 ,8 ,™•ΐ,5 ,22 ,™•ΐ‹ζ,•l“cR‚R’–Ϊ‚X‚R‚V”Τ‚Q‚X,•l“cR‚R|‚R‚S|‚Q,"1,200,000 ","1,020,000 ",17.6 ,133 ,,1,2.5,“X•ά“––±,‚q‚b,3F,1B,’†¬‹K–Ν‚Μ¬”„“X•ά‚ª‚Ώ•ΐ‚Τ‰w‘O‚Μ¤‹Ζ’nζ,‹ζ“Ή,“μΌ,7.5,,,,ƒKƒX,…“Ή,‰Ί…“Ή,•l“cR,‹ίΪ,0 ,‹ί¤,€–h,80 ,300 ,,,,,*,13115,5 ,10 ,"1,110,000 ",8.1 
Z,13115 ,8 ,™•ΐ,5 ,23 ,™•ΐ‹ζ,‹{‘O‚S’–Ϊ‚P‚Q‚O”Τ‚X,‹{‘O‚S|‚Q‚X|‚R,"846,000 ","760,000 ",11.3 ,220 ,,1,2,––±,‚q‚b,3F,,’†’α‘w‚Μ––±A‹¤“―Z‘ξ‚ª‘½‚Ά’nζ,“s“Ή,“μΌ,15,,,,ƒKƒX,…“Ή,‰Ί…“Ή,‹v‰δR,,"1,000 ",€Z‹,€–h,60 ,200 ,,,,,,,,,,
Z,13115 ,8 ,™•ΐ,5 ,24 ,™•ΐ‹ζ,‰¬E‚Q’–Ϊ‚Q‚S”Τ‚P‚UO,‰¬E‚Q|‚R‚Q|‚W,"1,210,000 ","1,030,000 ",17.5 ,238 ,‘δ`,1,1.2,––±,‚r,5F,,’†‚‘w“X•ά“‹¤“―Z‘ξ“™‚ª©‚η‚κ‚ιHό¤‹Ζ’nζ,“s“Ή,Ό,25,,,,ƒKƒX,…“Ή,‰Ί…“Ή,‰¬E,,790 ,‹ί¤,–h‰Ξ,80 ,300 ,,,,,,,,,,
Z,13116 ,8 ,–L“‡,0 ,1 ,–L“‡‹ζ,–Ϊ”’‚Q’–Ϊ‚P‚U‚S‚R”Τ‚V,–Ϊ”’‚Q|‚R‚U|‚P‚U,"1,200,000 ","1,070,000 ",12.1 ,125 ,,1,1.5,Z‘ξ,‚v,2F,,wZA––±‚ΰ¬έ‚·‚ιΪ‹ί«‚Μ—D‚κ‚½Z‘ξ’nζ,‹ζ“Ή,“μ“,4.5,,,,ƒKƒX,…“Ή,‰Ί…“Ή,–Ϊ”’,,200 ,‚PZ‹,€–h,60 ,300 ,,,,,,,,,,
Z,13116 ,8 ,–L“‡,0 ,2 ,–L“‡‹ζ,“μ’r‘ά‚Q’–Ϊ‚Q‚V”Τ‚R‚O,“μ’r‘ά‚Q|‚R‚X|‚X,"828,000 ","736,000 ",12.5 ,115 ,,1,1.5,‹¤“―Z‘ξ,‚v,3F,,’†¬‹K–Νκ”ΚZ‘ξAƒAƒp[ƒg‚ª‚Ώ•ΐ‚ΤZ‘ξ’nζ,„“Ή,“,4,,,,ƒKƒX,…“Ή,‰Ί…“Ή,“’r‘ά,,250 ,‚PZ‹,€–h,60 ,300 ,,,,,,,,,,
Z,13116 ,8 ,–L“‡,0 ,3 ,–L“‡‹ζ,“’r‘ά‚Q’–Ϊ‚P‚Q”Τ‚P‚P,“’r‘ά‚Q|‚P‚Q|‚X,"1,030,000 ","911,000 ",13.1 ,194 ,,1,1,Z‘ξ,‚r,2F,,Z‘ξA––±“™‚ª¬έ‚·‚ι‹ζ‰ζ®—Ο‚ΜZ‘ξ’nζ,‹ζ“Ή,–k“,6,,,,ƒKƒX,…“Ή,‰Ί…“Ή,‘ε’Λ,,380 ,‚PZ‹,–h‰Ξ,60 ,400 ,,,,,,,,,,
Z,13116 ,8 ,–L“‡,0 ,4 ,–L“‡‹ζ,–Ϊ”’‚S’–Ϊ‚S‚R”Τ‚V‚QO,–Ϊ”’‚S|‚P‚X|‚Q‚X,"1,260,000 ","1,120,000 ",12.5 ,214 ,,1,1.2,Z‘ξ,‚q‚b,3F,1B,’†‹K–Νκ”ΚZ‘ξ‚ª‘½‚­Β‹«‚Μ—Η‚ΆZ‘ξ’nζ,‹ζ“Ή,“,5.5,,,,ƒKƒX,…“Ή,‰Ί…“Ή,–Ϊ”’,,570 ,‚P’ακ,€–h,60 ,150 ,,,,,,,,,,
Z,13116 ,8 ,–L“‡,0 ,5 ,–L“‡‹ζ,“μ‘ε’Λ‚P’–Ϊ‚P‚T‚R‚Q”Τ‚Q‚O,“μ‘ε’Λ‚P|‚S|‚Q‚S,"1,000,000 ","899,000 ",11.2 ,404 ,,1,2,Z‘ξ,‚k‚r,2F,,‘ε’†‹K–Ν‚Μκ”ΚZ‘ξ‚ª‚Ώ•ΐ‚ΤΥΓ‚ΘZ‘ξ’nζ,‹ζ“Ή,–kΌ,5.5,,,,ƒKƒX,…“Ή,‰Ί…“Ή,V‘ε’Λ,,750 ,‚P’†κ,€–h,60 ,300 ,,,,,,,,,,
Z,13116 ,8 ,–L“‡,0 ,6 ,–L“‡‹ζ,η‘‚S’–Ϊ‚Q‚U”Τ‚R,η‘‚S|‚Q‚Q|‚P‚R,"725,000 ","650,000 ",11.5 ,135 ,,1,1.2,Z‘ξ,‚v,2F,,’†‹K–Νκ”ΚZ‘ξAƒAƒp[ƒg‚ª‘½‚ΆZ‘ξ’nζ,‹ζ“Ή,–k“,5.5,,,,ƒKƒX,…“Ή,‰Ί…“Ή,ημ,,410 ,‚P’†κ,€–h,60 ,200 ,,,,,,,,,,
Z,13116 ,8 ,–L“‡,0 ,7 ,–L“‡‹ζ,ημ‚P’–Ϊ‚P‚Q”Τ‚P‚S,ημ‚P|‚Q‚O|‚W,"895,000 ","805,000 ",11.2 ,187 ,,1,1.5,Z‘ξ,‚k‚r,3F,,’†‹K–Νκ”ΚZ‘ξAƒAƒp[ƒg“™‚ª¬έ‚·‚ιZ‘ξ’nζ,‹ζ“Ή,–k,7.2,,,,ƒKƒX,…“Ή,‰Ί…“Ή,ημ,,360 ,‚P’ακ,€–h,60 ,150 ,,,,,*,13116,0 ,4 ,"860,000 ",4.1 
Z,13116 ,8 ,–L“‡,0 ,8 ,–L“‡‹ζ,’r‘ά–{’¬‚S’–Ϊ‚Q‚P‚T”Τ‚R,’r‘ά–{’¬‚S|‚W|‚P‚P,"710,000 ","630,000 ",12.7 ,146 ,,1,3,Z‘ξ,‚k‚r,3F,,¬‹K–Νκ”ΚZ‘ξAƒAƒp[ƒg‚Μ‘½‚ΆZ‘ξ’nζ,‹ζ“Ή,–k,4.3,,,,ƒKƒX,…“Ή,‰Ί…“Ή,–k’r‘ά,,380 ,‚P’†κ,€–h,60 ,300 ,,,,,,,,,,
Z,13116 ,8 ,–L“‡,0 ,9 ,–L“‡‹ζ,Gi‚ª’J‚R’–Ϊ‚T‚S‚R”Τ‚R,Gi‚ª’J‚R|‚Q‚O|‚P‚O,"882,000 ","780,000 ",13.1 ,188 ,•s®`,1,1.5,‹¤“―Z‘ξ,‚q‚b,3F,,’†‹K–Νκ”ΚZ‘ξAƒAƒp[ƒg“™‚ª¬έ‚·‚ιZ‘ξ’nζ,‹ζ“Ή,–k“,5.5,,,,ƒKƒX,…“Ή,‰Ί…“Ή,Gi‚ª’J,,210 ,‚P’†κ,–h‰Ξ,60 ,300 ,,,,,,,,,,
Z,13116 ,8 ,–L“‡,0 ,10 ,–L“‡‹ζ,’r‘ά‚R’–Ϊ‚P‚U‚R‚W”Τ‚T,’r‘ά‚R|‚X|‚Q,"886,000 ","784,000 ",13.0 ,73 ,,1,2,Z‘ξ,‚v,3F,,κ”ΚZ‘ξAƒ}ƒ“ƒVƒ‡ƒ““™‚ª¬έ‚·‚ιZ‘ξ’nζ,‹ζ“Ή,“μ,4.2,,,,ƒKƒX,…“Ή,‰Ί…“Ή,—v’¬,,300 ,‚P’†κ,€–h,60 ,300 ,,,,,,,,,,
Z,13116 ,8 ,–L“‡,0 ,11 ,–L“‡‹ζ,–k‘ε’Λ‚P’–Ϊ‚Q‚U”Τ‚R,–k‘ε’Λ‚P|‚Q‚S|‚R,"993,000 ","883,000 ",12.5 ,138 ,,1,2,Z‘ξ,‚v,2F,,’†‹K–Νκ”ΚZ‘ξ‚ª‘½‚ΆΥΓ‚ΘZ‘ξ’nζ,‹ζ“Ή,“μ“,5,,,,ƒKƒX,…“Ή,‰Ί…“Ή,‘ε’Λ,,550 ,‚P’†κ,€–h,60 ,300 ,,,,,*,13116,0 ,8 ,"933,000 ",6.4 
Z,13116 ,8 ,–L“‡,0 ,12 ,–L“‡‹ζ,‚“c‚P’–Ϊ‚P‚U”Τ‚P‚Q,‚“c‚P|‚R|‚P‚P,"764,000 ","681,000 ",12.2 ,115 ,‘δ`,1,3,Z‘ξ“‹¤“―Z‘ξ,‚q‚b,3F,1B,Z‘ξAƒAƒp[ƒgAμ‹Ζ“™‚ª¬έ‚·‚ιZ‘ξ’nζ,„“Ή,“μ“,3.8,,,,ƒKƒX,…“Ή,‰Ί…“Ή,Gi‚ª’J,,"1,000 ",‚PZ‹,€–h,60 ,300 ,,,,,,,,,,
Z,13116 ,8 ,–L“‡,0 ,13 ,–L“‡‹ζ,‹ξ‚V’–Ϊ‚V‚X‚T”Τ‚P‚P,‹ξ‚V|‚P‚S|‚P‚T,"736,000 ","658,000 ",11.9 ,80 ,,1,1.2,Z‘ξ,‚v,3F,,¬‹K–ΝZ‘ξAƒAƒp[ƒg“™‚Μ‚Ώ•ΐ‚ΤZ‘ξ’nζ,‹ζ“Ή,“,4,,,,ƒKƒX,…“Ή,‰Ί…“Ή,‹ξ,,920 ,‚P’†κ,€–h,60 ,300 ,,,,,,,,,,
Z,13116 ,8 ,–L“‡,0 ,14 ,–L“‡‹ζ,Ό‘ƒ›‚P’–Ϊ‚V‚V‚O”Τ‚Q‚Q,Ό‘ƒ›‚P|‚R‚O|‚Q,"783,000 ","695,000 ",12.7 ,112 ,,1,2,Z‘ξ,‚v,2F,1B,κ”ΚZ‘ξ‚Μ‚Ω‚©‚ΙƒAƒp[ƒg“™‚ª¬έ‚·‚ιZ‘ξ’nζ,‹ζ“Ή,“μΌ,5.2,,,,ƒKƒX,…“Ή,‰Ί…“Ή,‘ε’Λ,,850 ,‚P’†κ,€–h,60 ,300 ,,,,,,,,,,
Z,13116 ,8 ,–L“‡,0 ,15 ,–L“‡‹ζ,“μ’·θ‚Q’–Ϊ‚Q‚O‚W‚O”Τ‚P‚R,“μ’·θ‚Q|‚V|‚P‚O,"756,000 ","680,000 ",11.2 ,132 ,,1,1.5,Z‘ξ,‚v,2F,,κ”ΚZ‘ξA‹¤“―Z‘ξ‚ª¬έ‚·‚ιZ‘ξ’nζ,‹ζ“Ή,–k“,4.3,,,,ƒKƒX,…“Ή,‰Ί…“Ή,’Ε–Ό’¬,,650 ,‚P’†κ,€–h,60 ,200 ,,,,,,,,,,
Z,13116 ,8 ,–L“‡,0 ,16 ,–L“‡‹ζ,Ό’r‘ά‚R’–Ϊ‚P‚R‚X‚O”Τ‚Q‚O,Ό’r‘ά‚R|‚V|‚T,"970,000 ","830,000 ",16.9 ,198 ,,1,1.2,Z‘ξ,‚q‚b,3F,,κ”ΚZ‘ξA’†’α‘w‹¤“―Z‘ξ“™‚ª‚Ώ•ΐ‚ΤZ‘ξ’nζ,‹ζ“Ή,“μ“,4.4,,,,ƒKƒX,…“Ή,‰Ί…“Ή,’r‘ά,,700 ,‚P’†κ,€–h,60 ,300 ,,,,,,,,,,
Z,13116 ,8 ,–L“‡,0 ,17 ,–L“‡‹ζ,Gi‚ª’J‚P’–Ϊ‚U‚S”Τ‚V,Gi‚ª’J‚P|‚Q‚T|‚V,"812,000 ","722,000 ",12.5 ,108 ,,1,1.2,‹¤“―Z‘ξ,‚q‚b,3F,,’†¬‹K–Ν‚ΜZ‘ξAƒAƒp[ƒg“™‚ª‚Ώ•ΐ‚ΤZ‘ξ’nζ,‹ζ“Ή,–kΌ,4,,,,ƒKƒX,…“Ή,‰Ί…“Ή,μ‘›,,690 ,‚P’†κ,–h‰Ξ,60 ,300 ,,,,,,,,,,
Z,13116 ,8 ,–L“‡,0 ,18 ,–L“‡‹ζ,‹ξ‚S’–Ϊ‚P‚T”Τ‚S‚P,‹ξ‚S|‚P‚O|‚P‚U,"1,280,000 ","1,090,000 ",17.4 ,"1,877 ",,2.5,1,‹¤“―Z‘ξ,‚q‚b,6F,,’†‘wƒ}ƒ“ƒVƒ‡ƒ“‚Μ‚Ω‚©κ”ΚZ‘ξ“™‚ΰ‚ ‚ιZ‘ξ’nζ,‹ζ“Ή,–k“,6,,”w–Κ“Ή,,ƒKƒX,…“Ή,‰Ί…“Ή,‹ξ,,500 ,‚P’†κ,€–h,60 ,300 ,,,,,,,,,,
Z,13116 ,8 ,–L“‡,0 ,19 ,–L“‡‹ζ,η‘‚Q’–Ϊ‚R‚Q”Τ‚S,η‘‚Q|‚S‚S|‚W,"772,000 ","690,000 ",11.9 ,363 ,,1,1,Z‘ξ,‚v,2F,,’†‹K–Νκ”ΚZ‘ξ“™‚ª‚Ώ•ΐ‚ΤΥΓ‚ΘZ‘ξ’nζ,‹ζ“Ή,Ό,5.4,,,,ƒKƒX,…“Ή,‰Ί…“Ή,ημ,,400 ,‚P’ακ,€–h,60 ,150 ,,,,,,,,,,
Z,13116 ,8 ,–L“‡,0 ,20 ,–L“‡‹ζ,η‘‚P’–Ϊ‚R‚T”Τ‚S‚Q,η‘‚P|‚Q‚W|‚P‚T,"776,000 ","696,000 ",11.5 ,103 ,,1,1.2,Z‘ξ,‚r,3F,,’†¬‹K–Νκ”ΚZ‘ξ‚ª‘½‚ΆZ‘ξ’nζ,‹ζ“Ή,–k,4.2,,,,ƒKƒX,…“Ή,‰Ί…“Ή,—v’¬,,250 ,‚P’†κ,€–h,60 ,200 ,,,,,,,,,,
Z,13116 ,8 ,–L“‡,0 ,21 ,–L“‡‹ζ,γ’r‘ά‚R’–Ϊ‚P‚T‚T”Τ‚P‚VO,γ’r‘ά‚R|‚T|‚T,"730,000 ","650,000 ",12.3 ,112 ,,1,1.5,Z‘ξ,‚v,2F,,κ”ΚZ‘ξAƒAƒp[ƒg“™‚ª¬έ‚·‚ιZ‘ξ’nζ,‹ζ“Ή,“μΌ,4,,,,ƒKƒX,…“Ή,‰Ί…“Ή,–k’r‘ά,,520 ,‚P’†κ,€–h,60 ,300 ,,,,,,,,,,
Z,13116 ,8 ,–L“‡,0 ,22 ,–L“‡‹ζ,‹ξ‚P’–Ϊ‚P‚S”Τ‚PO,‹ξ‚P|‚P‚S|‚Q,"1,410,000 ","1,200,000 ",17.5 ,307 ,,1.5,1,‹¤“―Z‘ξ,‚q‚b,8F,,’†‘wƒ}ƒ“ƒVƒ‡ƒ“‚ª‘½‚­©‚η‚κ‚ιZ‘ξ’nζ,‹ζ“Ή,“μΌ,10,,‘¤“Ή,“μ“,ƒKƒX,…“Ή,‰Ί…“Ή,‹ξ,,260 ,‚PZ‹,–h‰Ξ,60 ,400 ,,,,,,,,,,
,13116 ,8 ,–L“‡,0 ,23 ,–L“‡‹ζ,“’r‘ά‚T’–Ϊ‚P‚S‚X”Τ‚UO,“’r‘ά‚T|‚Q‚Q|‚W,"781,000 ",,,127 ,,1,1.2,Z‘ξ,‚q‚b,3F,,κ”ΚZ‘ξAƒAƒp[ƒg“™‚ª¬έ‚·‚ιZ‘ξ’nζ,‹ζ“Ή,“μ,3.6,,,,ƒKƒX,…“Ή,‰Ί…“Ή,“’r‘ά,,460 ,‚PZ‹,€–h,60 ,300 ,,,,,,,,,,
Z,13116 ,8 ,–L“‡,5 ,1 ,–L“‡‹ζ,“’r‘ά‚P’–Ϊ‚P”Τ‚P‚TO,“’r‘ά‚P|‚P|‚R,"18,800,000 ","17,000,000 ",10.6 ,136 ,,1.5,1,“X•ά“––±,‚r,10F,1B,’†‚‘w‚Μ“X•άA––±‚ª‚Ώ•ΐ‚Τ”Ι‰Ψ‚Θ¤‹Ζ’nζ,‹ζ“Ή,“μΌ,50,,,,ƒKƒX,…“Ή,‰Ί…“Ή,’r‘ά,,130 ,¤‹Ζ,–h‰Ξ,80 ,900 ,,,,,,,,,,
Z,13116 ,8 ,–L“‡,5 ,2 ,–L“‡‹ζ,–k‘ε’Λ‚R’–Ϊ‚R‚O”Τ‚P‚P,–k‘ε’Λ‚R|‚R‚O|‚P‚O,"1,190,000 ","1,030,000 ",15.5 ,195 ,‘δ`,1,1.2,––±,‚r,4F,,’†‚‘w‚Μ“X•ά“––±A‹¤“―Z‘ξ‚ª‘½‚Ά¤‹Ζ’nζ,“s“Ή,–k“,20,,,,ƒKƒX,…“Ή,‰Ί…“Ή,‘ε’Λ,,480 ,‹ί¤,–h‰Ξ,80 ,400 ,,,,,,,,,,
Z,13116 ,8 ,–L“‡,5 ,3 ,–L“‡‹ζ,“μ‘ε’Λ‚R’–Ϊ‚T‚O”Τ‚S,“μ‘ε’Λ‚R|‚T‚O|‚R,"1,260,000 ","1,090,000 ",15.6 ,75 ,,1,2,“X•ά“––±,‚q‚b,5F,2B,’†¬‹K–Ν‚Μ¬”„“X•άAωH“X“™‚ª‘½‚Ά¤‹Ζ’nζ,‹ζ“Ή,–kΌ,6,,,,ƒKƒX,…“Ή,‰Ί…“Ή,‘ε’Λ,,150 ,¤‹Ζ,–h‰Ξ,80 ,500 ,,,,,,,,,,
Z,13116 ,8 ,–L“‡,5 ,4 ,–L“‡‹ζ,Ό’r‘ά‚P’–Ϊ‚R‚V”Τ‚Q,Ό’r‘ά‚P|‚R‚V|‚P‚U,"3,760,000 ","3,260,000 ",15.3 ,73 ,,1,2.5,“X•ά,‚r,4F,1B,’†‚‘w‚ΜωH“X‚ª‚Ώ•ΐ‚Τ¤‹Ζ’nζ,‹ζ“Ή,“,10,,,,ƒKƒX,…“Ή,‰Ί…“Ή,’r‘ά,,180 ,¤‹Ζ,–h‰Ξ,80 ,800 ,,,,,,,,,,
Z,13116 ,8 ,–L“‡,5 ,5 ,–L“‡‹ζ,“μ’r‘ά‚Q’–Ϊ‚X‚V”Τ‚P‚R,“μ’r‘ά‚Q|‚Q‚V|‚U,"5,570,000 ","4,880,000 ",14.1 ,130 ,,1,3,“X•ά“––±,‚r‚q‚b,7F,1B,’†‚‘w‚Μ“X•άA––±ƒrƒ‹‚ª‚Ώ•ΐ‚Τ¤‹Ζ’nζ,‹ζ“Ή,–kΌ,20,,,,ƒKƒX,…“Ή,‰Ί…“Ή,’r‘ά,,280 ,¤‹Ζ,–h‰Ξ,80 ,800 ,,,,,*,13116,5 ,12 ,"5,200,000 ",7.1 
Z,13116 ,8 ,–L“‡,5 ,6 ,–L“‡‹ζ,’r‘ά‚P’–Ϊ‚T‚S‚S”Τ‚S,’r‘ά‚P|‚V|‚P‚V,"1,360,000 ","1,170,000 ",16.2 ,89 ,,1,1.5,“X•ά“‹¤“―Z‘ξ,‚r,5F,,’†‘w‚Μ“ϊ—p•i“X•ά“™‚Μ‚Ώ•ΐ‚Τ¤‹Ζ’nζ,‹ζ“Ή,Ό,8,,,,ƒKƒX,…“Ή,‰Ί…“Ή,’r‘ά,,500 ,‹ί¤,–h‰Ξ,80 ,400 ,,,,,,,,,,
Z,13116 ,8 ,–L“‡,5 ,7 ,–L“‡‹ζ,“μ’·θ‚P’–Ϊ‚Q‚O‚R‚P”Τ‚W,“μ’·θ‚P|‚R|‚R,"1,090,000 ","951,000 ",14.6 ,162 ,,1,2,“X•ά“‹¤“―Z‘ξ,‚q‚b,4F,1B,¬”„“X•άAƒ}ƒ“ƒVƒ‡ƒ““™‚ª‚Ώ•ΐ‚Τ¤‹Ζ’nζ,“s“Ή,“μ,15,,,,ƒKƒX,…“Ή,‰Ί…“Ή,’Ε–Ό’¬,,610 ,‹ί¤,–h‰Ξ,80 ,400 ,,,,,,,,,,
Z,13116 ,8 ,–L“‡,5 ,8 ,–L“‡‹ζ,‘ƒ›‚P’–Ϊ‚P‚W”Τ‚P‚Q,‘ƒ›‚P|‚P‚W|‚X,"2,630,000 ","2,230,000 ",17.9 ,121 ,,1,2,“X•ά“––±,‚r,10F,,’†‚‘w‚Μ“X•άA––±ƒrƒ‹‚ª‘½‚Ά¤‹Ζ’nζ,‘“Ή,–k“,40,,,,ƒKƒX,…“Ή,‰Ί…“Ή,‘ƒ›,,120 ,¤‹Ζ,–h‰Ξ,80 ,700 ,,,,,,,,,,
Z,13116 ,8 ,–L“‡,5 ,9 ,–L“‡‹ζ,–k‘ε’Λ‚Q’–Ϊ‚P‚Q”Τ‚R,–k‘ε’Λ‚Q|‚P‚Q|‚Q,"2,030,000 ","1,750,000 ",16.0 ,142 ,,1,1.2,“X•ά“––±,‚q‚b,4F,,¬”„“X•άAωH“X•άƒrƒ‹“™‚ª‚Ώ•ΐ‚Τ¤‹Ζ’nζ,‹ζ“Ή,“μΌ,10,,,,ƒKƒX,…“Ή,‰Ί…“Ή,‘ε’Λ,,110 ,¤‹Ζ,–h‰Ξ,80 ,600 ,,,,,*,13116,5 ,13 ,"1,880,000 ",8.0 
Z,13116 ,8 ,–L“‡,5 ,11 ,–L“‡‹ζ,Ό’r‘ά‚P’–Ϊ‚Q‚S”Τ‚U,Ό’r‘ά‚P|‚Q‚S|‚X,"2,560,000 ","2,210,000 ",15.8 ,86 ,,1,1,“X•ά,‚q‚b,2F,1B,ωH“X•ά“™‚ª‚Ώ•ΐ‚Τ’r‘ά‰w–kϋ‹ί‚­‚Μ¤‹Ζ’nζ,‹ζ“Ή,“,4,,,,ƒKƒX,…“Ή,‰Ί…“Ή,’r‘ά,,100 ,¤‹Ζ,–h‰Ξ,80 ,800 ,,,,,,,,,,
Z,13116 ,8 ,–L“‡,5 ,12 ,–L“‡‹ζ,“μ’r‘ά‚P’–Ϊ‚R‚T”Τ‚VO,“μ’r‘ά‚P|‚P‚P|‚Q‚Q,"3,560,000 ","3,070,000 ",16.0 ,732 ,‘δ`,1,1.2,“X•ά“––±,‚r‚q‚b,8F,1B,‘ε‹K–Ν‚Θ‚‘wƒrƒ‹‚ª‚Ώ•ΐ‚Τ“s“Ή‰‚Ά‚Μ¤‹Ζ’nζ,“s“Ή,“,22,,‘¤“Ή,–k,ƒKƒX,…“Ή,‰Ί…“Ή,’r‘ά,,550 ,¤‹Ζ,–h‰Ξ,80 ,600 ,,,,,,,,,,
Z,13116 ,8 ,–L“‡,5 ,13 ,–L“‡‹ζ,γ’r‘ά‚P’–Ϊ‚Q‚V‚T‚T”Τ‚P‚R,γ’r‘ά‚P|‚R‚X|‚R,"1,450,000 ","1,220,000 ",18.9 ,495 ,,1,1,“X•ά“‹¤“―Z‘ξ,‚q‚b,11F,,“X•άA‹¤“―Z‘ξ“™‚ª‚Ώ•ΐ‚Τ“s“Ή‰‚Ά‚Μ¤‹Ζ’nζ,“s“Ή,–kΌ,21.8,,‘¤“Ή,“μΌ,ƒKƒX,…“Ή,‰Ί…“Ή,–k’r‘ά,,670 ,¤‹Ζ,–h‰Ξ,80 ,500 ,,,,,,,,,,
Z,13116 ,8 ,–L“‡,5 ,14 ,–L“‡‹ζ,Ό’r‘ά‚P’–Ϊ‚P‚O”Τ‚R,Ό’r‘ά‚P|‚P‚O|‚P‚T,"6,870,000 ","5,900,000 ",16.4 ,368 ,,1,2,“X•ά“––±,‚q‚b,9F,1B,’†‚‘w“X•άA––±“™‚ª‚Ώ•ΐ‚Τ‚“x¤‹Ζ’nζ,‹ζ“Ή,“μ“,16,,,,ƒKƒX,…“Ή,‰Ί…“Ή,’r‘ά,‹ίΪ,0 ,¤‹Ζ,–h‰Ξ,80 ,800 ,,,,,,,,,,
Z,13116 ,8 ,–L“‡,5 ,15 ,–L“‡‹ζ,‘ƒ›‚Q’–Ϊ‚U‚O”Τ‚V,‘ƒ›‚Q|‚X|‚Q‚T,"1,340,000 ","1,150,000 ",16.5 ,238 ,,1.2,1,“X•ά“––±,‚r,5F,1B,––±A“X•άA‹¤“―Z‘ξ“™‚ª¬έ‚·‚ι¤‹Ζ’nζ,‹ζ“Ή,“μ“,6,,‘¤“Ή,–k“,ƒKƒX,…“Ή,‰Ί…“Ή,‘ƒ›,,210 ,¤‹Ζ,–h‰Ξ,80 ,500 ,,,,,,,,,,
Z,13116 ,8 ,–L“‡,5 ,16 ,–L“‡‹ζ,’r‘ά‚Q’–Ϊ‚P‚O‚S‚O”Τ‚R,’r‘ά‚Q|‚R‚Q|‚V,"906,000 ","808,000 ",12.1 ,95 ,,1,2,“X•ά“‹¤“―Z‘ξ,‚r,3F,1B,“X•άA––±A‹¤“―Z‘ξ“™‚ª¬έ‚·‚ι¤‹Ζ’nζ,‹ζ“Ή,“μΌ,4,,,,ƒKƒX,…“Ή,‰Ί…“Ή,’r‘ά,,690 ,‹ί¤,€–h,80 ,300 ,,,,,,,,,,
Z,13116 ,8 ,–L“‡,5 ,17 ,–L“‡‹ζ,’r‘ά–{’¬‚P’–Ϊ‚Q‚O‚S”Τ‚V,’r‘ά–{’¬‚P|‚R‚V|‚X,"836,000 ","749,000 ",11.6 ,137 ,,1,3,“X•ά“‹¤“―Z‘ξ,‚r,4F,,¬‹K–Ν‚Μ“X•άAωH“X“™‚Μ‘½‚Ά‰w‘O‚Μ¤‹Ζ’nζ,‹ζ“Ή,–k,6,,,,ƒKƒX,…“Ή,‰Ί…“Ή,–k’r‘ά,‹ίΪ,0 ,‹ί¤,–h‰Ξ,80 ,400 ,,,,,,,,,,
Z,13116 ,8 ,–L“‡,5 ,18 ,–L“‡‹ζ,“μ’·θ‚T’–Ϊ‚R‚W‚V‚Q”Τ‚SO,“μ’·θ‚T|‚Q‚U|‚P‚R,"1,010,000 ","910,000 ",11.0 ,113 ,,1,1.5,“X•ά“Z‘ξ,‚r,3F,,¬”„“X•άAωH“X•ά“™‚ª©‚η‚κ‚ι‰w‘O‚Μ¤‹Ζ’nζ,‹ζ“Ή,“,5.4,,,,ƒKƒX,…“Ή,‰Ί…“Ή,“’·θ,,80 ,¤‹Ζ,–h‰Ξ,80 ,400 ,,,,,*,13116,5 ,8 ,"953,000 ",6.0 
Z,13116 ,8 ,–L“‡,5 ,19 ,–L“‡‹ζ,Ό’r‘ά‚R’–Ϊ‚R‚O”Τ‚P‚T,Ό’r‘ά‚R|‚R‚O|‚T,"2,030,000 ","1,720,000 ",18.0 ,268 ,,1,2,––±“f—Γ,‚r‚q‚b,7F,1B,’†‚‘w‚Μ––±‚β‹¤“―Z‘ξ“™‚ª¬έ‚·‚ι¤‹Ζ’nζ,‹ζ“Ή,“μ,12,,,,ƒKƒX,…“Ή,‰Ί…“Ή,’r‘ά,,380 ,¤‹Ζ,–h‰Ξ,80 ,600 ,,,,,,,,,,
Z,13116 ,8 ,–L“‡,5 ,20 ,–L“‡‹ζ,“’r‘ά‚R’–Ϊ‚U‚V”Τ‚U,“’r‘ά‚R|‚P‚Q|‚P‚Q,"2,570,000 ","2,230,000 ",15.2 ,502 ,,1.2,1,“X•ά“––±,‚r‚q‚b,9F,1B,’†‚‘w‚Μ“X•ά“––±ƒrƒ‹“™‚ª‚Ώ•ΐ‚Τ¤‹Ζ’nζ,‹ζ“Ή,“μ“,15,,‘¤“Ή,“μΌ,ƒKƒX,…“Ή,‰Ί…“Ή,’r‘ά,,700 ,¤‹Ζ,–h‰Ξ,80 ,700 ,,,,,,,,,,
Z,13116 ,8 ,–L“‡,5 ,21 ,–L“‡‹ζ,‚“c‚P’–Ϊ‚R‚Q‚V”Τ‚T‚PO,‚“c‚P|‚R‚V|‚P‚O,"1,480,000 ","1,250,000 ",18.4 ,117 ,,1.5,1,“X•άA––±“‹¤“―Z‘ξ“™,‚r,5F,1B,’†‘w“X•ά“‹¤“―Z‘ξ“™‚ª‚Ώ•ΐ‚Τ¤‹Ζ’nζ,“s“Ή,–k“,18.2,,,,ƒKƒX,…“Ή,‰Ί…“Ή,Gi‚ª’J,,210 ,‹ί¤,–h‰Ξ,80 ,400 ,,,,,,,,,,
Z,13116 ,8 ,–L“‡,5 ,22 ,–L“‡‹ζ,“μ‘ε’Λ‚Q’–Ϊ‚S‚T”Τ‚RO,“μ‘ε’Λ‚Q|‚S‚T|‚W,"3,000,000 ","2,560,000 ",17.2 ,808 ,,1.5,1,“X•ά“––±,‚r‚q‚b,8F,1B,’†‚‘w“X•άA––±ƒrƒ‹‚ª‚Ώ•ΐ‚Τ‰w‘O¤‹Ζ’nζ,‹ζ“Ή,Ό,27,,O•ϋH,,ƒKƒX,…“Ή,‰Ί…“Ή,‘ε’Λ,,150 ,¤‹Ζ,–h‰Ξ,80 ,700 ,,,,,,,,,,
Z,13116 ,8 ,–L“‡,5 ,23 ,–L“‡‹ζ,“μ’r‘ά‚P’–Ϊ‚P”Τ‚P‚PO,“μ’r‘ά‚P|‚Q‚P|‚T,"10,300,000 ","9,100,000 ",13.2 ,367 ,,1.2,1,“X•ά“––±,‚r‚q‚b,9F,1B,’†‚‘w‚Μ“X•άƒrƒ‹‚ª‚Ώ•ΐ‚Τ¤‹Ζ’nζ,“s“Ή,Ό,22,,,,ƒKƒX,…“Ή,‰Ί…“Ή,’r‘ά,,120 ,¤‹Ζ,–h‰Ξ,80 ,900 ,,,,,,,,,,
Z,13116 ,8 ,–L“‡,5 ,24 ,–L“‡‹ζ,“’r‘ά‚P’–Ϊ‚Q‚Q”Τ‚Q,“’r‘ά‚P|‚Q‚Q|‚P‚S,"3,290,000 ","2,840,000 ",15.8 ,178 ,,1,1,“X•ά,‚r,7F,,’†‚‘w‚ΜωH“X•ά‚π’†S‚Ζ‚·‚ι¤‹Ζ’nζ,‹ζ“Ή,“,8,,,,ƒKƒX,…“Ή,‰Ί…“Ή,’r‘ά,,450 ,¤‹Ζ,–h‰Ξ,80 ,800 ,,,,,,,,,,
Z,13116 ,8 ,–L“‡,5 ,25 ,–L“‡‹ζ,‚“c‚R’–Ϊ‚P‚O”Τ‚R‚W,‚“c‚R|‚P‚O|‚P‚O,"1,450,000 ","1,250,000 ",16.0 ,114 ,,1,1.5,––±“ΤΙ,‚r,7F,,’†‘w‚Μ“X•άA––±ƒrƒ‹‚ª‚Ώ•ΐ‚Τ¤‹Ζ’nζ,‹ζ“Ή,Ό,6,,,,ƒKƒX,…“Ή,‰Ί…“Ή,‚“c”nκ,,230 ,¤‹Ζ,–h‰Ξ,80 ,400 ,,,,,,,,,,
Z,13116 ,8 ,–L“‡,5 ,26 ,–L“‡‹ζ,“μ’r‘ά‚Q’–Ϊ‚P‚R”Τ‚S,“μ’r‘ά‚Q|‚P‚R|‚T,"1,320,000 ","1,160,000 ",13.8 ,90 ,,1,1.5,“X•άA––±“‹¤“―Z‘ξ,‚q‚b,4F,,’†’α‘w‚Μ“X•ά“––±A‹¤“―Z‘ξ“™‚ª‘¶‚·‚ι’nζ,‹ζ“Ή,–kΌ,4,,,,ƒKƒX,…“Ή,‰Ί…“Ή,’r‘ά,,510 ,¤‹Ζ,–h‰Ξ,80 ,600 ,,,,,,,,,,
Z,13116 ,8 ,–L“‡,5 ,27 ,–L“‡‹ζ,—v’¬‚P’–Ϊ‚T”Τ‚P‚O,—v’¬‚P|‚P‚R|‚P‚O,"1,410,000 ","1,200,000 ",17.5 ,93 ,‘δ`,1,1.5,“X•άA––±“‹¤“―Z‘ξ,‚q‚b,7F,,’†‚‘w“X•ά•tƒ}ƒ“ƒVƒ‡ƒ““™‚ª‚Ώ•ΐ‚Τ¤‹Ζ’nζ,“s“Ή,“μ“,40,,,,ƒKƒX,…“Ή,‰Ί…“Ή,—v’¬,,170 ,¤‹Ζ,–h‰Ξ,80 ,500 ,,,,,,,,,,
Z,13116 ,8 ,–L“‡,5 ,28 ,–L“‡‹ζ,’r‘ά‚Q’–Ϊ‚S‚V”Τ‚T,’r‘ά‚Q|‚S‚V|‚T,"2,380,000 ","2,010,000 ",18.4 ,279 ,,1,1,––±“Z‘ξ,‚r‚q‚b,10F,1B,’†‚‘w‚Μ“X•ά“––±ƒrƒ‹“™‚ª‚Ώ•ΐ‚Τ¤‹Ζ’nζ,‹ζ“Ή,Ό,15,,,,ƒKƒX,…“Ή,‰Ί…“Ή,’r‘ά,,250 ,¤‹Ζ,–h‰Ξ,80 ,800 ,,,,,,,,,,
Z,13116 ,8 ,–L“‡,5 ,29 ,–L“‡‹ζ,Ό’r‘ά‚R’–Ϊ‚P‚Q‚S‚O”Τ‚P‚RO,Ό’r‘ά‚R|‚T|‚V,"1,730,000 ","1,470,000 ",17.7 ,210 ,‘δ`,1,1.2,“X•ά“‹¤“―Z‘ξ,‚q‚b,6F,,’†‘w‚Μ“X•ά“‹¤“―Z‘ξ“™‚ª‚Ώ•ΐ‚Τ¤‹Ζ’nζ,“s“Ή,–k“,20,,,,ƒKƒX,…“Ή,‰Ί…“Ή,’r‘ά,,550 ,‹ί¤,–h‰Ξ,80 ,400 ,,,,,,,,,,
Z,13116 ,8 ,–L“‡,5 ,30 ,–L“‡‹ζ,Ό’r‘ά‚P’–Ϊ‚P‚V”Τ‚RO,Ό’r‘ά‚P|‚P‚V|‚P‚O,"9,330,000 ","8,260,000 ",13.0 ,428 ,,1,1.2,“X•ά“––±,‚r‚q‚b,8F,1B,’†‚‘w‚Μ“X•άA––±‚ª‚Ώ•ΐ‚Τ”Ι‰Ψ‚Θ¤‹Ζ’nζ,‹ζ“Ή,–k“,30,,‘¤“Ή,“μ“,ƒKƒX,…“Ή,‰Ί…“Ή,’r‘ά,,130 ,¤‹Ζ,–h‰Ξ,80 ,900 ,,,,,,,,,,
Z,13116 ,8 ,–L“‡,5 ,31 ,–L“‡‹ζ,‚Ό‚P’–Ϊ‚Q‚R”Τ‚R‚T,‚Ό‚P|‚V|‚U,"784,000 ","700,000 ",12.0 ,180 ,,1,1.5,“X•ά“Z‘ξ,‚q‚b,3F,,’†’α‘w‚Μ“X•ά‚π’†S‚Ζ‚·‚ι‹ί—Χ¤‹Ζ’nζ,‹ζ“Ή,Ό,4.5,,,,ƒKƒX,…“Ή,‰Ί…“Ή,—v’¬,,300 ,‹ί¤,€–h,80 ,300 ,,,,,,,,,,
Z,13116 ,8 ,–L“‡,5 ,32 ,–L“‡‹ζ,Ό‘ƒ›‚P’–Ϊ‚W‚T‚W”Τ‚P‚V,Ό‘ƒ›‚P|‚P|‚Q,"885,000 ","788,000 ",12.3 ,74 ,,1,2,––±“Z‘ξ,‚r,3F,,’†‘w‚Μ“X•ά“‹¤“―Z‘ξ‚Μ‘½‚­‚Ώ•ΐ‚Τ¤‹Ζ’nζ,‹ζ“Ή,“,9.7,,,,ƒKƒX,…“Ή,‰Ί…“Ή,‘ε’Λ,,570 ,‹ί¤,–h‰Ξ,80 ,400 ,,,,,,,,,,
Z,13117 ,8 ,–k,0 ,1 ,–k‹ζ,‘κ–μμ‚T’–Ϊ‚S‚W”Τ‚P‚X,‘κ–μμ‚T|‚S‚W|‚P‚Q,"688,000 ","613,000 ",12.2 ,130 ,,1,1.5,‹¤“―Z‘ξ,‚r,2F,,κ”ΚZ‘ξA‹¤“―Z‘ξ“™‚ª‚Ώ•ΐ‚ΤZ‘ξ’nζ,‹ζ“Ή,“,5.7,,,,ƒKƒX,…“Ή,‰Ί…“Ή,Ό‘ƒ›,,600 ,‚P’†κ,€–h,60 ,200 ,,,,,,,,,,
Z,13117 ,8 ,–k,0 ,2 ,–k‹ζ,β•£’¬‚S‚V‚T”Τ‚R,β•£’¬‚X|‚P‚R,"550,000 ","502,000 ",9.6 ,165 ,,1,1.5,Z‘ξ,‚v,2F,,κ”ΚZ‘ξAƒAƒp[ƒg‚ª‚Ώ•ΐ‚ΤZ‘ξ’nζ,‹ζ“Ή,“,5.2,,,,ƒKƒX,…“Ή,‰Ί…“Ή,Τ‰Hβ•£,,440 ,‚P’†κ,€–h,60 ,200 ,,,,,,,,,,
Z,13117 ,8 ,–k,0 ,3 ,–k‹ζ,‰¤q‚Q’–Ϊ‚P‚V”Τ‚P‚V,‰¤q‚Q|‚U|‚P‚U,"632,000 ","566,000 ",11.7 ,202 ,,1,2,‹¤“―Z‘ξ,‚q‚b,4F,,κ”ΚZ‘ξAƒAƒp[ƒg“™‚ª‚Ώ•ΐ‚ΤZ‘ξ’nζ,‹ζ“Ή,“μ“,5.7,,,,ƒKƒX,…“Ή,‰Ί…“Ή,‰¤q,,750 ,‚PZ‹,€–h,60 ,200 ,,,,,,,,,,
Z,13117 ,8 ,–k,0 ,4 ,–k‹ζ,Τ‰HΌ‚R’–Ϊ‚X‚W‚O”Τ‚P‚O,Τ‰HΌ‚R|‚R‚T|‚P‚U,"568,000 ","515,000 ",10.3 ,78 ,,1,1.5,Z‘ξ,‚v,2F,,’α‘w‚Μκ”ΚZ‘ξ‚β‹¤“―Z‘ξ‚ª‚Ώ•ΐ‚ΤZ‘ξ’nζ,‹ζ“Ή,“,4.5,,,,ƒKƒX,…“Ή,‰Ί…“Ή,Τ‰H,,"1,100 ",‚P’†κ,€–h,60 ,150 ,,,,,,,,,,
Z,13117 ,8 ,–k,0 ,5 ,–k‹ζ,u–Ξ‚P’–Ϊ‚P‚S”Τ‚U‚Q,u–Ξ‚P|‚P‚S|‚P‚O,"632,000 ","570,000 ",10.9 ,105 ,,1,1.5,Z‘ξ,‚v,2F,,κ”ΚZ‘ξ‚Μ‚Ω‚©‚ΙƒAƒp[ƒg“™‚ª©‚η‚κ‚ιZ‘ξ’nζ,‹ζ“Ή,–k,5.4,,,,ƒKƒX,…“Ή,‰Ί…“Ή,Τ‰H,,700 ,‚PZ‹,€–h,60 ,200 ,,,,,,,,,,
Z,13117 ,8 ,–k,0 ,6 ,–k‹ζ,“c’[‚Q’–Ϊ‚P‚P”Τ‚P‚T,“c’[‚Q|‚P‚P|‚P‚R,"871,000 ","777,000 ",12.1 ,122 ,,1,2,Z‘ξ,‚v,2F,,Z‘ξA‹¤“―Z‘ξ‚ª‹ζ‰ζ®‘R‚Ζ‚Ώ•ΐ‚ΤZ‘ξ’nζ,‹ζ“Ή,–k,4,,,,ƒKƒX,…“Ή,‰Ί…“Ή,“c’[,,420 ,‚PZ‹,€–h,60 ,300 ,,,,,,,,,,
Z,13117 ,8 ,–k,0 ,7 ,–k‹ζ,Τ‰H‚P’–Ϊ‚R‚Q”Τ‚P‚S,Τ‰H‚P|‚R‚Q|‚P‚Q,"2,050,000 ","1,730,000 ",18.5 ,208 ,,1,1,‹¤“―Z‘ξ,‚q‚b,12F,,’†‚‘w‹¤“―Z‘ξ“™‚ª‚Ώ•ΐ‚Τ’nζ,‹ζ“Ή,“,30,,,,ƒKƒX,…“Ή,‰Ί…“Ή,Τ‰Hβ•£,,140 ,¤‹Ζ,–h‰Ξ,80 ,600 ,,,,,,,,,,
Z,13117 ,8 ,–k,0 ,8 ,–k‹ζ,‰¤q–{’¬‚Q’–Ϊ‚Q‚V”Τ‚U,‰¤q–{’¬‚Q|‚Q‚V|‚S,"771,000 ","693,000 ",11.3 ,160 ,,1,1.5,Z‘ξ,‚v,2F,,κ”ΚZ‘ξAƒAƒp[ƒg“™‚ª‚Ώ•ΐ‚ΤZ‘ξ’nζ,‹ζ“Ή,Ό,6,,,,ƒKƒX,…“Ή,‰Ί…“Ή,‰¤q,,650 ,‚PZ‹,€–h,60 ,200 ,,,,,,,,,,
Z,13117 ,8 ,–k,0 ,9 ,–k‹ζ,–L“‡‚R’–Ϊ‚P”Τ‚U‚S,–L“‡‚R|‚R|‚P‚S,"569,000 ","516,000 ",10.3 ,85 ,,1,1.5,Z‘ξ,‚v,2F,,¬‹K–Νκ”ΚZ‘ξ“™‚Μ‘½‚ΆZ‘ξ’nζ,‹ζ“Ή,Ό,4.7,,,,ƒKƒX,…“Ή,‰Ί…“Ή,‰¤q,,"1,100 ",‚P’†κ,€–h,60 ,150 ,,,,,,,,,,
Z,13117 ,8 ,–k,0 ,11 ,–k‹ζ,‘κ–μμ‚U’–Ϊ‚P‚V”Τ‚V,‘κ–μμ‚U|‚P‚U|‚X,"657,000 ","582,000 ",12.9 ,116 ,,1,1.2,Z‘ξ,‚q‚b,3F,,’†¬‹K–Νκ”ΚZ‘ξ‚π’†S‚Ζ‚µ‚½Z‘ξ’nζ,‹ζ“Ή,–k“,4.5,,,,ƒKƒX,…“Ή,‰Ί…“Ή,Ό‘ƒ›,,300 ,‚PZ‹,€–h,60 ,300 ,,,,,,,,,,
Z,13117 ,8 ,–k,0 ,12 ,–k‹ζ,γ’†—Ά‚P’–Ϊ‚Q‚U”Τ‚P‚WO,γ’†—Ά‚P|‚Q‚U|‚P‚O,"782,000 ","704,000 ",11.1 ,105 ,,1,2.5,Z‘ξ“––±,‚q‚b,3F,,κ”ΚZ‘ξ‚ª‘½‚Ά‚‘δ‚Μω¬Z‘ξ’nζ,‹ζ“Ή,“,5.3,,,,ƒKƒX,…“Ή,‰Ί…“Ή,γ’†—Ά,,370 ,‚P’†κ,€–h,60 ,150 ,,,,,*,13117,0 ,2 ,"735,000 ",6.4 
Z,13117 ,8 ,–k,0 ,13 ,–k‹ζ,•‚Τ‚Q’–Ϊ‚Q‚S”Τ‚V‚R,•‚Τ‚Q|‚Q‚S|‚Q‚Q,"482,000 ","438,000 ",10.0 ,134 ,,1,1.2,Z‘ξ,‚v,2F,,Z‘ξAμ‹ΖAƒ}ƒ“ƒVƒ‡ƒ““™‚ª¬έ‚·‚ιZ‘ξ’nζ,‹ζ“Ή,–k,9,,,,ƒKƒX,…“Ή,‰Ί…“Ή,•‚ΤM“n,,480 ,€H,€–h,60 ,200 ,,,,,,,,,,
Z,13117 ,8 ,–k,0 ,14 ,–k‹ζ,Τ‰HΌ‚P’–Ϊ‚P‚X”Τ,Τ‰HΌ‚P|‚Q‚U|‚P‚T,"696,000 ","634,000 ",9.8 ,144 ,‘δ`,1,1,‹¤“―Z‘ξ,‚k‚r,2F,,κ”ΚZ‘ξ‚Μ’†‚Ι‹¤“―Z‘ξ‚ª©‚η‚κ‚ιZ‘ξ’nζ,‹ζ“Ή,“μ“,5.5,,‘¤“Ή,–k“,ƒKƒX,…“Ή,‰Ί…“Ή,Τ‰H,,590 ,‚P’†κ,€–h,60 ,150 ,,,,,,,,,,
Z,13117 ,8 ,–k,0 ,15 ,–k‹ζ,“c’[V’¬‚Q’–Ϊ‚R‚R”Τ‚P,“c’[V’¬‚Q|‚P‚U|‚V,"762,000 ","680,000 ",12.1 ,146 ,,1,1.5,Hκ“Z‘ξ,‚r,3F,,¬HκAκ”ΚZ‘ξ“™‚ª¬έ‚·‚ιω¬Z‘ξ’nζ,‹ζ“Ή,–k“,6,,,,ƒKƒX,…“Ή,‰Ί…“Ή,“c’[,,630 ,€H,€–h,60 ,300 ,,,,,,,,,,
Z,13117 ,8 ,–k,0 ,16 ,–k‹ζ,\π’‡΄‚S’–Ϊ‚Q”Τ‚Q‚R,\π’‡΄‚S|‚X|‚R,"573,000 ","519,000 ",10.4 ,111 ,,1,1.2,Z‘ξ,‚v,2F,,κ”ΚZ‘ξA‹¤“―Z‘ξ“™‚ª¬έ‚·‚ιZ‘ξ’nζ,‹ζ“Ή,“μ,5.4,,,,ƒKƒX,…“Ή,‰Ί…“Ή,\π,,890 ,‚P’†κ,€–h,60 ,150 ,,,,,,,,,,
Z,13117 ,8 ,–k,0 ,17 ,–k‹ζ,ΌƒP΄‚R’–Ϊ‚S‚O”Τ‚X,ΌƒP΄‚R|‚S‚O|‚P‚Q,"717,000 ","636,000 ",12.7 ,127 ,,1,2,Z‘ξ,‚v,2F,,κ”ΚZ‘ξ‚ª‘½‚­‚Ώ•ΐ‚ΤZ‘ξ’nζ,‹ζ“Ή,“μ“,4,,,,ƒKƒX,…“Ή,‰Ί…“Ή,ΌƒP΄,,520 ,‚P’†κ,€–h,60 ,150 ,,,,,,,,,,
Z,13117 ,8 ,–k,0 ,18 ,–k‹ζ,‰h’¬‚P‚X”Τ‚T,‰h’¬‚P‚X|‚P‚U,"519,000 ","469,000 ",10.7 ,170 ,,1,1.2,Z‘ξ,‚v,2F,,κ”ΚZ‘ξAƒAƒp[ƒg‚Μ‚Ω‚©–‹Ζ‚ΰ¬έ‚·‚ι’nζ,‹ζ“Ή,“,3.9,,,,ƒKƒX,…“Ή,‰Ί…“Ή,γ’†—Ά,,720 ,€H,€–h,60 ,200 ,,,,,,,,,,
Z,13117 ,8 ,–k,0 ,19 ,–k‹ζ,Τ‰H–k‚Q’–Ϊ‚P‚X‚U‚Q”Τ‚T,Τ‰H–k‚Q|‚P‚Q|‚P‚V,"531,000 ","483,000 ",9.9 ,122 ,,1,2,‹¤“―Z‘ξ,‚k‚r,2F,,κ”ΚZ‘ξ‚Ι‹¤“―Z‘ξ“™‚ª©‚η‚κ‚ιZ‘ξ’nζ,‹ζ“Ή,–k,8,,,,ƒKƒX,…“Ή,‰Ί…“Ή,–kΤ‰H,,280 ,‚PZ‹,€–h,60 ,200 ,,,,,,,,,,
Z,13117 ,8 ,–k,0 ,20 ,–k‹ζ,“\π‚P’–Ϊ‚P‚T”Τ‚P,“\π‚P|‚P‚T|‚P‚S,"663,000 ","603,000 ",10.0 ,196 ,,1,2,‹¤“―Z‘ξ,‚r,4F,,κ”ΚZ‘ξA‹¤“―Z‘ξA“X•ά“™‚ª¬έ‚·‚ιZ‘ξ’nζ,‹ζ“Ή,“μ“,6.4,,,,ƒKƒX,…“Ή,‰Ί…“Ή,“\π,,490 ,€H,€–h,60 ,300 ,,,,,,,,,,
Z,13117 ,8 ,–k,0 ,21 ,–k‹ζ,’†\π‚P’–Ϊ‚P‚W”Τ‚P‚V,’†\π‚P|‚P‚W|‚V,"623,000 ","564,000 ",10.5 ,153 ,,1,1.5,Z‘ξ,‚v,2F,,’†‹K–Νκ”ΚZ‘ξAƒAƒp[ƒg“™‚ª‚Ώ•ΐ‚ΤZ‘ξ’nζ,‹ζ“Ή,Ό,4.5,,,,ƒKƒX,…“Ή,‰Ί…“Ή,\π,,560 ,‚PZ‹,€–h,60 ,200 ,,,,,,,,,,
Z,13117 ,8 ,–k,0 ,22 ,–k‹ζ,‘κ–μμ‚T’–Ϊ‚U”Τ‚SO,‘κ–μμ‚T|‚U|‚S,"1,420,000 ","1,200,000 ",18.3 ,190 ,•s®`,1,1,‹¤“―Z‘ξ,‚r,11F,,‚‘wƒ}ƒ“ƒVƒ‡ƒ“A–‹Ζƒrƒ‹“™‚ª¬έ‚·‚ι’nζ,‘“Ή,“μΌ,40,,”w–Κ“Ή,,ƒKƒX,…“Ή,‰Ί…“Ή,Ό‘ƒ›,,300 ,¤‹Ζ,–h‰Ξ,80 ,600 ,,,,,,,,,,
Z,13117 ,8 ,–k,0 ,23 ,–k‹ζ,\π’‡΄‚P’–Ϊ‚P‚Q”Τ‚T‚RO,\π’‡΄‚P|‚P‚V|‚Q,"616,000 ","554,000 ",11.2 ,71 ,,1,1.5,Z‘ξ,‚v,2F,,¬‹K–Νκ”ΚZ‘ξA‹¤“―Z‘ξ“™‚ª‚Ώ•ΐ‚ΤZ‘ξ’nζ,‹ζ“Ή,Ό,3.6,,,,ƒKƒX,…“Ή,‰Ί…“Ή,\π,,500 ,‚PZ‹,€–h,60 ,200 ,,,,,,,,,,
,13117 ,8 ,–k,0 ,24 ,–k‹ζ,•‚Τ‚P’–Ϊ‚P‚T”Τ‚P‚S,•‚Τ‚P|‚P‚T|‚P‚R,"460,000 ",,,132 ,,1,1.5,Z‘ξ,‚v,2F,,κ”ΚZ‘ξA‹¤“―Z‘ξ“™‚ª‚Ώ•ΐ‚ΤZ‘ξ’nζ,‹ζ“Ή,Ό,7,,,,ƒKƒX,…“Ή,‰Ί…“Ή,–kΤ‰H,,750 ,‚P’†κ,€–h,60 ,200 ,,,,,,,,,,
Z,13117 ,8 ,–k,0 ,25 ,–k‹ζ,έ’¬‚P’–Ϊ‚P‚V”Τ‚P‚S,έ’¬‚P|‚P‚U|‚Q,"630,000 ","566,000 ",11.3 ,83 ,,1,1,Z‘ξ,‚v,2F,,¬‹K–ΝZ‘ξ‚ª‘½‚Άφ‰€‹ί‚­‚ΜZ‘ξ’nζ,‹ζ“Ή,“μ“,6,,,,ƒKƒX,…“Ή,‰Ί…“Ή,‰¤q,,670 ,‚P’†κ,€–h,60 ,150 ,,,,,,,,,,
Z,13117 ,8 ,–k,0 ,26 ,–k‹ζ,Τ‰H‚R’–Ϊ‚Q‚P‚Q”Τ‚P‚W,Τ‰H‚R|‚P‚P|‚R,"589,000 ","535,000 ",10.1 ,67 ,,1,1.2,Z‘ξ,‚v,2F,,¬‹K–Νκ”ΚZ‘ξ‚ª‚Ώ•ΐ‚ΤZ‘ξ’nζ,‹ζ“Ή,“μ“,3.9,,,,ƒKƒX,…“Ή,‰Ί…“Ή,Τ‰Hβ•£,,350 ,‚PZ‹,€–h,60 ,200 ,,,,,,,,,,
Z,13117 ,8 ,–k,0 ,27 ,–k‹ζ,–x‘D‚R’–Ϊ‚P‚X”Τ‚W,–x‘D‚R|‚P‚X|‚U,"594,000 ","538,000 ",10.4 ,141 ,,1,2.5,‹¤“―Z‘ξ,‚r,3F,,’†¬‹K–Ν‚ΜZ‘ξA‹¤“―Z‘ξ“™‚ª‘½‚ΆZ‘ξ’nζ,‹ζ“Ή,–k,10.9,,,,ƒKƒX,…“Ή,‰Ί…“Ή,΄,,400 ,‚PZ‹,€–h,60 ,200 ,,,,,,,,,,
Z,13117 ,8 ,–k,0 ,28 ,–k‹ζ,Τ‰H‚Q’–Ϊ‚R‚S‚X”Τ‚Q,Τ‰H‚Q|‚R‚Q|‚T,"719,000 ","648,000 ",11.0 ,136 ,,1,1.5,Z‘ξ“‹¤“―Z‘ξ,‚r,3F,,κ”ΚZ‘ξA‹¤“―Z‘ξ“™‚ª‚Ώ•ΐ‚ΤZ‘ξ’nζ,‹ζ“Ή,Ό,6,,,,ƒKƒX,…“Ή,‰Ί…“Ή,Τ‰H,,750 ,‚PZ‹,€–h,60 ,300 ,,,,,*,13117,0 ,4 ,"677,000 ",6.2 
Z,13117 ,8 ,–k,0 ,29 ,–k‹ζ,‘κ–μμ‚Q’–Ϊ‚T‚S”Τ‚R,‘κ–μμ‚Q|‚T‚S|‚P‚S,"612,000 ","542,000 ",12.9 ,98 ,,1,2,Z‘ξ,‚v,3F,,κ”ΚZ‘ξAƒAƒp[ƒg“™‚ª‚Ώ•ΐ‚ΤZ‘ξ’nζ,„“Ή,“,4.3,,,,ƒKƒX,…“Ή,‰Ί…“Ή,‰¤q,,750 ,‚P’†κ,€–h,60 ,200 ,,,,,,,,,,
Z,13117 ,8 ,–k,0 ,30 ,–k‹ζ,_’J‚R’–Ϊ‚Q‚V”Τ‚U,_’J‚R|‚Q‚V|‚P‚Q,"554,000 ","502,000 ",10.4 ,95 ,,1,2,Z‘ξ,‚v,3F,,κ”ΚZ‘ξ‚Μ‚Ω‚©‚Ι‹¤“―Z‘ξ“™‚ª©‚η‚κ‚ιZ‘ξ’nζ,‹ζ“Ή,“,4,,,,ƒKƒX,…“Ή,‰Ί…“Ή,u–Ξ,,690 ,€H,€–h,60 ,200 ,,,,,,,,,,
Z,13117 ,8 ,–k,0 ,31 ,–k‹ζ,“c’[‚P’–Ϊ‚P‚T”Τ‚R,“c’[‚P|‚P‚T|‚Q,"832,000 ","745,000 ",11.7 ,109 ,,1,1.5,Z‘ξ,‚v,2F,,κ”ΚZ‘ξAƒAƒp[ƒg“™‚ª‚Ώ•ΐ‚ΤZ‘ξ’nζ,‹ζ“Ή,Ό,4,,,,ƒKƒX,…“Ή,‰Ί…“Ή,“c’[,,380 ,‚PZ‹,€–h,60 ,300 ,,,,,,,,,,
Z,13117 ,8 ,–k,0 ,32 ,–k‹ζ,Τ‰H“μ‚P’–Ϊ‚P‚T”Τ‚P,Τ‰H“μ‚P|‚P‚T|‚R,"1,640,000 ","1,430,000 ",14.7 ,"2,285 ",‘δ`,1,2,‹¤“―Z‘ξ,‚r‚q‚b,10F,,‚‘w‹¤“―Z‘ξ‚ª‚Ώ•ΐ‚Τ‹ζ‰ζ‚Μ®‚Α‚½Z‘ξ’nζ,‹ζ“Ή,“μ,10,,O•ϋH,,ƒKƒX,…“Ή,‰Ί…“Ή,Τ‰H,,450 ,‚PZ‹,–h‰Ξ,60 ,300 ,,,,,,,,,,
Z,13117 ,8 ,–k,5 ,1 ,–k‹ζ,Τ‰H‚P’–Ϊ‚W”Τ‚P‚O,Τ‰H‚P|‚W|‚R,"5,700,000 ","4,700,000 ",21.3 ,150 ,‘δ`,1,1.5,—V‹Zκ““X•ά,‚r,9F,,’†‚‘w“X•ά“™‚ª‚Ώ•ΐ‚Τ‰w‘O‚Μ¤‹Ζ’nζ,‹ζ“Ή,“μΌ,0,‰w‘OLκ,‘¤“Ή,“μ,ƒKƒX,…“Ή,‰Ί…“Ή,Τ‰H,‰w‘OLκΪ–Κ,0 ,¤‹Ζ,–h‰Ξ,80 ,600 ,,,,,,,,,,
Z,13117 ,8 ,–k,5 ,2 ,–k‹ζ,Τ‰HΌ‚S’–Ϊ‚Q‚P‚U”Τ‚Q,Τ‰HΌ‚S|‚S‚S|‚Q,"654,000 ","582,000 ",12.4 ,158 ,,1,1.5,––±,‚r,3F,,“X•ά“Z‘ξA–‹Ζ“™‚ª‚Ώ•ΐ‚Τ‹ί—Χ¤‹Ζ’nζ,‹ζ“Ή,“μ“,11,,,,ƒKƒX,…“Ή,‰Ί…“Ή,Τ‰H,,"1,100 ",‹ί¤,€–h,80 ,300 ,,,,,,,,,,
Z,13117 ,8 ,–k,5 ,3 ,–k‹ζ,“c’[V’¬‚Q’–Ϊ‚S‚S”Τ‚Q,“c’[V’¬‚Q|‚P‚P|‚W,"1,250,000 ","1,050,000 ",19.0 ,237 ,,1,3,“X•ά“‹¤“―Z‘ξ,‚q‚b,9F,,‚‘w“X•ά“‹¤“―Z‘ξ“™‚ª‚Ώ•ΐ‚Τ¤‹Ζ’nζ,“s“Ή,–k“,21.8,,”w–Κ“Ή,,ƒKƒX,…“Ή,‰Ί…“Ή,“c’[,,700 ,¤‹Ζ,–h‰Ξ,80 ,500 ,,,,,,,,,,
Z,13117 ,8 ,–k,5 ,4 ,–k‹ζ,–x‘D‚R’–Ϊ‚Q‚X”Τ‚Q‚P,–x‘D‚R|‚Q‚X|‚P‚O,"663,000 ","588,000 ",12.8 ,166 ,,1,3.5,“X•ά“Z‘ξ,‚v,2F,,¬‹K–Ν‚Μ¬”„“X•ά‚ª‚Ώ•ΐ‚Τ‹ί—Χ¤‹Ζ’nζ,‹ζ“Ή,“,8,,,,ƒKƒX,…“Ή,‰Ί…“Ή,΄,,90 ,‹ί¤,€–h,80 ,300 ,,,,,,,,,,
Z,13117 ,8 ,–k,5 ,5 ,–k‹ζ,“\π‚R’–Ϊ‚X”Τ‚R‚S,“\π‚R|‚P‚T|‚P‚O,"1,440,000 ","1,280,000 ",12.5 ,158 ,,1,3,“X•άA––±“‹¤“―Z‘ξ,‚q‚b,4F,,eν“X•άA’†‚‘wƒrƒ‹“™‚ª‚Ώ•ΐ‚Τ¤‹Ζ’nζ,‹ζ“Ή,–kΌ,7.7,,,,ƒKƒX,…“Ή,‰Ί…“Ή,“\π,,160 ,¤‹Ζ,–h‰Ξ,80 ,500 ,,,,,*,13117,5 ,2 ,"1,360,000 ",5.9 
,13117 ,8 ,–k,5 ,6 ,–k‹ζ,γ\π‚Q’–Ϊ‚P‚P”Τ‚Q‚TO,γ\π‚Q|‚Q‚S|‚P‚Q,"1,800,000 ",,,78 ,•s®`,1,2,“X•ά“‹¤“―Z‘ξ,‚r,4F,,eν“X•ά“™‚ª‚Ώ•ΐ‚ΤƒA[ƒP[ƒh“ΰ‚Μ¤‹Ζ’nζ,‹ζ“Ή,“,7,,,,ƒKƒX,…“Ή,‰Ί…“Ή,\π,,90 ,¤‹Ζ,–h‰Ξ,80 ,500 ,,,,,,,,,,
Z,13117 ,8 ,–k,5 ,7 ,–k‹ζ,•‚Τ‚S’–Ϊ‚U”Τ‚P‚Q,•‚Τ‚S|‚U|‚W,"592,000 ","529,000 ",11.9 ,99 ,,1,2,“X•ά“Z‘ξ,‚r,3F,,¬‹K–Ν‚Μ¬”„“X•ά‚ª‚Ώ•ΐ‚Τ‹ί—Χ¤‹Ζ’nζ,‹ζ“Ή,Ό,12,,,,ƒKƒX,…“Ή,‰Ί…“Ή,•‚ΤM“n,,740 ,‹ί¤,€–h,80 ,300 ,,,,,,,,,,
,13117 ,8 ,–k,5 ,8 ,–k‹ζ,γ\π‚R’–Ϊ‚P‚R”Τ“ΰO,γ\π‚R|‚W|‚V,"940,000 ",,,138 ,,1,1.5,“X•ά“‹¤“―Z‘ξ,‚r,4F,,“X•ά“Z‘ξAƒ}ƒ“ƒVƒ‡ƒ““™‚ª¬έ‚·‚ι¤‹Ζ’nζ,“s“Ή,–k“,18,,,,ƒKƒX,…“Ή,‰Ί…“Ή,\π,,520 ,‹ί¤,–h‰Ξ,80 ,400 ,,,,,,,,,,
Z,13117 ,8 ,–k,5 ,9 ,–k‹ζ,ΌƒP΄‚P’–Ϊ‚P‚O‚U”Τ‚P‚SO,ΌƒP΄‚P|‚U|‚V,"1,570,000 ","1,320,000 ",18.9 ,182 ,,1,2,“X•ά“‹¤“―Z‘ξ,‚r‚q‚b,10F,,“X•άA‰c‹Ζ“‹¤“―Z‘ξ‚ª‚Ώ•ΐ‚Τ¤‹Ζ’nζ,“s“Ή,Ό,22,,,,ƒKƒX,…“Ή,‰Ί…“Ή,‹ξ,,500 ,¤‹Ζ,–h‰Ξ,80 ,500 ,,,,,,,,,,
Z,13117 ,8 ,–k,5 ,10 ,–k‹ζ,‘κ–μμ‚U’–Ϊ‚Q‚W”Τ‚T,‘κ–μμ‚U|‚Q‚W|‚V,"832,000 ","732,000 ",13.7 ,155 ,‘δ`,1,1.5,“X•ά“‹¤“―Z‘ξ,‚q‚b,4F,1B,“X•ά•Ή—pZ‘ξAƒ}ƒ“ƒVƒ‡ƒ““™‚ª¬έ‚·‚ι¤‹Ζ’nζ,‹ζ“Ή,“μΌ,8.5,,,,ƒKƒX,…“Ή,‰Ί…“Ή,”Β‹΄,,500 ,‹ί¤,–h‰Ξ,80 ,400 ,,,,,,,,,,
Z,13117 ,8 ,–k,5 ,11 ,–k‹ζ,‰¤q‚T’–Ϊ‚R”Τ‚R‚R,‰¤q‚T|‚T|‚R,"1,290,000 ","1,090,000 ",18.3 ,334 ,‘δ`,1.2,1,“X•άA––±“‹¤“―Z‘ξ,‚r‚q‚b,7F,,’†‚‘wƒ}ƒ“ƒVƒ‡ƒ“A––±“™‚ª‚Ώ•ΐ‚Τ¤‹Ζ’nζ,‘“Ή,“μΌ,27,,,,ƒKƒX,…“Ή,‰Ί…“Ή,‰¤q_’J,,130 ,¤‹Ζ,–h‰Ξ,80 ,500 ,,,,,,,,,,
Z,13117 ,8 ,–k,5 ,12 ,–k‹ζ,“c’[‚S’–Ϊ‚P‚O‚U”Τ‚S,“c’[‚S|‚U|‚R,"1,050,000 ","882,000 ",19.0 ,98 ,,1,1.5,––±“Z‘ξ,‚q‚b,5F,,“X•ά“Z‘ξA‹¤“―Z‘ξ“™‚ª‚Ώ•ΐ‚Τ‹ί—Χ¤‹Ζ’nζ,‹ζ“Ή,“μΌ,6.2,,,,ƒKƒX,…“Ή,‰Ί…“Ή,‹ξ,,430 ,‹ί¤,–h‰Ξ,80 ,400 ,,,,,,,,,,
Z,13117 ,8 ,–k,5 ,13 ,–k‹ζ,Τ‰H‚Q’–Ϊ‚P‚O”Τ‚S,Τ‰H‚Q|‚P‚O|‚Q,"2,040,000 ","1,780,000 ",14.6 ,162 ,,1,3,“X•ά“Z‘ξ,‚q‚b,6F,,eν¬”„“X•ά‚ª‚Ώ•ΐ‚ΤƒA[ƒP[ƒh•t¤‹Ζ’nζ,‹ζ“Ή,“μ,13,,”w–Κ“Ή,,ƒKƒX,…“Ή,‰Ί…“Ή,Τ‰H,,390 ,¤‹Ζ,–h‰Ξ,80 ,500 ,,,,,,,,,,
Z,13117 ,8 ,–k,5 ,14 ,–k‹ζ,‰¤q‚P’–Ϊ‚P‚R”Τ‚Q‚S,‰¤q‚P|‚P‚R|‚P‚T,"2,440,000 ","2,050,000 ",19.0 ,176 ,,1,1.5,“X•ά“‹¤“―Z‘ξ,‚q‚b,4F,1B,’†‚‘w“X•άA––±ƒrƒ‹“™‚ª‚Ώ•ΐ‚Τ¤‹Ζ’nζ,‘“Ή,“,30,,,,ƒKƒX,…“Ή,‰Ί…“Ή,‰¤q,,280 ,¤‹Ζ,–h‰Ξ,80 ,600 ,,,,,,,,,,
Z,13117 ,8 ,–k,5 ,15 ,–k‹ζ,u–Ξ‚Q’–Ϊ‚S‚X”Τ‚UO,u–Ξ‚Q|‚S‚X|‚P,"857,000 ","758,000 ",13.1 ,150 ,‘δ`,1,2,“X•ά“‹¤“―Z‘ξ,‚r,4F,1B,“X•ά“‹¤“―Z‘ξ“™‚ª‚Ώ•ΐ‚Τ‹ί—Χ¤‹Ζ’nζ,‹ζ“Ή,“μ,6.3,,,,ƒKƒX,…“Ή,‰Ί…“Ή,Τ‰H,,600 ,‹ί¤,€–h,80 ,300 ,,,,,,,,,,
Z,13117 ,8 ,–k,5 ,16 ,–k‹ζ,Τ‰HΌ‚P’–Ϊ‚T‚P‚O”Τ‚P‚RO,,"3,020,000 ","2,520,000 ",19.8 ,584 ,•s®`,1.2,1,’z’†,,,,’†‚‘w‚Μ“X•άA––±“™‚ª‚Ώ•ΐ‚Τ‰w‘O¤‹Ζ’nζ,“s“Ή,“μ“,0,‰w‘OLκ,”w–Κ“Ή,,ƒKƒX,…“Ή,‰Ί…“Ή,Τ‰H,‰w‘OLκΪ–Κ,0 ,¤‹Ζ,–h‰Ξ,80 ,500 ,,,,,,,,,,
Z,13117 ,8 ,–k,5 ,17 ,–k‹ζ,u–Ξ‚Q’–Ϊ‚Q”Τ‚Q‚OO,u–Ξ‚Q|‚Q|‚P‚T,"1,090,000 ","930,000 ",17.2 ,204 ,•s®`,1,1.5,“X•άA––±“‹¤“―Z‘ξ,‚r,8F,,‹¤“―Z‘ξA“X•ά“‹¤“―Z‘ξ“™‚ª‚Ώ•ΐ‚Τ¤‹Ζ’nζ,‘“Ή,–k“,27,,‘¤“Ή,–kΌ,ƒKƒX,…“Ή,‰Ί…“Ή,u–Ξ,‹ίΪ,0 ,¤‹Ζ,–h‰Ξ,80 ,500 ,,,,,,,,,,
Z,13117 ,8 ,–k,5 ,18 ,–k‹ζ,““c’[‚Q’–Ϊ‚P‚P”Τ‚P‚U,““c’[‚Q|‚P‚P|‚P‚T,"996,000 ","870,000 ",14.5 ,142 ,‘δ`,1,1,“X•ά“‹¤“―Z‘ξ,‚q‚b,5F,,“X•άA‹¤“―Z‘ξ“™‚ª‚Ώ•ΐ‚Τ‹ί—Χ¤‹Ζ’nζ,“s“Ή,“μ“,15,,,,ƒKƒX,…“Ή,‰Ί…“Ή,“c’[,,400 ,‹ί¤,–h‰Ξ,80 ,400 ,,,,,,,,,,
Z,13117 ,8 ,–k,5 ,19 ,–k‹ζ,ΌƒP΄‚P’–Ϊ‚T‚T”Τ‚P‚O,ΌƒP΄‚P|‚T‚T|‚X,"1,030,000 ","909,000 ",13.3 ,154 ,,1,2,“X•άA––±“‹¤“―Z‘ξ,‚r,3F,,¬‹K–Ν‚Μ¬”„“X•ά“™‚ª‚Ώ•ΐ‚Τ‹ί—Χ¤‹Ζ’nζ,‹ζ“Ή,–k“,3.7,,,,ƒKƒX,…“Ή,‰Ί…“Ή,‹ξ,,410 ,‹ί¤,€–h,80 ,300 ,,,,,,,,,,
Z,13117 ,8 ,–k,5 ,20 ,–k‹ζ,‰¤q‚P’–Ϊ‚U”Τ‚P‚T,‰¤q‚P|‚U|‚U,"1,890,000 ","1,590,000 ",18.9 ,192 ,,1.5,1,“X•ά“‹¤“―Z‘ξ,‚r‚q‚b,9F,,’†‚‘wƒ}ƒ“ƒVƒ‡ƒ“A“X•άA––±‚ª‘½‚Ά¤‹Ζ’nζ,“s“Ή,–kΌ,30,,,,ƒKƒX,…“Ή,‰Ί…“Ή,‰¤q,,250 ,¤‹Ζ,–h‰Ξ,80 ,600 ,,,,,,,,,,
Z,13117 ,8 ,–k,5 ,21 ,–k‹ζ,Τ‰H‚P’–Ϊ‚R‚U”Τ‚Q‚S,Τ‰H‚P|‚R‚U|‚V,"1,080,000 ","924,000 ",16.9 ,152 ,,1,3,“X•ά,‚r,8F,,ωH“XA’†‚‘wƒ}ƒ“ƒVƒ‡ƒ““™‚ª‘½‚Ά¤‹Ζ’nζ,‹ζ“Ή,–kΌ,8,,,,ƒKƒX,…“Ή,‰Ί…“Ή,Τ‰H,,400 ,¤‹Ζ,–h‰Ξ,80 ,500 ,,,,,,,,,,
Z,13117 ,8 ,–k,5 ,22 ,–k‹ζ,\π’‡΄‚Q’–Ϊ‚W”Τ‚R‚W,\π’‡΄‚Q|‚P‚O|‚Q‚T,"900,000 ","793,000 ",13.5 ,73 ,,1,1.5,“X•ά“‹¤“―Z‘ξ,‚r,5F,,¬”„“X•άA’†‘w“X•ά‹¤“―Z‘ξ‚ª‚Ώ•ΐ‚Τ¤‹Ζ’nζ,‹ζ“Ή,“,6.9,,,,ƒKƒX,…“Ή,‰Ί…“Ή,\π,,500 ,‹ί¤,–h‰Ξ,80 ,400 ,,,,,,,,,,
Z,13117 ,8 ,–k,5 ,23 ,–k‹ζ,“c’[‚P’–Ϊ‚Q‚Q‚Q”Τ‚T,“c’[‚P|‚S|‚T,"1,510,000 ","1,270,000 ",18.9 ,131 ,,1,1.5,“X•ά“‹¤“―Z‘ξ,‚q‚b,6F,,’†‚‘w“X•ά“‹¤“―Z‘ξ“™‚ª‚Ώ•ΐ‚Τ¤‹Ζ’nζ,“s“Ή,Ό,14.5,,,,ƒKƒX,…“Ή,‰Ί…“Ή,“c’[,,670 ,¤‹Ζ,–h‰Ξ,80 ,500 ,,,,,,,,,,
Z,13118 ,8 ,rμ,0 ,1 ,rμ‹ζ,Ό”φ‹v‚W’–Ϊ‚Q‚X‚S”Τ‚X‚O,Ό”φ‹v‚W|‚P‚W|‚P‚O,"560,000 ","513,000 ",9.2 ,110 ,,1.5,1,‹¤“―Z‘ξ,‚k‚r,3F,,κ”ΚZ‘ξAƒAƒp[ƒg“™‚ª‚Ώ•ΐ‚ΤZ‘ξ’nζ,‹ζ“Ή,“,4.5,,,,ƒKƒX,…“Ή,‰Ί…“Ή,rμ—V‰€’n‘O,,350 ,‚PZ‹,€–h,60 ,300 ,,,,,,,,,,
Z,13118 ,8 ,rμ,0 ,2 ,rμ‹ζ,rμ‚Q’–Ϊ‚Q‚P”Τ‚R‚TO,rμ‚Q|‚Q‚P|‚Q,"673,000 ","612,000 ",10.0 ,102 ,,1,3,‰c‹Ζ“Z‘ξ,‚r,3F,,¬HκA‰c‹Ζ“Z‘ξAκ”ΚZ‘ξ‚ª¬έ‚·‚ι’nζ,‹ζ“Ή,Ό,8.1,,,,ƒKƒX,…“Ή,‰Ί…“Ή,’¬‰®,,530 ,€H,€–h,80 ,300 ,,,,,*,13118,0 ,3 ,"641,000 ",5.0 
Z,13118 ,8 ,rμ,0 ,3 ,rμ‹ζ,““ϊ•ι—Ά‚P’–Ϊ‚P”Τ‚P‚R,““ϊ•ι—Ά‚P|‚R|‚Q,"1,610,000 ","1,370,000 ",17.5 ,486 ,•s®`,1,6.5,‹¤“―Z‘ξ,‚q‚b,14F,,’†‚‘wƒ}ƒ“ƒVƒ‡ƒ“A–‹Ζƒrƒ‹“™‚ª¬έ‚·‚ι’nζ,“s“Ή,–k“,35,,O•ϋH,,ƒKƒX,…“Ή,‰Ί…“Ή,Oƒm—Φ,,160 ,¤‹Ζ,–h‰Ξ,80 ,600 ,,,,,,,,,,
Z,13118 ,8 ,rμ,0 ,4 ,rμ‹ζ,Ό”φ‹v‚P’–Ϊ‚P‚U‚W‚O”Τ‚P‚P,Ό”φ‹v‚P|‚V|‚R,"564,000 ","514,000 ",9.7 ,99 ,,1,1.5,Z‘ξ,‚k‚r,3F,,’†¬‹K–ΝZ‘ξAƒAƒp[ƒg“™‚ª©‚η‚κ‚ιZ‘ξ’nζ,‹ζ“Ή,Ό,4.1,,,,ƒKƒX,…“Ή,‰Ί…“Ή,¬‘δ,,520 ,€H,€–h,80 ,300 ,,,,,,,,,,
Z,13118 ,8 ,rμ,0 ,5 ,rμ‹ζ,“”φ‹v‚S’–Ϊ‚Q‚O‚W‚U”Τ‚R,“”φ‹v‚S|‚Q‚V|‚P‚X,"585,000 ","535,000 ",9.3 ,162 ,‘δ`,1,1.2,Z‘ξ“‹¤“―Z‘ξ,‚q‚b,3F,,κ”ΚZ‘ξAμ‹ΖAƒAƒp[ƒg“™‚Μ¬έ‚·‚ι’nζ,‹ζ“Ή,–k,4,,,,ƒKƒX,…“Ή,‰Ί…“Ή,“c’[,,800 ,€H,€–h,80 ,300 ,,,,,,,,,,
Z,13118 ,8 ,rμ,0 ,6 ,rμ‹ζ,““ϊ•ι—Ά‚U’–Ϊ‚V‚V‚V”Τ‚P,““ϊ•ι—Ά‚U|‚S‚O|‚X,"924,000 ","782,000 ",18.2 ,"1,037 ",,1,2,‹¤“―Z‘ξ,‚q‚b,8F,1B,’†‘wƒ}ƒ“ƒVƒ‡ƒ“‚π’†S‚Ικ”ΚZ‘ξ‚ΰ©‚η‚κ‚ι’nζ,‹ζ“Ή,“μ,4.6,,,,ƒKƒX,…“Ή,‰Ί…“Ή,“ϊ•ι—Ά,,580 ,€H,€–h,80 ,300 ,,,,,,,,,,
Z,13118 ,8 ,rμ,0 ,7 ,rμ‹ζ,“μηZ‚V’–Ϊ‚X‚U”Τ‚P,“μηZ‚V|‚Q‚X|‚P‚P,"605,000 ","550,000 ",10.0 ,147 ,,1,2.5,Z‘ξ,‚k‚r,2F,,κ”ΚZ‘ξAƒAƒp[ƒgAμ‹Ζ“™‚ª¬έ‚·‚ι’nζ,‹ζ“Ή,–k,4.5,,,,ƒKƒX,…“Ή,‰Ί…“Ή,“μηZ,,200 ,€H,€–h,80 ,300 ,,,,,,,,,,
Z,13118 ,8 ,rμ,0 ,8 ,rμ‹ζ,’¬‰®‚S’–Ϊ‚P‚R‚T‚T”Τ‚Q‚W,’¬‰®‚S|‚Q‚W|‚T,"518,000 ","472,000 ",9.7 ,115 ,,1,1.2,Z‘ξ,‚k‚r,2F,,κ”ΚZ‘ξA‹¤“―Z‘ξA¬Hκ‚ª¬έ‚·‚ι’nζ,‹ζ“Ή,“μ,4,,,,ƒKƒX,…“Ή,‰Ί…“Ή,’¬‰®,,900 ,€H,–h‰Ξ,80 ,300 ,,,,,,,,,,
Z,13118 ,8 ,rμ,0 ,9 ,rμ‹ζ,rμ‚U’–Ϊ‚T‚U”Τ‚T,rμ‚U|‚T‚U|‚T,"579,000 ","527,000 ",9.9 ,101 ,,1,1.5,––±“‹¤“―Z‘ξ,‚r,3F,,κ”ΚZ‘ξAƒAƒp[ƒgAμ‹Ζ“™‚ª¬έ‚·‚ι’nζ,‹ζ“Ή,Ό,4.6,,,,ƒKƒX,…“Ή,‰Ί…“Ή,’¬‰®,,470 ,€H,€–h,80 ,300 ,,,,,,,,,,
Z,13118 ,8 ,rμ,0 ,10 ,rμ‹ζ,““ϊ•ι—Ά‚T’–Ϊ‚T”Τ‚P‚R,““ϊ•ι—Ά‚T|‚T|‚V,"778,000 ","688,000 ",13.1 ,147 ,,1,2.5,μ‹Ζ“Z‘ξ,‚r,3F,,κ”ΚZ‘ξA––±Aμ‹Ζ“™‚ª¬έ‚·‚ι’nζ,‹ζ“Ή,Ό,8,,,,ƒKƒX,…“Ή,‰Ί…“Ή,“ϊ•ι—Ά,,700 ,€H,–h‰Ξ,60 ,400 ,,,,,,,,,,
Z,13118 ,8 ,rμ,0 ,11 ,rμ‹ζ,rμ‚R’–Ϊ‚Q‚W”Τ‚P‚O,rμ‚R|‚Q‚W|‚T,"598,000 ","543,000 ",10.1 ,116 ,,1,1.5,Z‘ξ,‚v,2F,,κ”ΚZ‘ξAƒAƒp[ƒg“™‚ª‚Ώ•ΐ‚ΤZ‘ξ’nζ,‹ζ“Ή,“,4,,,,ƒKƒX,…“Ή,‰Ί…“Ή,O‰Ν“‡,,350 ,€H,€–h,80 ,300 ,,,,,,,,,,
Z,13118 ,8 ,rμ,0 ,12 ,rμ‹ζ,Ό“ϊ•ι—Ά‚U’–Ϊ‚R‚S”Τ‚P‚U,Ό“ϊ•ι—Ά‚U|‚R‚S|‚S,"707,000 ","630,000 ",12.2 ,118 ,,1.2,1,–‹ΖA‹¤“―Z‘ξ“Z‘ξ,‚r,5F,,–‹ΖAƒ}ƒ“ƒVƒ‡ƒ“A“X•ά“™‚ª¬έ‚·‚ι’nζ,‹ζ“Ή,“,6,,,,ƒKƒX,…“Ή,‰Ί…“Ή,VO‰Ν“‡,,480 ,€H,–h‰Ξ,60 ,400 ,,,,,,,,,,
,13118 ,8 ,rμ,0 ,13 ,rμ‹ζ,Ό”φ‹v‚V’–Ϊ‚Q‚S‚P”Τ‚V,Ό”φ‹v‚V|‚R‚W|‚T,"660,000 ",,,99 ,,1,2,Z‘ξ,‚k‚r,3F,,κ”ΚZ‘ξA‹¤“―Z‘ξAHκ“™‚ª¬έ‚·‚ιZ‘ξ’nζ,‹ζ“Ή,“μ,6,,,,ƒKƒX,…“Ή,‰Ί…“Ή,rμΤΙ‘O,,270 ,€H,€–h,60 ,300 ,,,,,,,,,,
Z,13118 ,8 ,rμ,0 ,14 ,rμ‹ζ,““ϊ•ι—Ά‚R’–Ϊ‚Q‚R‚O”Τ‚X,““ϊ•ι—Ά‚R|‚R‚O|‚P‚P,"710,000 ","637,000 ",11.5 ,109 ,,1,1.5,––±“Z‘ξ,‚r,4F,,¬‹K–ΝHκA‹¤“―Z‘ξAκ”ΚZ‘ξ‚ª¬έ‚·‚ι’nζ,‹ζ“Ή,–k,5.5,,,,ƒKƒX,…“Ή,‰Ί…“Ή,O‰Ν“‡,,470 ,€H,€–h,60 ,300 ,,,,,,,,,,
Z,13118 ,8 ,rμ,0 ,16 ,rμ‹ζ,“μηZ‚R’–Ϊ‚P‚S‚P”Τ‚Q‚U,“μηZ‚R|‚R‚P|‚T,"514,000 ","466,000 ",10.3 ,355 ,,1.2,1,‹¤“―Z‘ξ,‚q‚b,6F,,κ”ΚZ‘ξA’†‘wƒ}ƒ“ƒVƒ‡ƒ““™‚ª‚Ώ•ΐ‚ΤZ‘ξ’nζ,‹ζ“Ή,“,5.9,,”w–Κ“Ή,,ƒKƒX,…“Ή,‰Ί…“Ή,“μηZ,,"1,400 ",€H,–h‰Ξ,80 ,300 ,,,,,,,,,,
Z,13118 ,8 ,rμ,0 ,17 ,rμ‹ζ,“”φ‹v‚U’–Ϊ‚X‚V‚W”Τ‚P,“”φ‹v‚U|‚W|‚P,"914,000 ","787,000 ",16.1 ,977 ,,1,1.2,‹¤“―Z‘ξ,‚q‚b,15F,,’†‚‘w‹¤“―Z‘ξAκ”ΚZ‘ξ“™‚ª‚Ώ•ΐ‚ΤZ‘ξ’nζ,“s“Ή,“μΌ,25,,‘¤“Ή,“μ“,ƒKƒX,…“Ή,‰Ί…“Ή,“”φ‹vO’–Ϊ,‹ίΪ,0 ,‹ί¤,–h‰Ξ,80 ,400 ,,,,,,,,,,
Z,13118 ,8 ,rμ,5 ,1 ,rμ‹ζ,““ϊ•ι—Ά‚T’–Ϊ‚T‚P”Τ‚P‚Q,““ϊ•ι—Ά‚T|‚T‚P|‚P‚S,"3,110,000 ","2,620,000 ",18.7 ,117 ,‘δ`,1,1,“X•ά“Z‘ξ,‚q‚b,6F,,’†‚‘w‚Μ“X•ά“™‚ª‚Ώ•ΐ‚Τ‰w‘O‚Μ¤‹Ζ’nζ,‹ζ“Ή,–k,20,,,,ƒKƒX,…“Ή,‰Ί…“Ή,“ϊ•ι—Ά,,200 ,¤‹Ζ,–h‰Ξ,80 ,700 ,,,,,,,,,,
Z,13118 ,8 ,rμ,5 ,2 ,rμ‹ζ,rμ‚U’–Ϊ‚T”Τ‚T,rμ‚U|‚T|‚Q,"1,860,000 ","1,570,000 ",18.5 ,127 ,,1.2,1,“X•ά“Z‘ξ,‚q‚b,7F,,eν¬”„“X•άAƒ}ƒ“ƒVƒ‡ƒ““™‚ª‚Ώ•ΐ‚Τ¤‹Ζ’nζ,“s“Ή,“μ“,15,,,,ƒKƒX,…“Ή,‰Ί…“Ή,’¬‰®,,100 ,¤‹Ζ,–h‰Ξ,80 ,500 ,,,,,,,,,,
Z,13118 ,8 ,rμ,5 ,3 ,rμ‹ζ,“μηZ‚P’–Ϊ‚T‚O”Τ‚Q‚XO,“μηZ‚P|‚R‚P|‚W,"739,000 ","652,000 ",13.3 ,92 ,,1,1.2,“X•ά“Z‘ξ,‚v,2F,,¬”„“X•ά‚ª‚Ώ•ΐ‚ΤƒA[ƒP[ƒh“ΰ‚Μ¤‹Ζ’nζ,‹ζ“Ή,“μΌ,5.6,,,,ƒKƒX,…“Ή,‰Ί…“Ή,Oƒm—Φ,,330 ,‹ί¤,€–h,80 ,300 ,,,,,*,13118,5 ,8 ,"694,000 ",6.5 
Z,13118 ,8 ,rμ,5 ,4 ,rμ‹ζ,““ϊ•ι—Ά‚R’–Ϊ‚P‚R‚R‚W”Τ‚PO,““ϊ•ι—Ά‚R|‚S‚R|‚X,"1,290,000 ","1,090,000 ",18.3 ,168 ,•s®`,1,1.5,“X•άA––±“‹¤“―Z‘ξ,‚r‚q‚b,10F,,“X•άA’†‚‘wƒ}ƒ“ƒVƒ‡ƒ““™‚ª¬έ‚·‚ι¤‹Ζ’nζ,“s“Ή,Ό,19.3,,,,ƒKƒX,…“Ή,‰Ί…“Ή,O‰Ν“‡,,240 ,¤‹Ζ,–h‰Ξ,80 ,500 ,,,,,*,13118,5 ,1 ,"1,180,000 ",9.3 
Z,13118 ,8 ,rμ,5 ,5 ,rμ‹ζ,“μηZ‚T’–Ϊ‚P‚O‚X”Τ‚PO,“μηZ‚T|‚U|‚P‚R,"1,190,000 ","1,010,000 ",17.8 ,436 ,,1,3.5,“X•ά“‹¤“―Z‘ξ,‚r‚q‚b,13F,,’†‚‘w“X•ά“ƒ}ƒ“ƒVƒ‡ƒ“‚ª‘½‚Ά¤‹Ζ’nζ,‘“Ή,–kΌ,25,,,,ƒKƒX,…“Ή,‰Ί…“Ή,Oƒm—Φ,,350 ,¤‹Ζ,–h‰Ξ,80 ,600 ,,,,,,,,,,
Z,13118 ,8 ,rμ,5 ,6 ,rμ‹ζ,Ό“ϊ•ι—Ά‚Q’–Ϊ‚S‚P‚V”Τ‚X,Ό“ϊ•ι—Ά‚Q|‚T‚S|‚W,"1,560,000 ","1,340,000 ",16.4 ,100 ,,1,1.5,“X•ά“‹¤“―Z‘ξ,‚q‚b,6F,,’†‚‘w“X•ά“––±ƒrƒ‹“™‚ª‚Ώ•ΐ‚Τ¤‹Ζ’nζ,‹ζ“Ή,–k“,8.2,,,,ƒKƒX,…“Ή,‰Ί…“Ή,“ϊ•ι—Ά,,200 ,¤‹Ζ,–h‰Ξ,80 ,700 ,,,,,,,,,,
Z,13118 ,8 ,rμ,5 ,7 ,rμ‹ζ,’¬‰®‚R’–Ϊ‚P‚O‚P‚O”Τ‚T,’¬‰®‚R|‚W|‚P‚U,"1,230,000 ","1,050,000 ",17.1 ,182 ,‘δ`,1,2.5,“X•ά“‹¤“―Z‘ξ,‚r‚q‚b,10F,,“X•άA‹¤“―Z‘ξ“™‚ª‚Ώ•ΐ‚Τ¤‹Ζ’nζ,“s“Ή,“μ“,15,,,,ƒKƒX,…“Ή,‰Ί…“Ή,’¬‰®,,500 ,¤‹Ζ,–h‰Ξ,80 ,500 ,,,,,,,,,,
Z,13118 ,8 ,rμ,5 ,8 ,rμ‹ζ,““ϊ•ι—Ά‚T’–Ϊ‚Q‚S”Τ‚P,““ϊ•ι—Ά‚T|‚Q‚S|‚P‚O,"1,700,000 ","1,440,000 ",18.1 ,235 ,,1,2,“X•άA––±“‹¤“―Z‘ξ,‚r‚q‚b,8F,,“X•άAƒ}ƒ“ƒVƒ‡ƒ“A––±“™‚ª¬έ‚·‚ι¤‹Ζ’nζ,‹ζ“Ή,–k,15,,,,ƒKƒX,…“Ή,‰Ί…“Ή,“ϊ•ι—Ά,,540 ,¤‹Ζ,–h‰Ξ,80 ,500 ,,,,,,,,,,
Z,13118 ,8 ,rμ,5 ,9 ,rμ‹ζ,Ό”φ‹v‚P’–Ϊ‚P‚U‚X‚O”Τ‚R,Ό”φ‹v‚P|‚P‚U|‚V,"816,000 ","715,000 ",14.1 ,97 ,,1,2,“X•ά“‹¤“―Z‘ξ,‚q‚b,7F,,“X•ά•Ή—pZ‘ξAƒ}ƒ“ƒVƒ‡ƒ““™‚Μ¬έ‚·‚ι¤‹Ζ’nζ,“s“Ή,Ό,15,,,,ƒKƒX,…“Ή,‰Ί…“Ή,¬‘δ,,470 ,‹ί¤,–h‰Ξ,80 ,400 ,,,,,,,,,,
Z,13118 ,8 ,rμ,5 ,10 ,rμ‹ζ,Ό“ϊ•ι—Ά‚U’–Ϊ‚T‚O‚W”Τ‚Q‚X,Ό“ϊ•ι—Ά‚U|‚P‚T|‚R,"757,000 ","669,000 ",13.2 ,93 ,,1,2,“X•ά“‹¤“―Z‘ξ,‚r,5F,,––±Aƒ}ƒ“ƒVƒ‡ƒ“A“X•ά“™‚ª¬έ‚·‚ι¤‹Ζ’nζ,‹ζ“Ή,“μ,7.4,,,,ƒKƒX,…“Ή,‰Ί…“Ή,VO‰Ν“‡,,270 ,‹ί¤,€–h,80 ,300 ,,,,,,,,,,
Z,13118 ,8 ,rμ,5 ,11 ,rμ‹ζ,“”φ‹v‚T’–Ϊ‚Q‚S‚O‚O”Τ‚P‚O‚U,“”φ‹v‚T|‚P‚X|‚T,"706,000 ","631,000 ",11.9 ,74 ,,1,3,“X•ά“Z‘ξ,‚r,3F,,’†¬‹K–Ν‚Μ“X•ά•Ή—pZ‘ξ‚ª‚Ώ•ΐ‚Τ‹ί—Χ¤‹Ζ’nζ,‹ζ“Ή,Ό,8.2,,,,ƒKƒX,…“Ή,‰Ί…“Ή,F–μ‘O,,400 ,‹ί¤,€–h,80 ,300 ,,,,,,,,,,
Z,13118 ,8 ,rμ,5 ,12 ,rμ‹ζ,rμ‚R’–Ϊ‚V‚W”Τ‚U,rμ‚R|‚V‚W|‚T,"1,120,000 ","954,000 ",17.4 ,255 ,,3,1,––±“’“Τκ,‚q‚b,7F,,“X•άA––±A‹¤“―Z‘ξ“™‚ª‚Ώ•ΐ‚Τ¤‹Ζ’nζ,“s“Ή,“μΌ,20,,,,ƒKƒX,…“Ή,‰Ί…“Ή,VO‰Ν“‡,,300 ,¤‹Ζ,–h‰Ξ,80 ,500 ,,,,,,,,,,
Z,13119 ,8 ,”Β‹΄,0 ,1 ,”Β‹΄‹ζ,O‰€‚P’–Ϊ‚Q‚Q”Τ‚X,O‰€‚P|‚S‚S|‚Q‚T,"364,000 ","349,000 ",4.3 ,593 ,,1,1.5,‹¤“―Z‘ξ,‚r,4F,,’†‘w‚Μƒ}ƒ“ƒVƒ‡ƒ“‚ª‘½‚Ά‹ζ‰ζ‚Μ®‚Α‚½Z‘ξ’nζ,‹ζ“Ή,“μ“,6,,,,ƒKƒX,…“Ή,‰Ί…“Ή,Ό‚“‡•½,,550 ,‚P’†κ,€–h,60 ,200 ,,,,,,,,,,
Z,13119 ,8 ,”Β‹΄,0 ,2 ,”Β‹΄‹ζ,‘O–μ’¬‚U’–Ϊ‚Q‚P”Τ‚V,‘O–μ’¬‚U|‚Q‚P|‚S,"527,000 ","485,000 ",8.7 ,215 ,,1,1.5,Z‘ξ,‚v,2F,,’†‹K–Νκ”ΚZ‘ξ‚ª‘½‚Ά‹ζ‰ζ®‘R‚Ζ‚µ‚½Z‘ξ’nζ,‹ζ“Ή,“μ,6,,,,ƒKƒX,…“Ή,‰Ί…“Ή,γ”Β‹΄,,950 ,‚P’†κ,€–h,60 ,200 ,,,,,,,,,,
Z,13119 ,8 ,”Β‹΄,0 ,3 ,”Β‹΄‹ζ,ν”Υ‘δ‚Q’–Ϊ‚Q‚S”Τ‚P‚O,ν”Υ‘δ‚Q|‚Q‚S|‚T,"740,000 ","695,000 ",6.5 ,287 ,,1,2,Z‘ξ,‚q‚b,2F,1B,’†‹K–Νκ”ΚZ‘ξ‚ª‚Ώ•ΐ‚ΤΒ‹«‚Μ—Η‚ΆZ‘ξ’nζ,‹ζ“Ή,“μ,6,,,,ƒKƒX,…“Ή,‰Ί…“Ή,‚Ζ‚«‚ν‘δ,,440 ,‚P’ακ,€–h,50 ,100 ,,,,,,,,,,
Z,13119 ,8 ,”Β‹΄,0 ,4 ,”Β‹΄‹ζ,“V’¬‚P’–Ϊ‚R‚O”Τ‚P‚X,“V’¬‚P|‚R‚O|‚X,"538,000 ","495,000 ",8.7 ,127 ,,1,1.5,Z‘ξ,‚k‚r,2F,,’†‹K–Νκ”ΚZ‘ξAƒAƒp[ƒg‚ª‚Ώ•ΐ‚ΤZ‘ξ’nζ,‹ζ“Ή,Ό,6,,,,ƒKƒX,…“Ή,‰Ί…“Ή,‚Ζ‚«‚ν‘δ,,"1,000 ",‚P’†κ,€–h,60 ,200 ,,,,,*,13119,0 ,8 ,"522,000 ",3.1 
Z,13119 ,8 ,”Β‹΄,0 ,5 ,”Β‹΄‹ζ,¬–Ξª‚S’–Ϊ‚P‚P‚W”Τ‚S,¬–Ξª‚S|‚P‚R|‚P‚P,"585,000 ","538,000 ",8.7 ,126 ,,1,1,Z‘ξ,‚k‚r,2F,,’†‹K–ΝZ‘ξ‚Ζƒ}ƒ“ƒVƒ‡ƒ“‚ª‚Ώ•ΐ‚ΤZ‘ξ’nζ,‹ζ“Ή,–k,6,,,,ƒKƒX,…“Ή,‰Ί…“Ή,¬’|ό΄,,730 ,‚P’†κ,€–h,60 ,200 ,,,,,,,,,,
Z,13119 ,8 ,”Β‹΄,0 ,6 ,”Β‹΄‹ζ,γ”Β‹΄‚Q’–Ϊ‚P‚X‚U”Τ‚R,γ”Β‹΄‚Q|‚P‚S|‚P‚W,"578,000 ","531,000 ",8.9 ,134 ,,1,1.5,Z‘ξ,‚k‚r,2F,,κ”ΚZ‘ξAƒ}ƒ“ƒVƒ‡ƒ““™‚ª‚Ώ•ΐ‚ΤZ‘ξ’nζ,‹ζ“Ή,“,6,,,,ƒKƒX,…“Ή,‰Ί…“Ή,γ”Β‹΄,,530 ,‚PZ‹,€–h,60 ,200 ,,,,,,,,,,
Z,13119 ,8 ,”Β‹΄,0 ,7 ,”Β‹΄‹ζ,¬‘‚P’–Ϊ‚T‚R”Τ‚T,¬‘‚P|‚P‚U|‚P,"593,000 ","551,000 ",7.6 ,171 ,,1,2,Z‘ξ,‚q‚b,3F,,’†‹K–Νκ”ΚZ‘ξA‹¤“―Z‘ξ“™‚ª‚Ώ•ΐ‚ΤZ‘ξ’nζ,‹ζ“Ή,“μΌ,6,,,,ƒKƒX,…“Ή,‰Ί…“Ή,’n‰Ί“S¬‘,,330 ,‚P’†κ,€–h,60 ,200 ,,,,,,,,,,
Z,13119 ,8 ,”Β‹΄,0 ,8 ,”Β‹΄‹ζ,’†‘δ‚P’–Ϊ‚Q‚S‚V”Τ‚Q,’†‘δ‚P|‚Q‚V|‚R,"521,000 ","481,000 ",8.3 ,93 ,,1,2,Z‘ξ,‚v,3F,,κ”ΚZ‘ξ‚Μ’†‚Ιμ‹Ζ“™‚ª©‚η‚κ‚ιZ‘ξ’nζ,‹ζ“Ή,“μ,4,,,,ƒKƒX,…“Ή,‰Ί…“Ή,γ”Β‹΄,,570 ,‚P’†κ,€–h,60 ,200 ,,,,,,,,,,
Z,13119 ,8 ,”Β‹΄,0 ,9 ,”Β‹΄‹ζ,Τ’Λ‚T’–Ϊ‚V‚R‚S”Τ‚S,Τ’Λ‚T|‚P‚W|‚P‚P,"404,000 ","382,000 ",5.8 ,99 ,,1.5,1,Z‘ξ,‚v,2F,,¬‹K–Νκ”ΚZ‘ξ‚ª‚Ώ•ΐ‚ΤZ‘ξ’nζ,‹ζ“Ή,Ό,4,,,,ƒKƒX,…“Ή,‰Ί…“Ή,¬‘,,"1,100 ",‚P’ακ,€–h,40 ,80 ,,,,,,,,,,
Z,13119 ,8 ,”Β‹΄,0 ,10 ,”Β‹΄‹ζ,¬‘‚Q’–Ϊ‚P‚W‚T”Τ‚P‚O,¬‘‚Q|‚Q‚X|‚V,"480,000 ","441,000 ",8.8 ,115 ,,1,1.5,‰c‹Ζ“Z‘ξ,‚q‚b,3F,,κ”ΚZ‘ξ‚Μ’†‚Ι‰c‹Ζ“™‚ª©‚η‚κ‚ιZ‘ξ’nζ,‹ζ“Ή,Ό,4,,,,ƒKƒX,…“Ή,‰Ί…“Ή,¬‘,,470 ,€H,€–h,60 ,200 ,,,,,,,,,,
Z,13119 ,8 ,”Β‹΄,0 ,11 ,”Β‹΄‹ζ,Τ’Λ‚Q’–Ϊ‚P‚X‚X‚O”Τ‚Q‚Q,Τ’Λ‚Q|‚Q‚T|‚R‚P,"518,000 ","487,000 ",6.4 ,103 ,,1.2,1,Z‘ξ,‚k‚r,2F,,κ”ΚZ‘ξ“™‚ª‚Ώ•ΐ‚Τ‹ζ‰ζ®‘R‚Ζ‚µ‚½Z‘ξ’nζ,‹ζ“Ή,–k“,5,,,,ƒKƒX,…“Ή,‰Ί…“Ή,’n‰Ί“SΤ’Λ,,310 ,‚P’†κ,€–h,60 ,200 ,,,,,*,13119,0 ,11 ,"510,000 ",1.6 
Z,13119 ,8 ,”Β‹΄,0 ,12 ,”Β‹΄‹ζ,ξ‰Χ‘δ‚R”Τ‚Q‚P,ξ‰Χ‘δ‚R|‚Q,"539,000 ","492,000 ",9.6 ,146 ,,1.2,1,Z‘ξ,‚v,2F,,κ”ΚZ‘ξA‹¤“―Z‘ξ“™‚ª‚Ώ•ΐ‚ΤZ‘ξ’nζ,‹ζ“Ή,“μ,4,,,,ƒKƒX,…“Ή,‰Ί…“Ή,”Β‹΄–{’¬,,900 ,‚PZ‹,€–h,60 ,300 ,,,,,,,,,,
Z,13119 ,8 ,”Β‹΄,0 ,13 ,”Β‹΄‹ζ,¬“¤‘ς‚Q’–Ϊ‚P‚X”Τ‚U,¬“¤‘ς‚Q|‚R‚S|‚X,"561,000 ","513,000 ",9.4 ,"1,716 ",,1.5,1,‹¤“―Z‘ξ,‚q‚b,9F,,’†‚‘wƒ}ƒ“ƒVƒ‡ƒ“‚ª‘‰Α‚µ‘qΙ“™‚ΰc‚ιZ‘ξ’nζ,‹ζ“Ή,“μΌ,10,,‘¤“Ή,–k,ƒKƒX,…“Ή,‰Ί…“Ή,u‘Ίβγ,,700 ,€H,€–h,60 ,200 ,,,,,,,,,,
Z,13119 ,8 ,”Β‹΄,0 ,14 ,”Β‹΄‹ζ,K’¬‚S‚S”Τ‚P‚T,K’¬‚S‚S|‚P,"639,000 ","575,000 ",11.1 ,114 ,,1,1.5,Z‘ξ,‚v,2F,,κ”ΚZ‘ξAƒAƒp[ƒg“™‚ª‚Ώ•ΐ‚ΤZ‘ξ’nζ,‹ζ“Ή,“μ,6.3,,,,ƒKƒX,…“Ή,‰Ί…“Ή,‘εR,,900 ,‚P’†κ,€–h,60 ,200 ,,,,,,,,,,
Z,13119 ,8 ,”Β‹΄,0 ,15 ,”Β‹΄‹ζ,“ΏΫ‚Q’–Ϊ‚X‚P”Τ‚Q,“ΏΫ‚Q|‚Q‚U|‚P‚O,"473,000 ","442,000 ",7.0 ,117 ,,1,1.5,Z‘ξ,‚k‚r,2F,,Z‘ξAƒ}ƒ“ƒVƒ‡ƒ“A–‹Ζ“™‚ª¬έ‚·‚ιZ‘ξ’nζ,‹ζ“Ή,“,6,,,,ƒKƒX,…“Ή,‰Ί…“Ή,“•—ϋ”n,,860 ,‚P’†κ,€–h,60 ,200 ,,,,,,,,,,
Z,13119 ,8 ,”Β‹΄,0 ,16 ,”Β‹΄‹ζ,“μν”Υ‘δ‚Q’–Ϊ‚Q‚T”Τ‚P‚V,“μν”Υ‘δ‚Q|‚Q‚T|‚T,"683,000 ","627,000 ",8.9 ,148 ,,1,2,Z‘ξ,‚v,2F,,’†‹K–ΝZ‘ξ‚Ιƒ}ƒ“ƒVƒ‡ƒ““™‚ΰ©‚η‚κ‚ιZ‘ξ’nζ,‹ζ“Ή,“μ,6,,,,ƒKƒX,…“Ή,‰Ί…“Ή,‚Ζ‚«‚ν‘δ,,550 ,‚PZ‹,€–h,60 ,200 ,,,,,,,,,,
Z,13119 ,8 ,”Β‹΄,0 ,17 ,”Β‹΄‹ζ,‘εR“’¬‚P‚O”Τ‚S,‘εR“’¬‚P‚O|‚Q,"777,000 ","693,000 ",12.1 ,99 ,,1,1.2,‹¤“―Z‘ξ,‚r,3F,,’†‘wƒ}ƒ“ƒVƒ‡ƒ“‚ΰ‘½‚ΆX‹ζ‚Μ®‚Α‚½Z‘ξ’nζ,‹ζ“Ή,“,6,,,,ƒKƒX,…“Ή,‰Ί…“Ή,‘εR,,350 ,‚QZ‹,€–h,60 ,300 ,,,,,*,13119,0 ,10 ,"728,000 ",6.7 
Z,13119 ,8 ,”Β‹΄,0 ,18 ,”Β‹΄‹ζ,‘ε’Jϋ‚Q’–Ϊ‚Q‚S”Τ‚R,‘ε’Jϋ‚Q|‚Q‚S|‚P‚T,"619,000 ","558,000 ",10.9 ,163 ,,1,1.5,Z‘ξ,‚v,2F,,’†¬‹K–Νκ”ΚZ‘ξAƒAƒp[ƒg‚ª‚Ώ•ΐ‚ΤZ‘ξ’nζ,‹ζ“Ή,–k,4,,,,ƒKƒX,…“Ή,‰Ί…“Ή,ημ,,760 ,‚P’†κ,€–h,60 ,200 ,,,,,,,,,,
Z,13119 ,8 ,”Β‹΄,0 ,19 ,”Β‹΄‹ζ,’‡’¬‚P‚Q”Τ‚U,’‡’¬‚P‚Q|‚Q,"668,000 ","610,000 ",9.5 ,127 ,,1,1.2,––±“‹¤“―Z‘ξ,‚r,3F,,Z‘ξAƒAƒp[ƒgA––±“™‚ª¬έ‚·‚ιZ‘ξ’nζ,‹ζ“Ή,“μ,6,,,,ƒKƒX,…“Ή,‰Ί…“Ή,’†”Β‹΄,,580 ,‚PZ‹,€–h,60 ,300 ,,,,,,,,,,
Z,13119 ,8 ,”Β‹΄,0 ,20 ,”Β‹΄‹ζ,‘εa’¬‚R‚T”Τ‚R‚P,‘εa’¬‚R‚T|‚P‚T,"630,000 ","563,000 ",11.9 ,104 ,,1,1.5,Z‘ξ,‚v,2F,,¬‹K–Νκ”ΚZ‘ξAƒAƒp[ƒg“™‚ª‚Ώ•ΐ‚ΤZ‘ξ’nζ,‹ζ“Ή,–kΌ,5.5,,”w–Κ“Ή,,ƒKƒX,…“Ή,‰Ί…“Ή,”Β‹΄–{’¬,,220 ,‚PZ‹,€–h,60 ,300 ,,,,,,,,,,
Z,13119 ,8 ,”Β‹΄,0 ,21 ,”Β‹΄‹ζ,M“n‚Q’–Ϊ‚Q‚Q”Τ‚P‚R,M“n‚Q|‚P‚P|‚R,"440,000 ","408,000 ",7.8 ,165 ,,1,1.5,‹¤“―Z‘ξ,‚v,3F,,‹¤“―Z‘ξA’†¬Hκ“™‚ª¬έ‚·‚ιZ‘ξ’nζ,‹ζ“Ή,“μ,6,,,,ƒKƒX,…“Ή,‰Ί…“Ή,•‚ΤM“n,,450 ,€H,€–h,60 ,200 ,,,,,,,,,,
Z,13119 ,8 ,”Β‹΄,0 ,22 ,”Β‹΄‹ζ,‚“‡•½‚P’–Ϊ‚R‚V”Τ‚R,‚“‡•½‚P|‚R‚V|‚S,"436,000 ","408,000 ",6.9 ,153 ,,1,1.5,Z‘ξ,‚v,2F,,’†‹K–Νκ”ΚZ‘ξ‚ª‘½‚Ά‹ζ‰ζ®‘R‚Ζ‚µ‚½Z‘ξ’nζ,‹ζ“Ή,“μ,6,,,,ƒKƒX,…“Ή,‰Ί…“Ή,Ό‘δ,,750 ,‚P’†κ,€–h,60 ,200 ,,,,,*,13119,0 ,4 ,"424,000 ",2.8 
Z,13119 ,8 ,”Β‹΄,0 ,23 ,”Β‹΄‹ζ,‚“‡•½‚T’–Ϊ‚S‚V”Τ‚V,‚“‡•½‚T|‚S‚V|‚V,"402,000 ","381,000 ",5.5 ,224 ,,1,1.5,Z‘ξ,‚k‚r,2F,,’†‹K–Νκ”ΚZ‘ξ‚ª‘½‚Ά‹ζ‰ζ®‘R‚Ζ‚µ‚½Z‘ξ’nζ,‹ζ“Ή,“μ,6,,,,ƒKƒX,…“Ή,‰Ί…“Ή,Ό‚“‡•½,,450 ,‚P’ακ,€–h,50 ,100 ,,,,,,,,,,
Z,13119 ,8 ,”Β‹΄,0 ,24 ,”Β‹΄‹ζ,”Β‹΄‚Q’–Ϊ‚P‚S”Τ‚X,”Β‹΄‚Q|‚P‚S|‚U,"714,000 ","638,000 ",11.9 ,114 ,,1,2,––±“‹¤“―Z‘ξ,‚r,4F,,μ‹ΖAƒ}ƒ“ƒVƒ‡ƒ““™‚ª¬έ‚·‚ιZ‘ξ’nζ,‹ζ“Ή,–k,8,,,,ƒKƒX,…“Ή,‰Ί…“Ή,‰Ί”Β‹΄,,450 ,€H,€–h,60 ,300 ,,,,,,,,,,
Z,13119 ,8 ,”Β‹΄,0 ,25 ,”Β‹΄‹ζ,‘εR‹ΰδ’¬‚S‚R”Τ‚X,‘εR‹ΰδ’¬‚S‚R|‚V,"736,000 ","666,000 ",10.5 ,182 ,,1,2,‹¤“―Z‘ξ,‚q‚b,5F,,Z‘ξAƒAƒp[ƒgAμ‹Ζ“™‚ª¬έ‚·‚ιZ‘ξ’nζ,‹ζ“Ή,“μ,6.3,,,,ƒKƒX,…“Ή,‰Ί…“Ή,‘εR,,300 ,‚QZ‹,€–h,60 ,300 ,,,,,,,,,,
Z,13119 ,8 ,”Β‹΄,0 ,26 ,”Β‹΄‹ζ,¬“¤‘ς‚S’–Ϊ‚Q”Τ‚P‚RO,¬“¤‘ς‚S|‚P‚P|‚P‚W,"525,000 ","485,000 ",8.2 ,99 ,,2,1,Z‘ξ,‚r,3F,,’†¬‹K–Νκ”ΚZ‘ξAƒAƒp[ƒg“™‚ª‚Ώ•ΐ‚Τ’nζ,‹ζ“Ή,“,6,,,,ƒKƒX,…“Ή,‰Ί…“Ή,u‘Ίβγ,,800 ,‚PZ‹,€–h,60 ,200 ,,,,,,,,,,
Z,13119 ,8 ,”Β‹΄,0 ,27 ,”Β‹΄‹ζ,“ΏΫ‚R’–Ϊ‚P‚T‚R”Τ‚P‚O,“ΏΫ‚R|‚S|‚P‚W,"563,000 ","520,000 ",8.3 ,132 ,,1,2.5,Z‘ξ,‚k‚r,2F,,ΛZ‘ξ‚π’†S‚Ι‹¤“―Z‘ξ‚ΰ©‚η‚κ‚ιZ‘ξ’nζ,‹ζ“Ή,–k,6,,,,ƒKƒX,…“Ή,‰Ί…“Ή,“•—ϋ”n,,380 ,‚P’†κ,€–h,60 ,200 ,,,,,,,,,,
Z,13119 ,8 ,”Β‹΄,0 ,28 ,”Β‹΄‹ζ,Τ’Λ‚W’–Ϊ‚S”Τ‚R‚T,Τ’Λ‚W|‚S|‚S‚Q,"394,000 ","373,000 ",5.6 ,131 ,,1,1.5,‹¤“―Z‘ξ,‚q‚b,2F,,κ”ΚZ‘ξAƒAƒp[ƒg“™‚ª‚Ώ•ΐ‚ΤZ‘ξ’nζ,‹ζ“Ή,“,6,,,,ƒKƒX,…“Ή,‰Ί…“Ή,V‚“‡•½,,"1,400 ",‚P’†κ,€–h,60 ,200 ,,,,,,,,,,
Z,13119 ,8 ,”Β‹΄,0 ,29 ,”Β‹΄‹ζ,‘O–μ’¬‚P’–Ϊ‚S‚S”Τ‚P‚S,‘O–μ’¬‚P|‚S‚S|‚U,"553,000 ","513,000 ",7.8 ,332 ,,1,1.2,‹¤“―Z‘ξ,‚r,3F,,Z‘ξ‚Μ‚Ω‚©“X•άAμ‹Ζ“™‚ª¬έ‚·‚ιZ‘ξ’nζ,‹ζ“Ή,–kΌ,5.4,,,,ƒKƒX,…“Ή,‰Ί…“Ή,‚Ζ‚«‚ν‘δ,,820 ,€H,€–h,60 ,200 ,,,,,,,,,,
Z,13119 ,8 ,”Β‹΄,0 ,30 ,”Β‹΄‹ζ,α–Ψ‚P’–Ϊ‚P‚V‚R”Τ‚P‚U,α–Ψ‚P|‚Q‚R|‚Q,"464,000 ","430,000 ",7.9 ,95 ,,1.5,1,Z‘ξ,‚r,3F,,Z‘ξ‚Μ’†‚ΙHκ“™‚ΰ©‚η‚κ‚ιZ‘ξ’nζ,‹ζ“Ή,Ό,4,,,,ƒKƒX,…“Ή,‰Ί…“Ή,γ”Β‹΄,,950 ,€H,€–h,60 ,200 ,,,,,,,,,,
Z,13119 ,8 ,”Β‹΄,0 ,31 ,”Β‹΄‹ζ,@ª‚R’–Ϊ‚P‚X”Τ‚Q‚O,@ª‚R|‚S|‚P‚S,"494,000 ","458,000 ",7.9 ,495 ,,1,1.5,‹¤“―Z‘ξ,‚q‚b,4F,,Z‘ξAƒ}ƒ“ƒVƒ‡ƒ“AƒAƒp[ƒg‚ª‚Ώ•ΐ‚ΤZ‘ξ’nζ,‹ζ“Ή,Ό,10,,,,ƒKƒX,…“Ή,‰Ί…“Ή,Ό‘δ,,420 ,‚PZ‹,€–h,60 ,200 ,,,,,,,,,,
Z,13119 ,8 ,”Β‹΄,0 ,32 ,”Β‹΄‹ζ,α–Ψ‚R’–Ϊ‚P‚V‚V‚U”Τ‚P‚W,α–Ψ‚R|‚P‚S|‚X,"403,000 ","378,000 ",6.6 ,74 ,,1,1.5,Z‘ξ,‚v,2F,,¬‹K–ΝZ‘ξ‚ª‘½‚Ά‹N•‚Μ‚ ‚ιZ‘ξ’nζ,‹ζ“Ή,Ό,4,,,,ƒKƒX,…“Ή,‰Ί…“Ή,γ”Β‹΄,,"1,100 ",‚P’†κ,€–h,60 ,200 ,,,,,,,,,,
Z,13119 ,8 ,”Β‹΄,0 ,33 ,”Β‹΄‹ζ,β‰Ί‚P’–Ϊ‚U”Τ‚T‚O,β‰Ί‚P|‚R‚O|‚Q‚P,"472,000 ","437,000 ",8.0 ,150 ,,1,1.5,‹¤“―Z‘ξ,‚r‚q‚b,3F,,κ”ΚZ‘ξAƒ}ƒ“ƒVƒ‡ƒ““™‚ª‚Ώ•ΐ‚ΤZ‘ξ’nζ,‹ζ“Ή,–k“,10,,,,ƒKƒX,…“Ή,‰Ί…“Ή,u‘ΊO’–Ϊ,,680 ,€H,€–h,60 ,200 ,,,,,,,,,,
Z,13119 ,8 ,”Β‹΄,0 ,34 ,”Β‹΄‹ζ,“μ’¬‚P‚X”Τ‚P‚R,“μ’¬‚P‚X|‚Q,"761,000 ","676,000 ",12.6 ,102 ,,1,2,Z‘ξ,‚v,3F,,κ”ΚZ‘ξAƒAƒp[ƒg‚ª‚Ώ•ΐ‚ΤZ‘ξ’nζ,‹ζ“Ή,“μ“,6.1,,,,ƒKƒX,…“Ή,‰Ί…“Ή,—v’¬,,700 ,‚P’†κ,€–h,60 ,200 ,,,,,,,,,,
Z,13119 ,8 ,”Β‹΄,0 ,35 ,”Β‹΄‹ζ,@ª‚Q’–Ϊ‚U”Τ‚V‚V,@ª‚Q|‚Q‚T|‚V,"470,000 ","439,000 ",7.1 ,119 ,,1,1.5,Z‘ξ,‚k‚r,2F,,¬‹K–Νκ”ΚZ‘ξAƒAƒp[ƒg“™‚ª‚Ώ•ΐ‚ΤZ‘ξ’nζ,‹ζ“Ή,“μ,4,,,,ƒKƒX,…“Ή,‰Ί…“Ή,πΟª,,480 ,‚P’†κ,€–h,60 ,200 ,,,,,,,,,,
Z,13119 ,8 ,”Β‹΄,0 ,36 ,”Β‹΄‹ζ,’†‘δ‚Q’–Ϊ‚P‚R‚S‚O”Τ‚P‚R,’†‘δ‚Q|‚R‚R|‚R,"426,000 ","395,000 ",7.8 ,209 ,,1.2,1,Z‘ξ,‚v,1F,,κ”ΚZ‘ξ‚ª‘½‚Ά‚‘δ‚ΜΥΓ‚ΘZ‘ξ’nζ,‹ζ“Ή,“μ,4,,,,ƒKƒX,…“Ή,‰Ί…“Ή,u‘ΊO’–Ϊ,,800 ,‚P’†κ,€–h,60 ,200 ,,,,,,,,,,
Z,13119 ,8 ,”Β‹΄,0 ,37 ,”Β‹΄‹ζ,’†”Β‹΄‚P‚O”Τ‚P‚X,’†”Β‹΄‚P‚O|‚P‚P,"686,000 ","629,000 ",9.1 ,196 ,,1,1,‹¤“―Z‘ξ,‚q‚b,4F,,κ”ΚZ‘ξA‹¤“―Z‘ξ“™‚ª‚Ώ•ΐ‚ΤZ‘ξ’nζ,‹ζ“Ή,–k,6,,,,ƒKƒX,…“Ή,‰Ί…“Ή,’†”Β‹΄,,410 ,‚PZ‹,€–h,60 ,300 ,,,,,,,,,,
Z,13119 ,8 ,”Β‹΄,0 ,38 ,”Β‹΄‹ζ,“R’¬‚Q‚R”Τ‚P‚TO,“R’¬‚Q‚R|‚W,"607,000 ","562,000 ",8.0 ,165 ,,1,1.2,Z‘ξ,‚v,2F,,’†¬‹K–Ν‚Μκ”ΚZ‘ξ“™‚ª‚Ώ•ΐ‚ΤZ‘ξ’nζ,‹ζ“Ή,Ό,6.9,,,,ƒKƒX,…“Ή,‰Ί…“Ή,‚Ζ‚«‚ν‘δ,,900 ,‚P’†κ,€–h,60 ,200 ,,,,,,,,,,
Z,13119 ,8 ,”Β‹΄,0 ,39 ,”Β‹΄‹ζ,•xm©’¬‚R‚P”Τ‚Q‚O,•xm©’¬‚R‚P|‚U,"564,000 ","517,000 ",9.1 ,169 ,,1,1.5,Z‘ξ,‚k‚r,2F,,Z‘ξAƒAƒp[ƒgA“X•ά“™‚ª¬έ‚·‚ιZ‘ξ’nζ,‹ζ“Ή,Ό,5,,,,ƒKƒX,…“Ή,‰Ί…“Ή,’†”Β‹΄,,630 ,‚PZ‹,€–h,60 ,300 ,,,,,,,,,,
Z,13119 ,8 ,”Β‹΄,0 ,40 ,”Β‹΄‹ζ,’‡h‚P‚X”Τ‚P‚Q“ΰ,’‡h‚P‚X|‚U,"576,000 ","519,000 ",11.0 ,182 ,,1.5,1,Z‘ξ,‚v,2F,,κ”ΚZ‘ξAƒAƒp[ƒg“™‚ª‚Ώ•ΐ‚ΤZ‘ξ’nζ,‹ζ“Ή,“μΌ,4,,‘¤“Ή,“μ“,ƒKƒX,…“Ή,‰Ί…“Ή,”Β‹΄‹ζ–π‘O,,650 ,‚PZ‹,€–h,60 ,300 ,,,,,,,,,,
Z,13119 ,8 ,”Β‹΄,0 ,41 ,”Β‹΄‹ζ,Τ’Λ‚R’–Ϊ‚T‚T‚T”Τ‚WO,Τ’Λ‚R|‚R‚W|‚U,"518,000 ","482,000 ",7.5 ,366 ,,1,2,Z‘ξ,‚v,2F,,κ”ΚZ‘ξ‚Μ‚Ω‚©ƒAƒp[ƒg“™‚ΰ©‚η‚κ‚ιZ‘ξ’nζ,‹ζ“Ή,“μ“,6,,,,ƒKƒX,…“Ή,‰Ί…“Ή,¬‘,,450 ,‚P’†κ,€–h,60 ,200 ,,,,,,,,,,
,13119 ,8 ,”Β‹΄,0 ,43 ,”Β‹΄‹ζ,‚“‡•½‚V’–Ϊ‚Q‚X”Τ‚X,‚“‡•½‚V|‚Q‚X|‚P‚R,"398,000 ",,,375 ,,1,1.2,‹¤“―Z‘ξ,‚q‚b,4F,,’†‹K–Ν’†‘w‹¤“―Z‘ξ‚ª‘½‚Ά‹ζ‰ζ®—Ο‚ΜZ‘ξ’nζ,‹ζ“Ή,–k,6,,,,ƒKƒX,…“Ή,‰Ί…“Ή,V‚“‡•½,,480 ,‚P’†κ,€–h,60 ,200 ,,,,,,,,,,
Z,13119 ,8 ,”Β‹΄,0 ,44 ,”Β‹΄‹ζ,Τ’Λ‚P’–Ϊ‚Q‚X‚W‚Q”Τ‚U,Τ’Λ‚P|‚Q‚R|‚P‚T,"469,000 ","444,000 ",5.6 ,203 ,,1,1,Z‘ξ,‚v,2F,,’†‹K–Νκ”ΚZ‘ξ‚Μ’†‚Ι‹¤“―Z‘ξ“™‚ªέ‚ιZ‘ξ’nζ,‹ζ“Ή,“,4,,,,ƒKƒX,…“Ή,‰Ί…“Ή,‰ΊΤ’Λ,,630 ,‚P’†κ,€–h,60 ,200 ,,,,,,,,,,
Z,13119 ,8 ,”Β‹΄,0 ,45 ,”Β‹΄‹ζ,‘¶’¬‚Q‚O‚P‚V”Τ,‘¶’¬‚U|‚S,"497,000 ","466,000 ",6.7 ,535 ,,1,3,‹¤“―Z‘ξ,‚q‚b,3F,,’†‘wƒ}ƒ“ƒVƒ‡ƒ“‚ª‘½‚­AZ‘ξ‚ΰ©‚η‚κ‚ιZ‘ξ’nζ,‹ζ“Ή,“μΌ,8.8,,,,ƒKƒX,…“Ή,‰Ί…“Ή,u‘ΊO’–Ϊ,,550 ,‚PZ‹,€–h,60 ,200 ,,,,,,,,,,
Z,13119 ,8 ,”Β‹΄,0 ,46 ,”Β‹΄‹ζ,¬–Ξª‚P’–Ϊ‚P‚X‚T”Τ‚PO,¬–Ξª‚P|‚R‚Q|‚Q‚Q,"854,000 ","756,000 ",13.0 ,731 ,•s®`,1.5,1,‹¤“―Z‘ξ,‚r‚q‚b,10F,,’†‹K–Νƒ}ƒ“ƒVƒ‡ƒ“A–‹Ζ‚ª¬έ‚·‚ιZ‘ξ’nζ,“s“Ή,–kΌ,25,,,,ƒKƒX,…“Ή,‰Ί…“Ή,¬’|ό΄,,410 ,‹ί¤,–h‰Ξ,80 ,300 ,,,,,,,,,,
Z,13119 ,8 ,”Β‹΄,0 ,47 ,”Β‹΄‹ζ,β‰Ί‚R’–Ϊ‚P‚S”Τ‚SO,β‰Ί‚R|‚Q‚T|‚Q,"438,000 ","408,000 ",7.4 ,150 ,,1,2.5,‹¤“―Z‘ξ,‚v,2F,,‹¤“―Z‘ξAZ‘ξA“X•ά“Z‘ξ‚ª¬έ‚·‚ι’nζ,‹ζ“Ή,–k,11,,,,ƒKƒX,…“Ή,‰Ί…“Ή,πΟª,,870 ,€H,€–h,60 ,200 ,,,,,,,,,,
Z,13119 ,8 ,”Β‹΄,0 ,48 ,”Β‹΄‹ζ,‰Α‰κ‚P’–Ϊ‚R‚R‚T‚U”Τ‚R,‰Α‰κ‚P|‚P‚P|‚P,"720,000 ","651,000 ",10.6 ,"5,346 ",,1,2.5,‹¤“―Z‘ξ,‚q‚b,9F,1B,’†‚‘w‚Μ‹¤“―Z‘ξA–‹Ζ“™‚ª¬έ‚·‚ιZ‘ξ’nζ,‹ζ“Ή,Ό,12,,,,ƒKƒX,…“Ή,‰Ί…“Ή,”Β‹΄‹ζ–π‘O,,700 ,€H,€–h,60 ,300 ,,,,,,,,,,
Z,13119 ,8 ,”Β‹΄,5 ,1 ,”Β‹΄‹ζ,‘εR’¬‚R‚P”Τ‚P,‘εR’¬‚R‚P|‚P,"2,140,000 ","1,830,000 ",16.9 ,99 ,,1,3,“X•ά“––±,‚r‚q‚b,4F,1B,¬”„“X•ά‚ª‚Ώ•ΐ‚Τ‘εR‰w‚Ι‹ί‚Άω¬¤‹Ζ’nζ,‹ζ“Ή,“μ,7,,,,ƒKƒX,…“Ή,‰Ί…“Ή,‘εR,,100 ,¤‹Ζ,–h‰Ξ,80 ,500 ,,,,,,,,,,
Z,13119 ,8 ,”Β‹΄,5 ,2 ,”Β‹΄‹ζ,‚“‡•½‚W’–Ϊ‚P‚T”Τ‚P,‚“‡•½‚W|‚P‚T|‚P,"666,000 ","619,000 ",7.6 ,423 ,,1,1.2,“X•ά“‹¤“―Z‘ξ,‚q‚b,5F,,’†‘w‚Μ“X•ά“‹¤“―Z‘ξ“™‚ª‚Ώ•ΐ‚Τ¤‹Ζ’nζ,‹ζ“Ή,“,6,,‘¤“Ή,“μ,ƒKƒX,…“Ή,‰Ί…“Ή,‚“‡•½,,110 ,¤‹Ζ,–h‰Ξ,80 ,500 ,,,,,,,,,,
Z,13119 ,8 ,”Β‹΄,5 ,3 ,”Β‹΄‹ζ,Τ’Λ‚Q’–Ϊ‚W‚O‚S”Τ‚R,Τ’Λ‚Q|‚Q|‚U,"895,000 ","805,000 ",11.2 ,75 ,,1,2,“X•ά“––±,‚v,3F,,¬‹K–Ν‚Θ“X•άAωH“X‚ª‘½‚Ά‰w‘O‚Μ¤‹Ζ’nζ,‹ζ“Ή,“μΌ,6,,,,ƒKƒX,…“Ή,‰Ί…“Ή,‰ΊΤ’Λ,,80 ,¤‹Ζ,–h‰Ξ,80 ,400 ,,,,,,,,,,
Z,13119 ,8 ,”Β‹΄,5 ,4 ,”Β‹΄‹ζ,u‘Ί‚Q’–Ϊ‚S”Τ‚Q‚X,u‘Ί‚Q|‚Q|‚S,"781,000 ","714,000 ",9.4 ,74 ,,1,2,“X•ά“Z‘ξ,‚r,4F,1B,’†’α‘w‚Μ¬”„“X•ά“™‚ª‚Ώ•ΐ‚Τ¤‹Ζ’nζ,‹ζ“Ή,“μ,11,,,,ƒKƒX,…“Ή,‰Ί…“Ή,u‘Ίβγ,,170 ,¤‹Ζ,–h‰Ξ,80 ,400 ,,,,,,,,,,
Z,13119 ,8 ,”Β‹΄,5 ,5 ,”Β‹΄‹ζ,’‡h‚U‚R”Τ‚SO,’‡h‚U‚R|‚W,"1,080,000 ","957,000 ",12.9 ,139 ,,1,1.2,“X•ά“‹¤“―Z‘ξ,‚q‚b,5F,,‹’†R“Ή‰‚Ά‚Ι¬”„“X•ά‚ª‚Ώ•ΐ‚Τ¤‹Ζ’nζ,‹ζ“Ή,–k“,7,,,,ƒKƒX,…“Ή,‰Ί…“Ή,”Β‹΄‹ζ–π‘O,,130 ,¤‹Ζ,–h‰Ξ,80 ,400 ,,,,,,,,,,
Z,13119 ,8 ,”Β‹΄,5 ,6 ,”Β‹΄‹ζ,¬‘‚Q’–Ϊ‚P‚U‚T”Τ‚UO,¬‘‚Q|‚P‚X|‚Q,"1,340,000 ","1,210,000 ",10.7 ,197 ,‘δ`,1,2,“X•ά“Z‘ξ,‚v,2F,,’†’α‘w‚Μ¬”„“X•ά‚ª‚Ώ•ΐ‚Τ‰w‘O‚Μ¤‹Ζ’nζ,‹ζ“Ή,“μ,7.2,,,,ƒKƒX,…“Ή,‰Ί…“Ή,¬‘,,100 ,¤‹Ζ,–h‰Ξ,80 ,500 ,,,,,,,,,,
Z,13119 ,8 ,”Β‹΄,5 ,7 ,”Β‹΄‹ζ,γ”Β‹΄‚P’–Ϊ‚S‚V‚T‚R”Τ‚W,γ”Β‹΄‚P|‚Q‚P|‚S,"845,000 ","741,000 ",14.0 ,74 ,,1,2,“X•ά“‹¤“―Z‘ξ,‚r,5F,,’†‚‘w“X•ά“‹¤“―Z‘ξ“™‚ª‚Ώ•ΐ‚Τ¤‹Ζ’nζ,‹ζ“Ή,“μΌ,8,,,,ƒKƒX,…“Ή,‰Ί…“Ή,γ”Β‹΄,,270 ,‹ί¤,€–h,80 ,300 ,,,,,,,,,,
Z,13119 ,8 ,”Β‹΄,5 ,8 ,”Β‹΄‹ζ,‘εa’¬‚P‚S”Τ‚QO,‘εa’¬‚P‚S|‚P‚S,"1,240,000 ","1,060,000 ",17.0 ,220 ,,1.5,1,f—Γ“‹¤“―Z‘ξ,‚q‚b,12F,,’†‚‘w‚Μ“X•άA––±ƒrƒ‹“™‚ª‚Ώ•ΐ‚Τ¤‹Ζ’nζ,‘“Ή,“,40,,,,ƒKƒX,…“Ή,‰Ί…“Ή,”Β‹΄–{’¬,‹ίΪ,0 ,¤‹Ζ,–h‰Ξ,80 ,600 ,,,,,,,,,,
Z,13119 ,8 ,”Β‹΄,5 ,9 ,”Β‹΄‹ζ,ν”Υ‘δ‚Q’–Ϊ‚U”Τ‚V,ν”Υ‘δ‚Q|‚U|‚T,"1,350,000 ","1,230,000 ",9.8 ,105 ,‘δ`,1,2.5,“X•ά“––±,‚q‚b,4F,1B,’†‘w‚Μ“X•άA‹βs“™‚ª¬έ‚·‚ι‰w‘O‚Μ¤‹Ζ’nζ,‹ζ“Ή,“μ“,15,,”w–Κ“Ή,,ƒKƒX,…“Ή,‰Ί…“Ή,‚Ζ‚«‚ν‘δ,,70 ,¤‹Ζ,–h‰Ξ,80 ,500 ,,,,,*,13119,5 ,13 ,"1,300,000 ",3.8 
Z,13119 ,8 ,”Β‹΄,5 ,10 ,”Β‹΄‹ζ,“β‰Ί‚Q’–Ϊ‚P‚P”Τ‚S,“β‰Ί‚Q|‚P‚U|‚S,"614,000 ","547,000 ",12.2 ,470 ,•s®`,1.5,1,“X•ά,‚q‚b,3F,,©“®Τ”Μ”„‰οΠA“X•ά“™‚Μ‚Ώ•ΐ‚Τ¤‹Ζ’nζ,‘“Ή,“μΌ,25,,,,ƒKƒX,…“Ή,‰Ί…“Ή,πΟª,,880 ,‹ί¤,–h‰Ξ,80 ,300 ,,,,,,,,,,
Z,13119 ,8 ,”Β‹΄,5 ,11 ,”Β‹΄‹ζ,u‘Ί‚R’–Ϊ‚P‚R”Τ‚U,u‘Ί‚R|‚U|‚V,"693,000 ","633,000 ",9.5 ,"1,022 ",‘δ`,1,1.5,“X•ά“‹¤“―Z‘ξ,‚q‚b,7F,1B,¬”„“X•ά‚βωH“X•ά‚ª©‚η‚κ‚ι‰w‘O‚Μ¤‹Ζ’nζ,‹ζ“Ή,–k,6,,‘¤“Ή,“μΌ,ƒKƒX,…“Ή,‰Ί…“Ή,u‘ΊO’–Ϊ,,70 ,‹ί¤,€–h,80 ,300 ,,,,,,,,,,
Z,13119 ,8 ,”Β‹΄,5 ,12 ,”Β‹΄‹ζ,¬‘‚R’–Ϊ‚R‚P‚T”Τ‚S‚Q,¬‘‚R|‚R‚T|‚P,"598,000 ","533,000 ",12.2 ,139 ,,1,3,“X•ά“‹¤“―Z‘ξ,‚q‚b,3F,,’†’α‘w‚Μ“X•ά“‹¤“―Z‘ξ‚ª‚Ώ•ΐ‚Τ‹ί—Χ¤‹Ζ’nζ,‹ζ“Ή,“μΌ,8,,,,ƒKƒX,…“Ή,‰Ί…“Ή,¬‘,,600 ,‹ί¤,€–h,80 ,300 ,,,,,,,,,,
Z,13119 ,8 ,”Β‹΄,5 ,13 ,”Β‹΄‹ζ,”Β‹΄‚P’–Ϊ‚S‚U”Τ‚V,”Β‹΄‚P|‚S‚U|‚R,"1,230,000 ","1,050,000 ",17.1 ,118 ,,1,2.5,“X•ά“‹¤“―Z‘ξ,‚r‚q‚b,8F,,’†‚‘w‚Μ“X•ά“‹¤“―Z‘ξ“™‚ª‚Ώ•ΐ‚Τ¤‹Ζ’nζ,‹ζ“Ή,“μΌ,12,,,,ƒKƒX,…“Ή,‰Ί…“Ή,”Β‹΄,,350 ,¤‹Ζ,–h‰Ξ,80 ,600 ,,,,,,,,,,
Z,13119 ,8 ,”Β‹΄,5 ,14 ,”Β‹΄‹ζ,@ΐ’¬‚Q‚U”Τ‚X,@ΐ’¬‚Q‚U|‚X,"645,000 ","592,000 ",9.0 ,155 ,‘δ`,1,1.2,“X•ά“Z‘ξ,‚r,2F,,“X•ά“Z‘ξ‚Μ‘Όƒ}ƒ“ƒVƒ‡ƒ“‚ΰ©‚η‚κ‚ι¤‹Ζ’nζ,‹ζ“Ή,“μ,11,,,,ƒKƒX,…“Ή,‰Ί…“Ή,–{πΟΐ,,130 ,‹ί¤,€–h,80 ,300 ,,,,,*,13119,5 ,10 ,"618,000 ",4.4 
Z,13119 ,8 ,”Β‹΄,5 ,15 ,”Β‹΄‹ζ,’†Ϋ’¬‚P‚S”Τ‚PO,’†Ϋ’¬‚P‚S|‚P,"1,070,000 ","918,000 ",16.6 ,271 ,,1,1.5,––±,‚r‚q‚b,10F,,’†‚‘w‚Μ––±Aƒ}ƒ“ƒVƒ‡ƒ“‚ª‚Ώ•ΐ‚Τ¤‹Ζ’nζ,“s“Ή,“μ“,40,,‘¤“Ή,–k“,ƒKƒX,…“Ή,‰Ί…“Ή,‘εR,,950 ,¤‹Ζ,–h‰Ξ,80 ,500 ,,,,,,,,,,
Z,13119 ,8 ,”Β‹΄,5 ,16 ,”Β‹΄‹ζ,‘εR“’¬‚T‚Q”Τ‚Q‚P,‘εR“’¬‚T‚Q|‚P,"1,280,000 ","1,120,000 ",14.3 ,137 ,,1,2,“X•ά“Z‘ξ,‚q‚b,3F,,’†’α‘w‚Μ¬”„“X•ά“™‚ª‚Ώ•ΐ‚Τ¤‹Ζ’nζ,‹ζ“Ή,“μ,7,,,,ƒKƒX,…“Ή,‰Ί…“Ή,‘εR,,160 ,¤‹Ζ,–h‰Ξ,80 ,400 ,,,,,,,,,,
Z,13119 ,8 ,”Β‹΄,5 ,17 ,”Β‹΄‹ζ,–ν¶’¬‚Q‚V”Τ‚R,–ν¶’¬‚Q‚V|‚P‚S,"726,000 ","657,000 ",10.5 ,72 ,,1,2,“X•άAZ‘ξ“‘qΙ,‚r‚q‚b,5F,1B,’†’α‘w‚Μ“X•ά“Z‘ξ‚Μ‘½‚Ά¤‹Ζ’nζ,‹ζ“Ή,–k,8,,,,ƒKƒX,…“Ή,‰Ί…“Ή,’†”Β‹΄,,200 ,‹ί¤,€–h,80 ,300 ,,,,,,,,,,
Z,13119 ,8 ,”Β‹΄,5 ,18 ,”Β‹΄‹ζ,‚“‡•½‚Q’–Ϊ‚V”Τ‚R,‚“‡•½‚Q|‚V|‚S,"514,000 ","466,000 ",10.3 ,492 ,,1.5,1,“X•ά“‹¤“―Z‘ξ,‚q‚b,4F,,’†¬‹K–Ν‚Μƒ}ƒ“ƒVƒ‡ƒ“A‰c‹Ζ“™¬έ‚Μ¤‹Ζ’nζ,“s“Ή,“μΌ,40,,,,ƒKƒX,…“Ή,‰Ί…“Ή,‚“‡•½,,790 ,€Z‹,€–h,60 ,300 ,,,,,,,,,,
Z,13119 ,8 ,”Β‹΄,5 ,19 ,”Β‹΄‹ζ,”Β‹΄‚P’–Ϊ‚S‚W”Τ‚Q‚U,”Β‹΄‚P|‚S‚W|‚P‚Q,"1,270,000 ","1,080,000 ",17.6 ,180 ,,1,2,––±“ΤΙ,‚r‚q‚b,9F,1B,‚‘w‚Μ––±‚Ζƒ}ƒ“ƒVƒ‡ƒ“‚ª‚Ώ•ΐ‚Τ¤‹Ζ’nζ,‘“Ή,–k,40,,,,ƒKƒX,…“Ή,‰Ί…“Ή,V”Β‹΄,,60 ,¤‹Ζ,–h‰Ξ,80 ,600 ,,,,,,,,,,
Z,13119 ,8 ,”Β‹΄,9 ,1 ,”Β‹΄‹ζ,“β‰Ί‚P’–Ϊ‚X”Τ‚P‚O,“β‰Ί‚P|‚P‚S|‚P‚Q,"406,000 ","367,000 ",10.6 ,"1,138 ",,1,2,Hκ,,,,HκA‘qΙ‚Μ‚Ω‚©‚ΙZ‘ξ‚ΰ©‚η‚κ‚ιH‹Ζ’nζ,‹ζ“Ή,“μΌ,6,,,,ƒKƒX,…“Ή,‰Ί…“Ή,u‘ΊO’–Ϊ,,900 ,H‹Ζ,€–h,60 ,200 ,,,,,,,,,,
Z,13119 ,8 ,”Β‹΄,9 ,2 ,”Β‹΄‹ζ,M“n‚R’–Ϊ‚P‚Q”Τ‚R,M“n‚R|‚P‚T|‚Q‚S,"367,000 ","333,000 ",10.2 ,419 ,,1,2,Hκ“––±,‚r,2F,,HκA‘qΙA–‹Ζ“™‚ª‚Ώ•ΐ‚ΤH‹Ζ’nζ,‹ζ“Ή,“,8,,,,ƒKƒX,…“Ή,‰Ί…“Ή,•‚ΤM“n,,850 ,H‹Ζ,€–h,60 ,200 ,,,,,,,,,,
Z,13119 ,8 ,”Β‹΄,9 ,3 ,”Β‹΄‹ζ,V‰Νέ‚Q’–Ϊ‚T‚T”Τ‚QO,V‰Νέ‚Q|‚W|‚Q‚T,"336,000 ","307,000 ",9.4 ,"1,611 ",•s®`,1,2,Hκ“––±,,,,’†¬‹K–Ν‚ΜHκA‘qΙ“™‚ª‚Ώ•ΐ‚ΤH‹Ζ’nζ,‹ζ“Ή,“,8,,”w–Κ“Ή,,ƒKƒX,…“Ή,‰Ί…“Ή,‚“‡•½,,"1,100 ",H‹Ζ,€–h,60 ,200 ,,,,,,,,,,
Z,13120 ,8 ,—ϋ”n,0 ,1 ,—ϋ”n‹ζ,“μ“c’†‚S’–Ϊ‚S‚P‚Q”Τ‚Q,“μ“c’†‚S|‚Q‚O|‚P‚U,"419,000 ","397,000 ",5.5 ,121 ,,1,1.2,Z‘ξ,‚v,2F,,’†¬‹K–Ν‚Μκ”ΚZ‘ξ‚ª‘½‚ΆZ‘ξ’nζ,‹ζ“Ή,Ό,4,,,,ƒKƒX,…“Ή,‰Ί…“Ή,Ξ_δφ‰€,,"1,300 ",‚P’ακ,€–h,50 ,100 ,,,,,,,,,,
Z,13120 ,8 ,—ϋ”n,0 ,2 ,—ϋ”n‹ζ,“μ‘ες‚P’–Ϊ‚P‚X‚P”Τ‚S‚O,“μ‘ες‚P|‚U|‚S‚U,"353,000 ","341,000 ",3.5 ,110 ,,1,1.2,Z‘ξ,‚v,2F,,κ”ΚZ‘ξ‚Μ’†‚Ι”_’n“™‚ª©‚η‚κ‚ιZ‘ξ’nζ,‹ζ“Ή,–k,5,,,,ƒKƒX,…“Ή,‰Ί…“Ή,•‘ Φ,,"1,400 ",‚P’ακ,€–h,50 ,100 ,,,,,,,,,,
Z,13120 ,8 ,—ϋ”n,0 ,3 ,—ϋ”n‹ζ,Ξ_δ‘δ‚S’–Ϊ‚P‚Q‚O‚V”Τ‚Q‚R,Ξ_δ‘δ‚S|‚P‚T|‚W,"419,000 ","398,000 ",5.3 ,110 ,,1,1.5,Z‘ξ,‚v,2F,,κ”ΚZ‘ξ‚Μ’†‚Ι‹σ’n“™‚ª©‚η‚κ‚ιZ‘ξ’nζ,‹ζ“Ή,“μ,4,,,,ƒKƒX,…“Ή,‰Ί…“Ή,γΞ_δ,,"1,100 ",‚P’ακ,€–h,50 ,100 ,,,,,,,,,,
Z,13120 ,8 ,—ϋ”n,0 ,4 ,—ϋ”n‹ζ,•½a‘δ‚Q’–Ϊ‚P‚T‚X‚P”Τ‚S‚U,•½a‘δ‚Q|‚Q‚Q|‚R,"512,000 ","479,000 ",6.9 ,117 ,,1,1,Z‘ξ,‚v,3F,,κ”ΚZ‘ξAƒAƒp[ƒg“™‚ª‚Ώ•ΐ‚ΤZ‘ξ’nζ,‹ζ“Ή,“μ,6,,,,ƒKƒX,…“Ή,‰Ί…“Ή,•½a‘δ,,"1,000 ",‚P’ακ,€–h,60 ,200 ,,,,,*,13120,0 ,7 ,"495,000 ",3.4 
Z,13120 ,8 ,—ϋ”n,0 ,5 ,—ϋ”n‹ζ,•½a‘δ‚S’–Ϊ‚P‚U‚R‚O”Τ‚Q‚Q,•½a‘δ‚S|‚P‚Q|‚P‚O,"607,000 ","565,000 ",7.4 ,199 ,,1,1.2,Z‘ξ,‚v,2F,,κ”ΚZ‘ξ‚Μ’†‚Ι‹¤“―Z‘ξ“™‚ΰ©‚η‚κ‚ιZ‘ξ’nζ,‹ζ“Ή,–kΌ,6,,,,ƒKƒX,…“Ή,‰Ί…“Ή,•½a‘δ,,320 ,‚P’ακ,€–h,60 ,200 ,,,,,,,,,,
Z,13120 ,8 ,—ϋ”n,0 ,6 ,—ϋ”n‹ζ,•Xμ‘δ‚S’–Ϊ‚W‚S”Τ‚P‚S,•Xμ‘δ‚S|‚S‚T|‚P‚W,"560,000 ","521,000 ",7.5 ,165 ,,1,1.5,Z‘ξ,‚q‚b,3F,,’†‹K–Νκ”ΚZ‘ξ‚Μ’†‚Ι‹σ’n‚ΰ©‚η‚κ‚ιZ‘ξ’nζ,‹ζ“Ή,–k,6,,,,ƒKƒX,…“Ή,‰Ί…“Ή,•Xμ‘δ,,550 ,‚P’ακ,€–h,60 ,200 ,,,,,,,,,,
Z,13120 ,8 ,—ϋ”n,0 ,7 ,—ϋ”n‹ζ,t“ϊ’¬‚R’–Ϊ‚Q‚O‚O‚O”Τ‚P‚U,t“ϊ’¬‚R|‚P‚O|‚Q,"476,000 ","448,000 ",6.3 ,139 ,,1.2,1,Z‘ξ,‚v,2F,,’†¬‹K–Νκ”ΚZ‘ξ‚ª‚Ώ•ΐ‚ΤZ‘ξ’nζ,‹ζ“Ή,–k“,4,,,,ƒKƒX,…“Ή,‰Ί…“Ή,—ϋ”nt“ϊ’¬,,540 ,‚P’ακ,€–h,50 ,100 ,,,,,,,,,,
Z,13120 ,8 ,—ϋ”n,0 ,8 ,—ϋ”n‹ζ,γΞ_δ‚P’–Ϊ‚R‚W‚W”Τ‚R‚X,γΞ_δ‚P|‚R‚O|‚Q‚S,"462,000 ","435,000 ",6.2 ,185 ,,1.2,1,Z‘ξ,‚v,2F,,’†‹K–Νκ”ΚZ‘ξ‚Μ‚Ω‚©ƒAƒp[ƒg‚ΰ‘¶‚·‚ιZ‘ξ’nζ,‹ζ“Ή,“,4,,,,ƒKƒX,…“Ή,‰Ί…“Ή,γΞ_δ,,460 ,‚P’†κ,€–h,50 ,150 ,,,,,,,,,,
Z,13120 ,8 ,—ϋ”n,0 ,9 ,—ϋ”n‹ζ,—ϋ”n‚S’–Ϊ‚U‚U‚X‚P”Τ‚Q‚U,—ϋ”n‚S|‚Q‚R|‚V,"554,000 ","516,000 ",7.4 ,176 ,,1.2,1,Z‘ξ“‹¤“―Z‘ξ,‚v,2F,,κ”ΚZ‘ξAƒAƒp[ƒg“™‚ª‚Ώ•ΐ‚ΤZ‘ξ’nζ,‹ζ“Ή,“μ,4,,,,ƒKƒX,…“Ή,‰Ί…“Ή,“s‰c–L“‡‰€,,120 ,‚P’ακ,€–h,50 ,100 ,,,,,,,,,,
Z,13120 ,8 ,—ϋ”n,0 ,10 ,—ϋ”n‹ζ,‘εςw‰€’¬‚U’–Ϊ‚W‚O‚W”Τ‚U,‘εςw‰€’¬‚U|‚P‚R|‚Q‚S,"271,000 ","264,000 ",2.7 ,190 ,,1,2,Z‘ξ,‚v,2F,1B,κ”ΚZ‘ξ“™‚ª‚Ώ•ΐ‚Τ‹ζ‰ζ®‘R‚Ζ‚µ‚½Z‘ξ’nζ,‹ζ“Ή,–k,5.7,,,,ƒKƒX,…“Ή,‰Ί…“Ή,‘εςw‰€,,"2,600 ",‚P’ακ,€–h,50 ,100 ,,,,,*,13120,0 ,35 ,"268,000 ",1.1 
Z,13120 ,8 ,—ϋ”n,0 ,11 ,—ϋ”n‹ζ,Ξ_δ’¬‚W’–Ϊ‚P‚U‚W‚O”Τ‚P‚X‚V,Ξ_δ’¬‚W|‚Q‚W|‚P‚O,"536,000 ","499,000 ",7.4 ,165 ,,1,1,Z‘ξ,‚v,2F,,’†‹K–Νκ”ΚZ‘ξ‚ª‚Ώ•ΐ‚ΤZ‘ξ’nζ,‹ζ“Ή,“μΌ,5.3,,,,ƒKƒX,…“Ή,‰Ί…“Ή,Ξ_δφ‰€,,630 ,‚P’ακ,€–h,50 ,100 ,,,,,,,,,,
Z,13120 ,8 ,—ϋ”n,0 ,12 ,—ϋ”n‹ζ,t“ϊ’¬‚P’–Ϊ‚Q‚Q‚P‚P”Τ‚P‚X,t“ϊ’¬‚P|‚R‚U|‚T,"512,000 ","480,000 ",6.7 ,125 ,,1,2,Z‘ξ,‚v,2F,,’†‹K–Νκ”ΚZ‘ξ‚ª‘½‚ΆΥΓ‚ΘZ‘ξ’nζ,‹ζ“Ή,“μ,5,,,,ƒKƒX,…“Ή,‰Ί…“Ή,—ϋ”nt“ϊ’¬,,490 ,‚P’ακ,€–h,50 ,100 ,,,,,*,13120,0 ,17 ,"495,000 ",3.4 
Z,13120 ,8 ,—ϋ”n,0 ,13 ,—ϋ”n‹ζ,“μ‘ες‚R’–Ϊ‚S‚P‚W”Τ‚P‚U,“μ‘ες‚R|‚Q‚P|‚S,"376,000 ","363,000 ",3.6 ,136 ,,1,1.5,Z‘ξ,‚v,2F,,κ”ΚZ‘ξAƒAƒp[ƒgA”¨“™‚ª¬έ‚·‚ιZ‘ξ’nζ,‹ζ“Ή,“μ,5,,,,ƒKƒX,…“Ή,‰Ί…“Ή,•Ϋ’J,,800 ,‚P’ακ,€–h,50 ,100 ,,,,,,,,,,
Z,13120 ,8 ,—ϋ”n,0 ,14 ,—ϋ”n‹ζ,‘εςw‰€’¬‚S’–Ϊ‚P‚O‚X”Τ‚W,‘εςw‰€’¬‚S|‚R‚P|‚P‚O,"289,000 ","280,000 ",3.2 ,108 ,,1,1.5,Z‘ξ,‚v,2F,,κ”ΚZ‘ξ“™‚ª‚Ώ•ΐ‚ΤΥΓ‚ΘZ‘ξ’nζ,‹ζ“Ή,“μ,5.7,,,,ƒKƒX,…“Ή,‰Ί…“Ή,‘εςw‰€,,"2,600 ",‚P’ακ,€–h,50 ,100 ,,,,,,,,,,
Z,13120 ,8 ,—ϋ”n,0 ,15 ,—ϋ”n‹ζ,“yx“c‚Q’–Ϊ‚P‚P‚Q‚X”Τ‚V,“yx“c‚Q|‚R‚W|‚Q‚R,"317,000 ","305,000 ",3.9 ,110 ,,1,1.2,Z‘ξ,‚v,2F,,¬‹K–Νκ”ΚZ‘ξ‚ª‚Ώ•ΐ‚ΤZ‘ξ’nζ,‹ζ“Ή,–kΌ,5,,,,ƒKƒX,…“Ή,‰Ί…“Ή,υ‚ª‹u,,"1,800 ",‚P’ακ,€–h,50 ,100 ,,,,,,,,,,
Z,13120 ,8 ,—ϋ”n,0 ,16 ,—ϋ”n‹ζ,‘‹{‚Q’–Ϊ‚S‚V‚T‚U”Τ‚R‚S,‘‹{‚Q|‚Q‚O|‚Q,"525,000 ","490,000 ",7.1 ,104 ,,1.2,1,Z‘ξ,‚v,2F,,κ”ΚZ‘ξAƒAƒp[ƒg“™‚ª‚Ώ•ΐ‚ΤZ‘ξ’nζ,‹ζ“Ή,“μ“,5,,,,ƒKƒX,…“Ή,‰Ί…“Ή,•½a‘δ,,410 ,‚P’ακ,€–h,50 ,100 ,,,,,,,,,,
Z,13120 ,8 ,—ϋ”n,0 ,17 ,—ϋ”n‹ζ,“c•Ώ‚Q’–Ϊ‚U‚S‚O‚T”Τ‚U‚R,“c•Ώ‚Q|‚R‚T|‚Q‚O,"533,000 ","498,000 ",7.0 ,165 ,,1.2,1,Z‘ξ,‚v,2F,,κ”ΚZ‘ξ‚Μ‚Ω‚©‚ΙƒAƒp[ƒg‚ΰU©‚³‚κ‚ιZ‘ξ’nζ,‹ζ“Ή,“,5,,,,ƒKƒX,…“Ή,‰Ί…“Ή,’n‰Ί“SΤ’Λ,,330 ,‚P’ακ,€–h,60 ,150 ,,,,,,,,,,
Z,13120 ,8 ,—ϋ”n,0 ,19 ,—ϋ”n‹ζ,“c•Ώ‚R’–Ϊ‚T‚T‚S‚Q”Τ‚P‚P,“c•Ώ‚R|‚Q‚Q|‚S,"451,000 ","425,000 ",6.1 ,115 ,,1,1.5,Z‘ξ,‚v,2F,,κ”ΚZ‘ξAƒAƒp[ƒgA‹σ’n“™‚ª¬έ‚·‚ιZ‘ξ’nζ,‹ζ“Ή,“μ,5,,,,ƒKƒX,…“Ή,‰Ί…“Ή,•½a‘δ,,"1,200 ",‚P’ακ,€–h,50 ,100 ,,,,,,,,,,
Z,13120 ,8 ,—ϋ”n,0 ,20 ,—ϋ”n‹ζ,–L‹Κ–k‚Q’–Ϊ‚T”Τ‚Q,–L‹Κ–k‚Q|‚T|‚P‚P,"606,000 ","563,000 ",7.6 ,236 ,,1,2,‹¤“―Z‘ξ,‚q‚b,4F,,ƒ}ƒ“ƒVƒ‡ƒ““™‚Μ’†‚Ικ”ΚZ‘ξ‚ΰ©‚η‚κ‚ιZ‘ξ’nζ,‹ζ“Ή,–k“,6,,,,ƒKƒX,…“Ή,‰Ί…“Ή,V]Γ“c,,420 ,‚P’†κ,€–h,60 ,200 ,,,,,,,,,,
Z,13120 ,8 ,—ϋ”n,0 ,21 ,—ϋ”n‹ζ,‹Ρ‚P’–Ϊ‚Q‚T‚S”Τ‚P‚S,‹Ρ‚P|‚Q‚W|‚T,"502,000 ","468,000 ",7.3 ,168 ,,1,1.2,Z‘ξ,‚v,2F,,’†¬‹K–ΝZ‘ξ‚Μ’†‚ΙƒAƒp[ƒg‚ª©‚η‚κ‚ιZ‘ξ’nζ,‹ζ“Ή,Ό,6,,,,ƒKƒX,…“Ή,‰Ί…“Ή,γ”Β‹΄,,900 ,‚P’ακ,€–h,60 ,200 ,,,,,,,,,,
Z,13120 ,8 ,—ϋ”n,0 ,22 ,—ϋ”n‹ζ,Ό‘ες‚Q’–Ϊ‚P‚U‚T‚V”Τ‚P‚XO,Ό‘ες‚Q|‚P‚W|‚P‚W,"289,000 ","279,000 ",3.6 ,162 ,,1,1.5,Z‘ξ,‚v,2F,,’†‹K–Ν‚Μκ”ΚZ‘ξ‚ª‘½‚ΆZ‘ξ’nζ,‹ζ“Ή,–k,5,,,,ƒKƒX,…“Ή,‰Ί…“Ή,•Ϋ’J,,"1,500 ",‚P’ακ,€–h,50 ,100 ,,,,,,,,,,
Z,13120 ,8 ,—ϋ”n,0 ,23 ,—ϋ”n‹ζ,“c•Ώ‚T’–Ϊ‚T‚R‚O‚W”Τ‚P‚SO,“c•Ώ‚T|‚P‚W|‚P‚R,"491,000 ","460,000 ",6.7 ,168 ,,1,1.2,Z‘ξ,‚v,2F,,κ”ΚZ‘ξ‚Μ‚Ω‚©‚ΙƒAƒp[ƒg“™‚ª©‚η‚κ‚ιZ‘ξ’nζ,‹ζ“Ή,“,4,,,,ƒKƒX,…“Ή,‰Ί…“Ή,υ‚ª‹u,,460 ,‚P’ακ,€–h,50 ,100 ,,,,,,,,,,
Z,13120 ,8 ,—ϋ”n,0 ,24 ,—ϋ”n‹ζ,–L‹Κγ‚P’–Ϊ‚P‚U”Τ‚X,–L‹Κγ‚P|‚P‚U|‚P‚P,"631,000 ","586,000 ",7.7 ,179 ,,1,2,‹¤“―Z‘ξ,‚v,3F,,’†‹K–Νκ”ΚZ‘ξAƒAƒp[ƒg“™‚ª‚Ώ•ΐ‚ΤZ‘ξ’nζ,‹ζ“Ή,–k,6,,,,ƒKƒX,…“Ή,‰Ί…“Ή,V]Γ“c,,360 ,‚P’†κ,€–h,60 ,200 ,,,,,,,,,,
Z,13120 ,8 ,—ϋ”n,0 ,25 ,—ϋ”n‹ζ,—ϋ”n‚Q’–Ϊ‚U‚Q‚U‚O”Τ‚Q‚S,—ϋ”n‚Q|‚P‚V|‚U,"573,000 ","532,000 ",7.7 ,138 ,,1,2,Z‘ξ,‚q‚b,2F,,’†‹K–Νκ”ΚZ‘ξAƒAƒp[ƒg“™‚ª‘½‚ΆZ‘ξ’nζ,‹ζ“Ή,Ό,4.5,,,,ƒKƒX,…“Ή,‰Ί…“Ή,—ϋ”n,,570 ,‚P’ακ,€–h,50 ,100 ,,,,,,,,,,
Z,13120 ,8 ,—ϋ”n,0 ,26 ,—ϋ”n‹ζ,’†‘Ί‚Q’–Ϊ‚Q‚Q”Τ‚P‚Q,’†‘Ί‚Q|‚Q‚Q|‚S,"530,000 ","496,000 ",6.9 ,100 ,,1,1.5,Z‘ξ,‚v,2F,,’†¬‹K–Νκ”ΚZ‘ξA‹¤“―Z‘ξ‚ª‘½‚ΆZ‘ξ’nζ,‹ζ“Ή,Ό,6,,,,ƒKƒX,…“Ή,‰Ί…“Ή,’†‘Ί‹΄,,970 ,‚P’ακ,€–h,60 ,200 ,,,,,,,,,,
Z,13120 ,8 ,—ϋ”n,0 ,27 ,—ϋ”n‹ζ,όR‚R’–Ϊ‚P‚T‚O‚Q”Τ‚W,όR‚R|‚P‚T|‚Q‚V,"519,000 ","486,000 ",6.8 ,143 ,,1,1.2,Z‘ξ,‚v,2F,,’†‹K–Νκ”ΚZ‘ξ‚ΙƒAƒp[ƒg“™‚ª©‚η‚κ‚ιZ‘ξ’nζ,‹ζ“Ή,“μ,5,,,,ƒKƒX,…“Ή,‰Ί…“Ή,–L“‡‰€,,670 ,‚P’ακ,€–h,50 ,100 ,,,,,,,,,,
Z,13120 ,8 ,—ϋ”n,0 ,28 ,—ϋ”n‹ζ,’J΄‚S’–Ϊ‚P‚V‚X‚T”Τ‚Q‚P,’J΄‚S|‚P‚U|‚P‚S,"349,000 ","332,000 ",5.1 ,99 ,,1.2,1,Z‘ξ,‚v,2F,,κ”ΚZ‘ξ‚Μ’†‚ΙƒAƒp[ƒg‚ª©‚η‚κ‚ιZ‘ξ’nζ,‹ζ“Ή,“,4,,,,ƒKƒX,…“Ή,‰Ί…“Ή,Ξ_δφ‰€,,"2,000 ",‚P’ακ,€–h,50 ,100 ,,,,,,,,,,
Z,13120 ,8 ,—ϋ”n,0 ,29 ,—ϋ”n‹ζ,Ρδ‚R’–Ϊ‚T‚R‚S”Τ‚T,Ρδ‚R|‚Q‚X|‚Q‚P,"486,000 ","463,000 ",5.0 ,110 ,,1,1.2,Z‘ξ,‚v,2F,,κ”ΚZ‘ξ‚Μ‚Ω‚©‚ΙwZ“™‚ª©‚η‚κ‚ιZ‘ξ’nζ,‹ζ“Ή,–k,4,,,,ƒKƒX,…“Ή,‰Ί…“Ή,•xm©‘δ,,680 ,‚P’ακ,€–h,50 ,100 ,,,,,*,13120,0 ,5 ,"475,000 ",2.3 
Z,13120 ,8 ,—ϋ”n,0 ,30 ,—ϋ”n‹ζ,•Xμ‘δ‚R’–Ϊ‚X‚Q”Τ‚P‚W,•Xμ‘δ‚R|‚Q‚S|‚Q‚P,"565,000 ","525,000 ",7.6 ,196 ,,1,1.5,Z‘ξ,‚v,2F,,κ”ΚZ‘ξ‚Ι‹¤“―Z‘ξ“™‚ª©‚η‚κ‚ιZ‘ξ’nζ,‹ζ“Ή,–k“,6,,,,ƒKƒX,…“Ή,‰Ί…“Ή,•Xμ‘δ,,500 ,‚PZ‹,€–h,60 ,200 ,,,,,,,,,,
Z,13120 ,8 ,—ϋ”n,0 ,31 ,—ϋ”n‹ζ,‰ΊΞ_δ‚S’–Ϊ‚S‚O‚U”Τ‚W,‰ΊΞ_δ‚S|‚R‚S|‚P‚W,"657,000 ","603,000 ",9.0 ,"1,817 ",,2,1,‹¤“―Z‘ξ,‚q‚b,9F,,’†‚‘w‚Μ‹¤“―Z‘ξ‚β“X•ά“™‚ª¬έ‚·‚ιZ‘ξ’nζ,“s“Ή,–k,15,,‘¤“Ή,Ό,ƒKƒX,…“Ή,‰Ί…“Ή,γδ‘,,770 ,‚PZ‹,–h‰Ξ,60 ,300 ,,,,,,,,,,
Z,13120 ,8 ,—ϋ”n,0 ,32 ,—ϋ”n‹ζ,‚–μ‘δ‚R’–Ϊ‚Q‚R‚P‚Q”Τ‚P‚O,‚–μ‘δ‚R|‚R‚O|‚P‚O,"476,000 ","448,000 ",6.3 ,108 ,,1,2,Z‘ξ,‚k‚r,2F,,’†¬‹K–Ν‚Μκ”ΚZ‘ξ‚ª‚Ώ•ΐ‚ΤZ‘ξ’nζ,‹ζ“Ή,–kΌ,4,,,,ƒKƒX,…“Ή,‰Ί…“Ή,Ξ_δφ‰€,,830 ,‚P’ακ,€–h,50 ,100 ,,,,,,,,,,
Z,13120 ,8 ,—ϋ”n,0 ,33 ,—ϋ”n‹ζ,χ‘δ‚U’–Ϊ‚T‚U‚O‚T”Τ‚Q‚W,χ‘δ‚U|‚Q‚R|‚P‚T,"532,000 ","497,000 ",7.0 ,100 ,,1,1.2,Z‘ξ,‚v,2F,,’†¬‹K–Ν‚Μκ”ΚZ‘ξ‚ª‘½‚ΆZ‘ξ’nζ,‹ζ“Ή,“,5,,,,ƒKƒX,…“Ή,‰Ί…“Ή,•Xμ‘δ,,830 ,‚P’ακ,€–h,50 ,100 ,,,,,,,,,,
Z,13120 ,8 ,—ϋ”n,0 ,34 ,—ϋ”n‹ζ,®’¬‚P’–Ϊ‚U‚P‚Q”Τ‚P‚X,®’¬‚P|‚S‚O|‚T,"392,000 ","373,000 ",5.1 ,113 ,,1,1.2,Z‘ξ,‚v,2F,,’†¬‹K–Ν‚ΜZ‘ξ‚Μ’†‚Ι–‹Ζ‚ΰ©‚η‚κ‚ιZ‘ξ’nζ,‹ζ“Ή,–k,4.4,,,,ƒKƒX,…“Ή,‰Ί…“Ή,υ‚ª‹u,,"1,600 ",‚P’ακ,€–h,50 ,100 ,,,,,,,,,,
Z,13120 ,8 ,—ϋ”n,0 ,35 ,—ϋ”n‹ζ,Φ’¬–k‚Q’–Ϊ‚U‚Q‚W”Τ‚Q‚R,Φ’¬–k‚Q|‚X|‚T,"510,000 ","480,000 ",6.3 ,165 ,,1.2,1,Z‘ξ,‚v,2F,,’†¬‹K–Νκ”ΚZ‘ξ‚ª‘½‚Ά‹ζ‰ζ®‘R‚Ζ‚µ‚½Z‘ξ’nζ,‹ζ“Ή,“μ,6,,,,ƒKƒX,…“Ή,‰Ί…“Ή,•‘ Φ,,410 ,‚P’†κ,€–h,50 ,150 ,,,,,*,13120,0 ,20 ,"498,000 ",2.4 
Z,13120 ,8 ,—ϋ”n,0 ,36 ,—ϋ”n‹ζ,Ξ_δ‘δ‚R’–Ϊ‚P‚V‚U‚W”Τ‚XO,Ξ_δ‘δ‚R|‚Q|‚R‚X,"438,000 ","412,000 ",6.3 ,170 ,‘δ`,1.2,1,Z‘ξ,‚v,2F,,κ”ΚZ‘ξ‚Μ’†‚ΙƒAƒp[ƒg‚ª©‚η‚κ‚ιZ‘ξ’nζ,‹ζ“Ή,“,4,,,,ƒKƒX,…“Ή,‰Ί…“Ή,Ξ_δφ‰€,,"1,200 ",‚P’ακ,€–h,50 ,100 ,,,,,,,,,,
Z,13120 ,8 ,—ϋ”n,0 ,37 ,—ϋ”n‹ζ,“‘ες‚U’–Ϊ‚P‚X‚U”Τ‚T‚O,“‘ες‚U|‚Q‚T|‚P,"425,000 ","401,000 ",6.0 ,201 ,,1,1.2,Z‘ξ,‚q‚b,2F,,’†‹K–Ν‚Μκ”ΚZ‘ξ‚ª‚Ώ•ΐ‚ΤZ‘ξ’nζ,‹ζ“Ή,“μ“,4,,,,ƒKƒX,…“Ή,‰Ί…“Ή,‘εςw‰€,,950 ,‚P’ακ,€–h,50 ,100 ,,,,,,,,,,
Z,13120 ,8 ,—ϋ”n,0 ,38 ,—ϋ”n‹ζ,Φ’¬“μ‚Q’–Ϊ‚P‚R‚U”Τ‚X‚Q,Φ’¬“μ‚Q|‚Q‚T|‚P‚T,"470,000 ","443,000 ",6.1 ,143 ,,1,1.5,Z‘ξ,‚v,2F,,’†‹K–ΝZ‘ξ‚Μ’†‚ΙƒAƒp[ƒg“™‚ΰ©‚η‚κ‚ιZ‘ξ’nζ,‹ζ“Ή,Ό,4,,,,ƒKƒX,…“Ή,‰Ί…“Ή,•‘ Φ,,"1,500 ",‚P’ακ,€–h,50 ,100 ,,,,,,,,,,
Z,13120 ,8 ,—ϋ”n,0 ,39 ,—ϋ”n‹ζ,Ξ_δ’¬‚U’–Ϊ‚P‚Q‚P‚V”Τ‚P‚U,Ξ_δ’¬‚U|‚Q|‚T,"715,000 ","664,000 ",7.7 ,360 ,,1,1.5,Z‘ξ,‚v,2F,,’†‹K–ΝΘγ‚Μ“@‘ξ‚ª‚Ώ•ΐ‚ΤΥΓ‚ΘZ‘ξ’nζ,“ΉH,Ό,5.5,,,,ƒKƒX,…“Ή,‰Ί…“Ή,Ξ_δφ‰€,,500 ,‚P’ακ,€–h,50 ,100 ,,,,,,,,,,
Z,13120 ,8 ,—ϋ”n,0 ,40 ,—ϋ”n‹ζ,O΄‘δ‚P’–Ϊ‚P‚Q‚S‚V”Τ‚P,O΄‘δ‚P|‚Q‚T|‚R‚T,"402,000 ","383,000 ",5.0 ,150 ,,1,1.5,Z‘ξ,‚v,2F,,κ”ΚZ‘ξ‚Μ’†‚Ι‹¤“―Z‘ξ‚ΰ©‚η‚κ‚ιZ‘ξ’nζ,‹ζ“Ή,“,4,,,,ƒKƒX,…“Ή,‰Ί…“Ή,Ξ_δφ‰€,,970 ,‚P’ακ,€–h,50 ,100 ,,,,,,,,,,
Z,13120 ,8 ,—ϋ”n,0 ,41 ,—ϋ”n‹ζ,‚Ό‚S’–Ϊ‚S‚O‚V‚U”Τ‚Q‚X,‚Ό‚S|‚V|‚Q‚Q,"466,000 ","438,000 ",6.4 ,130 ,,1,1,Z‘ξ,‚v,2F,,κ”ΚZ‘ξ‚Μ‚Ω‚©‚ΙƒAƒp[ƒg‚ªU©‚³‚κ‚ιZ‘ξ’nζ,‹ζ“Ή,Ό,5,,,,ƒKƒX,…“Ή,‰Ί…“Ή,υ‚ª‹u,,790 ,‚P’ακ,€–h,50 ,100 ,,,,,,,,,,
Z,13120 ,8 ,—ϋ”n,0 ,42 ,—ϋ”n‹ζ,‘εςw‰€’¬‚T’–Ϊ‚Q‚U‚Q‚S”Τ‚Q‚O,‘εςw‰€’¬‚T|‚R|‚P‚S,"306,000 ","296,000 ",3.4 ,112 ,,1,1.5,Z‘ξ,‚v,2F,,’†¬‹K–Ν‚Μκ”ΚZ‘ξ‚ª‚Ώ•ΐ‚ΤZ‘ξ’nζ,‹ζ“Ή,“,4,,,,ƒKƒX,…“Ή,‰Ί…“Ή,‘εςw‰€,,"1,800 ",‚P’ακ,€–h,50 ,100 ,,,,,,,,,,
Z,13120 ,8 ,—ϋ”n,0 ,43 ,—ϋ”n‹ζ,‘ες’¬‚P’–Ϊ‚R‚S‚T‚V”Τ‚Q‚X,‘ες’¬‚P|‚Q‚V|‚P‚R,"244,000 ","237,000 ",3.0 ,101 ,,1,1.2,Z‘ξ,‚v,2F,,’†¬‹K–Ν‚Μκ”ΚZ‘ξ‚ª‚Ώ•ΐ‚ΤZ‘ξ’nζ,‹ζ“Ή,“,4,,,,ƒKƒX,…“Ή,‰Ί…“Ή,’n‰Ί“S¬‘,,"2,900 ",‚P’ακ,€–h,50 ,100 ,,,,,,,,,,
Z,13120 ,8 ,—ϋ”n,0 ,44 ,—ϋ”n‹ζ,’†‘Ί–k‚Q’–Ϊ‚W”Τ‚P‚X,’†‘Ί–k‚Q|‚W|‚P‚O,"580,000 ","541,000 ",7.2 ,185 ,,1,1.2,ΤΙA––±“‹¤“―Z‘ξ,‚q‚b,4F,,’†‹K–Ν‚Μκ”ΚZ‘ξ‚β‹¤“―Z‘ξ“™‚ª‘½‚ΆZ‘ξ’nζ,‹ζ“Ή,–kΌ,6,,,,ƒKƒX,…“Ή,‰Ί…“Ή,’†‘Ί‹΄,,700 ,‚P’†κ,€–h,60 ,200 ,,,,,,,,,,
Z,13120 ,8 ,—ϋ”n,0 ,45 ,—ϋ”n‹ζ,–k’¬‚V’–Ϊ‚P‚P‚Q‚V”Τ‚R‚Q,–k’¬‚V|‚P‚P|‚Q‚O,"492,000 ","460,000 ",7.0 ,112 ,,1,1.2,‹¤“―Z‘ξ,‚q‚b,2F,,κ”ΚZ‘ξ‚Μ’†‚Ι‹¤“―Z‘ξ“™‚ª©‚η‚κ‚ιZ‘ξ’nζ,‹ζ“Ή,“,4,,,,ƒKƒX,…“Ή,‰Ί…“Ή,•½a‘δ,,530 ,‚P’ακ,€–h,50 ,100 ,,,,,,,,,,
Z,13120 ,8 ,—ϋ”n,0 ,46 ,—ϋ”n‹ζ,—ϋ”n‚P’–Ϊ‚U‚X‚U‚W”Τ‚R,—ϋ”n‚P|‚S‚O|‚P‚P,"616,000 ","570,000 ",8.1 ,144 ,,1,1,Z‘ξ,‚k‚r,2F,,κ”ΚZ‘ξAƒAƒp[ƒg“™‚ª‘½‚ΆZ‘ξ’nζ,‹ζ“Ή,“,5,,,,ƒKƒX,…“Ή,‰Ί…“Ή,—ϋ”n,,420 ,‚P’†κ,€–h,60 ,200 ,,,,,,,,,,
Z,13120 ,8 ,—ϋ”n,0 ,47 ,—ϋ”n‹ζ,Ρδ‚Q’–Ϊ‚X‚Q‚V”Τ‚V,Ρδ‚Q|‚Q‚P|‚X,"474,000 ","449,000 ",5.6 ,110 ,‘δ`,1,1.5,Z‘ξ,‚r,3F,,Z‘ξAƒAƒp[ƒgA‰c‹Ζ“™‚ª¬έ‚·‚ιZ‘ξ’nζ,‹ζ“Ή,–kΌ,5.5,,,,ƒKƒX,…“Ή,‰Ί…“Ή,•xm©‘δ,,710 ,‚PZ‹,€–h,60 ,200 ,,,,,,,,,,
Z,13120 ,8 ,—ϋ”n,0 ,48 ,—ϋ”n‹ζ,γΞ_δ‚Q’–Ϊ‚S‚U”Τ‚V‚U,γΞ_δ‚Q|‚S|‚S,"476,000 ","448,000 ",6.3 ,100 ,,1,2,Z‘ξ,‚v,2F,,’†¬‹K–Νκ”ΚZ‘ξ‚ª‚Ώ•ΐ‚ΤZ‘ξ’nζ,„“Ή,“,4,,,,ƒKƒX,…“Ή,‰Ί…“Ή,γδ‘,,760 ,‚P’ακ,€–h,50 ,100 ,,,,,,,,,,
Z,13120 ,8 ,—ϋ”n,0 ,49 ,—ϋ”n‹ζ,–L‹Κ–k‚U’–Ϊ‚P‚U”Τ‚P‚O,–L‹Κ–k‚U|‚P‚U|‚P‚R,"689,000 ","632,000 ",9.0 ,"1,653 ",•s®`,1.2,1,‹¤“―Z‘ξ,‚q‚b,6F,1B,ƒ}ƒ“ƒVƒ‡ƒ“‚Μ‚Ω‚©κ”ΚZ‘ξ‚ΰUέ‚·‚ιZ‘ξ’nζ,‹ζ“Ή,“μ,6,,”w–Κ“Ή,,ƒKƒX,…“Ή,‰Ί…“Ή,—ϋ”n,,640 ,‚P’†κ,€–h,60 ,200 ,,,,,,,,,,
Z,13120 ,8 ,—ϋ”n,0 ,50 ,—ϋ”n‹ζ,Φ’¬–k‚S’–Ϊ‚S‚Q‚X”Τ‚Q‚RO,Φ’¬–k‚S|‚Q‚P|‚P‚V,"430,000 ","405,000 ",6.2 ,174 ,,1.5,1,Z‘ξ,‚v,2F,,’†‹K–ΝZ‘ξ‚Μ’†‚ΙƒAƒp[ƒg“™‚ΰ©‚η‚κ‚ιZ‘ξ’nζ,‹ζ“Ή,Ό,4,,,,ƒKƒX,…“Ή,‰Ί…“Ή,•‘ Φ,,770 ,‚P’ακ,€–h,50 ,100 ,,,,,,,,,,
Z,13120 ,8 ,—ϋ”n,0 ,51 ,—ϋ”n‹ζ,•xm©‘δ‚R’–Ϊ‚V‚U‚X”Τ‚W,•xm©‘δ‚R|‚U‚Q|‚P‚S,"501,000 ","473,000 ",5.9 ,123 ,,1,1,Z‘ξ,‚v,2F,,κ”ΚZ‘ξ‚βƒAƒp[ƒg‚ª‚Ώ•ΐ‚ΤZ‘ξ’nζ,‹ζ“Ή,Ό,4,,,,ƒKƒX,…“Ή,‰Ί…“Ή,—ϋ”n‚–μ‘δ,,320 ,‚P’ακ,€–h,50 ,100 ,,,,,,,,,,
Z,13120 ,8 ,—ϋ”n,0 ,52 ,—ϋ”n‹ζ,‚Ό‚U’–Ϊ‚P‚O‚Q‚U”Τ‚Q‚R,‚Ό‚U|‚R‚R|‚X,"388,000 ","370,000 ",4.9 ,112 ,,1,1.5,Z‘ξ,‚v,2F,,κ”ΚZ‘ξ‚Μ’†‚Ι–‹Ζ“™‚ΰ©‚η‚κ‚ιZ‘ξ’nζ,„“Ή,“μ,4,,,,ƒKƒX,…“Ή,‰Ί…“Ή,υ‚ª‹u,,"1,100 ",‚P’ακ,€–h,50 ,100 ,,,,,,,,,,
Z,13120 ,8 ,—ϋ”n,0 ,53 ,—ϋ”n‹ζ,“μ‘ες‚T’–Ϊ‚W‚T‚R”Τ‚P‚T,,"373,000 ","357,000 ",4.5 ,150 ,,1,1.5,‹σ’n,,,,κ”ΚZ‘ξ‚Μ’†‚ΙƒAƒp[ƒg“™‚ª©‚η‚κ‚ιZ‘ξ’nζ,‹ζ“Ή,“μ,4,,,,ƒKƒX,…“Ή,‰Ί…“Ή,•Ϋ’J,,"1,100 ",‚P’ακ,€–h,50 ,100 ,,,,,,,,,,
Z,13120 ,8 ,—ϋ”n,0 ,54 ,—ϋ”n‹ζ,‚–μ‘δ‚Q’–Ϊ‚X‚P‚R”Τ‚X,‚–μ‘δ‚Q|‚W|‚P,"472,000 ","446,000 ",5.8 ,132 ,,1,2.5,Z‘ξ,‚v,2F,,κ”ΚZ‘ξA‹¤“―Z‘ξA–‹Ζ‚ª¬έ‚·‚ιZ‘ξ’nζ,‹ζ“Ή,“μΌ,8,,,,ƒKƒX,…“Ή,‰Ί…“Ή,—ϋ”n‚–μ‘δ,,830 ,‚QZ‹,€–h,60 ,200 ,,,,,,,,,,
Z,13120 ,8 ,—ϋ”n,0 ,55 ,—ϋ”n‹ζ,¬’|’¬‚Q’–Ϊ‚P‚S”Τ‚Q‚R,¬’|’¬‚Q|‚P‚S|‚Q,"740,000 ","680,000 ",8.8 ,107 ,,1,1.5,Z‘ξ,‚v,2F,,κ”ΚZ‘ξAƒAƒp[ƒg‚ª©‚η‚κ‚ι‰w‚Ι‹ί‚ΆZ‘ξ’nζ,‹ζ“Ή,–k,5.9,,,,ƒKƒX,…“Ή,‰Ί…“Ή,¬’|ό΄,,140 ,‚P’ακ,€–h,60 ,150 ,,,,,,,,,,
Z,13120 ,8 ,—ϋ”n,0 ,56 ,—ϋ”n‹ζ,“μ“c’†‚R’–Ϊ‚U‚W‚W”Τ‚Q‚S,“μ“c’†‚R|‚Q‚R|‚S,"474,000 ","449,000 ",5.6 ,145 ,,1,1.5,Z‘ξ,‚v,2F,,’†¬‹K–Νκ”ΚZ‘ξAƒAƒp[ƒg“™‚ª‘½‚ΆZ‘ξ’nζ,‹ζ“Ή,Ό,4,,,,ƒKƒX,…“Ή,‰Ί…“Ή,—ϋ”n‚–μ‘δ,,550 ,‚P’ακ,€–h,50 ,100 ,,,,,,,,,,
Z,13120 ,8 ,—ϋ”n,0 ,57 ,—ϋ”n‹ζ,t“ϊ’¬‚Q’–Ϊ‚Q‚S‚T‚V”Τ‚R‚P,t“ϊ’¬‚Q|‚Q‚U|‚Q‚R,"492,000 ","461,000 ",6.7 ,99 ,,1,1.5,Z‘ξ,‚v,2F,,κ”ΚZ‘ξ‚Μ‚Ω‚©ƒAƒp[ƒg‚ΰ©σ‚―‚η‚κ‚ιZ‘ξ’nζ,‹ζ“Ή,“,4,,,,ƒKƒX,…“Ή,‰Ί…“Ή,•½a‘δ,,700 ,‚P’ακ,€–h,50 ,100 ,,,,,,,,,,
Z,13120 ,8 ,—ϋ”n,0 ,58 ,—ϋ”n‹ζ,¬’|’¬‚P’–Ϊ‚T‚P”Τ‚S‚Q,¬’|’¬‚P|‚T‚P|‚X,"656,000 ","606,000 ",8.3 ,132 ,,1,1.5,Z‘ξ,‚v,2F,,κ”ΚZ‘ξAƒ}ƒ“ƒVƒ‡ƒ““™‚ª‚Ώ•ΐ‚ΤZ‘ξ’nζ,“ΉH,Ό,5.4,,,,ƒKƒX,…“Ή,‰Ί…“Ή,]Γ“c,,330 ,‚P’ακ,€–h,60 ,150 ,,,,,,,,,,
Z,13120 ,8 ,—ϋ”n,0 ,59 ,—ϋ”n‹ζ,Ό‘ες‚S’–Ϊ‚P‚Q‚T‚U”Τ‚S‚O,Ό‘ες‚S|‚P‚R|‚P‚O,"265,000 ","257,000 ",3.1 ,105 ,,1.5,1,Z‘ξ,‚v,2F,,κ”ΚZ‘ξ‚Μ’†‚Ι”_’n“™‚ª©‚η‚κ‚ιZ‘ξ’nζ,‹ζ“Ή,–kΌ,6,,,,ƒKƒX,…“Ή,‰Ί…“Ή,‘εςw‰€,,"2,100 ",‚P’ακ,€–h,50 ,100 ,,,,,,,,,,
Z,13120 ,8 ,—ϋ”n,0 ,60 ,—ϋ”n‹ζ,“‘ες‚R’–Ϊ‚W‚O‚U”Τ‚Q‚O,“‘ες‚R|‚Q‚P|‚P‚P,"567,000 ","526,000 ",7.8 ,133 ,,1,2,Z‘ξ,‚v,2F,,κ”ΚZ‘ξ“™‚ª‚Ώ•ΐ‚ΤΒ‹«—ΗD‚ΘZ‘ξ’nζ,‹ζ“Ή,–k,6,,,,ƒKƒX,…“Ή,‰Ί…“Ή,‘εςw‰€,,410 ,‚P’ακ,€–h,50 ,100 ,,,,,*,13120,0 ,30 ,"547,000 ",3.7 
Z,13120 ,8 ,—ϋ”n,0 ,61 ,—ϋ”n‹ζ,‘εςw‰€’¬‚Q’–Ϊ‚Q‚R‚X‚T”Τ‚P‚X,‘εςw‰€’¬‚Q|‚Q‚U|‚Q‚P,"346,000 ","331,000 ",4.5 ,115 ,,1,1.5,Z‘ξ,‚v,2F,,κ”ΚZ‘ξ‚π’†S‚Ι”_’n“™‚ª©‚η‚κ‚ιZ‘ξ’nζ,‹ζ“Ή,–kΌ,6,,,,ƒKƒX,…“Ή,‰Ί…“Ή,‘εςw‰€,,"1,300 ",‚P’ακ,€–h,50 ,100 ,,,,,,,,,,
Z,13120 ,8 ,—ϋ”n,0 ,62 ,—ϋ”n‹ζ,®’¬‚R’–Ϊ‚T‚Q‚P”Τ‚Q,®’¬‚R|‚P|‚V,"514,000 ","483,000 ",6.4 ,198 ,,1,3,Z‘ξ,‚v,2F,,κ”ΚZ‘ξAƒAƒp[ƒg“™‚ª‚Ώ•ΐ‚ΤZ‘ξ’nζ,‹ζ“Ή,Ό,6,,”w–Κ“Ή,,ƒKƒX,…“Ή,‰Ί…“Ή,’n‰Ί“S¬‘,,400 ,‚P’ακ,€–h,60 ,150 ,,,,,,,,,,
Z,13120 ,8 ,—ϋ”n,0 ,63 ,—ϋ”n‹ζ,‘ες’¬‚Q’–Ϊ‚P‚O‚Q‚R”Τ‚R‚S,‘ες’¬‚Q|‚S‚S|‚P‚P,"261,000 ","253,000 ",3.2 ,76 ,,1,2,Z‘ξ,‚v,2F,,¬‹K–Νκ”ΚZ‘ξ‚ª‚Ώ•ΐ‚ΤZ‘ξ’nζ,‹ζ“Ή,“,4,,,,ƒKƒX,…“Ή,‰Ί…“Ή,Ξ_δφ‰€,,"2,700 ",‚P’ακ,€–h,50 ,100 ,,,,,,,,,,
Z,13120 ,8 ,—ϋ”n,0 ,64 ,—ϋ”n‹ζ,χ‘δ‚Q’–Ϊ‚Q‚S”Τ‚Q‚W,χ‘δ‚Q|‚Q‚S|‚V,"573,000 ","531,000 ",7.9 ,173 ,,1,1.2,Z‘ξ,‚v,2F,,’†‹K–Ν‚Μκ”ΚZ‘ξAƒAƒp[ƒg“™‚ª‘½‚ΆZ‘ξ’nζ,‹ζ“Ή,Ό,5.4,,,,ƒKƒX,…“Ή,‰Ί…“Ή,Vχ‘δ,,460 ,‚P’ακ,€–h,60 ,150 ,,,,,,,,,,
Z,13120 ,8 ,—ϋ”n,0 ,65 ,—ϋ”n‹ζ,“‘ες‚S’–Ϊ‚V‚P‚Q”Τ‚R,“‘ες‚S|‚Q‚O|‚P‚W,"437,000 ","412,000 ",6.1 ,110 ,,1.2,1,Z‘ξ,‚v,2F,,κ”ΚZ‘ξ‚Μ‚Ω‚©‚ΙƒAƒp[ƒg‚ª©‚η‚κ‚ιZ‘ξ’nζ,‹ζ“Ή,Ό,4,,,,ƒKƒX,…“Ή,‰Ί…“Ή,‘εςw‰€,,700 ,‚P’ακ,€–h,50 ,100 ,,,,,,,,,,
Z,13120 ,8 ,—ϋ”n,0 ,66 ,—ϋ”n‹ζ,‘ες’¬‚U’–Ϊ‚V‚O”Τ‚V,‘ες’¬‚U|‚P‚S|‚P‚Q,"383,000 ","366,000 ",4.6 ,134 ,,1,2,Z‘ξ,‚v,2F,,κ”ΚZ‘ξAƒAƒp[ƒg“™‚ª‘½‚ΆZ‘ξ’nζ,“ΉH,–k“,4,,,,ƒKƒX,…“Ή,‰Ί…“Ή,‘εςw‰€,,"1,300 ",‚P’ακ,€–h,50 ,100 ,,,,,,,,,,
Z,13120 ,8 ,—ϋ”n,0 ,67 ,—ϋ”n‹ζ,–L‹Κ–k‚S’–Ϊ‚Q‚T”Τ‚X,–L‹Κ–k‚S|‚Q‚T|‚T,"727,000 ","668,000 ",8.8 ,146 ,,1,1.5,Z‘ξ,‚v,2F,,κ”ΚZ‘ξ‚Μ‚Ω‚©‚ΙƒAƒp[ƒg“™‚ª©‚η‚κ‚ιZ‘ξ’nζ,‹ζ“Ή,Ό,6,,,,ƒKƒX,…“Ή,‰Ί…“Ή,—ϋ”n,,450 ,‚P’†κ,€–h,60 ,200 ,,,,,,,,,,
Z,13120 ,8 ,—ϋ”n,0 ,68 ,—ϋ”n‹ζ,—§–μ’¬‚Q‚O‚X‚X”Τ‚T‚U,—§–μ’¬‚Q‚X|‚U,"483,000 ","454,000 ",6.4 ,166 ,,1,1,Z‘ξ,‚v,2F,,’†‹K–Νκ”ΚZ‘ξ‚ª‚Ώ•ΐ‚ΤZ‘ξ’nζ,‹ζ“Ή,“μ,4,,,,ƒKƒX,…“Ή,‰Ί…“Ή,•‘ Φ,,"1,400 ",‚P’ακ,€–h,50 ,100 ,,,,,,,,,,
Z,13120 ,8 ,—ϋ”n,0 ,69 ,—ϋ”n‹ζ,“‘ες‚Q’–Ϊ‚P‚R‚W‚W”Τ‚U,“‘ες‚Q|‚S‚P|‚P‚Q,"438,000 ","415,000 ",5.5 ,121 ,,1,1.2,Z‘ξ,‚k‚r,2F,,κ”ΚZ‘ξAƒAƒp[ƒg‚ª‚Ώ•ΐ‚ΤZ‘ξ’nζ,‹ζ“Ή,Ό,5,,,,ƒKƒX,…“Ή,‰Ί…“Ή,‘εςw‰€,,900 ,‚P’ακ,€–h,50 ,100 ,,,,,,,,,,
Z,13120 ,8 ,—ϋ”n,0 ,70 ,—ϋ”n‹ζ,Ξ_δ’¬‚T’–Ϊ‚W‚P‚X”Τ‚V,Ξ_δ’¬‚T|‚P‚O|‚P‚X,"419,000 ","399,000 ",5.0 ,104 ,,1,1.2,Z‘ξ,‚r,3F,,¬‹K–ΝZ‘ξ‚Μ‚Ω‚©ƒAƒp[ƒg“™‚ΰ©‚η‚κ‚ιZ‘ξ’nζ,‹ζ“Ή,–k,4.2,,,,ƒKƒX,…“Ή,‰Ί…“Ή,Ξ_δφ‰€,,"1,200 ",‚P’†κ,€–h,50 ,150 ,,,,,,,,,,
Z,13120 ,8 ,—ϋ”n,0 ,71 ,—ϋ”n‹ζ,Ξ_δ‘δ‚Q’–Ϊ‚P‚R‚X‚X”Τ‚P‚W,Ξ_δ‘δ‚Q|‚W|‚U,"414,000 ","394,000 ",5.1 ,163 ,,1,1.2,Z‘ξ,‚v,2F,,’†‹K–Νκ”ΚZ‘ξ‚ª‘½‚ΆXΞ’n‚ΜZ‘ξ’nζ,‹ζ“Ή,–k,5,,,,ƒKƒX,…“Ή,‰Ί…“Ή,γΞ_δ,,"1,200 ",‚P’ακ,€–h,50 ,100 ,,,,,,,,,,
Z,13120 ,8 ,—ϋ”n,0 ,72 ,—ϋ”n‹ζ,’†‘Ί“μ‚P’–Ϊ‚Q‚X”Τ‚P‚V,’†‘Ί“μ‚P|‚Q‚X|‚P‚T,"526,000 ","492,000 ",6.9 ,132 ,,1,1,Z‘ξ,‚v,2F,,κ”ΚZ‘ξA‹¤“―Z‘ξ“™‚ª‘½‚ΆZ‘ξ’nζ,‹ζ“Ή,–k,6,,,,ƒKƒX,…“Ή,‰Ί…“Ή,“s—§‰Ζ­,,600 ,‚P’ακ,€–h,60 ,200 ,,,,,,,,,,
Z,13120 ,8 ,—ϋ”n,0 ,73 ,—ϋ”n‹ζ,–k’¬‚P’–Ϊ‚U‚T”Τ‚U,–k’¬‚P|‚S‚S|‚P‚V,"468,000 ","436,000 ",7.3 ,79 ,,1.2,1,Z‘ξ,‚v,2F,,¬‹K–Νκ”ΚZ‘ξAƒAƒp[ƒg“™‚ª‘½‚ΆZ‘ξ’nζ,‹ζ“Ή,Ό,4,,,,ƒKƒX,…“Ή,‰Ί…“Ή,“•—ϋ”n,,780 ,‚PZ‹,€–h,60 ,200 ,,,,,,,,,,
,13120 ,8 ,—ϋ”n,0 ,74 ,—ϋ”n‹ζ,•Xμ‘δ‚Q’–Ϊ‚P‚R‚T”Τ‚P‚R,•Xμ‘δ‚Q|‚P‚U|‚P‚P,"512,000 ",,,132 ,,1,1.5,Z‘ξ,‚v,2F,1B,κ”ΚZ‘ξ‚Μ‚Ω‚©‚Ι‹¤“―Z‘ξ‚ΰ‘½‚ΆZ‘ξ’nζ,‹ζ“Ή,“μΌ,6,,,,ƒKƒX,…“Ή,‰Ί…“Ή,•Xμ‘δ,,950 ,‚P’ακ,€–h,60 ,200 ,,,,,,,,,,
Z,13120 ,8 ,—ϋ”n,0 ,75 ,—ϋ”n‹ζ,‰H‘ς‚Q’–Ϊ‚Q‚S”Τ‚R‚X,‰H‘ς‚Q|‚Q‚S|‚P‚U,"568,000 ","527,000 ",7.8 ,133 ,,1,1.5,Z‘ξ,‚v,2F,,’†¬‹K–ΝZ‘ξ‚ΙƒAƒp[ƒg“™‚ª©‚η‚κ‚ιZ‘ξ’nζ,‹ζ“Ή,“,4,,,,ƒKƒX,…“Ή,‰Ί…“Ή,Vχ‘δ,,630 ,‚P’ακ,€–h,60 ,150 ,,,,,,,,,,
Z,13120 ,8 ,—ϋ”n,0 ,76 ,—ϋ”n‹ζ,t“ϊ’¬‚S’–Ϊ‚Q‚U‚P‚V”Τ‚P‚S,t“ϊ’¬‚S|‚Q‚U|‚P‚X,"470,000 ","443,000 ",6.1 ,110 ,,1,1.2,Z‘ξ,‚v,2F,,Z‘ξAƒAƒp[ƒgAμ‹Ζ“™‚ª¬έ‚·‚ιZ‘ξ’nζ,‹ζ“Ή,Ό,5,,,,ƒKƒX,…“Ή,‰Ί…“Ή,—ϋ”nt“ϊ’¬,,750 ,‚P’ακ,€–h,50 ,100 ,,,,,,,,,,
Z,13120 ,8 ,—ϋ”n,0 ,77 ,—ϋ”n‹ζ,‘‹{‚S’–Ϊ‚S‚W‚W‚X”Τ‚P‚Q,‘‹{‚S|‚P‚O|‚R‚P,"492,000 ","460,000 ",7.0 ,186 ,,1,1.5,Z‘ξ,‚k‚r,2F,,’†‹K–Νκ”ΚZ‘ξA‹¤“―Z‘ξ‚Μ‘½‚ΆZ‘ξ’nζ,‹ζ“Ή,“μ,4.6,,,,ƒKƒX,…“Ή,‰Ί…“Ή,•½a‘δ,,770 ,‚P’ακ,€–h,50 ,100 ,,,,,,,,,,
Z,13120 ,8 ,—ϋ”n,0 ,78 ,—ϋ”n‹ζ,“‘ες‚V’–Ϊ‚P‚T‚V”Τ‚S‚W,“‘ες‚V|‚R‚P|‚Q‚W,"441,000 ","412,000 ",7.0 ,177 ,,1.2,1,Z‘ξ,‚v,2F,,’†‹K–Ν‚Μκ”ΚZ‘ξ‚ª‘½‚ΆZ‘ξ’nζ,„“Ή,“μ“,5,,,,ƒKƒX,…“Ή,‰Ί…“Ή,‘εςw‰€,,730 ,‚P’†κ,€–h,60 ,200 ,,,,,,,,,,
Z,13120 ,8 ,—ϋ”n,0 ,79 ,—ϋ”n‹ζ,γΞ_δ‚S’–Ϊ‚V‚Q‚T”Τ‚P‚O,γΞ_δ‚S|‚R‚O|‚P‚V,"443,000 ","417,000 ",6.2 ,110 ,,1,1.5,Z‘ξ,‚v,2F,,’†¬‹K–Νκ”ΚZ‘ξ‚ΙƒAƒp[ƒg‚ª©‚η‚κ‚ιZ‘ξ’nζ,‹ζ“Ή,“,5,,,,ƒKƒX,…“Ή,‰Ί…“Ή,•‘ Φ,,810 ,‚P’ακ,€–h,50 ,100 ,,,,,,,,,,
Z,13120 ,8 ,—ϋ”n,0 ,80 ,—ϋ”n‹ζ,–L‹Κ–k‚T’–Ϊ‚P‚P”Τ‚P‚U,–L‹Κ–k‚T|‚P‚P|‚R,"674,000 ","623,000 ",8.2 ,180 ,,1,1.5,Z‘ξ,‚v,2F,,’†‹K–Νκ”ΚZ‘ξ‚Ι‹¤“―Z‘ξ‚ª©‚η‚κ‚ιZ‘ξ’nζ,‹ζ“Ή,Ό,6,,,,ƒKƒX,…“Ή,‰Ί…“Ή,—ϋ”n,,580 ,‚P’†κ,€–h,60 ,200 ,,,,,,,,,,
Z,13120 ,8 ,—ϋ”n,0 ,81 ,—ϋ”n‹ζ,όR‚S’–Ϊ‚P‚P‚S‚R”Τ‚Q‚R,όR‚S|‚P‚X|‚W,"445,000 ","420,000 ",6.0 ,91 ,,1,1.5,Z‘ξ,‚v,2F,,¬‹K–Νκ”ΚZ‘ξAƒAƒp[ƒg‚ª‘½‚ΆZ‘ξ’nζ,‹ζ“Ή,“,4,,,,ƒKƒX,…“Ή,‰Ί…“Ή,’†‘Ί‹΄,,900 ,‚P’ακ,€–h,50 ,100 ,,,,,,,,,,
Z,13120 ,8 ,—ϋ”n,0 ,82 ,—ϋ”n‹ζ,Ξ_δ’¬‚P’–Ϊ‚P‚O‚T‚W”Τ‚R,Ξ_δ’¬‚P|‚P‚S|‚R‚P,"555,000 ","516,000 ",7.6 ,175 ,,1,2,‹¤“―Z‘ξ,‚k‚r,2F,,’†‹K–ΝZ‘ξA‹¤“―Z‘ξ‚ª‘½‚Ά“μXΞ‚ΜZ‘ξ’nζ,‹ζ“Ή,“,5.2,,,,ƒKƒX,…“Ή,‰Ί…“Ή,—ϋ”n‚–μ‘δ,,580 ,‚P’ακ,€–h,50 ,100 ,,,,,,,,,,
Z,13120 ,8 ,—ϋ”n,0 ,84 ,—ϋ”n‹ζ,Φ’¬–k‚T’–Ϊ‚R‚R‚Q”Τ‚U,Φ’¬–k‚T|‚P‚W|‚S‚O,"409,000 ","387,000 ",5.7 ,108 ,,1,1.2,Z‘ξ,‚v,2F,,¬‹K–Νκ”ΚZ‘ξ‚ΙƒAƒp[ƒg“™‚ª©‚η‚κ‚ιZ‘ξ’nζ,‹ζ“Ή,“,4,,,,ƒKƒX,…“Ή,‰Ί…“Ή,•‘ Φ,,800 ,‚P’ακ,€–h,50 ,100 ,,,,,,,,,,
Z,13120 ,8 ,—ϋ”n,0 ,85 ,—ϋ”n‹ζ,–L‹Κ’†‚P’–Ϊ‚P‚O‚X‚P”Τ‚U,–L‹Κ’†‚P|‚R‚V|‚R,"509,000 ","472,000 ",7.8 ,108 ,,1,1.5,Z‘ξ,‚v,2F,,κ”ΚZ‘ξ‚Μ’†‚ΙƒAƒp[ƒg“™‚ª©‚η‚κ‚ιZ‘ξ’nζ,‹ζ“Ή,Ό,6,,,,ƒKƒX,…“Ή,‰Ί…“Ή,V]Γ“c,,"1,100 ",‚P’ακ,€–h,60 ,150 ,,,,,,,,,,
Z,13120 ,8 ,—ϋ”n,0 ,86 ,—ϋ”n‹ζ,όR‚P’–Ϊ‚P‚T”Τ‚VO,όR‚P|‚S|‚V,"519,000 ","487,000 ",6.6 ,130 ,,1,1.5,Z‘ξ,‚v,2F,,¬‹K–Νκ”ΚZ‘ξ‚ª‚Ώ•ΐ‚ΤZ‘ξ’nζ,‹ζ“Ή,Ό,5,,,,ƒKƒX,…“Ή,‰Ί…“Ή,’†‘Ί‹΄,,500 ,‚P’†κ,€–h,60 ,200 ,,,,,,,,,,
Z,13120 ,8 ,—ϋ”n,0 ,87 ,—ϋ”n‹ζ,χ‘δ‚S’–Ϊ‚U‚O‚R‚P”Τ‚R,χ‘δ‚S|‚P‚S|‚X,"628,000 ","581,000 ",8.1 ,120 ,,1.2,1,Z‘ξ,‚v,2F,,’†‹K–Νκ”ΚZ‘ξAƒAƒp[ƒg“™‚ª¬έ‚·‚ιZ‘ξ’nζ,“ΉH,–k,4,,,,ƒKƒX,…“Ή,‰Ί…“Ή,χ‘δ,,300 ,‚P’†κ,€–h,60 ,200 ,,,,,,,,,,
Z,13120 ,8 ,—ϋ”n,0 ,88 ,—ϋ”n‹ζ,•xm©‘δ‚Q’–Ϊ‚Q‚Q‚U”Τ‚P‚P,•xm©‘δ‚Q|‚R‚W|‚P‚S,"457,000 ","435,000 ",5.1 ,165 ,,1,1.2,Z‘ξ,‚v,2F,,’†¬‹K–Νκ”ΚZ‘ξAƒAƒp[ƒg‚ª‘½‚ΆZ‘ξ’nζ,„“Ή,–k“,4,,,,ƒKƒX,…“Ή,‰Ί…“Ή,—ϋ”n‚–μ‘δ,,800 ,‚P’ακ,€–h,50 ,100 ,,,,,,,,,,
,13120 ,8 ,—ϋ”n,0 ,89 ,—ϋ”n‹ζ,‘εςw‰€’¬‚W’–Ϊ‚T‚R‚Q‚S”Τ‚Q‚R,‘εςw‰€’¬‚W|‚Q‚T|‚T,"267,000 ",,,126 ,,1.2,1,Z‘ξ,‚v,2F,,’†¬‹K–Ν‚Μκ”ΚZ‘ξ‚ª‘½‚ΆxO‚ΜZ‘ξ’nζ,‹ζ“Ή,“,4.5,,,,ƒKƒX,…“Ή,‰Ί…“Ή,aυs,,"2,900 ",‚P’ακ,€–h,50 ,100 ,,,,,,,,,,
Z,13120 ,8 ,—ϋ”n,0 ,90 ,—ϋ”n‹ζ,‰H‘ς‚R’–Ϊ‚Q‚U”Τ‚Q,‰H‘ς‚R|‚Q‚U|‚P‚O,"548,000 ","512,000 ",7.0 ,452 ,,1,1.5,‹¤“―Z‘ξ,‚q‚b,4F,,’†‘wƒ}ƒ“ƒVƒ‡ƒ“A–‹Ζ“™‚ª¬έ‚·‚ιZ‘ξ’nζ,‹ζ“Ή,–k“,6,,,,ƒKƒX,…“Ή,‰Ί…“Ή,•Xμ‘δ,,700 ,€H,€–h,60 ,200 ,,,,,,,,,,
Z,13120 ,8 ,—ϋ”n,0 ,91 ,—ϋ”n‹ζ,’J΄‚Q’–Ϊ‚Q‚O‚W‚P”Τ‚R‚P,’J΄‚Q|‚U|‚T,"392,000 ","374,000 ",4.8 ,99 ,,1,1,Z‘ξ,‚v,2F,,’†¬‹K–Ν‚Μκ”ΚZ‘ξ‚ª‚Ώ•ΐ‚ΤZ‘ξ’nζ,‹ζ“Ή,“,6,,,,ƒKƒX,…“Ή,‰Ί…“Ή,Ξ_δφ‰€,,"1,400 ",‚P’ακ,€–h,50 ,100 ,,,,,,,,,,
Z,13120 ,8 ,—ϋ”n,0 ,92 ,—ϋ”n‹ζ,Ρδ‚Q’–Ϊ‚W‚X‚W”Τ‚TO,Ρδ‚Q|‚P‚U|‚P‚R,"500,000 ","474,000 ",5.5 ,374 ,,1,2,μ‹Ζ“‹¤“―Z‘ξ,‚r,3F,,‹¤“―Z‘ξAμ‹ΖAκ”ΚZ‘ξ‚ª¬έ‚·‚ιZ‘ξ’nζ,‹ζ“Ή,–kΌ,8,,,,ƒKƒX,…“Ή,‰Ί…“Ή,•xm©‘δ,,370 ,€H,€–h,60 ,200 ,,,,,,,,,,
Z,13120 ,8 ,—ϋ”n,5 ,1 ,—ϋ”n‹ζ,–L‹Κ–k‚U’–Ϊ‚P”Τ‚P‚R,–L‹Κ–k‚U|‚P|‚W,"1,920,000 ","1,740,000 ",10.3 ,176 ,,1,1.2,“X•ά,‚r‚q‚b,8F,1B,’†‚‘w‚Μ“X•άA––±ƒrƒ‹‚ª‚Ώ•ΐ‚Τ¤‹Ζ’nζ,“s“Ή,–k,16.5,,,,ƒKƒX,…“Ή,‰Ί…“Ή,—ϋ”n,,300 ,¤‹Ζ,–h‰Ξ,80 ,600 ,,,,,*,13120,5 ,6 ,"1,830,000 ",4.9 
Z,13120 ,8 ,—ϋ”n,5 ,2 ,—ϋ”n‹ζ,Ξ_δ’¬‚R’–Ϊ‚P‚R‚P‚T”Τ‚PO,Ξ_δ’¬‚R|‚Q‚O|‚P‚V,"1,290,000 ","1,170,000 ",10.3 ,142 ,•s®`,1.2,1,“X•ά“––±,‚q‚b,8F,,’†‚‘w‚Μ“X•ά“––±“™‚ª‚Ώ•ΐ‚Τ‰w‘O¤‹Ζ’nζ,‹ζ“Ή,–k,16,,,,ƒKƒX,…“Ή,‰Ί…“Ή,Ξ_δφ‰€,,80 ,¤‹Ζ,–h‰Ξ,80 ,500 ,,,,,,,,,,
Z,13120 ,8 ,—ϋ”n,5 ,3 ,—ϋ”n‹ζ,Φ’¬–k‚Q’–Ϊ‚T‚U‚W”Τ‚X,Φ’¬–k‚Q|‚Q‚V|‚P‚Q,"926,000 ","858,000 ",7.9 ,110 ,,1,3,“X•ά“Z‘ξ,‚r,3F,,¬”„“X•άA‹βs“™‚ª‚Ώ•ΐ‚Τ‰w‘O‚Μ¤‹Ζ’nζ,‹ζ“Ή,–k,8,,,,ƒKƒX,…“Ή,‰Ί…“Ή,•‘ Φ,‹ίΪ,0 ,‹ί¤,–h‰Ξ,80 ,400 ,,,,,,,,,,
Z,13120 ,8 ,—ϋ”n,5 ,4 ,—ϋ”n‹ζ,‰h’¬‚U”Τ‚Q‚OO,‰h’¬‚U|‚W,"1,070,000 ","977,000 ",9.5 ,88 ,,1,2,“X•άA––±“Z‘ξ,‚r,4F,,“X•άA“X•ά“‹¤“―Z‘ξ“™‚ª‚Ώ•ΐ‚Τ¤‹Ζ’nζ,‹ζ“Ή,–k“,8.5,,,,ƒKƒX,…“Ή,‰Ί…“Ή,]Γ“c,,200 ,¤‹Ζ,–h‰Ξ,80 ,500 ,,,,,,,,,,
Z,13120 ,8 ,—ϋ”n,5 ,5 ,—ϋ”n‹ζ,“‘ες‚P’–Ϊ‚T‚O‚X”Τ‚R‚U,“‘ες‚P|‚R‚O|‚V,"1,730,000 ","1,570,000 ",10.2 ,327 ,,1,2,“X•ά“––±,‚q‚b,6F,1B,’†‚‘w‚Μ“X•ά––±ƒrƒ‹‚ª‚Ώ•ΐ‚Τ¤‹Ζ’nζ,‹ζ“Ή,“μΌ,12.7,,‘¤“Ή,–kΌ,ƒKƒX,…“Ή,‰Ί…“Ή,‘εςw‰€,,70 ,¤‹Ζ,–h‰Ξ,80 ,500 ,,,,,,,,,,
Z,13120 ,8 ,—ϋ”n,5 ,6 ,—ϋ”n‹ζ,‚Ό‚T’–Ϊ‚S‚U‚P‚U”Τ‚PO,‚Ό‚T|‚P‚Q|‚X,"619,000 ","573,000 ",8.0 ,726 ,,1.5,1,–‹Ζ“‹¤“―Z‘ξ,‚q‚b,5F,,–‹Ζ“‹¤“―Z‘ξA“X•ά‚ª‚Ώ•ΐ‚ΤHό¤‹Ζ’nζ,“s“Ή,Ό,25,,,,ƒKƒX,…“Ή,‰Ί…“Ή,υ‚ª‹u,,780 ,‹ί¤,–h‰Ξ,80 ,300 ,,,,,,,,,,
Z,13120 ,8 ,—ϋ”n,5 ,7 ,—ϋ”n‹ζ,•Xμ‘δ‚R’–Ϊ‚R‚Q‚P”Τ‚SO,•Xμ‘δ‚R|‚S‚O|‚P‚P,"851,000 ","787,000 ",8.1 ,185 ,,1,3,“X•ά“‹¤“―Z‘ξ,‚r,4F,,’†‘w“X•ά“ƒ}ƒ“ƒVƒ‡ƒ““™‚ª‚Ώ•ΐ‚Τ‹ί—Χ¤‹Ζ’nζ,‹ζ“Ή,–kΌ,11,,,,ƒKƒX,…“Ή,‰Ί…“Ή,•Xμ‘δ,,120 ,‹ί¤,–h‰Ξ,80 ,300 ,,,,,*,13120,5 ,5 ,"820,000 ",3.8 
Z,13120 ,8 ,—ϋ”n,5 ,8 ,—ϋ”n‹ζ,Φ’¬“μ‚S’–Ϊ‚V‚S‚R”Τ‚P,Φ’¬“μ‚S|‚V|‚Q‚X,"637,000 ","591,000 ",7.8 ,270 ,,1,1.2,“X•ά“‹¤“―Z‘ξ,‚q‚b,5F,1B,“X•άAƒ}ƒ“ƒVƒ‡ƒ““™‚ª‚Ώ•ΐ‚ΤHό¤‹Ζ’nζ,“s“Ή,–k,25,,,,ƒKƒX,…“Ή,‰Ί…“Ή,•‘ Φ,,710 ,‹ί¤,–h‰Ξ,80 ,300 ,,,,,,,,,,
Z,13120 ,8 ,—ϋ”n,5 ,9 ,—ϋ”n‹ζ,t“ϊ’¬‚P’–Ϊ‚Q‚Q‚X‚T”Τ‚P‚P,t“ϊ’¬‚P|‚P‚S|‚P,"645,000 ","596,000 ",8.2 ,132 ,,1,2.5,“X•ά“Z‘ξ,‚v,2F,,’α‘w“X•ά•Ή—pZ‘ξ“™‚ª‘½‚Ά‹ί—Χ¤‹Ζ’nζ,‹ζ“Ή,“μ,8,,,,ƒKƒX,…“Ή,‰Ί…“Ή,“s‰c–L“‡‰€,,750 ,‹ί¤,€–h,80 ,300 ,,,,,,,,,,
Z,13120 ,8 ,—ϋ”n,5 ,10 ,—ϋ”n‹ζ,χ‘δ‚S’–Ϊ‚U‚O‚W‚O”Τ‚P‚P,χ‘δ‚S|‚P‚Q|‚Q‚R,"785,000 ","725,000 ",8.3 ,96 ,,1,3,“X•ά“Z‘ξ,‚r,3F,,¬‹K–Ν¬”„“X•ά“™‚ª‚Ώ•ΐ‚Τω¬‚Μ‹ί—Χ¤‹Ζ’nζ,‹ζ“Ή,“,8.1,,‘¤“Ή,“μ,ƒKƒX,…“Ή,‰Ί…“Ή,χ‘δ,,180 ,‹ί¤,–h‰Ξ,80 ,300 ,,,,,,,,,,
Z,13120 ,8 ,—ϋ”n,5 ,11 ,—ϋ”n‹ζ,’†‘Ί–k‚S’–Ϊ‚W”Τ‚P‚S,’†‘Ί–k‚S|‚W|‚R‚O,"1,080,000 ","986,000 ",9.5 ,117 ,,1,1.5,“X•άA––±“‹¤“―Z‘ξ,‚r‚q‚b,7F,,’†‚‘w‚Μ“X•άƒrƒ‹“™‚ª‚Ώ•ΐ‚Τ‰w‘O‚Μ¤‹Ζ’nζ,“s“Ή,–k,25,,,,ƒKƒX,…“Ή,‰Ί…“Ή,’†‘Ί‹΄,,180 ,¤‹Ζ,–h‰Ξ,80 ,500 ,,,,,,,,,,
Z,13120 ,8 ,—ϋ”n,5 ,12 ,—ϋ”n‹ζ,Ξ_δ’¬‚V’–Ϊ‚P‚W‚T‚S”Τ‚P‚RO,Ξ_δ’¬‚V|‚P‚R|‚P,"638,000 ","593,000 ",7.6 ,133 ,,1,1.5,“X•ά“‹¤“―Z‘ξ,‚r,4F,,“X•ά•Ή—pZ‘ξAƒ}ƒ“ƒVƒ‡ƒ““™‚ª¬έ‚·‚ι¤‹Ζ’nζ,“s“Ή,“μ“,8,,,,ƒKƒX,…“Ή,‰Ί…“Ή,Ξ_δφ‰€,,800 ,‹ί¤,€–h,80 ,300 ,,,,,,,,,,
Z,13120 ,8 ,—ϋ”n,5 ,13 ,—ϋ”n‹ζ,–k’¬‚W’–Ϊ‚X‚T‚V”Τ‚Q,–k’¬‚W|‚R‚V|‚Q‚Q,"784,000 ","724,000 ",8.3 ,370 ,,1,1.2,“X•ά“‹¤“―Z‘ξ,‚r‚q‚b,7F,,’†‚‘w‹¤“―Z‘ξA’α‘w“X•ά“™‚ª•ΐ‚ΤHό¤‹Ζ’nζ,‘“Ή,–k,25,,,,ƒKƒX,…“Ή,‰Ί…“Ή,’n‰Ί“SΤ’Λ,,80 ,‹ί¤,–h‰Ξ,80 ,300 ,,,,,,,,,,
Z,13120 ,8 ,—ϋ”n,5 ,14 ,—ϋ”n‹ζ,Ρδ‚S’–Ϊ‚V‚W‚U”Τ‚P‚Q,Ρδ‚S|‚P‚S|‚P‚X,"672,000 ","622,000 ",8.0 ,194 ,‘δ`,1,1.2,“X•ά“‹¤“―Z‘ξ,‚q‚b,6F,,’†‘w‚Μ“X•ά“‹¤“―Z‘ξ“™‚ª©‚η‚κ‚ιHό¤‹Ζ’nζ,“s“Ή,–k“,25,,‘¤“Ή,–kΌ,ƒKƒX,…“Ή,‰Ί…“Ή,’†‘Ί‹΄,,840 ,€Z‹,–h‰Ξ,60 ,300 ,,,,,,,,,,
Z,13120 ,8 ,—ϋ”n,5 ,15 ,—ϋ”n‹ζ,‚–μ‘δ‚P’–Ϊ‚Q‚S‚R‚R”Τ‚U,‚–μ‘δ‚P|‚V|‚V,"1,110,000 ","1,020,000 ",8.8 ,501 ,‘δ`,1,1,“X•ά,‚r,2F,,“X•άA‚‘wƒ}ƒ“ƒVƒ‡ƒ““™‚ª‚Ώ•ΐ‚Τ‰w‘O¤‹Ζ’nζ,‹ζ“Ή,“μ,0,‰w‘OLκ,,,ƒKƒX,…“Ή,‰Ί…“Ή,—ϋ”n‚–μ‘δ,‰w‘OLκΪ–Κ,0 ,‹ί¤,–h‰Ξ,80 ,400 ,,,,,,,,,,
Z,13120 ,8 ,—ϋ”n,5 ,16 ,—ϋ”n‹ζ,–L‹Κ–k‚S’–Ϊ‚S”Τ‚T,–L‹Κ–k‚S|‚S|‚T,"999,000 ","907,000 ",10.1 ,585 ,,1,1.5,“X•ά“‹¤“―Z‘ξ,‚q‚b,9F,,“X•ά“‹¤“―Z‘ξA––±‚ª‚Ώ•ΐ‚ΤHό¤‹Ζ’nζ,“s“Ή,“μ,25,,,,ƒKƒX,…“Ή,‰Ί…“Ή,χ‘δ,,540 ,¤‹Ζ,–h‰Ξ,80 ,400 ,,,,,,,,,,
Z,13120 ,8 ,—ϋ”n,5 ,17 ,—ϋ”n‹ζ,‘‹{‚Q’–Ϊ‚P‚U‚T‚O”Τ‚RO,‘‹{‚Q|‚P‚V|‚S‚P,"1,020,000 ","939,000 ",8.6 ,541 ,•s®`,1,1.2,“X•ά“‹¤“―Z‘ξ,‚r,5F,,’†‘w‚Μ“X•άƒrƒ‹“™‚ª‚Ώ•ΐ‚Τ‹ί—Χ¤‹Ζ’nζ,“s“Ή,–k“,50,,,,ƒKƒX,…“Ή,‰Ί…“Ή,•½a‘δ,‹ίΪ,0 ,‹ί¤,–h‰Ξ,80 ,300 ,,,,,,,,,,
Z,13120 ,8 ,—ϋ”n,5 ,18 ,—ϋ”n‹ζ,—ϋ”n‚P’–Ϊ‚U‚O‚W‚Q”Τ‚T‚QO,—ϋ”n‚P|‚P‚X|‚R,"1,260,000 ","1,140,000 ",10.5 ,133 ,,1,1,“X•ά“‹¤“―Z‘ξ,‚q‚b,7F,,’†‚‘w“X•άA“X•ά“‹¤“―Z‘ξ‚ª‚Ώ•ΐ‚Τ¤‹Ζ’nζ,‹ζ“Ή,–k,9,,,,ƒKƒX,…“Ή,‰Ί…“Ή,—ϋ”n,,130 ,¤‹Ζ,–h‰Ξ,80 ,500 ,,,,,,,,,,
Z,13121 ,8 ,‘«—§,0 ,1 ,‘«—§‹ζ,Ιl‚T’–Ϊ‚P‚U”Τ‚Q,Ιl‚T|‚Q‚V|‚P,"347,000 ","325,000 ",6.8 ,99 ,,1,1.2,Z‘ξ,‚v,2F,,κ”ΚZ‘ξAƒAƒp[ƒgA‰c‹Ζ‚ª¬έ‚·‚ιZ‘ξ’nζ,‹ζ“Ή,“μ,7.3,,,,ƒKƒX,…“Ή,‰Ί…“Ή,©ΐ‘γe…φ‰€,,270 ,‚P’ακ,€–h,50 ,150 ,,,,,,,,,,
Z,13121 ,8 ,‘«—§,0 ,2 ,‘«—§‹ζ,»£‚S’–Ϊ‚U‚S”Τ‚R,»£‚S|‚P‚O|‚Q‚O,"715,000 ","637,000 ",12.2 ,75 ,,1,2,Z‘ξ,‚v,3F,,‰w‚Ι‹ί‚­A’†¬‹K–Ν‚Μκ”ΚZ‘ξ‚ª‘½‚ΆZ‘ξ’nζ,‹ζ“Ή,“μ,4,,,,ƒKƒX,…“Ή,‰Ί…“Ή,»£,,230 ,‚PZ‹,€–h,60 ,300 ,,,,,,,,,,
,13121 ,8 ,‘«—§,0 ,3 ,‘«—§‹ζ,»£‚Q’–Ϊ‚S‚R”Τ‚T,»£‚Q|‚S‚R|‚W,"613,000 ",,,106 ,,1,1,Z‘ξ,‚v,3F,,’†¬‹K–Νκ”ΚZ‘ξ‚Μ‚Ώ•ΐ‚ΤZ‘ξ’nζ,‹ζ“Ή,“,10.5,,,,ƒKƒX,…“Ή,‰Ί…“Ή,»£,,690 ,‚P’†κ,€–h,60 ,300 ,,,,,,,,,,
Z,13121 ,8 ,‘«—§,0 ,4 ,‘«—§‹ζ,ξ‚P’–Ϊ‚S‚V‚U‚V”Τ‚V,ξ‚P|‚T‚Q|‚Q,"337,000 ","317,000 ",6.3 ,105 ,,1,1,Z‘ξ,‚v,2F,,¬‹K–Νκ”ΚZ‘ξAμ‹Ζ“™‚ª¬έ‚·‚ιZ‘ξ’nζ,‹ζ“Ή,“μ,4,,,,ƒKƒX,…“Ή,‰Ί…“Ή,ξ‘ε‹΄,,500 ,‚PZ‹,€–h,60 ,200 ,,,,,,,,,,
Z,13121 ,8 ,‘«—§,0 ,5 ,‘«—§‹ζ,Ό’|‚Μ’Λ‚P’–Ϊ‚P‚X‚V‚P”Τ‚P‚V,Ό’|‚Μ’Λ‚P|‚R|‚Q‚R,"403,000 ","384,000 ",4.9 ,264 ,,1,2,Z‘ξ,‚v,2F,,’†‹K–Νκ”ΚZ‘ξ‚ª‘½‚ΆΥΓ‚ΘZ‘ξ’nζ,‹ζ“Ή,“,5,,,,ƒKƒX,…“Ή,‰Ί…“Ή,’|ƒm’Λ,,990 ,‚P’ακ,€–h,60 ,150 ,,,,,,,,,,
Z,13121 ,8 ,‘«—§,0 ,6 ,‘«—§‹ζ,’†μ‚R’–Ϊ‚Q‚O”Τ‚X,’†μ‚R|‚Q‚S|‚V,"380,000 ","357,000 ",6.4 ,69 ,,1,2,Z‘ξ,‚v,3F,,κ”ΚZ‘ξAƒAƒp[ƒg“™‚ª‚Ώ•ΐ‚Τω¬Z‘ξ’nζ,‹ζ“Ή,–k,4,,,,ƒKƒX,…“Ή,‰Ί…“Ή,‹T—L,,"1,000 ",‚P’†κ,€–h,60 ,200 ,,,,,,,,,,
Z,13121 ,8 ,‘«—§,0 ,7 ,‘«—§‹ζ,Ιl‚R’–Ϊ‚X”Τ‚S‚P,Ιl‚R|‚U|‚P‚W,"316,000 ","295,000 ",7.1 ,105 ,,1,1.5,Z‘ξ,‚v,2F,,¬‹K–ΝZ‘ξAƒAƒp[ƒg“™‚ª‚Ώ•ΐ‚ΤZ‘ξ’nζ,‹ζ“Ή,–k“,7.4,,,,ƒKƒX,…“Ή,‰Ί…“Ή,©ΐ‘γe…φ‰€,,500 ,‚P’ακ,€–h,50 ,150 ,,,,,,,,,,
Z,13121 ,8 ,‘«—§,0 ,8 ,‘«—§‹ζ,_–Ύ‚P’–Ϊ‚T‚P‚O”Τ‚P,_–Ύ‚P|‚R|‚S,"245,000 ","230,000 ",6.5 ,132 ,,1,1.5,Z‘ξ,‚v,2F,,κ”ΚZ‘ξ‚Μ‚Ω‚©ƒ}ƒ“ƒVƒ‡ƒ““™‚ª‚έ‚η‚κ‚ιZ‘ξ’nζ,‹ζ“Ή,Ό,4.7,,,,ƒKƒX,…“Ή,‰Ί…“Ή,Z’¬,,"1,400 ",‚PZ‹,€–h,60 ,200 ,,,,,,,,,,
Z,13121 ,8 ,‘«—§,0 ,9 ,‘«—§‹ζ,“a‚R’–Ϊ‚P‚V‚W”Τ‚Q,“a‚R|‚V|‚W,"403,000 ","379,000 ",6.3 ,165 ,,1,2,Z‘ξ,‚v,2F,,κ”ΚZ‘ξA‹¤“―Z‘ξ“™‚ª‚Ώ•ΐ‚ΤZ‘ξ’nζ,‹ζ“Ή,–k,6,,,,ƒKƒX,…“Ή,‰Ί…“Ή,–k»£,,950 ,‚PZ‹,€–h,60 ,300 ,,,,,,,,,,
Z,13121 ,8 ,‘«—§,0 ,10 ,‘«—§‹ζ,Mΐ‚P’–Ϊ‚P‚U”Τ‚S‚X,Mΐ‚P|‚P‚U|‚P‚V,"270,000 ","259,000 ",4.2 ,147 ,,1,1.5,Z‘ξ“μ‹Ζ,‚v,2F,,κ”ΚZ‘ξ‚Μ’†‚Ι’“Τκ“™‚ª©‚η‚κ‚ιZ‘ξ’nζ,‹ζ“Ή,“,6,,,,ƒKƒX,…“Ή,‰Ί…“Ή,Ιlφ‰€,,"1,000 ",‚PZ‹,€–h,60 ,200 ,,,,,,,,,,
Z,13121 ,8 ,‘«—§,0 ,11 ,‘«—§‹ζ,Z–Ψ‚R’–Ϊ‚R‚S”Τ‚X,Z–Ψ‚R|‚R‚S|‚P‚U,"267,000 ","255,000 ",4.7 ,157 ,,1,1.2,Z‘ξ,‚k‚r,2F,,κ”ΚZ‘ξ‚Μ‚Ω‚©–‹Ζ“™‚ΰ©‚η‚κ‚ιZ‘ξ’nζ,‹ζ“Ή,“μ,9.2,,,,ƒKƒX,…“Ή,‰Ί…“Ή,”ª’ª,,"1,500 ",‚P’†κ,€–h,60 ,200 ,,,,,,,,,,
Z,13121 ,8 ,‘«—§,0 ,12 ,‘«—§‹ζ,Ι‹»–{’¬‚P’–Ϊ‚P‚Q‚S‚W”Τ‚Q,Ι‹»–{’¬‚P|‚P‚R|‚P‚X,"369,000 ","351,000 ",5.1 ,120 ,‘δ`,1,1,Z‘ξ,‚v,2F,,κ”ΚZ‘ξAƒAƒp[ƒg“™‚ª©‚η‚κ‚ιZ‘ξ’nζ,‹ζ“Ή,–k,6.4,,,,ƒKƒX,…“Ή,‰Ί…“Ή,’|ƒm’Λ,,870 ,‚P’ακ,€–h,50 ,100 ,,,,,,,,,,
Z,13121 ,8 ,‘«—§,0 ,13 ,‘«—§‹ζ,»£‚R’–Ϊ‚Q‚Q”Τ‚P‚O,»£‚R|‚Q‚Q|‚V,"847,000 ","750,000 ",12.9 ,486 ,,1,1.5,‹¤“―Z‘ξ,‚r,3F,,κ”ΚZ‘ξA‹¤“―Z‘ξ“™‚ª‘½‚­©‚η‚κ‚ιZ‘ξ’nζ,‹ζ“Ή,–k,6,,,,ƒKƒX,…“Ή,‰Ί…“Ή,»£,,420 ,‚PZ‹,€–h,60 ,300 ,,,,,*,13121,0 ,12 ,"792,000 ",6.9 
Z,13121 ,8 ,‘«—§,0 ,14 ,‘«—§‹ζ,•Ϋ–ΨΤ‚P’–Ϊ‚Q‚R”Τ‚P‚O,•Ϋ–ΨΤ‚P|‚Q‚R|‚P‚U,"310,000 ","296,000 ",4.7 ,187 ,,1,1,Z‘ξ,‚r,2F,,κ”ΚZ‘ξ‚Μ‚Ω‚©‚Ι“s‰cZ‘ξ“™‚ª©‚η‚κ‚ιZ‘ξ’nζ,‹ζ“Ή,“,6,,,,ƒKƒX,…“Ή,‰Ί…“Ή,’|ƒm’Λ,,"1,700 ",‚PZ‹,€–h,60 ,200 ,,,,,,,,,,
Z,13121 ,8 ,‘«—§,0 ,15 ,‘«—§‹ζ,’J’†‚P’–Ϊ‚P‚V”Τ‚P‚Q,’J’†‚P|‚P‚V|‚T,"425,000 ","400,000 ",6.3 ,101 ,,1,1.5,Z‘ξ,‚v,3F,,κ”ΚZ‘ξ‚Μ’†‚Ι‹¤“―Z‘ξ“™‚ª©‚η‚κ‚ιZ‘ξ’nζ,‹ζ“Ή,–kΌ,8,,,,ƒKƒX,…“Ή,‰Ί…“Ή,–k»£,,530 ,‚P’†κ,€–h,60 ,300 ,,,,,,,,,,
Z,13121 ,8 ,‘«—§,0 ,16 ,‘«—§‹ζ,“»£‚P’–Ϊ‚P‚W”Τ‚P‚V,“»£‚P|‚P‚W|‚V,"554,000 ","506,000 ",9.5 ,109 ,‘δ`,1,1.2,Z‘ξ,‚v,2F,,κ”ΚZ‘ξ‚Μ’†‚Ι’“Τκ“™‚ª©‚η‚κ‚ιZ‘ξ’nζ,‹ζ“Ή,–k,6,,,,ƒKƒX,…“Ή,‰Ί…“Ή,»£,,750 ,‚PZ‹,€–h,60 ,300 ,,,,,,,,,,
Z,13121 ,8 ,‘«—§,0 ,17 ,‘«—§‹ζ,”~“‡‚P’–Ϊ‚Q‚X”Τ‚Q‚R,”~“‡‚P|‚P‚X|‚X,"441,000 ","416,000 ",6.0 ,166 ,,1,1.2,Z‘ξ,‚v,2F,,κ”ΚZ‘ξAƒAƒp[ƒg“™‚ª‚Ώ•ΐ‚ΤZ‘ξ’nζ,‹ζ“Ή,–k,6,,,,ƒKƒX,…“Ή,‰Ί…“Ή,”~“‡,,340 ,‚PZ‹,€–h,60 ,300 ,,,,,,,,,,
Z,13121 ,8 ,‘«—§,0 ,18 ,‘«—§‹ζ,Ό»£‚R’–Ϊ‚P‚V‚T‚T”Τ‚S,Ό»£‚R|‚P‚T|‚X,"403,000 ","380,000 ",6.1 ,93 ,,1,2.5,Z‘ξ,‚v,2F,,Z‘ξAƒAƒp[ƒgA‰c‹Ζ“™‚ª©‚η‚κ‚ιZ‘ξ’nζ,‹ζ“Ή,“,4,,,,ƒKƒX,…“Ή,‰Ί…“Ή,»£,,710 ,‚P’†κ,€–h,60 ,200 ,,,,,,,,,,
Z,13121 ,8 ,‘«—§,0 ,19 ,‘«—§‹ζ,ΌVδ‚S’–Ϊ‚S‚O”Τ‚Q‚R,ΌVδ‚S|‚S‚O|‚W,"354,000 ","337,000 ",5.0 ,156 ,,1,1.5,Z‘ξ,‚k‚r,2F,,κ”ΚZ‘ξ‚Μ’†‚Ι’“Τκ“™‚ΰ©‚η‚κ‚ιZ‘ξ’nζ,‹ζ“Ή,Ό,7.4,,,,ƒKƒX,…“Ή,‰Ί…“Ή,’Jέ‰Ζ,,220 ,‚P’ακ,€–h,50 ,150 ,,,,,,,,,,
Z,13121 ,8 ,‘«—§,0 ,20 ,‘«—§‹ζ,Γη’J–{’¬‚Q’–Ϊ‚Q‚P”Τ‚P,Γη’J–{’¬‚Q|‚Q‚Q|‚Q‚T,"314,000 ","297,000 ",5.7 ,101 ,,1,1.5,Z‘ξ,‚v,2F,,¬‹K–ΝZ‘ξAƒAƒp[ƒg“™‚ª‘½‚ΆZ‘ξ’nζ,‹ζ“Ή,“,7.4,,,,ƒKƒX,…“Ή,‰Ί…“Ή,Ιl,,600 ,‚P’ακ,€–h,50 ,150 ,,,,,,,,,,
Z,13121 ,8 ,‘«—§,0 ,21 ,‘«—§‹ζ,»£‚P’–Ϊ‚P‚P‚P”Τ‚QO,»£‚P|‚R‚Q|‚R,"1,260,000 ","1,080,000 ",16.7 ,839 ,‘δ`,1,1.2,‹¤“―Z‘ξ,‚q‚b,8F,,‹¤“―Z‘ξ‚π’†S‚ΙA“X•ά‚ΰ©‚η‚κ‚ιZ‘ξ’nζ,‹ζ“Ή,–kΌ,9.4,,”w–Κ“Ή,,ƒKƒX,…“Ή,‰Ί…“Ή,»£,,80 ,‹ί¤,–h‰Ξ,80 ,300 ,,,,,,,,,,
Z,13121 ,8 ,‘«—§,0 ,23 ,‘«—§‹ζ,’†‰›–{’¬‚S’–Ϊ‚P‚U‚S‚T”Τ‚P‚SO,’†‰›–{’¬‚S|‚R|‚P‚X,"345,000 ","328,000 ",5.2 ,113 ,,1,1.2,ρhΙ,‚v,2F,,Z‘ξAμ‹ΖAƒAƒp[ƒg“™‚ª¬έ‚·‚ιZ‘ξ’nζ,‹ζ“Ή,“,4,,,,ƒKƒX,…“Ή,‰Ί…“Ή,”~“‡,,"1,100 ",€H,–h‰Ξ,60 ,300 ,,,,,,,,,,
Z,13121 ,8 ,‘«—§,0 ,24 ,‘«—§‹ζ,‘ε’J“c‚Q’–Ϊ‚Q‚O”Τ‚Q‚QO,‘ε’J“c‚Q|‚Q‚O|‚P‚S,"280,000 ","267,000 ",4.9 ,146 ,‘δ`,1.2,1,Z‘ξ,‚v,2F,,κ”ΚZ‘ξ‚Μ’†‚Ι’“Τκ‚ª©‚η‚κ‚ιZ‘ξ’nζ,‹ζ“Ή,“μ“,6,,,,ƒKƒX,…“Ή,‰Ί…“Ή,–k»£,,"1,700 ",‚P’†κ,€–h,60 ,200 ,,,,,,,,,,
Z,13121 ,8 ,‘«—§,0 ,25 ,‘«—§‹ζ,Βδ‚Q’–Ϊ‚P‚X‚O‚T”Τ‚P‚P,Βδ‚Q|‚Q‚W|‚P‚S,"423,000 ","401,000 ",5.5 ,134 ,,1,1,Z‘ξ,‚v,2F,,κ”ΚZ‘ξAƒAƒp[ƒg“™‚ª‚Ώ•ΐ‚ΤZ‘ξ’nζ,‹ζ“Ή,“μ,5.2,,,,ƒKƒX,…“Ή,‰Ί…“Ή,Βδ,,690 ,‚P’†κ,€–h,60 ,200 ,,,,,,,,,,
Z,13121 ,8 ,‘«—§,0 ,27 ,‘«—§‹ζ,‘«—§‚Q’–Ϊ‚P‚Q‚U‚T”Τ‚T‚O,‘«—§‚Q|‚P‚R|‚T,"296,000 ","280,000 ",5.7 ,120 ,,1.2,1,Z‘ξ“μ‹Ζ,‚v,2F,,κ”ΚZ‘ξAZ‘ξ“μ‹Ζ“™‚ª–§W‚·‚ιZ‘ξ’nζ,‹ζ“Ή,–k,4,,,,ƒKƒX,…“Ή,‰Ί…“Ή,¬›,,610 ,€H,€–h,80 ,300 ,,,,,,,,,,
Z,13121 ,8 ,‘«—§,0 ,28 ,‘«—§‹ζ,V“c‚R’–Ϊ‚S”Τ‚R‚W,V“c‚R|‚V|‚P‚W,"316,000 ","303,000 ",4.3 ,148 ,,1.3,1,Z‘ξ,‚v,2F,,¬HκAZ‘ξAƒAƒp[ƒg“™‚ª¬έ‚·‚ιZ‘ξ’nζ,‹ζ“Ή,Ό,4,,,,ƒKƒX,…“Ή,‰Ί…“Ή,‰¤q_’J,,"1,200 ",€H,€–h,60 ,200 ,,,,,,,,,,
Z,13121 ,8 ,‘«—§,0 ,29 ,‘«—§‹ζ,ηZ—Ξ’¬‚Q’–Ϊ‚P‚R”Τ‚P‚RO,ηZ—Ξ’¬‚Q|‚P‚R|‚P‚R,"538,000 ","501,000 ",7.4 ,118 ,,1,1.5,Z‘ξ,‚q‚b,3F,,–‹ΖAκ”ΚZ‘ξA‹¤“―Z‘ξ‚ª¬έ‚·‚ιZ‘ξ’nζ,‹ζ“Ή,–k,7.3,,,,ƒKƒX,…“Ή,‰Ί…“Ή,ηZ‘ε‹΄,,590 ,€H,€–h,60 ,300 ,,,,,,,,,,
Z,13121 ,8 ,‘«—§,0 ,30 ,‘«—§‹ζ,­•l‚U’–Ϊ‚P‚O”Τ‚Q‚P,,"270,000 ","257,000 ",5.1 ,99 ,,1,1.5,‹σ’n,,,,κ”ΚZ‘ξ‚Μ‚Ω‚©‚Ιμ‹Ζ‚ª¬έ‚·‚ιZ‘ξ’nζ,‹ζ“Ή,“,6,,‘¤“Ή,–k,ƒKƒX,…“Ή,‰Ί…“Ή,ΌVδ‘εtΌ,,"1,200 ",‚PZ‹,€–h,60 ,200 ,,,,,*,13121,0 ,13 ,"265,000 ",1.9 
Z,13121 ,8 ,‘«—§,0 ,31 ,‘«—§‹ζ,•Ϋ’Λ’¬‚P‚U”Τ‚P‚T‚P,•Ϋ’Λ’¬‚T|‚P‚Q,"341,000 ","323,000 ",5.6 ,111 ,,1,3,Z‘ξ,‚v,2F,,κ”ΚZ‘ξ‚Μ’†‚Ι“X•ά“Z‘ξ“™‚ª©‚η‚κ‚ιZ‘ξ’nζ,‹ζ“Ή,–k,6,,,,ƒKƒX,…“Ή,‰Ί…“Ή,Z’¬,,640 ,‚P’†κ,€–h,50 ,150 ,,,,,,,,,,
Z,13121 ,8 ,‘«—§,0 ,32 ,‘«—§‹ζ,Ό»£‚Q’–Ϊ‚P‚U‚P‚W”Τ‚P‚O,Ό»£‚Q|‚P‚O|‚T,"381,000 ","362,000 ",5.2 ,109 ,,1,1.2,Z‘ξ,‚v,2F,,κ”ΚZ‘ξA‹¤“―Z‘ξ“™‚Μ‚Ώ•ΐ‚ΤZ‘ξ’nζ,‹ζ“Ή,–k,4,,,,ƒKƒX,…“Ή,‰Ί…“Ή,ά”½–μ,,550 ,‚P’†κ,€–h,60 ,200 ,,,,,,,,,,
Z,13121 ,8 ,‘«—§,0 ,33 ,‘«—§‹ζ,“ό’J‚S’–Ϊ‚U”Τ‚Q‚X,“ό’J‚S|‚U|‚P‚O,"275,000 ","258,000 ",6.6 ,188 ,,1,1.2,Z‘ξ,‚v,2F,,κ”ΚZ‘ξ‚Μ’†‚Ι‹σ’n‚ΰ©‚η‚κ‚ιZ‘ξ’nζ,‹ζ“Ή,–k,6,,,,ƒKƒX,…“Ή,‰Ί…“Ή,Ιl,,950 ,‚P’†κ,€–h,60 ,200 ,,,,,,,,,,
Z,13121 ,8 ,‘«—§,0 ,34 ,‘«—§‹ζ,ΌVδ‚P’–Ϊ‚R‚Q”Τ‚WO,ΌVδ‚P|‚R‚Q|‚R,"390,000 ","370,000 ",5.4 ,110 ,,1,1,Z‘ξ,‚v,2F,,κ”ΚZ‘ξ“™‚ª‚Ώ•ΐ‚Τω¬‚ΜZ‘ξ’nζ,‹ζ“Ή,“μ,6,,,,ƒKƒX,…“Ή,‰Ί…“Ή,‘εt‘O,,430 ,‚PZ‹,€–h,60 ,200 ,,,,,*,13121,0 ,25 ,"378,000 ",3.2 
Z,13121 ,8 ,‘«—§,0 ,35 ,‘«—§‹ζ,“•Ϋ–ΨΤ‚Q’–Ϊ‚P‚X”Τ‚U,“•Ϋ–ΨΤ‚Q|‚P‚X|‚R,"317,000 ","302,000 ",5.0 ,165 ,,2,1,Z‘ξ,‚k‚r,2F,,Z‘ξA‹¤“―Z‘ξ‚Μ‘Ό‚Ι’“Τκ‚ΰ©‚η‚κ‚ιZ‘ξ’nζ,‹ζ“Ή,Ό,6,,,,ƒKƒX,…“Ή,‰Ί…“Ή,Z’¬,,"1,500 ",‚Q’†κ,€–h,60 ,200 ,,,,,*,13121,0 ,16 ,"310,000 ",2.3 
Z,13121 ,8 ,‘«—§,0 ,36 ,‘«—§‹ζ,Ό’|‚Μ’Λ‚Q’–Ϊ‚P‚P‚P‚T”Τ‚P‚X,Ό’|‚Μ’Λ‚Q|‚P‚O|‚T,"447,000 ","422,000 ",5.9 ,231 ,,1.5,1,Z‘ξ,‚v,2F,,’†‹K–Νκ”ΚZ‘ξ‚ª‚Ώ•ΐ‚ΤΥΓ‚ΘZ‘ξ’nζ,‹ζ“Ή,“μ,4,,,,ƒKƒX,…“Ή,‰Ί…“Ή,’|ƒm’Λ,,330 ,‚PZ‹,€–h,60 ,200 ,,,,,,,,,,
Z,13121 ,8 ,‘«—§,0 ,37 ,‘«—§‹ζ,“‡ª‚R’–Ϊ‚S‚S‚T”Τ‚T,“‡ª‚R|‚P‚U|‚P‚U,"328,000 ","313,000 ",4.8 ,132 ,‘δ`,1,1.5,Z‘ξ,‚v,2F,,¬‹K–Νκ”ΚZ‘ξ‚Μ‚Ω‚©‚Ι‹σ’n‚ª©‚η‚κ‚ιZ‘ξ’nζ,‹ζ“Ή,“,4.7,,,,ƒKƒX,…“Ή,‰Ί…“Ή,ΌVδ,,730 ,‚P’†κ,€–h,60 ,200 ,,,,,,,,,,
Z,13121 ,8 ,‘«—§,0 ,38 ,‘«—§‹ζ,‹»–μ‚Q’–Ϊ‚W‚P‚T”Τ‚P‚T,‹»–μ‚Q|‚R‚O|‚R‚R,"324,000 ","306,000 ",5.9 ,101 ,,1,2,Z‘ξ,‚v,2F,,¬‹K–Νκ”ΚZ‘ξ“™‚ª‚Ώ•ΐ‚ΤZ‘ξ’nζ,‹ζ“Ή,–k,5,,,,ƒKƒX,…“Ή,‰Ί…“Ή,]–k,,780 ,‚P’†κ,€–h,60 ,200 ,,,,,,,,,,
Z,13121 ,8 ,‘«—§,0 ,39 ,‘«—§‹ζ,’|‚Μ’Λ‚T’–Ϊ‚Q‚X”Τ‚W,’|‚Μ’Λ‚T|‚Q‚X|‚P‚O,"391,000 ","370,000 ",5.7 ,211 ,,1,1,Z‘ξ,‚r,3F,,’†‹K–Νκ”ΚZ‘ξAƒAƒp[ƒg“™‚ª‚Ώ•ΐ‚ΤZ‘ξ’nζ,‹ζ“Ή,–k“,5,,,,ƒKƒX,…“Ή,‰Ί…“Ή,’|ƒm’Λ,,720 ,‚P’†κ,€–h,60 ,300 ,,,,,,,,,,
Z,13121 ,8 ,‘«—§,0 ,40 ,‘«—§‹ζ,κƒc‰Ζ‚S’–Ϊ‚T”Τ‚SO,κƒc‰Ζ‚S|‚T|‚T,"372,000 ","353,000 ",5.4 ,116 ,,1,1.5,Z‘ξ,‚r,3F,,’†‹K–Νκ”ΚZ‘ξ‚Μ’†‚Ι‹σ’n“™‚ª©‚η‚κ‚ιZ‘ξ’nζ,‹ζ“Ή,–k,6,,,,ƒKƒX,…“Ή,‰Ί…“Ή,Z’¬,,890 ,‚P’†κ,€–h,60 ,200 ,,,,,,,,,,
Z,13121 ,8 ,‘«—§,0 ,41 ,‘«—§‹ζ,–x”V“ΰ‚Q’–Ϊ‚P‚Q”Τ‚R,–x”V“ΰ‚Q|‚P‚Q|‚P‚Q,"255,000 ","244,000 ",4.5 ,141 ,,1,2.5,‘qΙ“Z‘ξ,‚r,2F,,¬‹K–Ν–‹ΖA‘qΙAZ‘ξ“™‚ª¬έ‚·‚ιZ‘ξ’nζ,‹ζ“Ή,–k,6,,,,ƒKƒX,…“Ή,‰Ί…“Ή,]–k,,"1,500 ",€H,€–h,60 ,200 ,,,,,,,,,,
Z,13121 ,8 ,‘«—§,0 ,42 ,‘«—§‹ζ,’Cΐ‚Q’–Ϊ‚T‚P‚V‚T”Τ‚SO,’Cΐ‚Q|‚P‚W|‚S,"230,000 ","221,000 ",4.1 ,198 ,,1.5,1,––±“‹¤“―Z‘ξ,‚r,3F,,¬HκAμ‹ΖAκ”ΚZ‘ξ“™‚ª¬έ‚·‚ι’nζ,‹ζ“Ή,Ό,4.6,,,,ƒKƒX,…“Ή,‰Ί…“Ή,–k»£,,"1,900 ",€H,€–h,60 ,200 ,,,,,,,,,,
Z,13121 ,8 ,‘«—§,0 ,43 ,‘«—§‹ζ,ηZ’¬‚T‚T”Τ‚Q‚SO,ηZ’¬‚R‚T|‚P‚S,"434,000 ","408,000 ",6.4 ,150 ,,1.5,1,Z‘ξ,‚v,3F,,κ”ΚZ‘ξ‚Μ’†‚Ιμ‹Ζ“™‚ª©‚η‚κ‚ιZ‘ξ’nζ,‹ζ“Ή,–k“,4,,,,ƒKƒX,…“Ή,‰Ί…“Ή,–xΨ,,250 ,€H,€–h,60 ,200 ,,,,,,,,,,
Z,13121 ,8 ,‘«—§,0 ,44 ,‘«—§‹ζ,Φ΄‚Q’–Ϊ‚P‚U‚V”Τ‚S,Φ΄‚Q|‚W|‚Q,"308,000 ","291,000 ",5.8 ,134 ,‘δ`,1,1,Z‘ξ,‚v,2F,,κ”ΚZ‘ξ‚Μ’†‚Ιμ‹Ζ“™‚ª©‚η‚κ‚ιZ‘ξ’nζ,‹ζ“Ή,“μΌ,4,,,,ƒKƒX,…“Ή,‰Ί…“Ή,”~“‡,,"1,100 ",€H,€–h,80 ,200 ,,,,,,,,,,
Z,13121 ,8 ,‘«—§,0 ,45 ,‘«—§‹ζ,’|‚Μ’Λ‚Q’–Ϊ‚P‚X”Τ‚Q,’|‚Μ’Λ‚Q|‚P‚X|‚Q,"460,000 ","438,000 ",5.0 ,205 ,,1,1.5,Z‘ξ,‚r,3F,,’†‹K–Νκ”ΚZ‘ξ‚Μ‘½‚ΆΥΓ‚ΘZ‘ξ’nζ,‹ζ“Ή,“μ,6,,,,ƒKƒX,…“Ή,‰Ί…“Ή,’|ƒm’Λ,,850 ,‚P’†κ,€–h,60 ,300 ,,,,,*,13121,0 ,14 ,"449,000 ",2.4 
Z,13121 ,8 ,‘«—§,0 ,46 ,‘«—§‹ζ,ΌVδ‚V’–Ϊ‚X”Τ‚S,ΌVδ‚V|‚X|‚R,"374,000 ","350,000 ",6.9 ,140 ,,1,1.5,Z‘ξ,‚r,2F,,κ”ΚZ‘ξ‚Μ’†‚Ι‹σ’n“™‚ª©‚η‚κ‚ιZ‘ξ’nζ,‹ζ“Ή,“μ,8,,,,ƒKƒX,…“Ή,‰Ί…“Ή,ΌVδ‘εtΌ,,430 ,‚PZ‹,€–h,60 ,300 ,,,,,,,,,,
Z,13121 ,8 ,‘«—§,0 ,47 ,‘«—§‹ζ,ηZυ’¬‚T‚U”Τ‚W,ηZυ’¬‚T|‚P‚O,"1,330,000 ","1,160,000 ",14.7 ,613 ,•s®`,1.5,1,‹¤“―Z‘ξ,‚r‚q‚b,14F,,‚‘w‹¤“―Z‘ξA“X•ά“™‚ª¬έ‚·‚ιZ‘ξ’nζ,‘“Ή,“μ“,35,,‘¤“Ή,–k,ƒKƒX,…“Ή,‰Ί…“Ή,–kηZ,,590 ,¤‹Ζ,–h‰Ξ,80 ,600 ,,,,,,,,,,
Z,13121 ,8 ,‘«—§,0 ,48 ,‘«—§‹ζ,‰Α•½‚P’–Ϊ‚P‚V”Τ‚P‚W,‰Α•½‚P|‚P‚V|‚Q‚Q,"440,000 ","407,000 ",8.1 ,198 ,,1,2,Z‘ξ,‚r,2F,,’†‹K–Νκ”ΚZ‘ξ“™‚ª‘½‚­©‚η‚κ‚ιZ‘ξ’nζ,‹ζ“Ή,“μ,6,,,,ƒKƒX,…“Ή,‰Ί…“Ή,–k»£,,330 ,‚PZ‹,€–h,60 ,300 ,,,,,,,,,,
Z,13121 ,8 ,‘«—§,0 ,49 ,‘«—§‹ζ,Z‚R’–Ϊ‚X”Τ‚Q,Z‚R|‚X|‚P,"332,000 ","317,000 ",4.7 ,167 ,,1,1.2,Z‘ξ,‚v,2F,,’†‹K–Νκ”ΚZ‘ξ“™‚ª‘½‚­©‚η‚κ‚ιZ‘ξ’nζ,‹ζ“Ή,“μ,6,,,,ƒKƒX,…“Ή,‰Ί…“Ή,’|ƒm’Λ,,"1,000 ",‚P’†κ,€–h,60 ,200 ,,,,,,,,,,
Z,13121 ,8 ,‘«—§,0 ,50 ,‘«—§‹ζ,‹{ι‚P’–Ϊ‚P‚T”Τ‚P‚R,‹{ι‚P|‚R‚P|‚U,"275,000 ","264,000 ",4.2 ,198 ,,1,1.5,Z‘ξ,‚r,2F,,Z‘ξAƒAƒp[ƒgA¬Hκ“™‚ª¬έ‚·‚ιZ‘ξ’nζ,‹ζ“Ή,–kΌ,6,,,,ƒKƒX,…“Ή,‰Ί…“Ή,‘«—§¬‘δ,,"1,500 ",€H,€–h,60 ,200 ,,,,,,,,,,
Z,13121 ,8 ,‘«—§,0 ,51 ,‘«—§‹ζ,»£‚V’–Ϊ‚Q‚O”Τ‚PO,»£‚V|‚Q‚O|‚P‚O,"1,020,000 ","950,000 ",7.4 ,"1,670 ",•s®`,1,1.5,‹¤“―Z‘ξ,‚q‚b,15F,,‚‘w‹¤“―Z‘ξ‚ª‘½‚Άμ‚Μθ’Κ‚θ‰‚Ά‚ΜZ‘ξ’nζ,“s“Ή,“,15,,l•ϋH,,ƒKƒX,…“Ή,‰Ί…“Ή,–k»£,,450 ,€Z‹,–h‰Ξ,60 ,400 ,,,,,,,,,,
Z,13121 ,8 ,‘«—§,0 ,52 ,‘«—§‹ζ,ηZ®’¬‚U‚U”Τ‚P‚V,ηZ®’¬‚Q‚W|‚P‚Q,"691,000 ","628,000 ",10.0 ,113 ,,1,1.2,Z‘ξ,‚v,2F,,¬‹K–Νκ”ΚZ‘ξ‚ª–§W‚·‚ι‰w‚Ι‹ί‚ΆZ‘ξ’nζ,„“Ή,“μ,3.5,,,,ƒKƒX,…“Ή,‰Ί…“Ή,–kηZ,,400 ,‚PZ‹,€–h,80 ,300 ,,,,,,,,,,
Z,13121 ,8 ,‘«—§,0 ,53 ,‘«—§‹ζ,–k‰Α•½’¬‚Q‚Q‚V”Τ‚Q‚S,–k‰Α•½’¬‚P‚W|‚P‚S,"294,000 ","278,000 ",5.8 ,100 ,,1.5,1,Z‘ξ,‚v,2F,,¬‹K–ΝZ‘ξ‚Ζ‹¤“―Z‘ξ‚ª‚Ώ•ΐ‚ΤZ‘ξ’nζ,‹ζ“Ή,“,5.5,,,,ƒKƒX,…“Ή,‰Ί…“Ή,–k»£,,"1,200 ",‚P’ακ,€–h,50 ,150 ,,,,,,,,,,
Z,13121 ,8 ,‘«—§,0 ,54 ,‘«—§‹ζ,ΌVδ‚R’–Ϊ‚P‚R”Τ‚RO,ΌVδ‚R|‚P‚R|‚Q,"336,000 ","319,000 ",5.3 ,176 ,,1,1.5,Z‘ξ,‚v,2F,,κ”ΚZ‘ξ‚Μ’†‚Ι‹¤“―Z‘ξ“™‚ª©‚η‚κ‚ιZ‘ξ’nζ,‹ζ“Ή,“μ,6,,,,ƒKƒX,…“Ή,‰Ί…“Ή,‘εt‘O,,"1,100 ",‚P’†κ,€–h,60 ,200 ,,,,,,,,,,
Z,13121 ,8 ,‘«—§,0 ,55 ,‘«—§‹ζ,ΌΙ‹»‚Q’–Ϊ‚R‚X”Τ‚P‚T‚P,ΌΙ‹»‚Q|‚T|‚P‚X,"317,000 ","297,000 ",6.7 ,119 ,,1.2,1,Z‘ξ,‚v,2F,,κ”ΚZ‘ξ‚Μ’†‚Ι’“Τκ‚ª©‚η‚κ‚ιZ‘ξ’nζ,‹ζ“Ή,–k,7.4,,,,ƒKƒX,…“Ή,‰Ί…“Ή,Ιlφ‰€,,780 ,‚P’ακ,€–h,50 ,150 ,,,,,,,,,,
Z,13121 ,8 ,‘«—§,0 ,56 ,‘«—§‹ζ,Ι‹»–{’¬‚Q’–Ϊ‚Q‚P”Τ‚P‚O‚R,Ι‹»–{’¬‚Q|‚P‚R|‚Q‚R,"281,000 ","268,000 ",4.9 ,116 ,,1,2,Z‘ξ,‚v,2F,,κ”ΚZ‘ξAƒAƒp[ƒg“™‚ª‚Ώ•ΐ‚ΤZ‘ξ’nζ,‹ζ“Ή,–k,7.4,,,,ƒKƒX,…“Ή,‰Ί…“Ή,’|ƒm’Λ,,"1,200 ",‚P’ακ,€–h,50 ,150 ,,,,,,,,,,
Z,13121 ,8 ,‘«—§,0 ,57 ,‘«—§‹ζ,]–k‚V’–Ϊ‚P‚O”Τ‚P‚T,]–k‚V|‚P‚O|‚P‚P,"317,000 ","299,000 ",6.0 ,126 ,,1,1.2,Z‘ξ,‚v,2F,,κ”ΚZ‘ξAƒAƒp[ƒg“™‚ª‚Ώ•ΐ‚ΤZ‘ξ’nζ,‹ζ“Ή,“,6,,,,ƒKƒX,…“Ή,‰Ί…“Ή,ΌVδ‘εtΌ,,830 ,‚PZ‹,€–h,60 ,300 ,,,,,,,,,,
Z,13121 ,8 ,‘«—§,0 ,58 ,‘«—§‹ζ,•Ϋ–ΨΤ‚R’–Ϊ‚Q‚W”Τ‚P‚P,•Ϋ–ΨΤ‚R|‚Q‚W|‚P‚Q,"306,000 ","292,000 ",4.8 ,133 ,,1,2,Z‘ξ,‚v,2F,,κ”ΚZ‘ξ‚Μ’†‚Ι‹σ’n“™‚Μ©‚η‚κ‚ιZ‘ξ’nζ,‹ζ“Ή,“μ,6,,,,ƒKƒX,…“Ή,‰Ί…“Ή,’|ƒm’Λ,,"1,900 ",‚P’†κ,€–h,60 ,200 ,,,,,,,,,,
Z,13121 ,8 ,‘«—§,0 ,59 ,‘«—§‹ζ,’J’†‚S’–Ϊ‚P‚S”Τ‚Q,’J’†‚S|‚P‚S|‚R,"418,000 ","387,000 ",8.0 ,170 ,,1,2,Z‘ξ,‚q‚b,4F,,’†‹K–Νκ”ΚZ‘ξ‚ª‘½‚Άω¬Z‘ξ’nζ,‹ζ“Ή,–k,7,,,,ƒKƒX,…“Ή,‰Ί…“Ή,–k»£,,300 ,‚P’†κ,€–h,60 ,300 ,,,,,,,,,,
Z,13121 ,8 ,‘«—§,0 ,60 ,‘«—§‹ζ,“a‚T’–Ϊ‚V‚P”Τ‚R,“a‚T|‚P‚R|‚P‚X,"402,000 ","380,000 ",5.8 ,99 ,,1,2,Z‘ξ,‚r,3F,,Z‘ξAƒ}ƒ“ƒVƒ‡ƒ“A‰c‹Ζ“™‚ª¬έ‚·‚ιZ‘ξ’nζ,‹ζ“Ή,“μ“,8,,,,ƒKƒX,…“Ή,‰Ί…“Ή,–k»£,,700 ,‚PZ‹,€–h,60 ,300 ,,,,,,,,,,
Z,13121 ,8 ,‘«—§,0 ,61 ,‘«—§‹ζ,O“Ή‚P’–Ϊ‚R‚U‚P”Τ‚P‚OO,O“Ή‚P|‚Q‚Q|‚P‚T,"400,000 ","381,000 ",5.0 ,93 ,,1,1.5,Z‘ξ,‚r,3F,,¬‹K–Νκ”ΚZ‘ξAƒAƒp[ƒg“™‚ª‚Ώ•ΐ‚ΤZ‘ξ’nζ,‹ζ“Ή,“μ“,4.6,,,,ƒKƒX,…“Ή,‰Ί…“Ή,ά”½–μ,,600 ,‚P’†κ,€–h,60 ,200 ,,,,,,,,,,
Z,13121 ,8 ,‘«—§,0 ,62 ,‘«—§‹ζ,²–μ‚Q’–Ϊ‚P‚O”Τ‚P‚O,²–μ‚Q|‚P‚O|‚P‚U,"267,000 ","255,000 ",4.7 ,134 ,,1,2.5,Z‘ξ,‚v,2F,,‰c‹Ζ“™‚ΰ©‚η‚κ‚ι‹ζ‰ζ®‘R‚Ζ‚µ‚½Z‘ξ’nζ,‹ζ“Ή,“μ“,7,,,,ƒKƒX,…“Ή,‰Ί…“Ή,–k»£,,"1,600 ",‚Q’†κ,€–h,60 ,200 ,,,,,,,,,,
,13121 ,8 ,‘«—§,0 ,63 ,‘«—§‹ζ,ΌVδ‚S’–Ϊ‚R”Τ‚Q‚W,ΌVδ‚S|‚R|‚P‚S,"316,000 ",,,132 ,,1,1,Z‘ξ,‚v,2F,,κ”ΚZ‘ξ‚Μ‚Ω‚©A‘qΙ“™‚ΰ‘¶‚·‚ιZ‘ξ’nζ,‹ζ“Ή,“,6,,,,ƒKƒX,…“Ή,‰Ί…“Ή,’Jέ‰Ζ,,910 ,‚PZ‹,€–h,60 ,200 ,,,,,,,,,,
Z,13121 ,8 ,‘«—§,0 ,64 ,‘«—§‹ζ,’|‚Μ’Λ‚P’–Ϊ‚P‚T”Τ‚RO,’|‚Μ’Λ‚P|‚P‚T|‚S,"481,000 ","456,000 ",5.5 ,254 ,,1.5,1,Z‘ξ,‚v,2F,,’†‹K–Νκ”ΚZ‘ξAƒAƒp[ƒg“™‚ª‚Ώ•ΐ‚ΤZ‘ξ’nζ,‹ζ“Ή,“μ,6,,,,ƒKƒX,…“Ή,‰Ί…“Ή,’|ƒm’Λ,,630 ,‚PZ‹,€–h,60 ,300 ,,,,,,,,,,
Z,13121 ,8 ,‘«—§,0 ,65 ,‘«—§‹ζ,]–k‚T’–Ϊ‚U‚U‚U”Τ,]–k‚T|‚W|‚R‚O,"352,000 ","333,000 ",5.7 ,123 ,,1,1.2,Z‘ξ,‚v,2F,,κ”ΚZ‘ξ“™‚ª‚Ώ•ΐ‚Τ‹ζ‰ζ®—Ο‚έ‚ΜZ‘ξ’nζ,‹ζ“Ή,–k,5,,,,ƒKƒX,…“Ή,‰Ί…“Ή,]–k,,490 ,‚P’†κ,€–h,60 ,200 ,,,,,,,,,,
Z,13121 ,8 ,‘«—§,0 ,66 ,‘«—§‹ζ,Ό•Ϋ–ΨΤ‚P’–Ϊ‚Q‚O‚S‚W”Τ‚W,Ό•Ϋ–ΨΤ‚P|‚P‚W|‚P‚Q,"308,000 ","293,000 ",5.1 ,94 ,,1,2.5,Z‘ξ,‚v,2F,,Z‘ξAƒAƒp[ƒg‚Μ’†‚Ι–‹Ζ‚ª©‚η‚κ‚ιZ‘ξ’nζ,‹ζ“Ή,–k,6.1,,,,ƒKƒX,…“Ή,‰Ί…“Ή,’|ƒm’Λ,,"1,200 ",€H,€–h,60 ,200 ,,,,,,,,,,
Z,13121 ,8 ,‘«—§,0 ,67 ,‘«—§‹ζ,•Ϋ–ΨΤ‚T’–Ϊ‚T‚P‚V”Τ‚Q,•Ϋ–ΨΤ‚T|‚Q‚S|‚Q‚W,"244,000 ","232,000 ",5.2 ,125 ,‘δ`,1,2,Z‘ξ,‚v,2F,,κ”ΚZ‘ξAƒ}ƒ“ƒVƒ‡ƒ“AHκ“™‚ª¬έ‚·‚ι’nζ,‹ζ“Ή,–k“,5.4,,,,ƒKƒX,…“Ή,‰Ί…“Ή,’J’Λ,,"1,500 ",€H,€–h,60 ,200 ,,,,,,,,,,
Z,13121 ,8 ,‘«—§,0 ,68 ,‘«—§‹ζ,V“c‚P’–Ϊ‚W”Τ‚V,V“c‚P|‚P‚O|‚W,"291,000 ","278,000 ",4.7 ,334 ,,2,1,‹¤“―Z‘ξ,‚r,4F,,κ”ΚZ‘ξA–‹ΖAHκ“™‚Μ¬έ‚·‚ι’nζ,‹ζ“Ή,–kΌ,8,,,,ƒKƒX,…“Ή,‰Ί…“Ή,‰¤q_’J,,"1,100 ",€H,€–h,60 ,200 ,,,,,,,,,,
Z,13121 ,8 ,‘«—§,0 ,69 ,‘«—§‹ζ,ηZ³’¬‚T‚V”Τ‚P‚S,ηZ³’¬‚Q‚V|‚X,"443,000 ","410,000 ",8.0 ,114 ,,1.2,1,Z‘ξ,‚v,2F,,Z‘ξAƒAƒp[ƒgAμ‹Ζ“™‚ª¬έ‚·‚ιZ‘ξ’nζ,‹ζ“Ή,Ό,5.4,,,,ƒKƒX,…“Ή,‰Ί…“Ή,–kηZ,,"1,500 ",€H,€–h,80 ,300 ,,,,,,,,,,
Z,13121 ,8 ,‘«—§,0 ,70 ,‘«—§‹ζ,‰Τ”¨‚U’–Ϊ‚U‚Q‚S”Τ‚R‚X,‰Τ”¨‚U|‚Q‚S|‚P‚P,"256,000 ","244,000 ",4.9 ,117 ,,1,1.2,Z‘ξ,‚v,2F,,’α‘wκ”ΚZ‘ξ‚ª‚Ώ•ΐ‚Τ‹ζ‰ζ®‘R‚Ζ‚µ‚½Z‘ξ’nζ,‹ζ“Ή,–k,6,,,,ƒKƒX,…“Ή,‰Ί…“Ή,’J’Λ,,"2,100 ",‚P’†κ,€–h,60 ,200 ,,,,,,,,,,
Z,13121 ,8 ,‘«—§,0 ,71 ,‘«—§‹ζ,’†‰›–{’¬‚P’–Ϊ‚Q‚T‚P‚Q”Τ‚P,’†‰›–{’¬‚P|‚P‚W|‚P‚S,"447,000 ","419,000 ",6.7 ,"3,594 ",,1,1,‹¤“―Z‘ξ,‚r‚q‚b,12F,,‹¤“―Z‘ξ‚Μ‘ΌAκ”ΚZ‘ξ“™‚ΰ©‚η‚κ‚ιZ‘ξ’nζ,‹ζ“Ή,“,7.2,,‘¤“Ή,–k,ƒKƒX,…“Ή,‰Ί…“Ή,”~“‡,,"1,000 ",€H,–h‰Ξ,60 ,300 ,,,,,,,,,,
Z,13121 ,8 ,‘«—§,0 ,72 ,‘«—§‹ζ,ηZ—Ξ’¬‚P’–Ϊ‚P”Τ‚W,ηZ—Ξ’¬‚P|‚Q|‚P,"674,000 ","602,000 ",12.0 ,"7,367 ",,1,1.2,‹¤“―Z‘ξ,‚q‚b,15F,,ΔJ”­‚Ι‚ζ‚ι‘ε‹K–Ν‹¤“―Z‘ξ‚ª‚Ώ•ΐ‚ΤZ‘ξ’nζ,‹ζ“Ή,–k“,16,,l•ϋH,,ƒKƒX,…“Ή,‰Ί…“Ή,ηZ‘ε‹΄,,300 ,‚PZ‹,–h‰Ξ,60 ,300 ,,,,,,,,,,
Z,13121 ,8 ,‘«—§,0 ,73 ,‘«—§‹ζ,²–μ‚P’–Ϊ‚R‚S‚T‚T”Τ,²–μ‚P|‚R‚S|‚X,"258,000 ","247,000 ",4.5 ,87 ,,1,1.5,Z‘ξ,‚v,3F,,’α‘w‚Μκ”ΚZ‘ξ“™‚ª‘½‚Ά‹ζ‰ζ®—Ο‚ΜZ‘ξ’nζ,‹ζ“Ή,–k,6,,,,ƒKƒX,…“Ή,‰Ί…“Ή,–k»£,,"2,300 ",‚P’†κ,€–h,60 ,200 ,,,,,,,,,,
Z,13121 ,8 ,‘«—§,5 ,1 ,‘«—§‹ζ,ηZ‚Q’–Ϊ‚T‚V”Τ‚RO,,"6,250,000 ","5,050,000 ",23.8 ,494 ,‘δ`,1.5,1,“X•ά,‚q‚b,3F,,¬”„“X•άA‹βs“™‚ª‚Ώ•ΐ‚Τ‰w‘O‚Μ¤‹Ζ’nζ,‹ζ“Ή,“μ,18,,”w–Κ“Ή,,ƒKƒX,…“Ή,‰Ί…“Ή,–kηZ,,190 ,¤‹Ζ,–h‰Ξ,80 ,600 ,,,,,,,,,,
Z,13121 ,8 ,‘«—§,5 ,2 ,‘«—§‹ζ,ηZ®’¬‚S‚T”Τ‚QO,ηZ®’¬‚S‚O|‚Q‚Q,"2,400,000 ","2,010,000 ",19.4 ,122 ,‘δ`,1.5,1,“X•άA––±“Z‘ξ“™,‚r,3F,,’†¬‹K–Ν‚Μ¬”„“X•ά“™‚ª‚Ώ•ΐ‚Τ‰w‘O‚Μ¤‹Ζ’nζ,‹ζ“Ή,“μ,7.2,,,,ƒKƒX,…“Ή,‰Ί…“Ή,–kηZ,,210 ,¤‹Ζ,–h‰Ξ,80 ,400 ,,,,,*,13121,5 ,5 ,"2,120,000 ",13.2 
Z,13121 ,8 ,‘«—§,5 ,3 ,‘«—§‹ζ,ΌVδ‰h’¬‚Q’–Ϊ‚P‚Q‚P‚T”Τ‚Q,ΌVδ‰h’¬‚Q|‚R|‚S,"1,360,000 ","1,220,000 ",11.5 ,140 ,,1,3,“X•ά“––±,‚r,3F,,’†’α‘w‚Μ“X•ά“––±“™‚ª‚Ώ•ΐ‚Τ¤‹Ζ’nζ,‹ζ“Ή,“μ,22,,,,ƒKƒX,…“Ή,‰Ί…“Ή,ΌVδ,,200 ,¤‹Ζ,–h‰Ξ,80 ,400 ,,,,,,,,,,
Z,13121 ,8 ,‘«—§,5 ,4 ,‘«—§‹ζ,­•l‚R’–Ϊ‚R”Τ‚Q‚PO,­•l‚R|‚R|‚R,"352,000 ","336,000 ",4.8 ,582 ,,1,1.5,––±,‚q‚b,6F,1B,©“®Τ”Μ”„‰οΠA‰c‹Ζ“™‚ª‘½‚ΆHό¤‹Ζ’nζ,“s“Ή,“μ,25,,,,ƒKƒX,…“Ή,‰Ί…“Ή,ΌVδ‘εtΌ,,"1,800 ",€H,–h‰Ξ,60 ,400 ,,,,,,,,,,
Z,13121 ,8 ,‘«—§,5 ,5 ,‘«—§‹ζ,’Jέ‰Ζ‚Q’–Ϊ‚P”Τ‚P‚O,’Jέ‰Ζ‚Q|‚P|‚P‚U,"499,000 ","469,000 ",6.4 ,257 ,,1,1.5,“X•ά“––±,‚r,4F,,–‹ΖA“X•άA‹¤“―Z‘ξ“™‚ª¬έ‚·‚ι¤‹Ζ’nζ,“s“Ή,“,33,,,,ƒKƒX,…“Ή,‰Ί…“Ή,ΌVδ‘εtΌ,,200 ,€H,–h‰Ξ,60 ,400 ,,,,,,,,,,
Z,13121 ,8 ,‘«—§,5 ,6 ,‘«—§‹ζ,–{–Ψ–k’¬‚X”Τ‚R‚TO,–{–Ψ–k’¬‚X|‚Q‚P,"324,000 ","309,000 ",4.9 ,131 ,,1.2,1,“X•ά“‹¤“―Z‘ξ,‚r,4F,,“X•άA“X•ά“Z‘ξ“™‚ª‚Ώ•ΐ‚Τω¬¤‹Ζ’nζ,‹ζ“Ή,“,11,,,,ƒKƒX,…“Ή,‰Ί…“Ή,ξ‘ε‹΄,,"1,100 ",‹ί¤,€–h,80 ,300 ,,,,,*,13121,5 ,3 ,"320,000 ",1.3 
Z,13121 ,8 ,‘«—§,5 ,7 ,‘«—§‹ζ,Z‚P’–Ϊ‚T‚Q‚S”Τ‚Q,Z‚P|‚P‚P|‚V,"388,000 ","370,000 ",4.9 ,76 ,•s®`,1,2,“X•ά“Z‘ξ,‚r,3F,,¬”„“X•άAƒ}ƒ“ƒVƒ‡ƒ“A‹βs‚ª¬έ‚·‚ι¤‹Ζ’nζ,“s“Ή,Ό,15.5,,,,ƒKƒX,…“Ή,‰Ί…“Ή,’|ƒm’Λ,,"1,400 ",‹ί¤,€–h,80 ,300 ,,,,,,,,,,
Z,13121 ,8 ,‘«—§,5 ,8 ,‘«—§‹ζ,‘«—§‚S’–Ϊ‚P‚V‚W‚T”Τ‚P,‘«—§‚S|‚P‚R|‚U,"542,000 ","506,000 ",7.1 ,567 ,•s®`,1,1.5,“X•ά“‹¤“―Z‘ξ,‚r‚q‚b,11F,,¬”„“X•άAƒ}ƒ“ƒVƒ‡ƒ““™‚ª¬έ‚·‚ιHό¤‹Ζ’nζ,‘“Ή,Ό,25,,,,ƒKƒX,…“Ή,‰Ί…“Ή,ά”½–μ,,700 ,¤‹Ζ,–h‰Ξ,80 ,500 ,,,,,,,,,,
Z,13121 ,8 ,‘«—§,5 ,9 ,‘«—§‹ζ,’|‚Μ’Λ‚P’–Ϊ‚Q‚X”Τ‚P‚TO,’|‚Μ’Λ‚P|‚Q‚X|‚S,"636,000 ","594,000 ",7.1 ,102 ,‘δ`,1,1.2,“X•ά,‚r,7F,,’†‚‘wƒrƒ‹A¬”„“X•ά“™‚ª‚Ώ•ΐ‚Τ•’Κ¤‹Ζ’nζ,‹ζ“Ή,“μΌ,15.3,,,,ƒKƒX,…“Ή,‰Ί…“Ή,’|ƒm’Λ,,200 ,¤‹Ζ,–h‰Ξ,80 ,500 ,,,,,,,,,,
Z,13121 ,8 ,‘«—§,5 ,10 ,‘«—§‹ζ,’J’†‚Q’–Ϊ‚V”Τ‚U,’J’†‚Q|‚V|‚R,"724,000 ","670,000 ",8.1 ,287 ,,1,1.2,“X•ά“––±,‚r,3F,,’†‘w‚Μ“X•άA––±“™‚ª©‚η‚κ‚ι‰w‘O‚Μ¤‹Ζ’nζ,‹ζ“Ή,Ό,12,,,,ƒKƒX,…“Ή,‰Ί…“Ή,–k»£,‹ίΪ,0 ,‹ί¤,–h‰Ξ,80 ,400 ,,,,,,,,,,
Z,13121 ,8 ,‘«—§,5 ,11 ,‘«—§‹ζ,ηZ‚P’–Ϊ‚Q‚R”Τ‚Q,ηZ‚P|‚P‚P|‚Q,"1,480,000 ","1,290,000 ",14.7 ,492 ,‘δ`,2,1,“X•ά“––±,‚r‚q‚b,8F,,’†‚‘w“X•άA––±ƒrƒ‹‚ª‚Ώ•ΐ‚ΤHό¤‹Ζ’nζ,‘“Ή,–kΌ,35,,O•ϋH,,ƒKƒX,…“Ή,‰Ί…“Ή,–kηZ,,620 ,¤‹Ζ,–h‰Ξ,80 ,600 ,,,,,,,,,,
Z,13121 ,8 ,‘«—§,5 ,12 ,‘«—§‹ζ,’|‚Μ’Λ‚S’–Ϊ‚P”Τ‚VO,’|‚Μ’Λ‚S|‚P|‚P‚R,"500,000 ","472,000 ",5.9 ,182 ,,1,2,“X•ά“‹¤“―Z‘ξ,‚r‚q‚b,7F,,“X•άA––±ƒrƒ‹‚ª‘½‚Ά‘“Ή‰‚Ά‚ΜHό¤‹Ζ’nζ,‘“Ή,“,25,,,,ƒKƒX,…“Ή,‰Ί…“Ή,’|ƒm’Λ,,"1,100 ",‹ί¤,–h‰Ξ,80 ,400 ,,,,,,,,,,
Z,13121 ,8 ,‘«—§,5 ,13 ,‘«—§‹ζ,Z’¬‚S’–Ϊ‚Q”Τ‚Q‚WO,Z’¬‚S|‚R|‚V,"750,000 ","682,000 ",10.0 ,255 ,,1,1,“X•ά“‹¤“―Z‘ξ,‚q‚b,5F,,’†‘w‚Μ“X•ά“‹¤“―Z‘ξ‚ª‘½‚Ά‰w‚Ι‹ί‚Ά¤‹Ζ’nζ,“s“Ή,Ό,21,,,,ƒKƒX,…“Ή,‰Ί…“Ή,Z’¬,,150 ,‹ί¤,–h‰Ξ,80 ,300 ,,,,,,,,,,
Z,13121 ,8 ,‘«—§,5 ,14 ,‘«—§‹ζ,ηZ–φ’¬‚Q‚T”Τ‚UO,ηZ–φ’¬‚U|‚P‚Q,"590,000 ","543,000 ",8.7 ,184 ,‘δ`,1,1.5,––±“Z‘ξ,‚r,3F,,“X•ά“Z‘ξA––±“™‚ª‚Ώ•ΐ‚Τ‹ί—Χ¤‹Ζ’nζ,‹ζ“Ή,“,9,,,,ƒKƒX,…“Ή,‰Ί…“Ή,–kηZ,,880 ,‹ί¤,€–h,80 ,300 ,,,,,,,,,,
Z,13121 ,8 ,‘«—§,5 ,15 ,‘«—§‹ζ,ηZ—΄“c’¬‚U‚O”Τ‚TO,ηZ—΄“c’¬‚R|‚P‚Q,"724,000 ","658,000 ",10.0 ,95 ,,2,1,––±“‹¤“―Z‘ξ,‚r,4F,,’†¬‹K–Ν‚Μ“X•άA––±‚ª‚Ώ•ΐ‚Τ¤‹Ζ’nζ,‹ζ“Ή,–k,15,,,,ƒKƒX,…“Ή,‰Ί…“Ή,–kηZ,,790 ,¤‹Ζ,–h‰Ξ,80 ,500 ,,,,,,,,,,
Z,13121 ,8 ,‘«—§,5 ,16 ,‘«—§‹ζ,’|‚Μ’Λ‚T’–Ϊ‚P”Τ‚Q,’|‚Μ’Λ‚T|‚P|‚Q,"518,000 ","492,000 ",5.3 ,132 ,,1,2,“X•ά“Z‘ξ,‚r,4F,,¬‹K–Ν“X•άA‹¤“―Z‘ξ“™‚ª©‚η‚κ‚ιHό¤‹Ζ’nζ,‹ζ“Ή,“μ,22,,,,ƒKƒX,…“Ή,‰Ί…“Ή,’|ƒm’Λ,,670 ,‹ί¤,–h‰Ξ,80 ,300 ,,,,,*,13121,5 ,15 ,"506,000 ",2.4 
Z,13121 ,8 ,‘«—§,5 ,17 ,‘«—§‹ζ,’†‰›–{’¬‚Q’–Ϊ‚R‚Q”Τ‚P‚S,’†‰›–{’¬‚Q|‚P‚X|‚P‚Q,"462,000 ","430,000 ",7.4 ,173 ,,1,1,“X•ά“‹¤“―Z‘ξ,‚r,3F,,¬”„“X•άAƒAƒp[ƒg“™‚ª¬έ‚·‚ιω¬¤‹Ζ’nζ,‹ζ“Ή,“,9,,,,ƒKƒX,…“Ή,‰Ί…“Ή,ά”½–μ,,470 ,‹ί¤,€–h,80 ,300 ,,,,,,,,,,
Z,13121 ,8 ,‘«—§,5 ,18 ,‘«—§‹ζ,ηZ®’¬‚W‚O”Τ‚P‚V,ηZ®’¬‚Q‚O|‚X,"691,000 ","632,000 ",9.3 ,52 ,,1,2,“X•ά“––±,‚r,3F,,¬‹K–Ν“X•άAωH“X“™‚ª‚Ώ•ΐ‚Τ‹ί—Χ¤‹Ζ’nζ,‹ζ“Ή,“,7.2,,,,ƒKƒX,…“Ή,‰Ί…“Ή,–kηZ,,500 ,‹ί¤,€–h,80 ,300 ,,,,,,,,,,
,13121 ,8 ,‘«—§,5 ,19 ,‘«—§‹ζ,ξ‚Q’–Ϊ‚S‚R‚P‚W”Τ‚S,ξ‚Q|‚Q‚T|‚Q‚Q,"535,000 ",,,172 ,‘δ`,1,1,“X•ά“‹¤“―Z‘ξ,‚q‚b,9F,,“X•ά“‹¤“―Z‘ξ“™‚ª‘½‚ΆA‰w‹ί‚ΜHό¤‹Ζ’nζ,“s“Ή,“,35,,,,ƒKƒX,…“Ή,‰Ί…“Ή,ξ‘ε‹΄,,120 ,‹ί¤,–h‰Ξ,80 ,400 ,,,,,,,,,,
Z,13121 ,8 ,‘«—§,5 ,20 ,‘«—§‹ζ,»£‚Q’–Ϊ‚Q‚U”Τ‚X,»£‚Q|‚Q‚U|‚P‚T,"910,000 ","813,000 ",11.9 ,612 ,,1,1.5,“X•άA––±“‹¤“―Z‘ξ,‚r‚q‚b,8F,1B,“X•άA‹¤“―Z‘ξA––±ƒrƒ‹‚ª‚Ώ•ΐ‚Τ¤‹Ζ’nζ,‹ζ“Ή,“μ,6,,,,ƒKƒX,…“Ή,‰Ί…“Ή,»£,,180 ,¤‹Ζ,–h‰Ξ,80 ,400 ,,,,,,,,,,
Z,13121 ,8 ,‘«—§,5 ,21 ,‘«—§‹ζ,“»£‚P’–Ϊ‚Q‚S”Τ‚Q,“»£‚P|‚Q‚S|‚Q,"702,000 ","650,000 ",8.0 ,204 ,,1,1.5,“X•άA––±“‹¤“―Z‘ξ,‚q‚b,7F,,’†‚‘w‚Μ“X•ά“‹¤“―Z‘ξ“™‚ª‘½‚ΆHό¤‹Ζ’nζ,“s“Ή,Ό,15,,,,ƒKƒX,…“Ή,‰Ί…“Ή,»£,,550 ,€Z‹,–h‰Ξ,60 ,400 ,,,,,,,,,,
Z,13121 ,8 ,‘«—§,5 ,22 ,‘«—§‹ζ,•Ϋ–ΨΤ‚S’–Ϊ‚T‚O”Τ‚W,•Ϋ–ΨΤ‚S|‚T‚O|‚P‚R,"326,000 ","308,000 ",5.8 ,420 ,,1,1.5,“X•ά“‹¤“―Z‘ξ,‚r,5F,,ƒ}ƒ“ƒVƒ‡ƒ“A“X•άA‰c‹Ζ‚Μ¬έ‚·‚ι¤‹Ζ’nζ,‹ζ“Ή,“,16,,,,ƒKƒX,…“Ή,‰Ί…“Ή,’|ƒm’Λ,,"2,000 ",€Z‹,–h‰Ξ,60 ,400 ,,,,,,,,,,
Z,13121 ,8 ,‘«—§,5 ,23 ,‘«—§‹ζ,I΄‚S’–Ϊ‚X”Τ‚V,I΄‚S|‚X|‚U,"419,000 ","396,000 ",5.8 ,260 ,,1,1.2,“X•ά“‹¤“―Z‘ξ,‚r,3F,,“X•άA–‹Ζ‚Μ‚Ω‚©Z‘ξ“™‚ª¬έ‚·‚ι¤‹Ζ’nζ,“s“Ή,Ό,20,,,,ƒKƒX,…“Ή,‰Ί…“Ή,‘εt‘O,,890 ,€Z‹,–h‰Ξ,60 ,300 ,,,,,,,,,,
Z,13121 ,8 ,‘«—§,5 ,24 ,‘«—§‹ζ,ηZ‚Q’–Ϊ‚R‚X”Τ‚P‚T,,"1,000,000 ","900,000 ",11.1 ,334 ,,1,1.5,“X•ά“‹¤“―Z‘ξ,‚q‚b,3F,,’†‘w‚Μ“X•ά“‹¤“―Z‘ξ“™‚ª‚Ώ•ΐ‚Τ¤‹Ζ’nζ,‹ζ“Ή,“μ,8,,,,ƒKƒX,…“Ή,‰Ί…“Ή,–kηZ,,180 ,¤‹Ζ,–h‰Ξ,80 ,400 ,,,,,,,,,,
Z,13121 ,8 ,‘«—§,5 ,25 ,‘«—§‹ζ,I΄‚R’–Ϊ‚X‚O‚R”Τ‚P,I΄‚R|‚P‚O|‚P‚T,"492,000 ","464,000 ",6.0 ,170 ,‘δ`,1,2,––±,‚q‚b,4F,,’†‘w––±Aƒ}ƒ“ƒVƒ‡ƒ“‚ª‚Ώ•ΐ‚ΤHό¤‹Ζ’nζ,“s“Ή,“μ,33,,,,ƒKƒX,…“Ή,‰Ί…“Ή,‘εt‘O,,250 ,‹ί¤,–h‰Ξ,80 ,400 ,,,,,,,,,,
Z,13121 ,8 ,‘«—§,5 ,26 ,‘«—§‹ζ,‘ε’J“c‚R’–Ϊ‚P‚P‚O‚W”Τ‚P,‘ε’J“c‚R|‚P|‚P,"413,000 ","389,000 ",6.2 ,350 ,,1,1.5,HκA––±““X•ά,‚r,2F,,“X•άAƒ}ƒ“ƒVƒ‡ƒ““™‚ª‚Ώ•ΐ‚ΤHό¤‹Ζ’nζ,“s“Ή,“μ,25,,,,,…“Ή,‰Ί…“Ή,–k»£,,700 ,€H,–h‰Ξ,60 ,400 ,,,,,,,,,,
Z,13121 ,8 ,‘«—§,5 ,27 ,‘«—§‹ζ,ηZ‚S’–Ϊ‚S‚R”Τ‚V,ηZ‚S|‚S|‚P‚S,"759,000 ","693,000 ",9.5 ,83 ,,1,3,“X•ά“Z‘ξ,‚v,2F,,¬‹K–Ν‚Θ¬”„“X•ά“™‚ª‚Ώ•ΐ‚Τ‹ί—Χ¤‹Ζ’nζ,‹ζ“Ή,“μ,7.3,,,,ƒKƒX,…“Ή,‰Ί…“Ή,–kηZ,,600 ,‹ί¤,€–h,80 ,300 ,,,,,,,,,,
Z,13121 ,8 ,‘«—§,5 ,28 ,‘«—§‹ζ,ΌVδ‚P’–Ϊ‚P‚O‚T‚U”Τ‚V,ΌVδ‚P|‚W|‚P,"496,000 ","467,000 ",6.2 ,159 ,•s®`,1.2,1,“X•ά“‹¤“―Z‘ξ,‚r,3F,,“X•ά•Ή—pZ‘ξ“™‚ª‚Ώ•ΐ‚Τω¬¤‹Ζ’nζ,‹ζ“Ή,“μ,7.2,,”w–Κ“Ή,,ƒKƒX,…“Ή,‰Ί…“Ή,‘εt‘O,,210 ,¤‹Ζ,–h‰Ξ,80 ,400 ,,,,,,,,,,
Z,13121 ,8 ,‘«—§,5 ,29 ,‘«—§‹ζ,“a‚Q’–Ϊ‚S‚T”Τ‚RO,“a‚Q|‚Q‚U|‚Q,"448,000 ","419,000 ",6.9 ,141 ,‘δ`,1,1.2,“X•άA––±“Z‘ξ,‚r,3F,,¬”„“X•άA––±‚ª‚Ώ•ΐ‚ΤHό¤‹Ζ’nζ,‹ζ“Ή,Ό,11,,,,ƒKƒX,…“Ή,‰Ί…“Ή,‹T—L,,900 ,‹ί¤,–h‰Ξ,80 ,300 ,,,,,,,,,,
Z,13121 ,8 ,‘«—§,5 ,30 ,‘«—§‹ζ,Z–Ψ‚P’–Ϊ‚U”Τ‚V,Z–Ψ‚P|‚U|‚Q‚W,"291,000 ","278,000 ",4.7 ,198 ,,1,2,“X•ά“Z‘ξ,‚r,3F,,“X•ά•Ή—pZ‘ξA––±“™‚ª‚Ώ•ΐ‚Τ‹ί—Χ¤‹Ζ’nζ,‹ζ“Ή,“μΌ,16,,,,ƒKƒX,…“Ή,‰Ί…“Ή,–k»£,,"1,800 ",‹ί¤,–h‰Ξ,80 ,300 ,,,,,,,,,,
Z,13121 ,8 ,‘«—§,5 ,31 ,‘«—§‹ζ,­•l‚R’–Ϊ‚T”Τ‚P‚P,­•l‚R|‚T|‚P‚R,"272,000 ","260,000 ",4.6 ,123 ,,1,1.5,“X•ά“‹¤“―Z‘ξ,‚r,3F,,¬”„“X•άAωH“X“™‚ª‚Ώ•ΐ‚Τ‹ί—Χ¤‹Ζ’nζ,‹ζ“Ή,–k,6,,,,ƒKƒX,…“Ή,‰Ί…“Ή,ΌVδ‘εtΌ,,"2,000 ",‹ί¤,€–h,80 ,300 ,,,,,,,,,,
Z,13121 ,8 ,‘«—§,5 ,32 ,‘«—§‹ζ,ηZ‹΄Λ’¬‚P‚O‚P”ΤO,,"860,000 ","796,000 ",8.0 ,243 ,•s®`,1,1.2,“X•ά“‹¤“―Z‘ξ,‚q‚b,7F,,’†‚‘w‚Μ“X•άƒrƒ‹“™‚ª‘‚¦‚Β‚Β‚ ‚ι‰w‘O¤‹Ζ’nζ,‹ζ“Ή,–k“,0,‰w‘OLκ,‘¤“Ή,“μ“,ƒKƒX,…“Ή,‰Ί…“Ή,ηZ‘ε‹΄,‰w‘OLκΪ–Κ,0 ,‹ί¤,–h‰Ξ,80 ,400 ,,,,,,,,,,
Z,13121 ,8 ,‘«—§,9 ,1 ,‘«—§‹ζ,»£‚U’–Ϊ‚S‚T‚T”Τ‚PO,»£‚U|‚P‚P|‚P‚V,"400,000 ","366,000 ",9.3 ,"1,668 ",,1.2,1,‘qΙ,‚q‚b,4F,,’†¬‹K–Ν‚Μ‘qΙA‰c‹Ζ“™‚ª‘½‚ΆH‹Ζ’nζ,‹ζ“Ή,“,13,,,,ƒKƒX,…“Ή,‰Ί…“Ή,Βδ,,740 ,H‹Ζ,€–h,60 ,200 ,,,,,,,,,,
Z,13121 ,8 ,‘«—§,9 ,2 ,‘«—§‹ζ,‹{ι‚Q’–Ϊ‚U”Τ‚R,‹{ι‚Q|‚P‚O|‚P‚U,"227,000 ","214,000 ",6.1 ,775 ,,1,2,––±“μ‹Ζ,‚r,3F,,’†¬‹K–Ν‚ΜHκ‚Μ‚Ω‚©‚ΙZ‘ξ‚ª¬έ‚·‚ιH‹Ζ’nζ,‹ζ“Ή,“μ“,6,,,,ƒKƒX,…“Ή,‰Ί…“Ή,ξ‘ε‹΄,,"1,500 ",H‹Ζ,€–h,60 ,200 ,,,,,,,,,,
Z,13121 ,8 ,‘«—§,9 ,3 ,‘«—§‹ζ,–x”V“ΰ‚Q’–Ϊ‚Q”Τ‚WO,–x”V“ΰ‚Q|‚Q|‚W,"270,000 ","252,000 ",7.1 ,590 ,,1,1,‘qΙ“––±,‚r,3F,,‘qΙAHκ“™‚Μ‚Ω‚©‚ΙZ‘ξ‚ΰ©‚η‚κ‚ιH‹Ζ’nζ,‹ζ“Ή,“μΌ,15,,,,ƒKƒX,…“Ή,‰Ί…“Ή,]–k,,"1,400 ",€H,–h‰Ξ,60 ,300 ,,,,,,,,,,
Z,13121 ,8 ,‘«—§,9 ,4 ,‘«—§‹ζ,“ό’J‚U’–Ϊ‚R‚Q‚Q‚P”Τ,“ό’J‚U|‚Q|‚U,"351,000 ","300,000 ",17.0 ,"12,000 ",‘δ`,1.2,1,––±A‘qΙ“μ‹Ζ,‚r‚q‚b,5F,,•¨—¬{έ‚ª‘½‚­©‚η‚κ‚ι‘ε‹K–Ν‚Θ—¬’Κ‹Ζ–±’nζ,‹ζ“Ή,Ό,16,,,,ƒKƒX,…“Ή,‰Ί…“Ή,Ιlφ‰€,,"1,200 ",€H,€–h,60 ,300 ,,,,,,,,,,
Z,13121 ,8 ,‘«—§,9 ,5 ,‘«—§‹ζ,“ό’J‚X’–Ϊ‚P‚T”Τ‚P‚R,“ό’J‚X|‚P‚T|‚X,"279,000 ","262,000 ",6.5 ,898 ,,1.5,1,‘qΙ,‚r,1F,,‘qΙAHκA‹¤“―Z‘ξ“™‚ª¬έ‚·‚ιH‹Ζ’nζ,‹ζ“Ή,“μ“,9,,‘¤“Ή,“μΌ,ƒKƒX,…“Ή,‰Ί…“Ή,Ιl,,"1,600 ",€H,€–h,60 ,200 ,,,,,,,,,,
Z,13122 ,8 ,‹ό,0 ,1 ,‹ό‹ζ,“‹ΰ’¬‚R’–Ϊ‚P‚O‚S”Τ‚T,“‹ΰ’¬‚R|‚R‚S|‚P,"443,000 ","420,000 ",5.5 ,112 ,,1,2,Z‘ξ,‚v,3F,,κ”ΚZ‘ξ‚π’†S‚Ζ‚·‚ι‹ζ‰ζ®‘R‚Ζ‚µ‚½Z‘ξ’nζ,‹ζ“Ή,“μΌ,4,,,,ƒKƒX,…“Ή,‰Ί…“Ή,‹ΰ’¬,,600 ,‚PZ‹,€–h,60 ,200 ,,,,,*,13122,0 ,10 ,"430,000 ",3.0 
Z,13122 ,8 ,‹ό,0 ,2 ,‹ό‹ζ,Χ“c‚T’–Ϊ‚R‚T‚T”Τ‚Q,Χ“c‚T|‚U|‚P‚Q,"375,000 ","360,000 ",4.2 ,219 ,,1,1.5,Z‘ξ,‚v,2F,,κ”ΚZ‘ξ‚Μ’†‚ΙƒAƒp[ƒg“™‚ª©‚η‚κ‚ιZ‘ξ’nζ,‹ζ“Ή,–k“,5.5,,,,ƒKƒX,…“Ή,‰Ί…“Ή,¬β,,"1,200 ",‚Q’ακ,€–h,50 ,150 ,,,,,,,,,,
Z,13122 ,8 ,‹ό,0 ,3 ,‹ό‹ζ,“V¬β‚Q’–Ϊ‚P‚R‚Q”Τ‚P,“V¬β‚Q|‚S|‚P‚P,"400,000 ","377,000 ",6.1 ,125 ,,1,2,Z‘ξ,‚r,3F,,κ”ΚZ‘ξ‚Μ‚Ω‚©‹¤“―Z‘ξ“™‚ª©‚η‚κ‚ιZ‘ξ’nζ,‹ζ“Ή,–kΌ,6,,,,ƒKƒX,…“Ή,‰Ί…“Ή,V¬β,,"1,200 ",‚PZ‹,€–h,60 ,200 ,,,,,,,,,,
Z,13122 ,8 ,‹ό,0 ,4 ,‹ό‹ζ,‚¨‰Τ’ƒ‰®‚R’–Ϊ‚R‚X‚U”Τ‚P‚Q,‚¨‰Τ’ƒ‰®‚R|‚Q‚R|‚U,"394,000 ","375,000 ",5.1 ,158 ,,1,1.5,Z‘ξ,‚v,2F,,κ”ΚZ‘ξAƒAƒp[ƒg“™‚ª‚Ώ•ΐ‚ΤZ‘ξ’nζ,‹ζ“Ή,–k,4,,,,ƒKƒX,…“Ή,‰Ί…“Ή,‚¨‰Τ’ƒ‰®,,700 ,‚PZ‹,€–h,60 ,200 ,,,,,,,,,,
Z,13122 ,8 ,‹ό,0 ,5 ,‹ό‹ζ,“‹ΰ’¬‚Q’–Ϊ‚R‚U‚T”Τ‚T,“‹ΰ’¬‚Q|‚U|‚P‚W,"430,000 ","408,000 ",5.4 ,100 ,,1,1.5,Z‘ξ,‚v,2F,,¬‹K–Νκ”ΚZ‘ξAƒAƒp[ƒg“™‚ª‚Ώ•ΐ‚ΤZ‘ξ’nζ,‹ζ“Ή,“μ,4.5,,,,ƒKƒX,…“Ή,‰Ί…“Ή,‹ΰ’¬,,550 ,‚P’†κ,€–h,60 ,200 ,,,,,,,,,,
Z,13122 ,8 ,‹ό,0 ,6 ,‹ό‹ζ,¬›‚S’–Ϊ‚T”Τ‚P‚P,,"599,000 ","568,000 ",5.5 ,132 ,,1,1.5,‹σ’n,,,,Z‘ξAƒAƒp[ƒgAƒ}ƒ“ƒVƒ‡ƒ“‚ª‚Ώ•ΐ‚ΤZ‘ξ’nζ,‹ζ“Ή,“,6,,,,ƒKƒX,…“Ή,‰Ί…“Ή,»£,,350 ,‚P’†κ,€–h,60 ,200 ,,,,,,,,,,
Z,13122 ,8 ,‹ό,0 ,7 ,‹ό‹ζ,ΒΛ‚T’–Ϊ‚P‚S‚X”Τ‚S,ΒΛ‚T|‚P‚W|‚R,"469,000 ","442,000 ",6.1 ,193 ,,1,1.2,Z‘ξ,‚v,2F,,κ”ΚZ‘ξ‚Μ‚Ω‚©‚ΙƒAƒp[ƒg“™‚ª©‚η‚κ‚ιZ‘ξ’nζ,‹ζ“Ή,Ό,6,,,,ƒKƒX,…“Ή,‰Ί…“Ή,Β“u,,360 ,‚PZ‹,€–h,60 ,200 ,,,,,,,,,,
Z,13122 ,8 ,‹ό,0 ,8 ,‹ό‹ζ,‹T—L‚Q’–Ϊ‚P‚W‚S”Τ‚Q,‹T—L‚Q|‚P‚W|‚V,"408,000 ","388,000 ",5.2 ,87 ,,1,1,Z‘ξ,‚v,2F,,κ”ΚZ‘ξAƒAƒp[ƒg“™‚ª‚Ώ•ΐ‚ΤZ‘ξ’nζ,‹ζ“Ή,–k,6,,,,ƒKƒX,…“Ή,‰Ί…“Ή,‹T—L,,930 ,‚PZ‹,€–h,60 ,200 ,,,,,,,,,,
Z,13122 ,8 ,‹ό,0 ,9 ,‹ό‹ζ,Vh‚T’–Ϊ‚Q‚Q‚X‚S”Τ‚Q,Vh‚T|‚Q‚Q|‚P‚P,"335,000 ","317,000 ",5.7 ,94 ,,1,1.2,Z‘ξ,‚v,2F,,κ”ΚZ‘ξ‚Μ’†‚ΙƒAƒp[ƒg“™‚ª©‚η‚κ‚ιZ‘ξ’nζ,‹ζ“Ή,–k,4,,,,ƒKƒX,…“Ή,‰Ί…“Ή,‹ΰ’¬,,900 ,‚PZ‹,€–h,60 ,200 ,,,,,,,,,,
Z,13122 ,8 ,‹ό,0 ,10 ,‹ό‹ζ,Δ–”‚P’–Ϊ‚P‚Q‚V‚V”Τ‚R,Δ–”‚P|‚Q‚X|‚P‚T,"364,000 ","349,000 ",4.3 ,163 ,,1,2,Z‘ξ,‚v,2F,,κ”ΚZ‘ξ‚Μ’†‚ΙAƒAƒp[ƒg“™‚ª©‚η‚κ‚ιZ‘ξ’nζ,‹ζ“Ή,“μ“,4,,,,ƒKƒX,…“Ή,‰Ί…“Ή,Δ–”,,450 ,‚P’†κ,€–h,60 ,200 ,,,,,,,,,,
Z,13122 ,8 ,‹ό,0 ,11 ,‹ό‹ζ,Ό‹T—L‚P’–Ϊ‚Q”Τ‚P,Ό‹T—L‚P|‚Q|‚P,"393,000 ","362,000 ",8.6 ,"3,049 ",•s®`,1,1.2,‹¤“―Z‘ξ,‚q‚b,7F,,ƒ}ƒ“ƒVƒ‡ƒ“‚Μ‚Ω‚©κ”ΚZ‘ξ“™‚ª©‚η‚κ‚ιZ‘ξ’nζ,‹ζ“Ή,Ό,6,,O•ϋH,,ƒKƒX,…“Ή,‰Ί…“Ή,‚¨‰Τ’ƒ‰®,,"1,300 ",‚P’†κ,€–h,60 ,200 ,,,,,,,,,,
Z,13122 ,8 ,‹ό,0 ,12 ,‹ό‹ζ,“μ…³‚S’–Ϊ‚Q‚R”Τ‚T,“μ…³‚S|‚Q‚R|‚R,"315,000 ","300,000 ",5.0 ,82 ,,1,1,Z‘ξ,‚v,3F,,κ”ΚZ‘ξ‚Μ‚Ω‚©‚ΙƒAƒp[ƒg“™‚ª©‚η‚κ‚ιZ‘ξ’nζ,‹ζ“Ή,–k,4,,,,ƒKƒX,…“Ή,‰Ί…“Ή,‹ΰ’¬,,"1,200 ",‚P’†κ,€–h,60 ,200 ,,,,,,,,,,
Z,13122 ,8 ,‹ό,0 ,13 ,‹ό‹ζ,Vh‚P’–Ϊ‚P‚T‚U”Τ‚P,Vh‚P|‚Q‚P|‚P‚P,"324,000 ","310,000 ",4.5 ,109 ,,1,1.5,Z‘ξ,‚v,2F,,κ”ΚZ‘ξ‚Μ’†‚ΙƒAƒp[ƒg“™‚ª©‚η‚κ‚ιZ‘ξ’nζ,‹ζ“Ή,“,5,,,,ƒKƒX,…“Ή,‰Ί…“Ή,‹¬‚»,,"1,400 ",‚PZ‹,€–h,60 ,200 ,,,,,,,,,,
Z,13122 ,8 ,‹ό,0 ,14 ,‹ό‹ζ,‚»‚W’–Ϊ‚U‚U‚P”Τ‚R,‚»‚W|‚P‚X|‚T,"393,000 ","371,000 ",5.9 ,107 ,,1,1.2,Z‘ξ,‚v,2F,,κ”ΚZ‘ξ‚Μ’†‚Ι‹¤“―Z‘ξ“™‚ª©‚η‚κ‚ιZ‘ξ’nζ,‹ζ“Ή,–k,6.3,,,,ƒKƒX,…“Ή,‰Ί…“Ή,‹¬‚»,,600 ,‚PZ‹,€–h,60 ,200 ,,,,,,,,,,
Z,13122 ,8 ,‹ό,0 ,15 ,‹ό‹ζ,‰Λ‚U’–Ϊ‚S‚U‚R”Τ‚Q,‰Λ‚U|‚P‚V|‚P‚T,"320,000 ","305,000 ",4.9 ,148 ,,1,2,Z‘ξ,‚r,2F,,κ”ΚZ‘ξ‚Μ‚Ω‚©‹¤“―Z‘ξ“™‚ª©‚η‚κ‚ιZ‘ξ’nζ,‹ζ“Ή,“μ“,7.2,,,,ƒKƒX,…“Ή,‰Ί…“Ή,¬β,,"1,300 ",‚P’†κ,€–h,50 ,150 ,,,,,,,,,,
Z,13122 ,8 ,‹ό,0 ,16 ,‹ό‹ζ,‹ΰ’¬‚Q’–Ϊ‚P‚Q‚S‚X”Τ‚R,‹ΰ’¬‚Q|‚P‚W|‚R,"398,000 ","378,000 ",5.3 ,165 ,,1,2,‹¤“―Z‘ξ,‚v,2F,,κ”ΚZ‘ξAƒAƒp[ƒg“™‚ª‘½‚­©‚η‚κ‚ιZ‘ξ’nζ,‹ζ“Ή,“μΌ,5.4,,,,ƒKƒX,…“Ή,‰Ί…“Ή,‹ΰ’¬,,540 ,€H,€–h,60 ,200 ,,,,,,,,,,
Z,13122 ,8 ,‹ό,0 ,17 ,‹ό‹ζ,“V¬β‚T’–Ϊ‚S‚U‚Q”Τ‚P,“V¬β‚T|‚X|‚V,"466,000 ","432,000 ",7.9 ,181 ,,1,2,‹¤“―Z‘ξ,‚r,3F,,κ”ΚZ‘ξAƒAƒp[ƒgA“X•ά“™‚ª¬έ‚·‚ιZ‘ξ’nζ,‹ζ“Ή,Ό,6,,,,ƒKƒX,…“Ή,‰Ί…“Ή,V¬β,,640 ,‚PZ‹,€–h,60 ,200 ,,,,,,,,,,
Z,13122 ,8 ,‹ό,0 ,18 ,‹ό‹ζ,…³‚T’–Ϊ‚U‚X”Τ‚P,…³‚T|‚Q|‚V,"217,000 ","211,000 ",2.8 ,199 ,,1,2,Z‘ξ,‚v,3F,,κ”ΚZ‘ξ“™‚Μ’†‚Ι‹σ’n“™‚ª©‚η‚κ‚ιZ‘ξ’nζ,‹ζ“Ή,–k,7,,,,ƒKƒX,…“Ή,‰Ί…“Ή,‹ΰ’¬,,"2,900 ",‚Q’ακ,€–h,50 ,150 ,,,,,,,,,,
Z,13122 ,8 ,‹ό,0 ,19 ,‹ό‹ζ,…³‚R’–Ϊ‚P‚O”Τ‚S‚W,…³‚R|‚P‚O|‚P‚R,"255,000 ","247,000 ",3.2 ,148 ,,1,2,Z‘ξ,‚v,3F,,κ”ΚZ‘ξ‚Μ’†‚Ι’“Τκ“™‚ª©‚η‚κ‚ιZ‘ξ’nζ,‹ζ“Ή,–k,8,,,,ƒKƒX,…“Ή,‰Ί…“Ή,‹ΰ’¬,,"1,800 ",‚P’†κ,€–h,60 ,200 ,,,,,*,13122,0 ,14 ,"250,000 ",2.0 
Z,13122 ,8 ,‹ό,0 ,20 ,‹ό‹ζ,–xΨ‚S’–Ϊ‚U‚O”Τ‚U,–xΨ‚S|‚S‚W|‚P‚O,"373,000 ","353,000 ",5.7 ,77 ,,1,2.5,Z‘ξ,‚v,2F,,κ”ΚZ‘ξ‚Μ’†‚ΙƒAƒp[ƒg“™‚ª©‚η‚κ‚ιZ‘ξ’nζ,‹ζ“Ή,“μ“,6.3,,,,ƒKƒX,…“Ή,‰Ί…“Ή,–xΨÒ—‰€,,310 ,€H,€–h,60 ,200 ,,,,,,,,,,
Z,13122 ,8 ,‹ό,0 ,21 ,‹ό‹ζ,Ό‹T—L‚R’–Ϊ‚X‚S”Τ‚Q,Ό‹T—L‚R|‚S‚P|‚Q,"390,000 ","370,000 ",5.4 ,112 ,,1,2,Z‘ξ,‚v,2F,,κ”ΚZ‘ξ‚Μ‚Ω‚©‚ΙƒAƒp[ƒg“™‚ª©‚η‚κ‚ιZ‘ξ’nζ,‹ζ“Ή,Ό,6,,,,ƒKƒX,…“Ή,‰Ί…“Ή,‹T—L,,"1,100 ",‚PZ‹,€–h,60 ,200 ,,,,,,,,,,
Z,13122 ,8 ,‹ό,0 ,22 ,‹ό‹ζ,l‚Β–Ψ‚S’–Ϊ‚P‚Q‚W”Τ‚Q,l‚Β–Ψ‚S|‚S|‚S,"343,000 ","320,000 ",7.2 ,122 ,,1,2,Hκ“Z‘ξ,‚r,2F,,κ”ΚZ‘ξAƒAƒp[ƒgAHκ“™‚ª¬έ‚·‚ιZ‘ξ’nζ,‹ζ“Ή,“μΌ,7,,,,ƒKƒX,…“Ή,‰Ί…“Ή,lƒc–Ψ,,900 ,€H,€–h,60 ,200 ,,,,,,,,,,
Z,13122 ,8 ,‹ό,0 ,23 ,‹ό‹ζ,V¬β‚R’–Ϊ‚P‚O‚V‚X”Τ‚R,V¬β‚R|‚T|‚P,"529,000 ","492,000 ",7.5 ,98 ,,1,1.5,Z‘ξ“––±,‚r,3F,,Z‘ξA‹¤“―Z‘ξA––±“™‚ª¬έ‚·‚ιZ‘ξ’nζ,‹ζ“Ή,Ό,6.4,,,,ƒKƒX,…“Ή,‰Ί…“Ή,V¬β,,630 ,‚PZ‹,€–h,60 ,300 ,,,,,,,,,,
Z,13122 ,8 ,‹ό,0 ,24 ,‹ό‹ζ,—§Ξ‚S’–Ϊ‚S‚P”Τ‚P,—§Ξ‚S|‚P‚S|‚V,"418,000 ","392,000 ",6.6 ,127 ,,1,2,Z‘ξ,‚k‚r,3F,,κ”ΚZ‘ξA‹¤“―Z‘ξA–‹Ζ‚Μ¬έ‚·‚ιZ‘ξ’nζ,‹ζ“Ή,–k,4,,,,ƒKƒX,…“Ή,‰Ί…“Ή,‹¬—§Ξ,,450 ,€H,€–h,60 ,200 ,,,,,,,,,,
Z,13122 ,8 ,‹ό,0 ,25 ,‹ό‹ζ,™‘q‚P’–Ϊ‚T‚V‚V”Τ‚T‚O,™‘q‚P|‚Q‚X|‚P‚S,"385,000 ","366,000 ",5.2 ,117 ,,1,1.5,Z‘ξ,‚v,2F,,’†‹K–Νκ”ΚZ‘ξAƒAƒp[ƒg“™‚ª©‚η‚κ‚ιZ‘ξ’nζ,‹ζ“Ή,“μ,5.5,,,,ƒKƒX,…“Ή,‰Ί…“Ή,‹¬¬β,,600 ,‚Q’ακ,€–h,60 ,200 ,,,,,,,,,,
Z,13122 ,8 ,‹ό,0 ,26 ,‹ό‹ζ,—§Ξ‚T’–Ϊ‚R‚P‚T”Τ‚T,—§Ξ‚T|‚Q‚R|‚Q,"405,000 ","384,000 ",5.5 ,173 ,,1,1.2,Z‘ξ,‚k‚r,2F,,κ”ΚZ‘ξ‚Μ’†‚Ι‹¤“―Z‘ξ“™‚ª©‚η‚κ‚ιZ‘ξ’nζ,‹ζ“Ή,Ό,4.5,,,,ƒKƒX,…“Ή,‰Ί…“Ή,‹¬—§Ξ,,850 ,‚P’†κ,€–h,60 ,200 ,,,,,,,,,,
Z,13122 ,8 ,‹ό,0 ,27 ,‹ό‹ζ,ΒΛ‚P’–Ϊ‚U‚P”Τ‚P,ΒΛ‚P|‚T|‚S,"492,000 ","465,000 ",5.8 ,160 ,,1,2,‹¤“―Z‘ξ,‚v,2F,,’†‹K–ΝZ‘ξAƒAƒp[ƒg‚ª‚Ώ•ΐ‚ΤΥΓ‚ΘZ‘ξ’nζ,‹ζ“Ή,–kΌ,6.3,,,,ƒKƒX,…“Ή,‰Ί…“Ή,Β“u,,350 ,‚PZ‹,€–h,60 ,200 ,,,,,*,13122,0 ,9 ,"470,000 ",4.7 
Z,13122 ,8 ,‹ό,0 ,28 ,‹ό‹ζ,“—§Ξ‚S’–Ϊ‚P‚Q‚V”Τ‚T,“—§Ξ‚S|‚Q‚U|‚P‚O,"389,000 ","366,000 ",6.3 ,109 ,,1,2,Z‘ξ,‚v,2F,,κ”ΚZ‘ξ‚Μ’†‚Ι“X•ά“™‚ª©‚η‚κ‚ιZ‘ξ’nζ,‹ζ“Ή,Ό,5.5,,,,ƒKƒX,…“Ή,‰Ί…“Ή,‹¬—§Ξ,,550 ,€H,€–h,60 ,200 ,,,,,,,,,,
Z,13122 ,8 ,‹ό,0 ,29 ,‹ό‹ζ,•σ’¬‚P’–Ϊ‚Q‚X”Τ‚X,•σ’¬‚P|‚Q‚P|‚Q‚T,"338,000 ","321,000 ",5.3 ,97 ,,1,1.2,Hκ“Z‘ξ,‚r,2F,,κ”ΚZ‘ξAƒAƒp[ƒgAHκ“™‚ª¬έ‚·‚ιZ‘ξ’nζ,‹ζ“Ή,“,6,,,,ƒKƒX,…“Ή,‰Ί…“Ή,‚¨‰Τ’ƒ‰®,,700 ,€H,€–h,60 ,200 ,,,,,,,,,,
Z,13122 ,8 ,‹ό,0 ,30 ,‹ό‹ζ,–xΨ‚W’–Ϊ‚P‚U‚S”Τ‚Q‚R,–xΨ‚W|‚S|‚P‚U,"431,000 ","411,000 ",4.9 ,100 ,,1,1.5,––±“Z‘ξ,‚v,3F,,κ”ΚZ‘ξAƒ}ƒ“ƒVƒ‡ƒ““™‚ª©‚η‚κ‚ιZ‘ξ’nζ,‹ζ“Ή,“μ,6,,,,ƒKƒX,…“Ή,‰Ί…“Ή,»£,,"1,000 ",‚P’†κ,€–h,60 ,200 ,,,,,,,,,,
Z,13122 ,8 ,‹ό,0 ,31 ,‹ό‹ζ,¬›‚P’–Ϊ‚P‚Q‚S‚T”Τ‚Q,¬›‚P|‚Q‚R|‚P‚R,"293,000 ","279,000 ",5.0 ,64 ,,1,2.5,Z‘ξ,‚v,2F,,Z‘ξAƒAƒp[ƒg“™‚ª–§W‚·‚ιZ‘ξ’nζ,“ΉH,“μ,3.5,,,,ƒKƒX,…“Ή,‰Ί…“Ή,»£,,"1,200 ",‚PZ‹,€–h,60 ,200 ,,,,,,,,,,
Z,13122 ,8 ,‹ό,0 ,33 ,‹ό‹ζ,“V¬β‚W’–Ϊ‚P‚R‚W‚R”Τ‚T,“V¬β‚W|‚Q‚P|‚T,"367,000 ","346,000 ",6.1 ,157 ,,1,2,Z‘ξ“‘qΙ,‚q‚b,3F,,κ”ΚZ‘ξ‚Μ‚Ω‚©‹¤“―Z‘ξ“™‚ª‚Ώ•ΐ‚ΤZ‘ξ’nζ,‹ζ“Ή,–kΌ,5.5,,,,ƒKƒX,…“Ή,‰Ί…“Ή,V¬β,,"1,400 ",€H,€–h,60 ,200 ,,,,,,,,,,
Z,13122 ,8 ,‹ό,0 ,34 ,‹ό‹ζ,V¬β‚S’–Ϊ‚S‚Q‚O”Τ‚S,V¬β‚S|‚T|‚T,"479,000 ","450,000 ",6.4 ,91 ,,1,1.2,Z‘ξ,‚v,2F,,κ”ΚZ‘ξ‚Μ’†‚Ι‹¤“―Z‘ξ“™‚ª©‚η‚κ‚ιZ‘ξ’nζ,‹ζ“Ή,–kΌ,6.3,,,,ƒKƒX,…“Ή,‰Ί…“Ή,V¬β,,710 ,‚PZ‹,€–h,60 ,300 ,,,,,,,,,,
Z,13122 ,8 ,‹ό,0 ,35 ,‹ό‹ζ,‚¨‰Τ’ƒ‰®‚P’–Ϊ‚T‚R‚O”Τ‚P‚U,‚¨‰Τ’ƒ‰®‚P|‚R|‚V,"434,000 ","411,000 ",5.6 ,138 ,,1,1.2,Z‘ξ,‚v,2F,,κ”ΚZ‘ξAƒAƒp[ƒgA“X•ά“™‚ª¬έ‚·‚ιZ‘ξ’nζ,‹ζ“Ή,–k,6,,,,ƒKƒX,…“Ή,‰Ί…“Ή,‚¨‰Τ’ƒ‰®,,220 ,‚PZ‹,€–h,60 ,200 ,,,,,,,,,,
Z,13122 ,8 ,‹ό,0 ,36 ,‹ό‹ζ,–xΨ‚Q’–Ϊ‚R‚U”Τ‚Q‚U,–xΨ‚Q|‚R‚P|‚P‚Q,"353,000 ","336,000 ",5.1 ,104 ,,1,1.2,Z‘ξ,‚v,3F,,Z‘ξAƒAƒp[ƒg“™‚ª–§W‚·‚ιω¬Z‘ξ’nζ,„“Ή,“μ“,4,,,,ƒKƒX,…“Ή,‰Ί…“Ή,–xΨÒ—‰€,,460 ,‚PZ‹,€–h,60 ,200 ,,,,,,,,,,
Z,13122 ,8 ,‹ό,0 ,37 ,‹ό‹ζ,—§Ξ‚Q’–Ϊ‚Q‚U‚Q”Τ‚T‚O,—§Ξ‚Q|‚T|‚P‚O,"399,000 ","378,000 ",5.6 ,100 ,,1,1,Z‘ξ,‚v,2F,,Z‘ξAƒAƒp[ƒgA––±“™‚ª¬έ‚·‚ιZ‘ξ’nζ,‹ζ“Ή,“,7.2,,,,ƒKƒX,…“Ή,‰Ί…“Ή,‹¬—§Ξ,,900 ,€H,€–h,60 ,200 ,,,,,,,,,,
,13122 ,8 ,‹ό,0 ,38 ,‹ό‹ζ,Ό…³‚Q’–Ϊ‚Q‚P”Τ‚P‚O,Ό…³‚Q|‚P‚P|‚Q‚Q,"210,000 ",,,100 ,,1,2,Z‘ξ,‚v,2F,,κ”ΚZ‘ξ‚Μ’†‚Ι’“Τκ“™‚ª©‚η‚κ‚ιZ‘ξ’nζ,‹ζ“Ή,“μ,8,,,,ƒKƒX,…“Ή,‰Ί…“Ή,‹T—L,,"2,700 ",‚Q’ακ,€–h,50 ,150 ,,,,,,,,,,
Z,13122 ,8 ,‹ό,0 ,39 ,‹ό‹ζ,Vh‚Q’–Ϊ‚R‚Q‚S‚V”Τ‚R,Vh‚Q|‚Q‚W|‚Q,"318,000 ","303,000 ",5.0 ,149 ,,1,1.5,‹¤“―Z‘ξ,‚v,2F,,κ”ΚZ‘ξA‹¤“―Z‘ξ‚Μ‘½‚ΆZ‘ξ’nζ,‹ζ“Ή,Ό,4,,,,ƒKƒX,…“Ή,‰Ί…“Ή,‹T—L,,"1,100 ",‚PZ‹,€–h,60 ,200 ,,,,,,,,,,
Z,13122 ,8 ,‹ό,0 ,40 ,‹ό‹ζ,“‹ΰ’¬‚P’–Ϊ‚R‚T‚O‚O”Τ‚P,“‹ΰ’¬‚P|‚R|‚P,"550,000 ","508,000 ",8.3 ,"11,464 ",•s®`,2.5,1,‹¤“―Z‘ξ,‚q‚b,19F,1B,‹¤“―Z‘ξ‚ª‘½‚­©‚η‚κ‚ι—•Φ«‚Μ‚ζ‚ΆZ‘ξ’nζ,‹ζ“Ή,–kΌ,21,,l•ϋH,,ƒKƒX,…“Ή,‰Ί…“Ή,‹ΰ’¬,,580 ,€H,€–h,60 ,200 ,,,,,,,,,,
Z,13122 ,8 ,‹ό,0 ,41 ,‹ό‹ζ,Ό‹T—L‚P’–Ϊ‚P‚X”Τ‚Q‚Q,Ό‹T—L‚P|‚P‚X|‚S,"385,000 ","366,000 ",5.2 ,145 ,,1,2,Z‘ξ,‚v,2F,,κ”ΚZ‘ξ‚Μ’†‚ΙƒAƒp[ƒg“™‚ª©‚η‚κ‚ιZ‘ξ’nζ,‹ζ“Ή,Ό,4,,,,ƒKƒX,…“Ή,‰Ί…“Ή,‹T—L,,"1,400 ",‚P’†κ,€–h,60 ,200 ,,,,,,,,,,
Z,13122 ,8 ,‹ό,0 ,42 ,‹ό‹ζ,‹ΰ’¬‚T’–Ϊ‚P‚X‚Q‚Q”Τ‚T‚P,‹ΰ’¬‚T|‚R‚R|‚S,"414,000 ","390,000 ",6.2 ,102 ,,1,1,Z‘ξ,‚v,2F,,κ”ΚZ‘ξAƒAƒp[ƒg“™‚ª‚Ώ•ΐ‚ΤZ‘ξ’nζ,„“Ή,Ό,3.5,,,,ƒKƒX,…“Ή,‰Ί…“Ή,‹ΰ’¬,,300 ,‚PZ‹,€–h,60 ,200 ,,,,,,,,,,
Z,13122 ,8 ,‹ό,0 ,43 ,‹ό‹ζ,ΌV¬β‚T’–Ϊ‚Q‚V‚T‚Q”Τ‚R,ΌV¬β‚T|‚R|‚P‚U,"310,000 ","297,000 ",4.4 ,140 ,,1,1.2,Z‘ξ,‚v,2F,,κ”ΚZ‘ξAƒAƒp[ƒgAμ‹Ζ‚ª¬έ‚·‚ιZ‘ξ’nζ,‹ζ“Ή,“μ,4.5,,,,ƒKƒX,…“Ή,‰Ί…“Ή,lƒc–Ψ,,"1,500 ",€H,€–h,60 ,200 ,,,,,,,,,,
Z,13122 ,8 ,‹ό,0 ,44 ,‹ό‹ζ,ΒΛ‚S’–Ϊ‚P‚P‚Q‚T”Τ‚W,ΒΛ‚S|‚T|‚P‚O,"413,000 ","390,000 ",5.9 ,90 ,,1,2,Z‘ξ,‚v,2F,,κ”ΚZ‘ξA‹¤“―Z‘ξA“X•ά“™‚ª©‚η‚κ‚ιZ‘ξ’nζ,‹ζ“Ή,“,11,,,,ƒKƒX,…“Ή,‰Ί…“Ή,Β“u,,890 ,€H,€–h,60 ,200 ,,,,,,,,,,
Z,13122 ,8 ,‹ό,0 ,45 ,‹ό‹ζ,‚»‚P’–Ϊ‚P‚S”Τ‚S‚P,‚»‚P|‚P‚S|‚S,"336,000 ","322,000 ",4.3 ,123 ,,1,1.5,Z‘ξ,‚v,2F,,Z‘ξA‹¤“―Z‘ξA–‹Ζ“™‚ª¬έ‚·‚ιZ‘ξ’nζ,‹ζ“Ή,Ό,7.3,,,,ƒKƒX,…“Ή,‰Ί…“Ή,Β“u,,850 ,€H,€–h,60 ,200 ,,,,,,,,,,
Z,13122 ,8 ,‹ό,5 ,1 ,‹ό‹ζ,V¬β‚P’–Ϊ‚P‚R‚T‚T”Τ‚R,V¬β‚P|‚S‚X|‚R,"1,980,000 ","1,780,000 ",11.2 ,115 ,,1,3,“X•ά“Z‘ξ,‚r,4F,,’†‹K–Ν‚Μ¬”„“X•ά‚ª‚Ώ•ΐ‚Τ‰w‚Ι‹ί‚Ά¤‹Ζ’nζ,‹ζ“Ή,“μΌ,7.7,,,,ƒKƒX,…“Ή,‰Ί…“Ή,V¬β,,200 ,¤‹Ζ,–h‰Ξ,80 ,500 ,,,,,,,,,,
Z,13122 ,8 ,‹ό,5 ,2 ,‹ό‹ζ,™‘q‚S’–Ϊ‚S‚X‚O”Τ‚T,™‘q‚S|‚R‚Q|‚P‚P,"380,000 ","351,000 ",8.3 ,83 ,‘δ`,1,2,“X•ά“Z‘ξ,‚r,3F,,ωH“XA¬”„“X•ά“™‚ª‚Ώ•ΐ‚Τ¤‹Ζ’nζ,‹ζ“Ή,“,4,,,,ƒKƒX,…“Ή,‰Ί…“Ή,‹¬¬β,,400 ,‹ί¤,€–h,80 ,300 ,,,,,,,,,,
Z,13122 ,8 ,‹ό,5 ,3 ,‹ό‹ζ,¬›‚S’–Ϊ‚P‚P”Τ‚U,¬›‚S|‚P‚P|‚U,"1,000,000 ","882,000 ",13.4 ,89 ,,1,1.5,––±““X•ά,‚q‚b,4F,,¬”„“X•άA––±‚Μ‚Ώ•ΐ‚Τ‰w‘O‚Μ¤‹Ζ’nζ,‹ζ“Ή,–k,7.3,,,,ƒKƒX,…“Ή,‰Ί…“Ή,»£,,90 ,¤‹Ζ,–h‰Ξ,80 ,400 ,,,,,,,,,,
Z,13122 ,8 ,‹ό,5 ,4 ,‹ό‹ζ,“—§Ξ‚S’–Ϊ‚W‚O”Τ‚P,“—§Ξ‚S|‚T‚O|‚T,"780,000 ","672,000 ",16.1 ,131 ,,1,1.5,“X•άA––±“‹¤“―Z‘ξ,‚r,7F,,“X•άA“X•ά“‹¤“―Z‘ξ“™‚ª‚Ώ•ΐ‚Τ¤‹Ζ’nζ,“s“Ή,–k,15,,,,ƒKƒX,…“Ή,‰Ί…“Ή,‹¬—§Ξ,,220 ,¤‹Ζ,–h‰Ξ,80 ,500 ,,,,,*,13122,5 ,1 ,"720,000 ",8.3 
Z,13122 ,8 ,‹ό,5 ,5 ,‹ό‹ζ,‹T—L‚R’–Ϊ‚U‚S‚R”Τ‚Q,‹T—L‚R|‚P‚W|‚R,"994,000 ","864,000 ",15.0 ,165 ,,1,1.5,“X•ά“‹¤“―Z‘ξ,‚q‚b,7F,,“X•άAƒ}ƒ“ƒVƒ‡ƒ““™‚ª‚Ώ•ΐ‚Τ‰w“μ‘¤‚Μ¤‹Ζ’nζ,‹ζ“Ή,Ό,11,,,,ƒKƒX,…“Ή,‰Ί…“Ή,‹T—L,,230 ,¤‹Ζ,–h‰Ξ,80 ,500 ,,,,,*,13122,5 ,4 ,"930,000 ",6.9 
Z,13122 ,8 ,‹ό,5 ,6 ,‹ό‹ζ,“V¬β‚U’–Ϊ‚V‚X‚O”Τ‚Q,“V¬β‚U|‚Q|‚Q,"470,000 ","435,000 ",8.0 ,229 ,,1,2,“X•ά,‚q‚b,2F,,’†’α‘w‚Μ“X•ά“Z‘ξ“™‚ª‚Ώ•ΐ‚Τ‹ί—Χ¤‹Ζ’nζ,‹ζ“Ή,Ό,7.2,,,,ƒKƒX,…“Ή,‰Ί…“Ή,V¬β,,890 ,‹ί¤,€–h,80 ,300 ,,,,,,,,,,
Z,13122 ,8 ,‹ό,5 ,7 ,‹ό‹ζ,‚»‚T’–Ϊ‚V‚W‚Q”Τ‚SO,‚»‚T|‚R‚U|‚P‚P,"660,000 ","601,000 ",9.8 ,78 ,‘δ`,1,2.5,“X•ά“Z‘ξ,‚r,3F,,¬”„“X•ά‚ª‚Ώ•ΐ‚Τ‰w‘O‚Μ¤‹Ζ’nζ,‹ζ“Ή,“μ“,11,,,,ƒKƒX,…“Ή,‰Ί…“Ή,‹¬‚»,,80 ,¤‹Ζ,–h‰Ξ,80 ,400 ,,,,,,,,,,
Z,13122 ,8 ,‹ό,5 ,8 ,‹ό‹ζ,‹T—L‚Q’–Ϊ‚P‚R‚R”Τ‚Q,‹T—L‚Q|‚R‚S|‚S,"521,000 ","462,000 ",12.8 ,148 ,,1,2,“X•ά“‹¤“―Z‘ξ,‚q‚b,5F,,“X•άA•Ή—pƒ}ƒ“ƒVƒ‡ƒ““™‚ª‚Ώ•ΐ‚Τ‹ί—Χ¤‹Ζ’nζ,‹ζ“Ή,Ό,11,,,,ƒKƒX,…“Ή,‰Ί…“Ή,‹T—L,,620 ,‹ί¤,€–h,80 ,300 ,,,,,,,,,,
Z,13122 ,8 ,‹ό,5 ,9 ,‹ό‹ζ,“μ…³‚S’–Ϊ‚Q‚V”Τ‚S,“μ…³‚S|‚Q‚V|‚P‚R,"352,000 ","335,000 ",5.1 ,253 ,,1.2,1,“X•ά“Z‘ξ,‚q‚b,3F,,¬”„“X•ά“™‚ª©‚η‚κ‚ιHό‰‚Ά‚Μ‹ί—Χ¤‹Ζ’nζ,‹ζ“Ή,“,22,,,,ƒKƒX,…“Ή,‰Ί…“Ή,‹ΰ’¬,,"1,500 ",‹ί¤,€–h,80 ,300 ,,,,,,,,,,
Z,13122 ,8 ,‹ό,5 ,10 ,‹ό‹ζ,“‹ΰ’¬‚R’–Ϊ‚P‚Q”Τ‚P‚P,“‹ΰ’¬‚R|‚R‚O|‚P‚U,"501,000 ","460,000 ",8.9 ,87 ,,1,2,“X•ά“Z‘ξ,‚r,3F,,¬‹K–Ν‚Μ“X•ά•Ή—pZ‘ξ‚ª‚Ώ•ΐ‚Τ‹ί—Χ¤‹Ζ’nζ,‹ζ“Ή,“μ“,5.9,,,,ƒKƒX,…“Ή,‰Ί…“Ή,‹ΰ’¬,,400 ,‹ί¤,€–h,80 ,300 ,,,,,,,,,,
Z,13122 ,8 ,‹ό,5 ,11 ,‹ό‹ζ,–xΨ‚S’–Ϊ‚R‚V‚W”Τ‚P,–xΨ‚S|‚P‚P|‚S,"630,000 ","565,000 ",11.5 ,67 ,‘δ`,1,3,“X•ά“Z‘ξ,‚r,3F,,’†’α‘w‚Μ¬”„“X•ά‚ª‚Ώ•ΐ‚Τ‰w‘O‚Μ¤‹Ζ’nζ,“s“Ή,“μ“,23,,,,ƒKƒX,…“Ή,‰Ί…“Ή,–xΨÒ—‰€,,100 ,¤‹Ζ,–h‰Ξ,80 ,400 ,,,,,,,,,,
Z,13122 ,8 ,‹ό,5 ,12 ,‹ό‹ζ,Δ–”‚T’–Ϊ‚U‚O‚Q”Τ‚PO,Δ–”‚T|‚P|‚R,"471,000 ","435,000 ",8.3 ,192 ,•s®`,1.5,1,“X•ά“‹¤“―Z‘ξ,‚r,3F,,“X•άA‹¤“―Z‘ξA‹‹–ϋ“™‚ª¬έ‚·‚ι¤‹Ζ’nζ,“s“Ή,“μΌ,10.9,,,,ƒKƒX,…“Ή,‰Ί…“Ή,VΔ–”,,70 ,‹ί¤,€–h,80 ,300 ,,,,,,,,,,
Z,13122 ,8 ,‹ό,5 ,13 ,‹ό‹ζ,ΌV¬β‚P’–Ϊ‚V‚S‚X”Τ‚R,ΌV¬β‚P|‚V|‚P,"905,000 ","805,000 ",12.4 ,105 ,,1,2,“X•ά“Z‘ξ,‚r,4F,,¬”„“X•άAωH“X“™‚ª‘½‚Ά‰w‚Ι‹ί‚Ά¤‹Ζ’nζ,‹ζ“Ή,“μΌ,6,,,,ƒKƒX,…“Ή,‰Ί…“Ή,V¬β,,190 ,¤‹Ζ,–h‰Ξ,80 ,400 ,,,,,,,,,,
Z,13122 ,8 ,‹ό,5 ,14 ,‹ό‹ζ,‹T—L‚T’–Ϊ‚W‚U”Τ‚P,‹T—L‚T|‚S‚S|‚P‚P,"899,000 ","783,000 ",14.8 ,496 ,,1,1.2,“X•ά“‹¤“―Z‘ξ,‚q‚b,13F,,ƒ}ƒ“ƒVƒ‡ƒ“‚β‰c‹Ζ“™‚ª¬έ‚·‚ι¤‹Ζ’nζ,“s“Ή,“,25,,‘¤“Ή,–k,ƒKƒX,…“Ή,‰Ί…“Ή,‹T—L,,220 ,¤‹Ζ,–h‰Ξ,80 ,500 ,,,,,,,,,,
Z,13122 ,8 ,‹ό,5 ,15 ,‹ό‹ζ,–xΨ‚Q’–Ϊ‚U‚W”Τ‚Q‚O,–xΨ‚Q|‚U‚U|‚P‚W,"507,000 ","452,000 ",12.2 ,181 ,,1,2,“X•άA––±“‹¤“―Z‘ξ“™,‚q‚b,7F,,‹¤“―Z‘ξA’α‘w“X•ά“™‚ª©‚η‚κ‚ιHό¤‹Ζ’nζ,“s“Ή,–k“,18,,,,ƒKƒX,…“Ή,‰Ί…“Ή,–xΨÒ—‰€,,660 ,‹ί¤,–h‰Ξ,80 ,400 ,,,,,,,,,,
Z,13122 ,8 ,‹ό,5 ,16 ,‹ό‹ζ,‰Λ‚V’–Ϊ‚P‚S”Τ‚P‚O,‰Λ‚V|‚P‚S|‚P‚R,"390,000 ","363,000 ",7.4 ,517 ,,1,1.5,‘qΙ“––±,‚r,2F,,–‹Ζ‚Ιƒ}ƒ“ƒVƒ‡ƒ““™‚ΰ¬έ‚·‚ιHό¤‹Ζ’nζ,“s“Ή,–k“,25,,,,ƒKƒX,…“Ή,‰Ί…“Ή,Β“u,,"1,600 ",€H,–h‰Ξ,60 ,400 ,,,,,,,,,,
Z,13122 ,8 ,‹ό,5 ,17 ,‹ό‹ζ,ΒΛ‚V’–Ϊ‚Q‚S‚V‚V”Τ‚RO,ΒΛ‚V|‚R|‚T,"472,000 ","430,000 ",9.8 ,363 ,,1.2,1,“X•ά,‚r,2F,,©“®Τ”Μ”„‰οΠA––±“™‚Μ‘½‚ΆHό¤‹Ζ’nζ,‘“Ή,–kΌ,25,,,,ƒKƒX,…“Ή,‰Ί…“Ή,Β“u,,"1,100 ",€H,–h‰Ξ,60 ,400 ,,,,,,,,,,
Z,13122 ,8 ,‹ό,5 ,18 ,‹ό‹ζ,“V¬β‚S’–Ϊ‚U‚R”Τ‚PO,“V¬β‚S|‚Q‚T|‚Q‚R,"500,000 ","441,000 ",13.4 ,547 ,,1.2,1,“X•ά,‚r,2F,,©“®Τ”Μ”„‰οΠAωH“X•ά“™‚Μ‘½‚ΆHό¤‹Ζ’nζ,“s“Ή,“μ“,25,,,,ƒKƒX,…“Ή,‰Ί…“Ή,V¬β,,"1,300 ",€H,–h‰Ξ,60 ,400 ,,,,,,,,,,
Z,13122 ,8 ,‹ό,5 ,19 ,‹ό‹ζ,‹ΰ’¬‚U’–Ϊ‚P‚U‚R‚S”Τ‚PO,‹ΰ’¬‚U|‚T|‚W,"1,270,000 ","1,120,000 ",13.4 ,973 ,,1,2,“X•ά“––±,‚r,8F,1B,’†‚‘w“X•άA“X•ά“‹¤“―Z‘ξ‚ª‘½‚Ά‰w‘O¤‹Ζ’nζ,‹ζ“Ή,–k,0,‰w‘OLκ,O•ϋH,,ƒKƒX,…“Ή,‰Ί…“Ή,‹ΰ’¬,‰w‘OLκΪ–Κ,0 ,¤‹Ζ,–h‰Ξ,80 ,500 ,,,,,,,,,,
Z,13123 ,8 ,]Λμ,0 ,1 ,]Λμ‹ζ,Ό¬β‚P’–Ϊ‚P‚V‚V‚T”Τ‚W,Ό¬β‚P|‚P‚O|‚T,"478,000 ","445,000 ",7.4 ,86 ,‘δ`,1,2,Z‘ξ,‚r,3F,,’†¬‹K–ΝZ‘ξA‹¤“―Z‘ξ“™‚ª‚Ώ•ΐ‚ΤZ‘ξ’nζ,‹ζ“Ή,Ό,4.5,,,,ƒKƒX,…“Ή,‰Ί…“Ή,¬β,,600 ,‚PZ‹,€–h,60 ,300 ,,,,,,,,,,
Z,13123 ,8 ,]Λμ,0 ,2 ,]Λμ‹ζ,]‚P’–Ϊ‚P‚T‚R”Τ‚R,]‚P|‚T‚R|‚R,"481,000 ","455,000 ",5.7 ,67 ,,1.5,1,Z‘ξ,‚v,3F,,¬‹K–Νκ”ΚZ‘ξ‚ª‚Ώ•ΐ‚Τ‹ζ‰ζ®—Ο‚ΜZ‘ξ’nζ,‹ζ“Ή,–kΌ,4.5,,,,ƒKƒX,…“Ή,‰Ί…“Ή,],,700 ,‚PZ‹,€–h,60 ,300 ,,,,,,,,,,
Z,13123 ,8 ,]Λμ,0 ,3 ,]Λμ‹ζ,΄V’¬‚Q’–Ϊ‚V”Τ‚T,΄V’¬‚Q|‚V|‚P‚W,"502,000 ","475,000 ",5.7 ,"1,048 ",,1,1,‹¤“―Z‘ξ,‚r,5F,,’†‚‘wƒ}ƒ“ƒVƒ‡ƒ“‚ª‘½‚Ά‹ζ‰ζ®‘R‚Ζ‚µ‚½Z‘ξ’nζ,‹ζ“Ή,“μ,16,,,,ƒKƒX,…“Ή,‰Ί…“Ή,Ό‹Ό,,"1,200 ",‚P’†κ,€–h,60 ,200 ,,,,,,,,,,
Z,13123 ,8 ,]Λμ,0 ,4 ,]Λμ‹ζ,“μΒθ’¬‚R’–Ϊ‚Q‚P‚T”Τ‚S,“μΒθ’¬‚R|‚P‚T|‚Q,"546,000 ","513,000 ",6.4 ,112 ,,1,1,“X•ά“Z‘ξ,‚q‚b,3F,,“X•ά“Z‘ξAƒ}ƒ“ƒVƒ‡ƒ““™‚ª¬έ‚·‚ιZ‘ξ’nζ,‹ζ“Ή,“μΌ,9,,,,ƒKƒX,…“Ή,‰Ί…“Ή,],,400 ,‚PZ‹,€–h,60 ,300 ,,,,,,,,,,
Z,13123 ,8 ,]Λμ,0 ,5 ,]Λμ‹ζ,“¬β‚U’–Ϊ‚Q‚U‚V‚U”Τ‚P‚O,“¬β‚U|‚W|‚X,"495,000 ","460,000 ",7.6 ,78 ,,1,1.5,Z‘ξ,‚v,2F,,’†¬‹K–Νκ”ΚZ‘ξA‹¤“―Z‘ξ‚ª‚Ώ•ΐ‚ΤZ‘ξ’nζ,‹ζ“Ή,–k,5.5,,,,ƒKƒX,…“Ή,‰Ί…“Ή,¬β,,510 ,‚PZ‹,€–h,60 ,300 ,,,,,*,13123,0 ,22 ,"470,000 ",5.3 
Z,13123 ,8 ,]Λμ,0 ,6 ,]Λμ‹ζ,‘D–x‚Q’–Ϊ‚T‚O‚V”Τ‚P,‘D–x‚Q|‚P‚Q|‚X,"546,000 ","512,000 ",6.6 ,99 ,,1,1,Z‘ξ,‚r,3F,,κ”ΚZ‘ξA‹¤“―Z‘ξ“™‚ª‚Ώ•ΐ‚ΤZ‘ξ’nζ,‹ζ“Ή,–k“,6.3,,,,ƒKƒX,…“Ή,‰Ί…“Ή,‘D–x,,450 ,‚PZ‹,€–h,60 ,200 ,,,,,,,,,,
Z,13123 ,8 ,]Λμ,0 ,7 ,]Λμ‹ζ,’†‹Ό‚P’–Ϊ‚R‚T”Τ‚P‚U,’†‹Ό‚P|‚R‚T|‚P‚O,"482,000 ","461,000 ",4.6 ,115 ,,1,2,Z‘ξ,‚r,3F,,Z‘ξA–‹ΖAƒ}ƒ“ƒVƒ‡ƒ““™‚ª¬έ‚·‚ιZ‘ξ’nζ,‹ζ“Ή,–k,6,,,,ƒKƒX,…“Ή,‰Ί…“Ή,‹Ό,,950 ,‚PZ‹,€–h,60 ,300 ,,,,,,,,,,
Z,13123 ,8 ,]Λμ,0 ,8 ,]Λμ‹ζ,•½δ‚U’–Ϊ‚Q‚O”Τ‚T,•½δ‚U|‚Q‚O|‚W,"519,000 ","483,000 ",7.5 ,106 ,,1,1.2,‹¤“―Z‘ξ,‚k‚r,3F,,’†‹K–Νκ”ΚZ‘ξAƒAƒp[ƒg“™‚ª©‚η‚κ‚ιZ‘ξ’nζ,‹ζ“Ή,–k“,6,,,,ƒKƒX,…“Ή,‰Ί…“Ή,•½δ,,400 ,‚PZ‹,€–h,60 ,300 ,,,,,,,,,,
Z,13123 ,8 ,]Λμ,0 ,9 ,]Λμ‹ζ,Ό‹Ό‚W’–Ϊ‚X”Τ‚T‚Q,Ό‹Ό‚W|‚X|‚P‚Q,"526,000 ","501,000 ",5.0 ,75 ,,1,1.5,Z‘ξ,‚v,3F,,κ”ΚZ‘ξ‚Μ’†‚Ιƒ}ƒ“ƒVƒ‡ƒ““™‚ª©‚η‚κ‚ιZ‘ξ’nζ,‹ζ“Ή,“,6,,,,ƒKƒX,…“Ή,‰Ί…“Ή,Ό‹Ό,,950 ,‚PZ‹,€–h,60 ,300 ,,,,,,,,,,
Z,13123 ,8 ,]Λμ,0 ,10 ,]Λμ‹ζ,–k‹Ό‚Q’–Ϊ‚U‚W‚P”Τ‚U,–k‹Ό‚Q|‚Q‚V|‚Q‚Q,"445,000 ","420,000 ",6.0 ,70 ,,1,2,Z‘ξ,‚v,2F,,κ”ΚZ‘ξ‚ΙƒAƒp[ƒg‚β—c’t‰€‚ΰ©‚η‚κ‚ιZ‘ξ’nζ,‹ζ“Ή,“μΌ,6.4,,,,ƒKƒX,…“Ή,‰Ί…“Ή,‘D–x,,"1,000 ",‚P’†κ,€–h,50 ,100 ,,,,,,,,,,
Z,13123 ,8 ,]Λμ,0 ,12 ,]Λμ‹ζ,Ό]‚V’–Ϊ‚Q‚V‚P”Τ‚R,Ό]‚V|‚Q‚R|‚R,"406,000 ","385,000 ",5.5 ,99 ,,1,1.5,Z‘ξ,‚k‚r,3F,,Z‘ξ‚Μ’†‚ΙƒAƒp[ƒgA“X•ά“™‚ª¬έ‚·‚ιZ‘ξ’nζ,‹ζ“Ή,–kΌ,13.6,,,,ƒKƒX,…“Ή,‰Ί…“Ή,κ”V],,"1,200 ",‚PZ‹,€–h,60 ,200 ,,,,,,,,,,
Z,13123 ,8 ,]Λμ,0 ,13 ,]Λμ‹ζ,–k¬β‚W’–Ϊ‚T‚P‚X”Τ‚Q,–k¬β‚W|‚V|‚P‚S,"386,000 ","364,000 ",6.0 ,131 ,,1,1.5,‹¤“―Z‘ξ,‚v,2F,,κ”ΚZ‘ξAƒAƒp[ƒg“™‚ª‚Ώ•ΐ‚ΤZ‘ξ’nζ,‹ζ“Ή,“,6,,,,ƒKƒX,…“Ή,‰Ί…“Ή,‹¬¬β,,770 ,‚P’†κ,€–h,60 ,150 ,,,,,,,,,,
Z,13123 ,8 ,]Λμ,0 ,14 ,]Λμ‹ζ,t]’¬‚R’–Ϊ‚P‚O”Τ‚P‚W‚V,t]’¬‚R|‚P‚T|‚W,"388,000 ","367,000 ",5.7 ,77 ,,1,1.2,Z‘ξ,‚v,2F,,¬‹K–Νκ”ΚZ‘ξ‚ª‚Ώ•ΐ‚ΤZ‘ξ’nζ,‹ζ“Ή,–k,5.4,,,,ƒKƒX,…“Ή,‰Ί…“Ή,],,"1,100 ",‚P’†κ,€–h,50 ,100 ,,,,,,,,,,
Z,13123 ,8 ,]Λμ,0 ,15 ,]Λμ‹ζ,­‚Q’–Ϊ‚P‚S‚O”Τ‚R,­‚Q|‚P‚T|‚P‚O,"324,000 ","313,000 ",3.5 ,100 ,,1,1.5,Z‘ξ,‚v,3F,,Z‘ξAƒAƒp[ƒgAμ‹Ζκ“™‚ª¬έ‚·‚ιZ‘ξ’nζ,‹ζ“Ή,“,7,,,,ƒKƒX,…“Ή,‰Ί…“Ή,Βθ,,"1,300 ",‚P’†κ,€–h,60 ,150 ,,,,,,,,,,
Z,13123 ,8 ,]Λμ,0 ,16 ,]Λμ‹ζ,κ”V]‚Q’–Ϊ‚T‚S”Τ‚P‚WO,κ”V]‚Q|‚R|‚W,"363,000 ","348,000 ",4.3 ,175 ,,1,1,Z‘ξ,‚v,2F,,Z‘ξAƒAƒp[ƒg‚Μ‚Ω‚©’“Τκ‚ΰ©‚η‚κ‚ιZ‘ξ’nζ,‹ζ“Ή,“,4.5,,,,ƒKƒX,…“Ή,‰Ί…“Ή,κ”V],,"1,000 ",‚P’†κ,€–h,50 ,100 ,,,,,,,,,,
Z,13123 ,8 ,]Λμ,0 ,17 ,]Λμ‹ζ,“μ‹Ό‚T’–Ϊ‚W”Τ‚S‚U,“μ‹Ό‚T|‚W|‚P‚T,"444,000 ","424,000 ",4.7 ,126 ,,1,3,Z‘ξ,‚v,2F,,’†¬‹K–ΝZ‘ξA‹¤“―Z‘ξ“™‚ª‚Ώ•ΐ‚ΤZ‘ξ’nζ,‹ζ“Ή,“,6,,,,ƒKƒX,…“Ή,‰Ί…“Ή,‹Ό—ΥCφ‰€,,"1,500 ",‚PZ‹,€–h,60 ,300 ,,,,,,,,,,
Z,13123 ,8 ,]Λμ,0 ,18 ,]Λμ‹ζ,Ό]‚T’–Ϊ‚P‚S”Τ‚S‚U,,"382,000 ","361,000 ",5.8 ,100 ,,1,2.5,Z‘ξ,‚v,3F,,κ”ΚZ‘ξAƒAƒp[ƒg“™‚ª‘½‚­©‚η‚κ‚ιZ‘ξ’nζ,‹ζ“Ή,–k,5.5,,,,ƒKƒX,…“Ή,‰Ί…“Ή,κ”V],,830 ,‚P’†κ,€–h,60 ,200 ,,,,,,,,,,
Z,13123 ,8 ,]Λμ,0 ,19 ,]Λμ‹ζ,Ό“‡‚S’–Ϊ‚P‚P‚P‚Q”Τ‚Q,Ό“‡‚S|‚R‚S|‚P,"518,000 ","486,000 ",6.6 ,170 ,,1,1.5,Z‘ξ,‚v,2F,,κ”ΚZ‘ξ‚Μ’†‚Ι“X•ά“™‚ª©‚η‚κ‚ιZ‘ξ’nζ,‹ζ“Ή,Ό,6.3,,,,ƒKƒX,…“Ή,‰Ί…“Ή,V¬β,,700 ,‚PZ‹,€–h,60 ,300 ,,,,,,,,,,
Z,13123 ,8 ,]Λμ,0 ,20 ,]Λμ‹ζ,Ό¬β‚S’–Ϊ‚W‚X‚X”Τ‚Q,Ό¬β‚S|‚R|‚P‚T,"493,000 ","463,000 ",6.5 ,99 ,,1,1.5,Z‘ξ,‚v,2F,,κ”ΚZ‘ξAƒAƒp[ƒgA“X•ά“™‚ª¬έ‚·‚ιZ‘ξ’nζ,‹ζ“Ή,“,5.5,,,,ƒKƒX,…“Ή,‰Ί…“Ή,¬β,,630 ,‚PZ‹,€–h,60 ,300 ,,,,,,,,,,
Z,13123 ,8 ,]Λμ,0 ,21 ,]Λμ‹ζ,“μ‹Ό‚U’–Ϊ‚R‚P”Τ‚P‚R,“μ‹Ό‚U|‚R‚P|‚P‚O,"454,000 ","437,000 ",3.9 ,107 ,,1,1.2,Z‘ξ,‚v,2F,,κ”ΚZ‘ξAƒAƒp[ƒg“™‚ª‚Ώ•ΐ‚ΤZ‘ξ’nζ,‹ζ“Ή,“μ“,6,,,,ƒKƒX,…“Ή,‰Ί…“Ή,‹Ό,,"1,900 ",‚PZ‹,€–h,60 ,300 ,,,,,,,,,,
Z,13123 ,8 ,]Λμ,0 ,22 ,]Λμ‹ζ,‹»‹{’¬‚Q‚Q‚Q”Τ‚R,‹»‹{’¬‚Q‚T|‚P‚W,"337,000 ","324,000 ",4.0 ,69 ,,1,1.5,Z‘ξ,‚v,2F,,¬‹K–Νκ”ΚZ‘ξ‚ª‚Ώ•ΐ‚ΤZ‘ξ’nζ,‹ζ“Ή,“μ,6.3,,,,ƒKƒX,…“Ή,‰Ί…“Ή,¬β,,"1,700 ",‚P’†κ,€–h,60 ,150 ,,,,,,,,,,
Z,13123 ,8 ,]Λμ,0 ,23 ,]Λμ‹ζ,“μ¬β‚S’–Ϊ‚P‚P‚O‚S”Τ‚Q,“μ¬β‚S|‚V|‚Q,"393,000 ","377,000 ",4.2 ,158 ,,1.2,1,Z‘ξ,‚v,2F,,’†‹K–Νκ”ΚZ‘ξ‹y‚Ρ‹¤“―Z‘ξ‚ª©‚η‚κ‚ιZ‘ξ’nζ,‹ζ“Ή,“μΌ,4.5,,,,ƒKƒX,…“Ή,‰Ί…“Ή,¬β,,"1,400 ",‚PZ‹,€–h,60 ,200 ,,,,,,,,,,
Z,13123 ,8 ,]Λμ,0 ,24 ,]Λμ‹ζ,–{κF‚R’–Ϊ‚T‚P‚V”Τ‚RO,–{κF‚R|‚P‚X|‚S,"365,000 ","349,000 ",4.6 ,119 ,,1,1.2,Z‘ξ,‚v,2F,,κ”ΚZ‘ξ‚Μ‚Ω‚©‚ΙƒAƒp[ƒg“™‚ª©‚η‚κ‚ιZ‘ξ’nζ,‹ζ“Ή,Ό,5.7,,,,ƒKƒX,…“Ή,‰Ί…“Ή,V¬β,,"1,300 ",‚P’†κ,€–h,60 ,150 ,,,,,,,,,,
Z,13123 ,8 ,]Λμ,0 ,25 ,]Λμ‹ζ,‘D–x‚V’–Ϊ‚P‚S‚R‚V”Τ‚Q,‘D–x‚V|‚T|‚P‚V,"480,000 ","450,000 ",6.7 ,92 ,,1,2,Z‘ξ,‚v,3F,,κ”ΚZ‘ξA¬‹K–Νμ‹Ζ“™‚ª¬έ‚·‚ιZ‘ξ’nζ,‹ζ“Ή,“μ“,9.1,,,,ƒKƒX,…“Ή,‰Ί…“Ή,‘D–x,,920 ,‚P’†κ,€–h,60 ,150 ,,,,,*,13123,0 ,21 ,"459,000 ",4.6 
Z,13123 ,8 ,]Λμ,0 ,26 ,]Λμ‹ζ,“‹Ό‚S’–Ϊ‚R‚R”Τ‚S,“‹Ό‚S|‚R‚R|‚R,"457,000 ","436,000 ",4.8 ,185 ,,1,2,‹¤“―Z‘ξ,‚k‚r,3F,,κ”ΚZ‘ξA‹¤“―Z‘ξ“™‚ª‚Ώ•ΐ‚ΤZ‘ξ’nζ,‹ζ“Ή,Ό,7,,,,ƒKƒX,…“Ή,‰Ί…“Ή,‹Ό,,"1,100 ",‚PZ‹,€–h,60 ,300 ,,,,,,,,,,
Z,13123 ,8 ,]Λμ,0 ,27 ,]Λμ‹ζ,“‹Ό‚R’–Ϊ‚U‚P”ΤO,“‹Ό‚R|‚W|‚T,"391,000 ","371,000 ",5.4 ,137 ,,1,1.5,Z‘ξ,‚v,2F,,Z‘ξAƒAƒp[ƒg‚Ι›‰@“™‚ΰ©‚η‚κ‚ιZ‘ξ’nζ,‹ζ“Ή,Ό,4.5,,,,ƒKƒX,…“Ή,‰Ί…“Ή,‹Ό,,"1,200 ",‚P’†κ,€–h,60 ,150 ,,,,,,,,,,
Z,13123 ,8 ,]Λμ,0 ,28 ,]Λμ‹ζ,’†‹Ό‚W’–Ϊ‚S‚O‚P‚V”Τ‚TO,’†‹Ό‚W|‚P‚W|‚P,"452,000 ","431,000 ",4.9 ,60 ,,1.2,1,Z‘ξ,‚v,3F,,¬‹K–ΝZ‘ξ‚ª–§W‚·‚ι’n‹ζv‰ζ‹ζζ“ΰ‚ΜZ‘ξ’nζ,„“Ή,Ό,4,,,,ƒKƒX,…“Ή,‰Ί…“Ή,‹Ό,,850 ,‚PZ‹,€–h,60 ,200 ,,,,,,,,,,
Z,13123 ,8 ,]Λμ,0 ,29 ,]Λμ‹ζ,Ό‹Ό‚P’–Ϊ‚Q‚R‚V‚P”Τ‚W,Ό‹Ό‚P|‚Q|‚P‚P,"425,000 ","408,000 ",4.2 ,72 ,,1,2,Z‘ξ,‚v,2F,,¬‹K–Νκ”ΚZ‘ξAƒAƒp[ƒg“™‚ª©‚η‚κ‚ιZ‘ξ’nζ,‹ζ“Ή,–k“,4.5,,,,ƒKƒX,…“Ή,‰Ί…“Ή,Ό‹Ό,,"1,200 ",‚P’†κ,€–h,60 ,150 ,,,,,,,,,,
Z,13123 ,8 ,]Λμ,0 ,30 ,]Λμ‹ζ,’†‹Ό‚R’–Ϊ‚Q‚R”Τ‚Q‚P,’†‹Ό‚R|‚Q‚R|‚P‚X,"598,000 ","574,000 ",4.2 ,161 ,,1,3,‹¤“―Z‘ξ,‚r,3F,,‹¤“―Z‘ξ“™‚ª‚Ώ•ΐ‚Τ‹ζ‰ζ®‘R‚Ζ‚µ‚½Z‘ξ’nζ,‹ζ“Ή,“,6,,,,ƒKƒX,…“Ή,‰Ί…“Ή,‹Ό,,450 ,‚PZ‹,€–h,60 ,300 ,,,,,,,,,,
Z,13123 ,8 ,]Λμ,0 ,31 ,]Λμ‹ζ,Όκ”V]‚Q’–Ϊ‚P‚R‚Q‚X”Τ‚S,Όκ”V]‚Q|‚R|‚P‚O,"322,000 ","312,000 ",3.2 ,99 ,,1.5,1,Z‘ξ“––±,‚v,3F,,κ”ΚZ‘ξ‚π’†S‚Ι––±“™‚ΰ©‚η‚κ‚ιZ‘ξ’nζ,‹ζ“Ή,–k,11,,,,ƒKƒX,…“Ή,‰Ί…“Ή,κ”V],,"1,600 ",‚P’†κ,€–h,60 ,150 ,,,,,,,,,,
Z,13123 ,8 ,]Λμ,0 ,32 ,]Λμ‹ζ,•½δ‚Q’–Ϊ‚X‚S‚P”Τ‚S,•½δ‚Q|‚Q‚S|‚Q,"521,000 ","485,000 ",7.4 ,109 ,,1,1.5,Z‘ξ,‚v,2F,,κ”ΚZ‘ξA‹¤“―Z‘ξA“X•ά“™‚ª¬έ‚·‚ιZ‘ξ’nζ,‹ζ“Ή,“μΌ,5.5,,,,ƒKƒX,…“Ή,‰Ί…“Ή,•½δ,,500 ,‚PZ‹,€–h,60 ,300 ,,,,,,,,,,
Z,13123 ,8 ,]Λμ,0 ,33 ,]Λμ‹ζ,“μΒθ’¬‚P’–Ϊ‚R‚U‚R”Τ‚P‚R,“μΒθ’¬‚P|‚U|‚P‚W,"435,000 ","410,000 ",6.1 ,76 ,,1,2,Z‘ξ,‚v,3F,,κ”ΚZ‘ξAƒAƒp[ƒg“™‚ª‚Ώ•ΐ‚ΤZ‘ξ’nζ,‹ζ“Ή,“μ“,8,,,,ƒKƒX,…“Ή,‰Ί…“Ή,],,750 ,‚P’†κ,€–h,60 ,150 ,,,,,,,,,,
Z,13123 ,8 ,]Λμ,0 ,34 ,]Λμ‹ζ,•½δ‚U’–Ϊ‚U‚X”Τ‚U,•½δ‚U|‚U‚X|‚X,"463,000 ","427,000 ",8.4 ,98 ,,1,1.5,Z‘ξ,‚v,2F,,κ”ΚZ‘ξAƒAƒp[ƒg“™‚ª‚Ώ•ΐ‚ΤZ‘ξ’nζ,‹ζ“Ή,“μ“,6,,,,ƒKƒX,…“Ή,‰Ί…“Ή,•½δ,,750 ,‚PZ‹,€–h,60 ,300 ,,,,,,,,,,
Z,13123 ,8 ,]Λμ,0 ,35 ,]Λμ‹ζ,Βθ’¬‚P’–Ϊ‚R‚T‚Q”Τ‚P,Βθ’¬‚P|‚S|‚P‚R,"443,000 ","419,000 ",5.7 ,84 ,,1,2,Z‘ξ,‚v,2F,,κ”ΚZ‘ξ‚Μ’†‚Ι¬‹K–Ν“X•ά“™‚ΰ©‚η‚κ‚ιZ‘ξ’nζ,‹ζ“Ή,–k,8,,,,ƒKƒX,…“Ή,‰Ί…“Ή,Βθ,,520 ,‚P’†κ,€–h,60 ,150 ,,,,,,,,,,
Z,13123 ,8 ,]Λμ,0 ,36 ,]Λμ‹ζ,t]’¬‚Q’–Ϊ‚P‚Q‚S”Τ‚Q‚U,t]’¬‚Q|‚Q‚S|‚P‚S,"388,000 ","370,000 ",4.9 ,101 ,,1,2,Z‘ξ,‚v,2F,,κ”ΚZ‘ξ‚Μ‚Ω‚©AƒAƒp[ƒg“™‚ΰ©‚η‚κ‚ιZ‘ξ’nζ,‹ζ“Ή,“μΌ,6,,,,ƒKƒX,…“Ή,‰Ί…“Ή,],,"1,300 ",‚PZ‹,€–h,60 ,300 ,,,,,,,,,,
Z,13123 ,8 ,]Λμ,0 ,37 ,]Λμ‹ζ,“¬Όμ‚Q’–Ϊ‚S‚R‚Q‚V”Τ‚S,“¬Όμ‚Q|‚P‚R|‚P‚O,"334,000 ","323,000 ",3.4 ,99 ,,1,1.2,Z‘ξ,‚v,2F,,’†¬‹K–ΝZ‘ξAƒAƒp[ƒg“™‚ª©‚η‚κ‚ιZ‘ξ’nζ,‹ζ“Ή,–kΌ,5.2,,,,ƒKƒX,…“Ή,‰Ί…“Ή,‘D–x,,"1,700 ",‚PZ‹,€–h,60 ,300 ,,,,,*,13123,0 ,20 ,"327,000 ",2.1 
Z,13123 ,8 ,]Λμ,0 ,38 ,]Λμ‹ζ,“¬β‚P’–Ϊ‚T‚O‚U”Τ‚R‚W,“¬β‚P|‚T|‚P‚P,"339,000 ","327,000 ",3.7 ,174 ,,1,2,Z‘ξ,‚v,2F,,κ”ΚZ‘ξ‚Μ’†‚ΙƒAƒp[ƒg“™‚ª©‚η‚κ‚ιZ‘ξ’nζ,‹ζ“Ή,–k“,5.8,,,,ƒKƒX,…“Ή,‰Ί…“Ή,¬β,,"1,800 ",‚PZ‹,€–h,60 ,200 ,,,,,,,,,,
Z,13123 ,8 ,]Λμ,0 ,39 ,]Λμ‹ζ,“‹Ό‚U’–Ϊ‚Q‚R”Τ‚R,“‹Ό‚U|‚Q‚R|‚R,"564,000 ","534,000 ",5.6 ,166 ,‘δ`,1,2,Z‘ξ,‚v,2F,,‹¤“―Z‘ξ‚π’†S‚ΙΛZ‘ξ‚ΰ©‚η‚κ‚ιZ‘ξ’nζ,‹ζ“Ή,–kΌ,7,,,,ƒKƒX,…“Ή,‰Ί…“Ή,‹Ό,,480 ,‚PZ‹,€–h,60 ,300 ,,,,,,,,,,
Z,13123 ,8 ,]Λμ,0 ,40 ,]Λμ‹ζ,’†‹Ό‚T’–Ϊ‚U”Τ‚Q‚S,’†‹Ό‚T|‚U|‚P‚R,"585,000 ","561,000 ",4.3 ,151 ,,1,2.5,Z‘ξ,‚v,2F,,’†¬‹K–Νκ”ΚZ‘ξA‹¤“―Z‘ξ‚ª©‚η‚κ‚ιZ‘ξ’nζ,‹ζ“Ή,“μ,6,,,,ƒKƒX,…“Ή,‰Ί…“Ή,Ό‹Ό,,800 ,‚PZ‹,€–h,60 ,300 ,,,,,*,13123,0 ,13 ,"574,000 ",1.9 
Z,13123 ,8 ,]Λμ,0 ,41 ,]Λμ‹ζ,Βθ’¬‚T’–Ϊ‚W‚W”Τ‚T‚V,Βθ’¬‚T|‚X|‚S,"398,000 ","375,000 ",6.1 ,165 ,,1,1.5,Z‘ξ,‚k‚r,2F,,κ”ΚZ‘ξ‚Μ‚Ω‚©A•ƒ{έ“™‚ΰ©‚η‚κ‚ιZ‘ξ’nζ,‹ζ“Ή,Ό,8,,,,ƒKƒX,…“Ή,‰Ί…“Ή,Βθ,,630 ,‚P’†κ,€–h,60 ,150 ,,,,,,,,,,
Z,13123 ,8 ,]Λμ,0 ,42 ,]Λμ‹ζ,“μ‹Ό‚P’–Ϊ‚X”Τ‚P,“μ‹Ό‚P|‚X|‚P,"568,000 ","523,000 ",8.6 ,"1,593 ",‘δ`,1.2,1,‹¤“―Z‘ξ,‚r‚q‚b,9F,,‹¤“―Z‘ξAκ”ΚZ‘ξA’“Τκ‚ª©‚η‚κ‚ιZ‘ξ’nζ,‹ζ“Ή,“μ,12,,‘¤“Ή,Ό,ƒKƒX,…“Ή,‰Ί…“Ή,‹Ό,,"1,100 ",‚PZ‹,€–h,60 ,300 ,,,,,,,,,,
Z,13123 ,8 ,]Λμ,0 ,43 ,]Λμ‹ζ,“]‚Q’–Ϊ‚S‚T”Τ‚Q,“]‚Q|‚S|‚P‚S,"372,000 ","355,000 ",4.8 ,191 ,,1,1.5,Z‘ξ,‚v,2F,,Z‘ξAƒAƒp[ƒg‚Μ‚Ω‚©“X•ά‚ΰ©‚η‚κ‚ιZ‘ξ’nζ,‹ζ“Ή,–kΌ,5.5,,,,ƒKƒX,…“Ή,‰Ί…“Ή,],,"1,000 ",‚PZ‹,€–h,60 ,200 ,,,,,,,,,,
Z,13123 ,8 ,]Λμ,0 ,44 ,]Λμ‹ζ,κ”V]‚V’–Ϊ‚V”Τ‚S‚W,κ”V]‚V|‚R‚Q|‚Q‚X,"481,000 ","449,000 ",7.1 ,94 ,‘δ`,1,1,Z‘ξ,‚r,3F,,κ”ΚZ‘ξAƒAƒp[ƒg“™‚ª‘½‚­©‚η‚κ‚ιZ‘ξ’nζ,‹ζ“Ή,“μ,6.3,,,,ƒKƒX,…“Ή,‰Ί…“Ή,κ”V],,350 ,‚PZ‹,€–h,60 ,200 ,,,,,,,,,,
Z,13123 ,8 ,]Λμ,0 ,45 ,]Λμ‹ζ,]Λμ‚U’–Ϊ‚V”Τ‚R‚P,,"389,000 ","365,000 ",6.6 ,165 ,‘δ`,1,1.2,Z‘ξ,‚k‚r,2F,,’†‹K–Νκ”ΚZ‘ξ‚ª‘½‚ΆΥΓ‚ΘZ‘ξ’nζ,‹ζ“Ή,“μ“,6,,,,ƒKƒX,…“Ή,‰Ί…“Ή,κ”V],,"1,200 ",‚P’†κ,€–h,60 ,150 ,,,,,,,,,,
Z,13123 ,8 ,]Λμ,0 ,46 ,]Λμ‹ζ,Ό]‚R’–Ϊ‚S‚Q‚Q‚R”Τ,Ό]‚R|‚Q|‚R,"487,000 ","447,000 ",8.9 ,326 ,,1,1,‹¤“―Z‘ξ,‚q‚b,10F,,‹¤“―Z‘ξ‚ª‘½‚Ά’†‚Ι“X•ά“Z‘ξ“™‚ΰ©‚η‚κ‚ι’nζ,“s“Ή,Ό,18.3,,,,ƒKƒX,…“Ή,‰Ί…“Ή,‘D–x,,"1,000 ",‹ί¤,–h‰Ξ,80 ,400 ,,,,,,,,,,
Z,13123 ,8 ,]Λμ,0 ,47 ,]Λμ‹ζ,Ό“‡‚Q’–Ϊ‚T‚T‚T”Τ‚P,Ό“‡‚Q|‚Q‚U|‚P‚R,"416,000 ","390,000 ",6.7 ,78 ,,1,1.2,Z‘ξ,‚v,2F,,κ”ΚZ‘ξ‚Μ’†‚ΙƒAƒp[ƒg“™‚ª©‚η‚κ‚ιZ‘ξ’nζ,‹ζ“Ή,“,5.8,,,,ƒKƒX,…“Ή,‰Ί…“Ή,V¬β,,"1,300 ",‚PZ‹,€–h,60 ,200 ,,,,,,,,,,
Z,13123 ,8 ,]Λμ,0 ,48 ,]Λμ‹ζ,•½δ‚S’–Ϊ‚Q‚S”Τ,•½δ‚S|‚Q‚X|‚P‚U,"520,000 ","473,000 ",9.9 ,"1,249 ",,1,1.5,‹¤“―Z‘ξ,‚q‚b,7F,,’†‚‘wƒ}ƒ“ƒVƒ‡ƒ“‚ª‘½‚­©‚η‚κ‚ιZ‘ξ’nζ,‹ζ“Ή,“μ“,6,,‘¤“Ή,–k“,ƒKƒX,…“Ή,‰Ί…“Ή,•½δ,,830 ,€H,€–h,60 ,200 ,,,,,,,,,,
Z,13123 ,8 ,]Λμ,0 ,49 ,]Λμ‹ζ,“Ό–{‚Q’–Ϊ‚W‚O‚V”Τ‚Q,“Ό–{‚Q|‚T|‚V,"311,000 ","300,000 ",3.7 ,118 ,,1,2,Z‘ξ,‚v,2F,,κ”ΚZ‘ξAƒAƒp[ƒg‚Μ‚Ω‚©‹σ’n‚ΰ‚ ‚ιZ‘ξ’nζ,‹ζ“Ή,–k,5.4,,,,ƒKƒX,…“Ή,‰Ί…“Ή,¬β,,"2,000 ",‚P’†κ,€–h,60 ,150 ,,,,,,,,,,
Z,13123 ,8 ,]Λμ,0 ,50 ,]Λμ‹ζ,“¬Όμ‚S’–Ϊ‚U‚O‚S‚U”Τ‚W,“¬Όμ‚S|‚P‚P|‚Q‚S,"411,000 ","387,000 ",6.2 ,109 ,,1,2.5,Z‘ξ,‚v,3F,,’†¬‹K–Νκ”ΚZ‘ξAƒAƒp[ƒg‚ª©‚η‚κ‚ιZ‘ξ’nζ,‹ζ“Ή,“μ,9,,,,ƒKƒX,…“Ή,‰Ί…“Ή,‘D–x,,960 ,‚PZ‹,€–h,60 ,200 ,,,,,,,,,,
Z,13123 ,8 ,]Λμ,0 ,51 ,]Λμ‹ζ,Ό]‚P’–Ϊ‚Q‚T‚Q‚T”Τ‚PO,Ό]‚P|‚X|‚Q,"332,000 ","321,000 ",3.4 ,198 ,,1,2,‹¤“―Z‘ξ,‚r,3F,,κ”ΚZ‘ξA‹¤“―Z‘ξ‚Ι–‹Ζ‚ª¬έ‚·‚ιZ‘ξ’nζ,‹ζ“Ή,Ό,6.4,,,,ƒKƒX,…“Ή,‰Ί…“Ή,V¬β,,"2,000 ",€H,€–h,60 ,300 ,,,,,,,,,,
Z,13123 ,8 ,]Λμ,0 ,52 ,]Λμ‹ζ,Ό‹Ό‚V’–Ϊ‚Q‚R”Τ‚P‚S,Ό‹Ό‚V|‚Q‚R|‚P‚S,"595,000 ","547,000 ",8.8 ,437 ,,1,1.5,‹¤“―Z‘ξ,‚r,3F,,ƒ}ƒ“ƒVƒ‡ƒ“A“X•άA’“Τκ“™‚ª¬έ‚·‚ιZ‘ξ’nζ,‹ζ“Ή,“,30,,,,ƒKƒX,…“Ή,‰Ί…“Ή,Ό‹Ό,,850 ,‚PZ‹,€–h,60 ,300 ,,,,,,,,,,
Z,13123 ,8 ,]Λμ,0 ,53 ,]Λμ‹ζ,“μ¬β‚T’–Ϊ‚P‚U‚S‚O”Τ‚P‚S,“μ¬β‚T|‚V|‚T,"477,000 ","446,000 ",7.0 ,107 ,,1.2,1,Z‘ξ,‚v,2F,,κ”ΚZ‘ξ‚Μ’†‚ΙƒAƒp[ƒg“™‚ΰ©‚η‚κ‚ιZ‘ξ’nζ,‹ζ“Ή,Ό,16.3,,,,ƒKƒX,…“Ή,‰Ί…“Ή,¬β,,930 ,‚PZ‹,€–h,60 ,200 ,,,,,,,,,,
Z,13123 ,8 ,]Λμ,0 ,54 ,]Λμ‹ζ,­‚S’–Ϊ‚P‚S‚S”Τ,­‚S|‚V|‚P‚R,"312,000 ","300,000 ",4.0 ,132 ,,1.5,1,Z‘ξ,‚v,2F,,κ”ΚZ‘ξ‚Μ‚Ω‚©‚ΙƒAƒp[ƒg“™‚ª©‚η‚κ‚ιZ‘ξ’nζ,‹ζ“Ή,“,8.6,,,,ƒKƒX,…“Ή,‰Ί…“Ή,Βθ,,"1,800 ",‚P’†κ,€–h,60 ,150 ,,,,,,,,,,
Z,13123 ,8 ,]Λμ,0 ,55 ,]Λμ‹ζ,]Λμ‚R’–Ϊ‚T‚Q”Τ‚P‚V,,"360,000 ","342,000 ",5.3 ,79 ,,1,1.5,Z‘ξ,‚v,2F,,κ”ΚZ‘ξAƒAƒp[ƒg“™‚ª©‚η‚κ‚ιZ‘ξ’nζ,‹ζ“Ή,–k“,4.5,,,,ƒKƒX,…“Ή,‰Ί…“Ή,κ”V],,840 ,‚PZ‹,€–h,60 ,200 ,,,,,,,,,,
,13123 ,8 ,]Λμ,0 ,56 ,]Λμ‹ζ,“‹Ό‚T’–Ϊ‚P‚U‚O‚Q”Τ‚P,“‹Ό‚T|‚P‚U|‚P‚Q,"566,000 ",,,154 ,,1,2,Z‘ξ,‚v,2F,,κ”ΚZ‘ξA‹¤“―Z‘ξ“™‚ª‚Ώ•ΐ‚ΤZ‘ξ’nζ,‹ζ“Ή,“,6,,,,ƒKƒX,…“Ή,‰Ί…“Ή,‹Ό,,460 ,‚PZ‹,€–h,60 ,200 ,,,,,,,,,,
Z,13123 ,8 ,]Λμ,0 ,57 ,]Λμ‹ζ,Όκ”V]‚R’–Ϊ‚X‚R‚Q”Τ‚Q‚S,Όκ”V]‚R|‚R‚T|‚X,"388,000 ","369,000 ",5.1 ,87 ,,1,2,Z‘ξ,‚v,3F,,κ”ΚZ‘ξ‚Μ’†‚ΙƒAƒp[ƒg“™‚ª©‚η‚κ‚ιZ‘ξ’nζ,‹ζ“Ή,–k“,8.5,,,,ƒKƒX,…“Ή,‰Ί…“Ή,κ”V],,"1,100 ",‚PZ‹,€–h,60 ,200 ,,,,,,,,,,
Z,13123 ,8 ,]Λμ,0 ,58 ,]Λμ‹ζ,“‹Ό‚W’–Ϊ‚R‚S”Τ‚T,“‹Ό‚W|‚R‚S|‚U,"457,000 ","438,000 ",4.3 ,122 ,,1,2,Z‘ξ,‚v,2F,,κ”ΚZ‘ξ“™‚ª‚Ώ•ΐ‚Τ‹ζ‰ζ®‘R‚Ζ‚µ‚½Z‘ξ’nζ,‹ζ“Ή,–k“,6,,,,ƒKƒX,…“Ή,‰Ί…“Ή,‹Ό,,"1,400 ",‚Q’†κ,€–h,60 ,200 ,,,,,,,,,,
Z,13123 ,8 ,]Λμ,0 ,59 ,]Λμ‹ζ,]Λμ‚Q’–Ϊ‚Q”Τ‚P‚VO,]Λμ‚Q|‚P‚P|‚Q‚S,"404,000 ","383,000 ",5.5 ,82 ,,1,1,Z‘ξ,‚r,3F,,¬‹K–ΝZ‘ξ‚Μ’†‚ΙƒAƒp[ƒg“™‚ª©‚η‚κ‚ιZ‘ξ’nζ,‹ζ“Ή,“μ“,3.5,,,,ƒKƒX,…“Ή,‰Ί…“Ή,],,800 ,‚P’†κ,€–h,60 ,200 ,,,,,,,,,,
Z,13123 ,8 ,]Λμ,0 ,60 ,]Λμ‹ζ,‘ε™‚S’–Ϊ‚R‚R”Τ‚Q,‘ε™‚S|‚Q‚O|‚S,"295,000 ","286,000 ",3.1 ,90 ,,1.2,1,Z‘ξ,‚v,2F,,Z‘ξAƒAƒp[ƒgAμ‹Ζ“™‚ª¬έ‚·‚ιZ‘ξ’nζ,‹ζ“Ή,Ό,6.5,,,,ƒKƒX,…“Ή,‰Ί…“Ή,Βθ,,"2,300 ",‚P’†κ,€–h,60 ,150 ,,,,,,,,,,
,13123 ,8 ,]Λμ,0 ,61 ,]Λμ‹ζ,“¬β‚T’–Ϊ‚Q‚V‚S‚V”Τ‚R,“¬β‚T|‚Q‚V|‚Q,"494,000 ",,,107 ,,1,1.2,Z‘ξ,‚k‚r,2F,,κ”ΚZ‘ξ‚Μ‚Ω‚©‚Ι‹¤“―Z‘ξ“™‚ª©‚η‚κ‚ιZ‘ξ’nζ,‹ζ“Ή,Ό,7.2,,,,ƒKƒX,…“Ή,‰Ί…“Ή,¬β,,920 ,‚PZ‹,€–h,60 ,200 ,,,,,,,,,,
Z,13123 ,8 ,]Λμ,0 ,62 ,]Λμ‹ζ,“¬β‚S’–Ϊ‚R‚S‚R‚Q”Τ‚Q,“¬β‚S|‚Q‚T|‚V,"388,000 ","364,000 ",6.6 ,155 ,,1,1.2,Z‘ξ,‚v,2F,,κ”ΚZ‘ξ‚Μ’†‚ΙƒAƒp[ƒg“™‚ª©‚η‚κ‚ιZ‘ξ’nζ,‹ζ“Ή,–k,4,,,,ƒKƒX,…“Ή,‰Ί…“Ή,¬β,,"1,200 ",‚PZ‹,€–h,60 ,200 ,,,,,,,,,,
Z,13123 ,8 ,]Λμ,0 ,63 ,]Λμ‹ζ,’†‹Ό‚V’–Ϊ‚Q‚R”Τ‚P‚T,’†‹Ό‚V|‚Q‚R|‚P‚R,"519,000 ","497,000 ",4.4 ,136 ,,1,1.5,‹¤“―Z‘ξ,‚r,3F,,κ”ΚZ‘ξAƒAƒp[ƒg“™‚ª©‚η‚κ‚ιZ‘ξ’nζ,‹ζ“Ή,“,6,,,,ƒKƒX,…“Ή,‰Ί…“Ή,‹Ό,,860 ,‚PZ‹,€–h,60 ,300 ,,,,,,,,,,
Z,13123 ,8 ,]Λμ,0 ,64 ,]Λμ‹ζ,γΒθ‚P’–Ϊ‚P‚S‚W”Τ,γΒθ‚P|‚S|‚S,"356,000 ","337,000 ",5.6 ,99 ,,1,2.5,Z‘ξ,‚v,2F,,κ”ΚZ‘ξ‚π’†S‚ΙƒAƒp[ƒg“™‚ΰ©‚η‚κ‚ιZ‘ξ’nζ,‹ζ“Ή,Ό,6,,,,ƒKƒX,…“Ή,‰Ί…“Ή,Βθ,,"1,100 ",‚P’†κ,€–h,60 ,150 ,,,,,,,,,,
Z,13123 ,8 ,]Λμ,0 ,65 ,]Λμ‹ζ,–{κF‚P’–Ϊ‚T”Τ‚Q‚PO,–{κF‚P|‚Q|‚X,"385,000 ","365,000 ",5.5 ,198 ,‘δ`,1,1,Z‘ξ,‚v,2F,,κ”ΚZ‘ξAƒAƒp[ƒg“™‚ª‚Ώ•ΐ‚ΤZ‘ξ’nζ,‹ζ“Ή,Ό,4,,,,ƒKƒX,…“Ή,‰Ί…“Ή,V¬β,,"1,100 ",‚PZ‹,€–h,60 ,200 ,,,,,,,,,,
Z,13123 ,8 ,]Λμ,0 ,66 ,]Λμ‹ζ,‰ΊΒθ’¬‚R‚P‚V”Τ‚P‚X,‰ΊΒθ’¬‚P‚X|‚Q‚P,"308,000 ","296,000 ",4.1 ,70 ,,1,2,Z‘ξ,‚v,2F,,κ”ΚZ‘ξAƒAƒp[ƒg‚Μ‚Ω‚©‹σ’n‚ΰ‚ ‚ιZ‘ξ’nζ,‹ζ“Ή,“,6,,,,ƒKƒX,…“Ή,‰Ί…“Ή,Βθ,,"1,400 ",‚PZ‹,€–h,60 ,200 ,,,,,,,,,,
Z,13123 ,8 ,]Λμ,0 ,68 ,]Λμ‹ζ,Ό‹Ό‚R’–Ϊ‚P‚O”Τ‚T,Ό‹Ό‚R|‚P‚O|‚V,"635,000 ","586,000 ",8.4 ,736 ,,1,1,‹¤“―Z‘ξ,‚q‚b,6F,,ƒ}ƒ“ƒVƒ‡ƒ“Aκ”ΚZ‘ξA“X•ά‚ª¬έ‚·‚ιZ‘ξ’nζ,‹ζ“Ή,–kΌ,6,,,,ƒKƒX,…“Ή,‰Ί…“Ή,Ό‹Ό,,580 ,€H,€–h,60 ,300 ,,,,,,,,,,
Z,13123 ,8 ,]Λμ,0 ,69 ,]Λμ‹ζ,•½δ‚V’–Ϊ‚P‚W‚W‚X”Τ‚V,•½δ‚V|‚P‚Q|‚R,"415,000 ","389,000 ",6.7 ,127 ,,1,1.5,Z‘ξ,‚v,2F,,κ”ΚZ‘ξAƒAƒp[ƒgAHκ“™‚ª¬έ‚·‚ιZ‘ξ’nζ,‹ζ“Ή,“μ,11,,,,ƒKƒX,…“Ή,‰Ί…“Ή,•½δ,,"1,200 ",€H,€–h,60 ,200 ,,,,,,,,,,
Z,13123 ,8 ,]Λμ,0 ,70 ,]Λμ‹ζ,‘D–x‚T’–Ϊ‚P‚R‚Q‚V”Τ,‘D–x‚T|‚P‚O|‚P‚T,"457,000 ","431,000 ",6.0 ,561 ,,1,1.5,‹¤“―Z‘ξ,‚k‚r,3F,,‹¤“―Z‘ξAκ”ΚZ‘ξ‚Ζμ‹Ζ‚ª¬έ‚·‚ιZ‘ξ’nζ,‹ζ“Ή,“μ“,6.3,,,,ƒKƒX,…“Ή,‰Ί…“Ή,‘D–x,,850 ,€H,€–h,60 ,200 ,,,,,,,,,,
Z,13123 ,8 ,]Λμ,0 ,71 ,]Λμ‹ζ,Βθ’¬‚Q’–Ϊ‚S‚R‚X”Τ‚P‚P,Βθ’¬‚Q|‚T‚R|‚Q‚O,"471,000 ","444,000 ",6.1 ,100 ,,1.5,1,Z‘ξ,‚k‚r,3F,,κ”ΚZ‘ξ“™‚ª‚Ώ•ΐ‚Τ‹ζ‰ζ®‘R‚Ζ‚µ‚½Z‘ξ’nζ,‹ζ“Ή,“μ“,5,,,,ƒKƒX,…“Ή,‰Ί…“Ή,Βθ,,470 ,‚PZ‹,€–h,60 ,300 ,,,,,,,,,,
Z,13123 ,8 ,]Λμ,5 ,1 ,]Λμ‹ζ,Ό¬β‚P’–Ϊ‚P‚X‚R‚O”Τ‚P,Ό¬β‚P|‚Q‚R|‚P‚R,"2,000,000 ","1,800,000 ",11.1 ,495 ,,1,2.5,“X•άA––±“‹¤“―Z‘ξ,‚r‚q‚b,8F,1B,‘ε^A¬^“X•άA‹βs‚ª‚Ώ•ΐ‚Τ‰w‘O‚Μ¤‹Ζ’nζ,‹ζ“Ή,–k“,9.1,,,,ƒKƒX,…“Ή,‰Ί…“Ή,¬β,,80 ,¤‹Ζ,–h‰Ξ,80 ,600 ,,,,,,,,,,
Z,13123 ,8 ,]Λμ,5 ,2 ,]Λμ‹ζ,‘D–x‚V’–Ϊ‚P‚S‚U‚X”Τ‚R,‘D–x‚V|‚V|‚X,"490,000 ","459,000 ",6.8 ,148 ,,1,2,“X•ά“Z‘ξ,‚k‚r,2F,,“X•άA“X•ά•Ή—pZ‘ξ“™‚ª©‚η‚κ‚ι¤‹Ζ’nζ,‹ζ“Ή,–k“,11.4,,,,ƒKƒX,…“Ή,‰Ί…“Ή,‘D–x,,950 ,‹ί¤,€–h,80 ,300 ,,,,,,,,,,
Z,13123 ,8 ,]Λμ,5 ,3 ,]Λμ‹ζ,Ό‹Ό‚U’–Ϊ‚P‚T”Τ‚Q‚WO,Ό‹Ό‚U|‚P‚T|‚Q,"2,180,000 ","2,010,000 ",8.5 ,118 ,,1,1.5,“X•άA––±“f—Γ,‚q‚b,6F,1B,’†‚‘wƒrƒ‹‚ª‚Ώ•ΐ‚Τ‰w‘OLκ‚Ι–Κ‚µ‚½¤‹Ζ’nζ,‹ζ“Ή,Ό,0,‰w‘OLκ,,,ƒKƒX,…“Ή,‰Ί…“Ή,Ό‹Ό,‰w‘OLκΪ–Κ,0 ,¤‹Ζ,–h‰Ξ,80 ,500 ,,,,,*,13123,5 ,3 ,"2,090,000 ",4.3 
Z,13123 ,8 ,]Λμ,5 ,4 ,]Λμ‹ζ,κ”V]‚R’–Ϊ‚R‚V”Τ‚Q,κ”V]‚R|‚Q|‚R‚V,"582,000 ","542,000 ",7.4 ,197 ,‘δ`,1,1.5,“X•ά“‹¤“―Z‘ξ,‚r,4F,,’†‘w‚Μ“X•ά“‹¤“―Z‘ξ“™‚ª‚Ώ•ΐ‚Τ‰w‘O¤‹Ζ’nζ,‹ζ“Ή,“μΌ,11.8,,”w–Κ“Ή,,ƒKƒX,…“Ή,‰Ί…“Ή,κ”V],,110 ,‹ί¤,€–h,80 ,300 ,,,,,,,,,,
Z,13123 ,8 ,]Λμ,5 ,5 ,]Λμ‹ζ,“μ¬β‚V’–Ϊ‚P‚W‚T‚W”Τ‚Q,“μ¬β‚V|‚P‚V|‚P,"867,000 ","810,000 ",7.0 ,76 ,,1.5,1,“X•ά“Z‘ξ,‚r,3F,,¬”„“X•ά‚ª‚Ώ•ΐ‚Τ‰w‘O’Κ‚θ‚Μ¤‹Ζ’nζ,‹ζ“Ή,Ό,15,,,,ƒKƒX,…“Ή,‰Ί…“Ή,¬β,,370 ,¤‹Ζ,–h‰Ξ,80 ,400 ,,,,,*,13123,5 ,4 ,"834,000 ",4.0 
Z,13123 ,8 ,]Λμ,5 ,6 ,]Λμ‹ζ,’†‰›‚Q’–Ϊ‚P‚O‚W‚T”Τ‚S,’†‰›‚Q|‚P‚T|‚P‚Q,"406,000 ","390,000 ",4.1 ,69 ,,1,2,“X•ά“‹¤“―Z‘ξ,‚r,3F,,¬‹K–Ν‚Μ“X•ά•Ή—pZ‘ξ“™‚ª‚Ώ•ΐ‚Τ‹ί—Χ¤‹Ζ’nζ,‹ζ“Ή,“,10.9,,,,ƒKƒX,…“Ή,‰Ί…“Ή,V¬β,,"2,200 ",‹ί¤,€–h,80 ,300 ,,,,,*,13123,5 ,8 ,"393,000 ",3.3 
Z,13123 ,8 ,]Λμ,5 ,7 ,]Λμ‹ζ,–k¬β‚P’–Ϊ‚U‚O‚P”Τ‚T,–k¬β‚P|‚P‚T|‚T,"500,000 ","460,000 ",8.7 ,255 ,,1,1.5,––±,‚r,5F,,ƒ}ƒ“ƒVƒ‡ƒ“A–‹Ζ“™‚ª¬έ‚·‚ιHό¤‹Ζ’nζ,“s“Ή,–k“,25,,,,ƒKƒX,…“Ή,‰Ί…“Ή,]Λμ,,600 ,‹ί¤,–h‰Ξ,80 ,400 ,,,,,,,,,,
Z,13123 ,8 ,]Λμ,5 ,8 ,]Λμ‹ζ,‘D–x‚Q’–Ϊ‚T‚U‚U”Τ,‘D–x‚Q|‚Q‚R|‚P‚W,"1,030,000 ","925,000 ",11.4 ,631 ,,1.5,1,“X•ά“‹¤“―Z‘ξ,‚q‚b,6F,,’†‚‘w“X•άA––±“‹¤“―Z‘ξ‚ª‘½‚Ά¤‹Ζ’nζ,“s“Ή,“μ“,30,,‘¤“Ή,“μΌ,ƒKƒX,…“Ή,‰Ί…“Ή,‘D–x,,130 ,¤‹Ζ,–h‰Ξ,80 ,500 ,,,,,,,,,,
Z,13123 ,8 ,]Λμ,5 ,9 ,]Λμ‹ζ,Βθ’¬‚V’–Ϊ‚S‚Q‚V”Τ‚X,Βθ’¬‚V|‚Q‚V|‚W,"835,000 ","752,000 ",11.0 ,99 ,,1,1,“X•ά“––±,‚r,7F,,“X•άƒrƒ‹A‚‘wZ‘ξ“™‚ª¬έ‚·‚ι‰w‘O¤‹Ζ’nζ,‹ζ“Ή,–k,14,,,,ƒKƒX,…“Ή,‰Ί…“Ή,Βθ,‹ίΪ,0 ,¤‹Ζ,–h‰Ξ,80 ,400 ,,,,,,,,,,
Z,13123 ,8 ,]Λμ,5 ,10 ,]Λμ‹ζ,“‹Ό‚U’–Ϊ‚Q”Τ‚P‚QO,“‹Ό‚U|‚Q|‚P‚P,"1,070,000 ","965,000 ",10.9 ,361 ,,1,1.5,“X•ά“‹¤“―Z‘ξ,‚q‚b,7F,,“X•ά“ƒ}ƒ“ƒVƒ‡ƒ““™‚ª‚Ώ•ΐ‚Τ‰wό•Σ‚Μ¤‹Ζ’nζ,‹ζ“Ή,“,12,,,,ƒKƒX,…“Ή,‰Ί…“Ή,‹Ό,,210 ,¤‹Ζ,–h‰Ξ,80 ,500 ,,,,,,,,,,
Z,13123 ,8 ,]Λμ,5 ,11 ,]Λμ‹ζ,“¬β‚U’–Ϊ‚Q‚U‚V‚U”Τ‚T,“¬β‚U|‚W|‚P‚R,"513,000 ","477,000 ",7.5 ,163 ,,1,2,“X•άA––±“‹¤“―Z‘ξ,‚q‚b,6F,,’†‘w‚Μ¬”„“X•άƒrƒ‹“™‚ª‚Ώ•ΐ‚Τ‹ί—Χ¤‹Ζ’nζ,‹ζ“Ή,“μ,9,,,,ƒKƒX,…“Ή,‰Ί…“Ή,¬β,,500 ,‹ί¤,–h‰Ξ,80 ,400 ,,,,,,,,,,
Z,13123 ,8 ,]Λμ,5 ,12 ,]Λμ‹ζ,•½δ‚T’–Ϊ‚P‚T”Τ‚P‚O,•½δ‚T|‚P‚T|‚V,"1,480,000 ","1,320,000 ",12.1 ,69 ,,1,3,“X•ά“Z‘ξ,‚r,5F,,’†‘w‚ΜωH“XA¬”„“X•ά“™‚ª‘½‚Ά‰w‘O‚Μ¤‹Ζ’nζ,‹ζ“Ή,–k“,0,‰w‘OLκ,,,ƒKƒX,…“Ή,‰Ί…“Ή,•½δ,‰w‘OLκΪ–Κ,0 ,¤‹Ζ,–h‰Ξ,80 ,500 ,,,,,,,,,,
Z,13123 ,8 ,]Λμ,5 ,13 ,]Λμ‹ζ,Ό]‚T’–Ϊ‚P‚P‚S‚S”Τ‚P,Ό]‚T|‚Q‚O|‚Q‚Q,"650,000 ","565,000 ",15.0 ,346 ,,1,1.5,––±“‹¤“―Z‘ξ,‚q‚b,5F,,’†‘w––±“‹¤“―Z‘ξ“™‚ª‚Ώ•ΐ‚ΤHό¤‹Ζ’nζ,“s“Ή,“μΌ,25,,,,,…“Ή,‰Ί…“Ή,‘D–x,,590 ,‹ί¤,–h‰Ξ,80 ,400 ,,,,,,,,,,
Z,13123 ,8 ,]Λμ,5 ,14 ,]Λμ‹ζ,‘ε™‚S’–Ϊ‚X‚U‚P”Τ‚RO,,"371,000 ","352,000 ",5.4 ,465 ,,3,1,‹σ’n,,,,’α‘w‚Μ¬”„“X•ά“™‚ª‚Ώ•ΐ‚ΤHό¤‹Ζ’nζ,“s“Ή,Ό,35,,,,ƒKƒX,…“Ή,‰Ί…“Ή,κ”V],,"2,400 ",€H,–h‰Ξ,60 ,400 ,,,,,,,,,,
Z,13123 ,8 ,]Λμ,5 ,15 ,]Λμ‹ζ,­‚R’–Ϊ‚Q‚T‚R”Τ‚QO,­‚R|‚P‚V|‚P‚P,"362,000 ","344,000 ",5.2 ,188 ,,1,1.5,––±A“X•ά“Z‘ξ,‚r,3F,,“X•άAƒAƒp[ƒg“™‚ª¬έ‚·‚ιHό¤‹Ζ’nζ,“s“Ή,–k“,15,,,,ƒKƒX,…“Ή,‰Ί…“Ή,Βθ,,"1,700 ",€H,€–h,60 ,300 ,,,,,,,,,,
Z,13123 ,8 ,]Λμ,5 ,16 ,]Λμ‹ζ,Βθ’¬‚U’–Ϊ‚T‚O”Τ‚RO,Βθ’¬‚U|‚R|‚V,"383,000 ","359,000 ",6.7 ,274 ,,1,1.5,Hκ“––±,‚r,2F,,μ‹ΖAHκA“X•ά“™‚ª‚Ώ•ΐ‚ΤHό¤‹Ζ’nζ,‘“Ή,–kΌ,40,,,,,…“Ή,‰Ί…“Ή,Βθ,,500 ,€H,€–h,60 ,200 ,,,,,,,,,,
Z,13123 ,8 ,]Λμ,9 ,1 ,]Λμ‹ζ,Ό]‚T’–Ϊ‚P‚P‚Q‚U”Τ‚P,Ό]‚T|‚Q‚Q|‚Q‚P,"463,000 ","424,000 ",9.2 ,928 ,,1,1.5,Hκ“‘qΙ,,,,HκA‘qΙ‚Μ’†‚ΙZ‘ξ‚ΰ©‚η‚κ‚ιH‹Ζ’nζ,‹ζ“Ή,“μΌ,6.3,,,,ƒKƒX,…“Ή,‰Ί…“Ή,‘D–x,,590 ,€H,€–h,60 ,200 ,,,,,,,,,,
Z,13123 ,8 ,]Λμ,9 ,2 ,]Λμ‹ζ,’†‰›‚R’–Ϊ‚P‚U‚U‚W”Τ,’†‰›‚R|‚T|‚T,"350,000 ","333,000 ",5.1 ,462 ,,1,3,––±A‘qΙ“—Ύ,‚q‚b,3F,,’†¬‹K–Νμ‹Ζ‚Μ‚Ω‚©Z‘ξ‚ΰ©‚η‚κ‚ιH‹Ζ’nζ,‹ζ“Ή,Ό,6.3,,,,ƒKƒX,…“Ή,‰Ί…“Ή,V¬β,,"1,600 ",€H,€–h,60 ,200 ,,,,,,,,,,
Z,13123 ,8 ,]Λμ,9 ,3 ,]Λμ‹ζ,Όκ”V]‚S’–Ϊ‚P‚P‚X‚W”Τ‚QO,Όκ”V]‚S|‚P‚O|‚R,"320,000 ","305,000 ",4.9 ,330 ,,1,2,HκA––±“Z‘ξ,‚r,3F,,¬HκAμ‹Ζ“™‚Ικ”ΚZ‘ξ‚ΰ©‚η‚κ‚ιH‹Ζ’nζ,‹ζ“Ή,–kΌ,8.5,,,,ƒKƒX,…“Ή,‰Ί…“Ή,κ”V],,"1,600 ",€H,€–h,60 ,200 ,,,,,,,,,,
Z,13123 ,8 ,]Λμ,9 ,4 ,]Λμ‹ζ,—ΥC’¬‚R’–Ϊ‚U”Τ‚Q‚T,—ΥC’¬‚R|‚U|‚R,"520,000 ","464,000 ",12.1 ,"2,200 ",,1,1.5,––±“‘qΙ,‚r,3F,,‘ε‹K–Ν‘qΙA”z‘—ƒZƒ“ƒ^[“™‚ª‚Ώ•ΐ‚ΤH‹Ζ’nζ,“s“Ή,“μ“,40,,‘¤“Ή,–k,ƒKƒX,…“Ή,‰Ί…“Ή,‹Ό—ΥCφ‰€,,"1,200 ",€H,–h‰Ξ,60 ,300 ,,,,,*,13123,9 ,1 ,"473,000 ",9.9 
Z,13201 ,8 ,”ª‰¤q,0 ,1 ,”ª‰¤qs,‚ί‚¶‚λ‘δ‚Q’–Ϊ‚S‚T”Τ‚P‚S,,"158,000 ","153,000 ",3.3 ,219 ,,1,1.2,Z‘ξ,‚k‚r,2F,,’†‹K–Νκ”ΚZ‘ξ‚ª‘½‚Ά‹ζ‰ζ®‘R‚Ζ‚µ‚½Z‘ξ’nζ,s“Ή,“μΌ,6,,,,ƒKƒX,…“Ή,‰Ί…“Ή,‚ί‚¶‚λ‘δ,,500 ,‚P’ακ,,40 ,80 ,,,,,*,13201,0 ,47 ,"155,000 ",1.9 
Z,13201 ,8 ,”ª‰¤q,0 ,2 ,”ª‰¤qs,qΐ’¬‚P’–Ϊ‚T‚T‚Q”Τ‚X,qΐ’¬‚P|‚Q‚V|‚Q‚S,"355,000 ","320,000 ",10.9 ,144 ,,1.5,1,Z‘ξ“––±,‚q‚b,4F,,Z‘ξAƒ}ƒ“ƒVƒ‡ƒ“A‰c‹Ζ“™‚ª¬έ‚·‚ιZ‘ξ’nζ,s“Ή,“,8,,,,ƒKƒX,…“Ή,‰Ί…“Ή,”ª‰¤q,,400 ,‚PZ‹,€–h,60 ,200 ,,,,,*,13201,0 ,46 ,"340,000 ",4.4 
Z,13201 ,8 ,”ª‰¤q,0 ,3 ,”ª‰¤qs,U“c’¬‚Q’–Ϊ‚P‚S‚T‚W”Τ‚R‚T,U“c’¬‚Q|‚R‚Q|‚Q,"158,000 ","150,000 ",5.3 ,202 ,,1,1,Z‘ξ,‚v,2F,,’†‹K–Νκ”ΚZ‘ξ‚ª‚Ώ•ΐ‚ΤZ‘ξ’nζ,s“Ή,“,4,,,,ƒKƒX,…“Ή,‰Ί…“Ή,Ό”ª‰¤q,,"1,200 ",‚P’ακ,,40 ,80 ,,,,,,,,,,
Z,13201 ,8 ,”ª‰¤q,0 ,4 ,”ª‰¤qs,•Π‘q’¬‚S‚T‚R”Τ‚S,,"152,000 ","144,000 ",5.6 ,218 ,,1,1.5,Z‘ξ,‚v,2F,,’†‹K–Νκ”ΚZ‘ξ‚ª‘½‚Ά‹u—Λ’n‚ΙΚ’u‚·‚ιZ‘ξ’nζ,s“Ή,–kΌ,5,,,,ƒKƒX,…“Ή,‰Ί…“Ή,•Π‘q,,630 ,‚P’ακ,€–h,50 ,100 ,,,,,,,,,,
,13201 ,8 ,”ª‰¤q,0 ,5 ,”ª‰¤qs,“θ΄’¬‚T‚P‚S”Τ‚T,,"83,500 ",,,131 ,‘δ`,1.2,1,Z‘ξ,‚v,2F,,κ”ΚZ‘ξ‚Μ‚Ω‚©‚Ι”¨“™‚ª©‚η‚κ‚ιZ‘ξ’nζ,“s“Ή,“,5,,,,ƒKƒX,…“Ή,‰Ί…“Ή,”ª‰¤q,,"4,800 ",‚P’ακ,,40 ,80 ,,,,,,,,,,
Z,13201 ,8 ,”ª‰¤q,0 ,6 ,”ª‰¤qs,³‰΅R’¬‚R’–Ϊ‚R‚U‚Q”Τ‚R,³‰΅R’¬‚R|‚P‚P|‚U,"225,000 ","210,000 ",7.1 ,90 ,,1,2,Z‘ξ,‚v,2F,,κ”ΚZ‘ξA‹¤“―Z‘ξAμ‹Ζ‚ª¬έ‚·‚ιZ‘ξ’nζ,s“Ή,–k,5.3,,,,ƒKƒX,…“Ή,‰Ί…“Ή,”ª‰¤q,,"1,200 ",€H,€–h,60 ,200 ,,,,,,,,,,
Z,13201 ,8 ,”ª‰¤q,0 ,7 ,”ª‰¤qs,‘Ε‰z’¬‚P‚R‚S‚S”Τ‚Q‚P,,"169,000 ","162,000 ",4.3 ,213 ,,1,1.2,Z‘ξ,‚v,2F,,’†‹K–Νκ”ΚZ‘ξ‚ª‚Ώ•ΐ‚Τ‚‘δ‚ΜZ‘ξ’nζ,s“Ή,–kΌ,4,,,,ƒKƒX,…“Ή,‰Ί…“Ή,–k–μ,,540 ,‚P’ακ,,40 ,80 ,,,,,,,,,,
Z,13201 ,8 ,”ª‰¤q,0 ,8 ,”ª‰¤qs,•Κ‚P’–Ϊ‚P‚W”Τ‚P‚X,,"198,000 ","187,000 ",5.9 ,240 ,,1,1,Z‘ξ,‚v,2F,,κ”ΚZ‘ξA‹¤“―Z‘ξ‚ª©‚η‚κ‚ιZ‘ξ’nζ,s“Ή,Ό,6,,,,ƒKƒX,…“Ή,‰Ί…“Ή,‹‰¤–x”V“ΰ,,920 ,‚Q’†κ,€–h,60 ,200 ,,,,,,,,,,
Z,13201 ,8 ,”ª‰¤q,0 ,9 ,”ª‰¤qs,“σμ’¬‚R‚S‚O”Τ‚X,,"156,000 ","147,000 ",6.1 ,107 ,,1.2,1,Z‘ξ,‚v,2F,,κ”ΚZ‘ξ‚Μ’†‚Ι’α‘wƒAƒp[ƒg‚ΰ©‚η‚κ‚ιZ‘ξ’nζ,s“Ή,“μ,3.3,,,,ƒKƒX,…“Ή,‰Ί…“Ή,‚”φ,,750 ,‚PZ‹,€–h,60 ,200 ,,,,,,,,,,
Z,13201 ,8 ,”ª‰¤q,0 ,10 ,”ª‰¤qs,‚ί‚¶‚λ‘δ‚S’–Ϊ‚Q‚O”Τ‚S,,"168,000 ","163,000 ",3.1 ,230 ,,1,1,Z‘ξ,‚v,2F,,’†‹K–Νκ”ΚZ‘ξ‚ª‘½‚Ά‹ζ‰ζ®‘R‚Ζ‚µ‚½Z‘ξ’nζ,s“Ή,“μ“,6,,,,ƒKƒX,…“Ή,‰Ί…“Ή,‚ί‚¶‚λ‘δ,,280 ,‚P’ακ,,40 ,80 ,,,,,,,,,,
Z,13201 ,8 ,”ª‰¤q,0 ,11 ,”ª‰¤qs,’·–[’¬‚T‚U”Τ‚R‚R,,"95,300 ","93,000 ",2.5 ,143 ,,1.5,1,Z‘ξ,‚v,2F,,¬‹K–Νκ”ΚZ‘ξ‚ª‘½‚Ά‹u—Λ’n‚ΜZ‘ξ’nζ,s“Ή,“μΌ,4,,,,ƒKƒX,…“Ή,‰Ί…“Ή,Ό”ª‰¤q,,"1,200 ",‚P’ακ,,40 ,80 ,,,,,,,,,,
Z,13201 ,8 ,”ª‰¤q,0 ,12 ,”ª‰¤qs,‘εy›’¬‚Q‚P‚X”Τ‚S,,"79,100 ","76,800 ",3.0 ,165 ,,1.2,1,Z‘ξ,‚v,2F,,κ”ΚZ‘ξ‚Μ‚Ω‚©‚ΙƒAƒp|ƒg‚ª©‚η‚κ‚ιZ‘ξ’nζ,„“Ή,“μ“,5,,,,ƒKƒX,…“Ή,‰Ί…“Ή,”ª‰¤q,,"6,000 ",‚P’ακ,,40 ,80 ,,,,,,,,,,
Z,13201 ,8 ,”ª‰¤q,0 ,13 ,”ª‰¤qs,“θ΄’¬‚P‚T‚P‚O”Τ‚P‚U,,"85,000 ","82,500 ",3.0 ,86 ,,1.5,1,Z‘ξ,‚v,2F,,κ”ΚZ‘ξAHκA–‹Ζ“™‚ª¬έ‚·‚ι’nζ,„“Ή,“μ“,6,,,,,…“Ή,‰Ί…“Ή,”ª‰¤q,,"5,600 ",€H,€–h,60 ,200 ,,,,,,,,,,
Z,13201 ,8 ,”ª‰¤q,0 ,14 ,”ª‰¤qs,Λ’¬‚R‚R‚Q”Τ‚S,,"57,000 ","56,500 ",0.9 ,165 ,,1,1.2,Z‘ξ,‚v,1F,,κ”ΚZ‘ξ‚ª‚Ώ•ΐ‚ΤX“Ή”wγ‚ΜZ‘ξ’nζ,“ΉH,Ό,4,,,,,…“Ή,‰Ί…“Ή,Hμ,,"3,000 ",‚P’ακ,,40 ,80 ,,,,,,,,,,
Z,13201 ,8 ,”ª‰¤q,0 ,15 ,”ª‰¤qs,³”ª‰¤q’¬‚R’–Ϊ‚Q‚Q‚U‚X”Τ‚T,,"82,000 ","79,000 ",3.8 ,138 ,,1,2,Z‘ξ,‚v,2F,,’†¬‹K–Ν‚Μκ”ΚZ‘ξ‚ª‘½‚ΆxO‚ΜZ‘ξ’nζ,s“Ή,“μ“,4.5,,,,ƒKƒX,…“Ή,‰Ί…“Ή,‚”φ,,"1,800 ",‚P’ακ,,40 ,80 ,,,,,,,,,,
Z,13201 ,8 ,”ª‰¤q,0 ,16 ,”ª‰¤qs,‰΅μ’¬‚X‚T‚U”Τ‚P‚T,,"67,500 ","66,800 ",1.0 ,161 ,,1.5,1,Z‘ξ,‚v,2F,,κ”ΚZ‘ξ‚ª‚Ώ•ΐ‚Τ‚‘δ‚ΜZ‘ξ’nζ,„“Ή,–k,5,,,,ƒKƒX,…“Ή,‰Ί…“Ή,Ό”ª‰¤q,,"2,500 ",‚P’ακ,,40 ,80 ,,,,,,,,,,
Z,13201 ,8 ,”ª‰¤q,0 ,17 ,”ª‰¤qs,‹·Τ’¬‚P‚W‚O‚S”Τ‚R‚Q,,"103,000 ","101,000 ",2.0 ,163 ,,1,1,Z‘ξ,‚v,2F,,’†‹K–ΝZ‘ξ‚ª‚Ώ•ΐ‚Τ‹ζ‰ζ®‘R‚Ζ‚µ‚½Z‘ξ’nζ,s“Ή,“μ,6,,,,ƒKƒX,…“Ή,‰Ί…“Ή,‚”φ,,"1,400 ",‚P’ακ,,40 ,80 ,,,,,,,,,,
Z,13201 ,8 ,”ª‰¤q,0 ,18 ,”ª‰¤qs,’†–μγ’¬‚R’–Ϊ‚R‚Q‚W‚V”Τ‚U,’†–μγ’¬‚R|‚R‚U|‚P‚O,"107,000 ","102,000 ",4.9 ,141 ,,1.5,1,Z‘ξ,‚v,2F,,’†¬‹K–Ν‚Μκ”ΚZ‘ξ‚ª‘½‚ΆZ‘ξ’nζ,s“Ή,“,4,,,,ƒKƒX,…“Ή,‰Ί…“Ή,”ª‰¤q,,"3,800 ",‚P’ακ,,40 ,80 ,,,,,,,,,,
Z,13201 ,8 ,”ª‰¤q,0 ,19 ,”ª‰¤qs,Ξμ’¬‚Q‚T‚U‚W”Τ‚P‚O,,"103,000 ","100,000 ",3.0 ,92 ,,1.2,1,Z‘ξ,‚v,2F,,κ”ΚZ‘ξ‚Μ‚Ω‚©‚Ι‹σ’n“™‚ª©‚η‚κ‚ιZ‘ξ’nζ,s“Ή,“,5,,‘¤“Ή,“μ,ƒKƒX,…“Ή,‰Ί…“Ή,–k”ª‰¤q,,"1,100 ",‚P’ακ,,40 ,80 ,,,,,,,,,,
Z,13201 ,8 ,”ª‰¤q,0 ,20 ,”ª‰¤qs,‚έ‚Θ‚έ–μ‚R’–Ϊ‚P‚W”Τ‚Q‚S,‚έ‚Θ‚έ–μ‚R|‚P‚W|‚Q‚T,"210,000 ","202,000 ",4.0 ,179 ,,1,1.5,Z‘ξ,‚v,2F,,κ”ΚZ‘ξ‚ª‚Ώ•ΐ‚Τ‹ζ‰ζ®‘R‚Ζ‚µ‚½Z‘ξ’nζ,s“Ή,–k,6,,,,ƒKƒX,…“Ή,‰Ί…“Ή,”ª‰¤q‚έ‚Θ‚έ–μ,,750 ,‚P’ακ,€–h,50 ,100 ,,,,,,,,,,
Z,13201 ,8 ,”ª‰¤q,0 ,21 ,”ª‰¤qs,‘εa“c’¬‚S’–Ϊ‚P‚W‚Q‚V”Τ‚T,‘εa“c’¬‚S|‚W|‚W,"199,000 ","187,000 ",6.4 ,174 ,,1,1.2,Z‘ξ,‚k‚r,2F,,’†‹K–Νκ”ΚZ‘ξ‚ª‘½‚Ά‹ζ‰ζ®‘R‚Ζ‚µ‚½Z‘ξ’nζ,s“Ή,–k,6,,,,ƒKƒX,…“Ή,‰Ί…“Ή,‹‰¤”ª‰¤q,,"1,500 ",‚PZ‹,€–h,60 ,200 ,,,,,*,13201,0 ,48 ,"193,000 ",3.1 
Z,13201 ,8 ,”ª‰¤q,0 ,22 ,”ª‰¤qs,’·ΐ’¬‚V‚U‚T”Τ‚T,,"170,000 ","163,000 ",4.3 ,102 ,,1,1.2,Z‘ξ,‚v,2F,,κ”ΚZ‘ξ‚Μ‚Ω‚©ƒAƒp[ƒg‚ΰ©‚η‚κ‚ιZ‘ξ’nζ,„“Ή,“μΌ,4,,,,ƒKƒX,…“Ή,‰Ί…“Ή,’·ΐ,,300 ,‚P’ακ,,40 ,80 ,,,,,,,,,,
Z,13201 ,8 ,”ª‰¤q,0 ,23 ,”ª‰¤qs,‰΅μ’¬‚P‚O‚W”Τ‚T‚TO,,"133,000 ","129,000 ",3.1 ,130 ,‘δ`,1,1,Z‘ξ,‚v,2F,,κ”ΚZ‘ξ‚Μ‚Ω‚©“X•ά“Z‘ξ“™‚ΰ©‚η‚κ‚ιZ‘ξ’nζ,s“Ή,“,4,,‘¤“Ή,“μ,ƒKƒX,…“Ή,‰Ί…“Ή,Ό”ª‰¤q,,"1,400 ",‚P’†κ,€–h,50 ,150 ,,,,,,,,,,
Z,13201 ,8 ,”ª‰¤q,0 ,24 ,”ª‰¤qs,‘εa“c’¬‚R’–Ϊ‚X‚R‚V”Τ‚P‚U‚U,‘εa“c’¬‚R|‚P‚Q|‚X,"178,000 ","168,000 ",6.0 ,123 ,‘δ`,1,2,Z‘ξ,‚v,2F,,κ”ΚZ‘ξA‹¤“―Z‘ξA¬Hκ‚ª¬έ‚·‚ιZ‘ξ’nζ,s“Ή,Ό,4.2,,,,ƒKƒX,…“Ή,‰Ί…“Ή,‹‰¤”ª‰¤q,,"1,200 ",€H,€–h,60 ,200 ,,,,,,,,,,
Z,13201 ,8 ,”ª‰¤q,0 ,25 ,”ª‰¤qs,‰Ί—M–Ψ\µ†‚Q‚P‚Q‚U”Τ‚S,,"107,000 ","102,000 ",4.9 ,140 ,,1,2,Z‘ξ,‚v,2F,,κ”ΚZ‘ξ‚Μ’†‚Ι‹σ’n“™‚ª©‚η‚κ‚ιZ‘ξ’nζ,„“Ή,“,4.5,,,,,…“Ή,‰Ί…“Ή,“μ‘ε‘ς,,"1,800 ",‚P’ακ,,40 ,80 ,,,,,,,,,,
Z,13201 ,8 ,”ª‰¤q,0 ,26 ,”ª‰¤qs,–Ύ_’¬‚Q’–Ϊ‚P‚T‚W”Τ‚S,–Ύ_’¬‚Q|‚W|‚P‚U,"280,000 ","258,000 ",8.5 ,132 ,,1.5,1,Z‘ξ,‚v,2F,,κ”ΚZ‘ξAƒAƒp[ƒgAHκ“™‚ª¬έ‚·‚ιZ‘ξ’nζ,s“Ή,“μ“,8,,,,ƒKƒX,…“Ή,‰Ί…“Ή,‹‰¤”ª‰¤q,,650 ,€H,€–h,60 ,200 ,,,,,,,,,,
Z,13201 ,8 ,”ª‰¤q,0 ,27 ,”ª‰¤qs,γλ•ª•ϋ’¬‚R‚T‚R”Τ‚S‚O,,"70,500 ","69,000 ",2.2 ,165 ,,1,1,Z‘ξ,‚k‚r,2F,,’†¬‹K–Ν‚Μκ”ΚZ‘ξ‚ª‚Ώ•ΐ‚ΤZ‘ξ’nζ,s“Ή,“μ,4,,,,ƒKƒX,…“Ή,‰Ί…“Ή,”ª‰¤q,,"6,700 ",‚P’ακ,,40 ,80 ,,,,,,,,,,
Z,13201 ,8 ,”ª‰¤q,0 ,28 ,”ª‰¤qs,•½‰ª’¬‚R‚O”Τ‚P‚O,•½‰ª’¬‚R‚O|‚P‚R,"205,000 ","194,000 ",5.7 ,120 ,,1,1.2,“X•ά“‹¤“―Z‘ξ,‚r,3F,,κ”ΚZ‘ξAƒAƒp[ƒgAHκ‚ª¬έ‚·‚ιZ‘ξ’nζ,s“Ή,–k,6,,,,,…“Ή,‰Ί…“Ή,”ª‰¤q,,"1,900 ",€H,€–h,60 ,200 ,,,,,,,,,,
Z,13201 ,8 ,”ª‰¤q,0 ,29 ,”ª‰¤qs,¬”δι’¬‚P‚W‚P‚O”Τ‚V,,"122,000 ","118,000 ",3.4 ,138 ,,1,1.5,Z‘ξ,‚v,2F,,’†¬‹K–Νκ”ΚZ‘ξ‚ª‚Ώ•ΐ‚ΤZ‘ξ’nζ,s“Ή,–kΌ,5,,,,ƒKƒX,…“Ή,‰Ί…“Ή,R“c,,"1,000 ",‚P’ακ,,40 ,80 ,,,,,,,,,,
Z,13201 ,8 ,”ª‰¤q,0 ,30 ,”ª‰¤qs,•Π‘q’¬‚X‚R‚X”Τ‚X‚Q,,"130,000 ","126,000 ",3.2 ,169 ,,1,1.2,Z‘ξ,‚v,2F,,’†‹K–ΝZ‘ξ‚ª‚Ώ•ΐ‚Τ‹ζ‰ζ®‘R‚Ζ‚µ‚½Z‘ξ’nζ,s“Ή,“,13,,,,ƒKƒX,…“Ή,‰Ί…“Ή,•Π‘q,,"1,300 ",‚P’ακ,,40 ,80 ,,,,,,,,,,
Z,13201 ,8 ,”ª‰¤q,0 ,31 ,”ª‰¤qs,‰‘ς’¬‚P‚S‚Q‚X”Τ‚U‚S,,"75,000 ","74,200 ",1.1 ,161 ,,1,1,Z‘ξ,‚v,2F,,’†‹K–Νκ”ΚZ‘ξ‚ª‚Ώ•ΐ‚ΤXΞ’n‚ΜZ‘ξ’nζ,„“Ή,Ό,4,,,,ƒKƒX,…“Ή,‰Ί…“Ή,‚”φ,,"1,100 ",‚P’ακ,,40 ,80 ,,,,,,,,,,
Z,13201 ,8 ,”ª‰¤q,0 ,32 ,”ª‰¤qs,“σμ’¬‚U‚T‚S”Τ‚S,,"118,000 ","114,000 ",3.5 ,166 ,‘δ`,1,1.5,Z‘ξ,‚v,2F,,κ”ΚZ‘ξ‚ª‚Ώ•ΐ‚ΤXΞ’n‚Μω¬Z‘ξ’nζ,s“Ή,“,5,,,,ƒKƒX,…“Ή,‰Ί…“Ή,‚ί‚¶‚λ‘δ,,"1,100 ",‚P’ακ,,40 ,80 ,,,,,,,,,,
Z,13201 ,8 ,”ª‰¤q,0 ,33 ,”ª‰¤qs,γ—M–Ψl†‚Q‚O‚U”Τ‚S,,"117,000 ","112,000 ",4.5 ,132 ,,1,1.5,Z‘ξ,‚v,2F,,κ”ΚZ‘ξ‚Μ‘½‚­©‚η‚κ‚ιω¬Z‘ξ’nζ,s“Ή,“,8,,,,ƒKƒX,…“Ή,‰Ί…“Ή,“μ‘ε‘ς,,"2,600 ",‚P’ακ,,40 ,80 ,,,,,,,,,,
Z,13201 ,8 ,”ª‰¤q,0 ,34 ,”ª‰¤qs,’·–[’¬‚Q‚R‚O”Τ‚X‚T,,"95,200 ","91,500 ",4.0 ,198 ,,1,1.2,Z‘ξ,‚v,2F,,’†‹K–Νκ”ΚZ‘ξ‚ª‚Ώ•ΐ‚Τ‹u—Λ’n‚ΜZ‘ξ’nζ,s“Ή,–kΌ,5,,,,ƒKƒX,…“Ή,‰Ί…“Ή,Ό”ª‰¤q,,"2,000 ",‚P’ακ,,40 ,80 ,,,,,,,,,,
Z,13201 ,8 ,”ª‰¤q,0 ,35 ,”ª‰¤qs,‘ε’J’¬‚V‚P‚S”Τ‚UO,,"107,000 ","103,000 ",3.9 ,132 ,,1,1.5,Z‘ξ,‚v,2F,,ΛZ‘ξ‚ª‚Ώ•ΐ‚Ρ‹σ’n“™‚ΰ©‚η‚κ‚ιZ‘ξ’nζ,s“Ή,“μ,4.5,,,,ƒKƒX,…“Ή,‰Ί…“Ή,‹‰¤”ª‰¤q,,"2,200 ",‚P’ακ,,40 ,80 ,,,,,,,,,,
Z,13201 ,8 ,”ª‰¤q,0 ,36 ,”ª‰¤qs,“θ΄’¬‚S‚R‚R”Τ‚W,,"85,000 ","82,500 ",3.0 ,85 ,,1,1,Z‘ξ,‚v,2F,,¬‹K–Νκ”ΚZ‘ξ‚π’†S‚Ζ‚·‚ι²ό”wγ‚ΜZ‘ξ’nζ,„“Ή,–k“,4.5,,,,ƒKƒX,…“Ή,‰Ί…“Ή,”ª‰¤q,,"4,700 ",‚P’ακ,,40 ,80 ,,,,,,,,,,
Z,13201 ,8 ,”ª‰¤q,0 ,37 ,”ª‰¤qs,’†–μγ’¬‚P’–Ϊ‚V‚T‚V”Τ‚P‚T,’†–μγ’¬‚P|‚P‚T|‚P‚W,"135,000 ","130,000 ",3.8 ,105 ,,1,1.5,Z‘ξ,‚v,2F,,κ”ΚZ‘ξA‹¤“―Z‘ξAHκ“™‚Μ¬έ‚·‚ιZ‘ξ’nζ,s“Ή,–k,5.4,,,,ƒKƒX,…“Ή,‰Ί…“Ή,”ª‰¤q,,"2,200 ",€H,€–h,60 ,200 ,,,,,,,,,,
Z,13201 ,8 ,”ª‰¤q,0 ,38 ,”ª‰¤qs,Ό›•ϋ’¬‚P‚O‚P‚X”Τ‚U‚S,,"50,000 ","49,000 ",2.0 ,199 ,,1,1.5,Z‘ξ,‚k‚r,2F,,’†‹K–Νκ”ΚZ‘ξ‚ª‘½‚Ά‹ζ‰ζ®‘R‚Ζ‚µ‚½Z‘ξ’nζ,s“Ή,“μ,5,,,,ƒKƒX,…“Ή,‰Ί…“Ή,‚”φ,,"7,000 ",‚P’ακ,,40 ,80 ,,,,,,,,,,
Z,13201 ,8 ,”ª‰¤q,0 ,39 ,”ª‰¤qs,–x”V“ΰ‚Q’–Ϊ‚Q‚U”Τ‚P‚Q,,"182,000 ","171,000 ",6.4 ,185 ,,1,1.5,Z‘ξ,‚v,3F,,κ”ΚZ‘ξA‹¤“―Z‘ξ“™‚ª©‚η‚κ‚ιZ‘ξ’nζ,s“Ή,“μ“,6,,,,ƒKƒX,…“Ή,‰Ί…“Ή,‹‰¤–x”V“ΰ,,"1,100 ",‚Q’†κ,€–h,60 ,200 ,,,,,,,,,,
Z,13201 ,8 ,”ª‰¤q,0 ,40 ,”ª‰¤qs,“σμ’¬‚P”Τ‚S‚O,,"155,000 ","145,000 ",6.9 ,113 ,,1,1.5,Z‘ξ,‚v,2F,,¬‹K–Ν’α‘wZ‘ξ‚Μ‚Ώ•ΐ‚ΤZ‘ξ’nζ,s“Ή,–k“,4,,,,ƒKƒX,…“Ή,‰Ί…“Ή,Ό”ª‰¤q,,"1,500 ",‚PZ‹,€–h,60 ,200 ,,,,,*,13201,0 ,49 ,"148,000 ",4.7 
Z,13201 ,8 ,”ª‰¤q,0 ,41 ,”ª‰¤qs,΄μ’¬‚P‚U”Τ‚R,,"134,000 ","130,000 ",3.1 ,102 ,,1,2,Z‘ξ,‚v,2F,,’†¬‹K–Ν‚Μκ”ΚZ‘ξ‚ª‘½‚­‚Ώ•ΐ‚ΤZ‘ξ’nζ,s“Ή,“μ,8,,,,ƒKƒX,…“Ή,‰Ί…“Ή,Ό”ª‰¤q,,"2,300 ",‚P’ακ,€–h,50 ,100 ,,,,,,,,,,
Z,13201 ,8 ,”ª‰¤q,0 ,42 ,”ª‰¤qs,U“c’¬‚T’–Ϊ‚R‚O‚S”Τ‚P‚Q,,"181,000 ","174,000 ",4.0 ,135 ,,1,1.5,’z’†,,,,κ”ΚZ‘ξ‚Μ‚Ω‚©‚Ι‹¤“―Z‘ξ“™‚ª©‚η‚κ‚ιZ‘ξ’nζ,s“Ή,“μΌ,4,,,,ƒKƒX,…“Ή,‰Ί…“Ή,Ό”ª‰¤q,,"1,300 ",‚PZ‹,€–h,60 ,200 ,,,,,,,,,,
Z,13201 ,8 ,”ª‰¤q,0 ,43 ,”ª‰¤qs,‰΅μ’¬‚W‚R‚V”Τ‚P‚T,,"94,100 ","91,300 ",3.1 ,165 ,,1,1.5,Z‘ξ,‚v,2F,,’†‹K–Νκ”ΚZ‘ξ‚ª‘½‚ΆxO‚ΜΥΓ‚ΘZ‘ξ’nζ,s“Ή,–k,6,,,,ƒKƒX,…“Ή,‰Ί…“Ή,”ª‰¤q,,"5,000 ",‚P’ακ,,40 ,80 ,,,,,,,,,,
Z,13201 ,8 ,”ª‰¤q,0 ,44 ,”ª‰¤qs,‘ε’Λ‚U‚T‚X”Τ‚R,,"155,000 ","149,000 ",4.0 ,75 ,,1,1.2,Z‘ξ,‚v,2F,,¬‹K–Νκ”ΚZ‘ξ‚ª‚Ώ•ΐ‚ΤZ‘ξ’nζ,s“Ή,–kΌ,4,,,,ƒKƒX,…“Ή,‰Ί…“Ή,‘ε’ΛE’ι‹‘εw,,950 ,‚P’ακ,€–h,50 ,100 ,,,,,,,,,,
Z,13201 ,8 ,”ª‰¤q,0 ,45 ,”ª‰¤qs,“μ—z‘δ‚P’–Ϊ‚P‚V‚U‚W”Τ‚P‚S,“μ—z‘δ‚P|‚P‚S|‚P‚O,"104,000 ","101,000 ",3.0 ,210 ,,1,1.5,Z‘ξ,‚v,2F,,’†‹K–Νκ”ΚZ‘ξ‚ª‘½‚Ά‚‘δ‚ΜΥΓ‚ΘZ‘ξ’nζ,s“Ή,–k,6,,,,ƒKƒX,…“Ή,‰Ί…“Ή,•½Rι¬φ‰€,,"2,000 ",‚P’ακ,,40 ,80 ,,,,,,,,,,
Z,13201 ,8 ,”ª‰¤q,0 ,46 ,”ª‰¤qs,¬”δι’¬‚T‚R‚R”Τ‚X,,"164,000 ","159,000 ",3.1 ,135 ,‘δ`,1,2,‹σ’n,,,,κ”ΚZ‘ξ‚Μ‚Ω‚©‚Ι‹¤“―Z‘ξ‚ΰ©‚η‚κ‚ιZ‘ξ’nζ,s“Ή,“μ“,6,,,,ƒKƒX,…“Ή,‰Ί…“Ή,R“c,,420 ,‚P’ακ,€–h,50 ,100 ,,,,,,,,,,
Z,13201 ,8 ,”ª‰¤q,0 ,47 ,”ª‰¤qs,Ξμ’¬‚Q‚T‚Q”Τ‚Q,,"100,000 ","97,500 ",2.6 ,166 ,,1,1.2,Z‘ξ,‚v,1F,,κ”ΚZ‘ξ‚Μ’†‚Ι‹σ’n“™‚ª©‚η‚κ‚ιZ‘ξ’nζ,s“Ή,–k,3.7,,,,ƒKƒX,…“Ή,‰Ί…“Ή,¬‹{,,"1,300 ",‚P’ακ,,40 ,80 ,,,,,,,,,,
Z,13201 ,8 ,”ª‰¤q,0 ,48 ,”ª‰¤qs,Ό›•ϋ’¬‚V‚P‚Q”Τ‚R‚W,,"68,500 ","67,000 ",2.2 ,151 ,,1.2,1,Z‘ξ,‚k‚r,2F,,’†‹K–Νκ”ΚZ‘ξ‚ª‘½‚ΆxO‚ΜZ‘ξ’nζ,s“Ή,“μ“,6,,,,,…“Ή,‰Ί…“Ή,‚”φ,,"6,000 ",‚P’ακ,,40 ,80 ,,,,,,,,,,
Z,13201 ,8 ,”ª‰¤q,0 ,49 ,”ª‰¤qs,‰Ί‰¶•ϋ’¬‚Q‚O‚X‚T”Τ‚U,,"56,500 ","56,000 ",0.9 ,133 ,,1,1.5,Z‘ξ,‚v,2F,,κ”ΚZ‘ξ‚Μ’†‚Ι”_‰ΖZ‘ξ‚ΰ©‚η‚κ‚ιZ‘ξ’nζ,s“Ή,–k,4.5,,,,ƒKƒX,…“Ή,‰Ί…“Ή,‚”φ,,"4,900 ",‚P’ακ,,40 ,80 ,,,,,,,,,,
Z,13201 ,8 ,”ª‰¤q,0 ,50 ,”ª‰¤qs,Ά–Ϊ’¬‚Q‚O‚W”Τ‚P‚P,,"91,300 ","88,500 ",3.2 ,141 ,,1,1,Z‘ξ,‚v,2F,,’†‹K–Νκ”ΚZ‘ξ‚ª‘½‚ΆxO‚ΜZ‘ξ’nζ,„“Ή,“,5,,,,ƒKƒX,…“Ή,‰Ί…“Ή,”ª‰¤q,,"4,400 ",‚P’ακ,,40 ,80 ,,,,,,,,,,
Z,13201 ,8 ,”ª‰¤q,0 ,51 ,”ª‰¤qs,μϋ’¬‚P‚T‚S‚O”Τ‚S‚R‚O,,"68,800 ","66,900 ",2.8 ,130 ,,1,1,Z‘ξ,‚v,2F,,’†¬‹K–Νκ”ΚZ‘ξ‚ª‚Ώ•ΐ‚ΤZ‘ξ’nζ,s“Ή,–k,4.5,,,,ƒKƒX,…“Ή,‰Ί…“Ή,”ª‰¤q,,"6,000 ",‚P’ακ,,40 ,80 ,,,,,,,,,,
Z,13201 ,8 ,”ª‰¤q,0 ,52 ,”ª‰¤qs,μϋ’¬‚Q‚X‚O‚R”Τ‚P‚RO,,"63,800 ","62,300 ",2.4 ,200 ,,1,1.5,Z‘ξ,‚v,2F,,κ”ΚZ‘ξ‚ª‚Ώ•ΐ‚Τ‹ζ‰ζ®‘R‚Ζ‚µ‚½Z‘ξ’nζ,s“Ή,“μΌ,6,,,,ƒKƒX,…“Ή,‰Ί…“Ή,”ª‰¤q,,"7,900 ",‚P’ακ,,40 ,80 ,,,,,,,,,,
Z,13201 ,8 ,”ª‰¤q,0 ,53 ,”ª‰¤qs,‹{‰Ί’¬‚V‚O‚U”Τ‚SO,,"60,800 ","59,300 ",2.5 ,143 ,,1,2,Z‘ξ,‚v,2F,,κ”ΚZ‘ξ‚Μ‚Ω‚©‹σ’n‚ΰ©‚η‚κ‚ιZ‘ξ’nζ,s“Ή,“,6,,‘¤“Ή,–k,,…“Ή,‰Ί…“Ή,”ª‰¤q,,"7,500 ",‚P’ακ,,40 ,80 ,,,,,,,,,,
Z,13201 ,8 ,”ª‰¤q,0 ,54 ,”ª‰¤qs,’O–Ψ’¬‚R’–Ϊ‚P‚W‚Q”Τ‚Q‚P,,"70,000 ","68,000 ",2.9 ,181 ,,1,1.5,Z‘ξ,‚v,2F,,κ”ΚZ‘ξ‚ª‚Ώ•ΐ‚Τ‹ζ‰ζ®‘R‚Ζ‚µ‚½Z‘ξ’nζ,s“Ή,“μΌ,6,,,,,…“Ή,‰Ί…“Ή,”ª‰¤q,,"5,400 ",‚P’ακ,,40 ,80 ,,,,,,,,,,
Z,13201 ,8 ,”ª‰¤q,0 ,55 ,”ª‰¤qs,Ξμ’¬‚W‚O‚P”Τ‚Q,,"117,000 ","112,000 ",4.5 ,165 ,‘δ`,1.5,1,Z‘ξ,‚v,2F,,κ”ΚZ‘ξ‚Μ’†‚Ι”_’n“™‚ª©‚η‚κ‚ιω¬Z‘ξ’nζ,s“Ή,–k,7,,,,ƒKƒX,…“Ή,‰Ί…“Ή,¬‹{,,650 ,‚P’ακ,,40 ,80 ,,,,,,,,,,
Z,13201 ,8 ,”ª‰¤q,0 ,56 ,”ª‰¤qs,‚‘q’¬‚U‚O”Τ‚RO,,"200,000 ","191,000 ",4.7 ,249 ,,2,1,Z‘ξ,‚v,2F,,κ”ΚZ‘ξA‹¤“―Z‘ξA–‹Ζ“™¬έ‚ΜZ‘ξ’nζ,s“Ή,“μΌ,6,,,,ƒKƒX,…“Ή,‰Ί…“Ή,–k”ª‰¤q,,780 ,€H,€–h,60 ,200 ,,,,,,,,,,
Z,13201 ,8 ,”ª‰¤q,0 ,57 ,”ª‰¤qs,­“c’¬‚T‚U‚W”Τ‚W,,"158,000 ","153,000 ",3.3 ,157 ,,1,1.2,Z‘ξ,‚v,2F,,κ”ΚZ‘ξ‚ª‚Ώ•ΐ‚Τ‹ζ‰ζ®—Ο‚ΜZ‘ξ’nζ,s“Ή,“μ,6,,‘¤“Ή,“,ƒKƒX,…“Ή,‰Ί…“Ή,‚ί‚¶‚λ‘δ,,"1,300 ",‚P’ακ,€–h,50 ,100 ,,,,,,,,,,
Z,13201 ,8 ,”ª‰¤q,0 ,58 ,”ª‰¤qs,Ω’¬‚P‚T‚U‚W”Τ‚V,,"104,000 ","100,000 ",4.0 ,140 ,,1,1.5,Z‘ξ,‚v,2F,,κ”ΚZ‘ξ‚ª‚Ώ•ΐ‚ΤxO‚ΜZ‘ξ’nζ,s“Ή,Ό,5,,,,ƒKƒX,…“Ή,‰Ί…“Ή,‚ί‚¶‚λ‘δ,,"1,900 ",‚P’ακ,,40 ,80 ,,,,,,,,,,
Z,13201 ,8 ,”ª‰¤q,0 ,59 ,”ª‰¤qs,“σμ’¬‚T‚T‚V”Τ‚P‚Q,,"186,000 ","174,000 ",6.9 ,121 ,,1,1.5,Z‘ξ,‚v,2F,,κ”ΚZ‘ξA‹¤“―Z‘ξA–‹Ζ“™‚Μ¬έ‚·‚ι’nζ,s“Ή,“μΌ,6,,,,ƒKƒX,…“Ή,‰Ί…“Ή,‚”φ,,"1,400 ",€H,€–h,60 ,200 ,,,,,,,,,,
Z,13201 ,8 ,”ª‰¤q,0 ,60 ,”ª‰¤qs,—Ξ’¬‚P‚X‚O”Τ‚P‚Q,,"158,000 ","147,000 ",7.5 ,114 ,,1,1.5,Z‘ξ,‚v,2F,,’†¬‹K–Ν‚Μκ”ΚZ‘ξAƒAƒp[ƒg“™‚ª‘½‚ΆZ‘ξ’nζ,s“Ή,–k,4,,,,ƒKƒX,…“Ή,‰Ί…“Ή,”ª‰¤q,,"1,200 ",‚P’ακ,,40 ,80 ,,,,,,,,,,
Z,13201 ,8 ,”ª‰¤q,0 ,61 ,”ª‰¤qs,‘Ε‰z’¬‚P‚S‚W‚P”Τ‚T‚X,,"154,000 ","147,000 ",4.8 ,189 ,,1,1.2,Z‘ξ,‚v,2F,,’†‹K–Νκ”ΚZ‘ξ‚ª‚Ώ•ΐ‚Τ•ªχZ‘ξ’nζ,s“Ή,“μ,6,,,,ƒKƒX,…“Ή,‰Ί…“Ή,•Π‘q,,800 ,‚P’ακ,,40 ,80 ,,,,,,,,,,
Z,13201 ,8 ,”ª‰¤q,0 ,62 ,”ª‰¤qs,•Κ‚P’–Ϊ‚P‚W”Τ‚R,,"211,000 ","200,000 ",5.5 ,177 ,,1,1.5,“X•ά“‹¤“―Z‘ξ,‚v,2F,,‹¤“―Z‘ξA“X•ά•Ή—pZ‘ξ“™‚ª¬έ‚·‚ιZ‘ξ’nζ,“s“Ή,“μ“,28,,,,ƒKƒX,…“Ή,‰Ί…“Ή,‹‰¤–x”V“ΰ,,700 ,‚Q’†κ,€–h,60 ,200 ,,,,,,,,,,
Z,13201 ,8 ,”ª‰¤q,0 ,63 ,”ª‰¤qs,Λ’¬‚T‚Q‚P”Τ‚PO,,"36,000 ","36,000 ",0.0 ,169 ,‘δ`,1,2,Z‘ξ,‚v,2F,,κ”ΚZ‘ξ‚Μό•Σ‚Ι”_’n“™‚ª©‚η‚κ‚ιZ‘ξ’nζ,s“Ή,–k,4,,,,,…“Ή,‰Ί…“Ή,Hμ,,"3,100 ",,,40 ,80 ,,’²‹ζ,,,,,,,,
Z,13201 ,8 ,”ª‰¤q,0 ,64 ,”ª‰¤qs,³–{‹½’¬‚Q’–Ϊ‚R‚Q‚O”Τ‚Q‚O,³–{‹½’¬‚Q|‚P‚W|‚S,"181,000 ","173,000 ",4.6 ,156 ,,1,1.2,Z‘ξ,‚k‚r,2F,,κ”ΚZ‘ξ‚Μ‚Ω‚©‚Ι‹¤“―Z‘ξ“™‚ª©‚η‚κ‚ιZ‘ξ’nζ,s“Ή,“μ,4,,,,ƒKƒX,…“Ή,‰Ί…“Ή,Ό”ª‰¤q,,"1,400 ",‚QZ‹,€–h,60 ,200 ,,,,,,,,,,
Z,13201 ,8 ,”ª‰¤q,0 ,65 ,”ª‰¤qs,’†–μ’¬‚Q‚P‚O‚S”Τ‚R‚R,,"94,100 ","91,800 ",2.5 ,144 ,‘δ`,1,1,Z‘ξ,‚v,2F,,κ”ΚZ‘ξ‚Μ‘½‚ΆxO‚ΜΥΓ‚ΘZ‘ξ’nζ,s“Ή,“μ“,5,,,,ƒKƒX,…“Ή,‰Ί…“Ή,”ª‰¤q,,"3,700 ",‚P’ακ,,40 ,80 ,,,,,,,,,,
Z,13201 ,8 ,”ª‰¤q,0 ,66 ,”ª‰¤qs,γ–μ’¬‚P‚O‚X”Τ‚Q‚P,,"221,000 ","209,000 ",5.7 ,111 ,,1,2,Z‘ξ,‚v,2F,,Z‘ξAƒAƒp[ƒgA‰c‹Ζ“™‚ª¬έ‚·‚ιZ‘ξ’nζ,s“Ή,–k,6,,,,ƒKƒX,…“Ή,‰Ί…“Ή,”ª‰¤q,,"1,400 ",‚PZ‹,€–h,60 ,200 ,,,,,,,,,,
Z,13201 ,8 ,”ª‰¤q,0 ,67 ,”ª‰¤qs,”~’Ψ’¬‚Q‚X‚S”Τ‚U,,"74,300 ","72,300 ",2.8 ,118 ,‘δ`,1.2,1,Z‘ξ,‚v,2F,,κ”ΚZ‘ξ‚Μ’†‚Ι”_’n‚ΰ©‚η‚κ‚ιZ‘ξ’nζ,s“Ή,“μ“,5,,,,,…“Ή,‰Ί…“Ή,”ª‰¤q,,"4,000 ",‚P’ακ,,40 ,80 ,,,,,,,,,,
Z,13201 ,8 ,”ª‰¤q,0 ,68 ,”ª‰¤qs,z–K’¬‚P‚Q‚Q”Τ‚T,,"82,000 ","79,500 ",3.1 ,165 ,,1,1,Z‘ξ,‚v,2F,,’†¬‹K–Ν‚Μκ”ΚZ‘ξ‚ª‘½‚ΆZ‘ξ’nζ,„“Ή,–kΌ,4,,,,ƒKƒX,…“Ή,‰Ί…“Ή,”ª‰¤q,,"5,100 ",‚P’ακ,,40 ,80 ,,,,,*,13201,0 ,50 ,"80,500 ",1.9 
Z,13201 ,8 ,”ª‰¤q,0 ,69 ,”ª‰¤qs,‘δ’¬‚S’–Ϊ‚P‚S‚O”Τ‚V,‘δ’¬‚S|‚R‚Q|‚P‚V,"250,000 ","240,000 ",4.2 ,194 ,,1,2,Z‘ξ,‚v,2F,,κ”ΚZ‘ξ‚Μ‚Ω‚©ƒAƒp[ƒg“™‚ª‚έ‚η‚κ‚ιZ‘ξ’nζ,s“Ή,“,8,,,,ƒKƒX,…“Ή,‰Ί…“Ή,Ό”ª‰¤q,,700 ,‚PZ‹,€–h,60 ,200 ,,,,,,,,,,
Z,13201 ,8 ,”ª‰¤q,0 ,70 ,”ª‰¤qs,ΫR’¬‚P‚U”Τ‚S,,"92,500 ","90,500 ",2.2 ,226 ,,1,1.2,Z‘ξ,‚v,2F,,’†‹K–ΝZ‘ξ‚ª‚Ώ•ΐ‚Τ‹ζ‰ζ®‘R‚Ζ‚µ‚½Z‘ξ’nζ,s“Ή,“μ,6,,,,ƒKƒX,…“Ή,‰Ί…“Ή,¬‹{,,"2,300 ",‚P’ακ,,40 ,80 ,,,,,,,,,,
Z,13201 ,8 ,”ª‰¤q,0 ,71 ,”ª‰¤qs,³”ª‰¤q’¬‚R’–Ϊ‚Q‚P‚T‚R”Τ‚X‚T,,"76,000 ","73,000 ",4.1 ,251 ,,1,1.2,Z‘ξ,‚v,2F,,’†‹K–ΝZ‘ξ‚ª‚Ώ•ΐ‚ΤXΞ’n‚ΜΥΓ‚ΘZ‘ξ’nζ,s“Ή,“μ,7,,,,ƒKƒX,…“Ή,‰Ί…“Ή,‚”φ,,"1,800 ",‚P’ακ,,40 ,80 ,,,,,,,,,,
Z,13201 ,8 ,”ª‰¤q,0 ,72 ,”ª‰¤qs,γ—M–Ψ\κ†‚P‚O‚T‚O”Τ‚R,,"114,000 ","109,000 ",4.6 ,165 ,,1,2,Z‘ξ,‚v,2F,,’†¬‹K–Ν‚Μκ”ΚZ‘ξ‚ª‘½‚­©‚η‚κ‚ιZ‘ξ’nζ,s“Ή,–k,4.2,,,,ƒKƒX,…“Ή,‰Ί…“Ή,“μ‘ε‘ς,,"2,200 ",‚P’ακ,,40 ,80 ,,,,,,,,,,
Z,13201 ,8 ,”ª‰¤q,0 ,73 ,”ª‰¤qs,‚”φ’¬‚P‚V‚R‚R”Τ‚R,,"160,000 ","150,000 ",6.7 ,126 ,,1,1.5,Z‘ξ,‚r,3F,,κ”ΚZ‘ξAƒAƒp[ƒg“™‚ª©‚η‚κ‚ιZ‘ξ’nζ,s“Ή,“,4.7,,,,ƒKƒX,…“Ή,‰Ί…“Ή,‚”φ,,700 ,‚PZ‹,€–h,60 ,200 ,,,,,,,,,,
Z,13201 ,8 ,”ª‰¤q,0 ,74 ,”ª‰¤qs,–k–μ‘δ‚Q’–Ϊ‚X‚S‚P”Τ‚SO,–k–μ‘δ‚Q|‚Q‚X|‚U,"111,000 ","108,000 ",2.8 ,202 ,,1,1,Z‘ξ,‚v,2F,,’†‹K–Νκ”ΚZ‘ξ‚ª‘½‚Ά‚‘δ‚ΜZ‘ξ’nζ,s“Ή,“μ“,5,,,,ƒKƒX,…“Ή,‰Ί…“Ή,–k–μ,,"2,800 ",‚P’ακ,,40 ,80 ,,,,,,,,,,
Z,13201 ,8 ,”ª‰¤q,0 ,75 ,”ª‰¤qs,–k–μ’¬‚T‚R‚T”Τ‚Q‚U,,"220,000 ","204,000 ",7.8 ,121 ,‘δ`,1,1,Z‘ξ,‚k‚r,2F,,κ”ΚZ‘ξ‚Μ’†‚ΙƒAƒp[ƒg‚ª©‚η‚κ‚ιZ‘ξ’nζ,s“Ή,“μ,6,,,,ƒKƒX,…“Ή,‰Ί…“Ή,–k–μ,,410 ,‚PZ‹,€–h,60 ,200 ,,,,,,,,,,
Z,13201 ,8 ,”ª‰¤q,0 ,76 ,”ª‰¤qs,‰z–μ‚Q‚U”Τ‚P‚R,,"191,000 ","178,000 ",7.3 ,124 ,,1,2,Z‘ξ,‚k‚r,2F,,’†‹K–Νκ”ΚZ‘ξAƒAƒp[ƒg“™‚ª¬έ‚·‚ιZ‘ξ’nζ,s“Ή,“,6,,,,ƒKƒX,…“Ή,‰Ί…“Ή,‹‰¤–x”V“ΰ,,"1,100 ",‚Q’†κ,€–h,60 ,200 ,,,,,*,13201,0 ,51 ,"183,000 ",4.4 
Z,13201 ,8 ,”ª‰¤q,0 ,77 ,”ª‰¤qs,— ‚”φ’¬‚P‚P‚P‚Q”Τ‚P,,"40,800 ","40,800 ",0.0 ,466 ,,1,2,Z‘ξ,‚v,2F,,‹X“Ή‰‚Ά‚Ικ”ΚZ‘ξA”_‰ΖZ‘ξ‚ª©‚η‚κ‚ι’nζ,“s“Ή,“μ,4,,,,,…“Ή,‰Ί…“Ή,‚”φ,,"3,000 ",,,40 ,80 ,,’²‹ζ,,,,,,,,
Z,13201 ,8 ,”ª‰¤q,0 ,78 ,”ª‰¤qs,U“c’¬‚R’–Ϊ‚U‚U‚S”Τ‚Q,U“c’¬‚R|‚U|‚Q‚P,"246,000 ","233,000 ",5.6 ,221 ,,1,1,Z‘ξ,‚q‚b,2F,,κ”ΚZ‘ξ‚Μ‚Ω‚©ƒ}ƒ“ƒVƒ‡ƒ““™‚ª‚έ‚η‚κ‚ιZ‘ξ’nζ,s“Ή,–kΌ,6,,,,ƒKƒX,…“Ή,‰Ί…“Ή,Ό”ª‰¤q,,450 ,‚PZ‹,€–h,60 ,200 ,,,,,,,,,,
Z,13201 ,8 ,”ª‰¤q,0 ,79 ,”ª‰¤qs,’†–μR‰¤‚Q’–Ϊ‚Q‚O‚R‚S”Τ‚W,’†–μR‰¤‚Q|‚Q‚P|‚U,"113,000 ","109,000 ",3.7 ,154 ,‘δ`,1,1.5,Z‘ξ,‚v,2F,,κ”ΚZ‘ξ‚Μ‚Ω‚©ƒAƒp[ƒg‚ΰ‚ ‚ιZ‘ξ’nζ,s“Ή,“μ,4.6,,,,ƒKƒX,…“Ή,‰Ί…“Ή,”ª‰¤q,,"3,100 ",‚PZ‹,€–h,60 ,200 ,,,,,,,,,,
Z,13201 ,8 ,”ª‰¤q,0 ,80 ,”ª‰¤qs,¦ƒP‹u‚P’–Ϊ‚P‚O‚O‚P”Τ‚R‚UO,¦ƒP‹u‚P|‚Q‚V|‚Q,"116,000 ","112,000 ",3.6 ,202 ,,1.2,1,Z‘ξ,‚k‚r,2F,,’†‹K–Νκ”ΚZ‘ξ‚ª‘½‚Ά‹u—Λ’n‚ΜZ‘ξ’nζ,s“Ή,–k“,6,,,,ƒKƒX,…“Ή,‰Ί…“Ή,–k–μ,,"1,200 ",‚P’ακ,,40 ,80 ,,,,,,,,,,
Z,13201 ,8 ,”ª‰¤q,0 ,81 ,”ª‰¤qs,“μ‘ε‘ς‚Q’–Ϊ‚P‚W”Τ‚P‚O,,"227,000 ","210,000 ",8.1 ,157 ,,1,1.2,Z‘ξ,‚v,2F,1B,κ”ΚZ‘ξ‚π’†S‚Ι‹ζ‰ζ®‘R‚Ζ‚µ‚½Z‘ξ’nζ,s“Ή,–k,6,,,,ƒKƒX,…“Ή,‰Ί…“Ή,“μ‘ε‘ς,,550 ,‚P’ακ,,40 ,80 ,,,,,,,,,,
Z,13201 ,8 ,”ª‰¤q,0 ,82 ,”ª‰¤qs,–x”V“ΰ‚R’–Ϊ‚P‚V”Τ‚P‚Q,,"198,000 ","185,000 ",7.0 ,196 ,,1,1.2,Z‘ξ,‚v,2F,,’†‹K–Νκ”ΚZ‘ξ‚ª‘½‚ΆΒ‹«‚Μ—Η‚Άω¬Z‘ξ’nζ,s“Ή,“μ,6,,,,ƒKƒX,…“Ή,‰Ί…“Ή,‹‰¤–x”V“ΰ,,700 ,‚P’ακ,,40 ,80 ,,,,,,,,,,
Z,13201 ,8 ,”ª‰¤q,0 ,83 ,”ª‰¤qs,μ’¬‚P‚Q‚W”Τ‚P‚O‚Q,,"76,300 ","74,000 ",3.1 ,170 ,,1,1.2,Z‘ξ,‚k‚r,2F,,κ”ΚZ‘ξ‚ª‚Ώ•ΐ‚Τ‹ζ‰ζ®‘R‚Ζ‚µ‚½Z‘ξ’nζ,s“Ή,“μ“,6,,,,ƒKƒX,…“Ή,‰Ί…“Ή,‚”φ,,"4,300 ",‚P’ακ,,40 ,80 ,,,,,,,,,,
Z,13201 ,8 ,”ª‰¤q,0 ,84 ,”ª‰¤qs,μϋ’¬‚P‚T‚V‚U”Τ‚PO,,"84,900 ","83,000 ",2.3 ,115 ,,1,2,“X•ά“Z‘ξ,‚v,2F,,Z‘ξ‚Μ‚Ω‚©“X•ά‚ΰ©‚η‚κ‚ι“s“Ή‰‚Ά‚ΜZ‘ξ’nζ,“s“Ή,“μ,9.5,,,,,…“Ή,‰Ί…“Ή,”ª‰¤q,,"6,300 ",‚Q’†κ,€–h,60 ,200 ,,,,,,,,,,
Z,13201 ,8 ,”ª‰¤q,0 ,85 ,”ª‰¤qs,z–K’¬‚Q‚P”Τ‚RO,,"103,000 ","99,900 ",3.1 ,171 ,,1,1,Z‘ξ,‚k‚r,2F,,κ”ΚZ‘ξ‚Μ‚Ω‚©‚Ι“X•ά“™‚ª¬έ‚·‚ιZ‘ξ’nζ,“s“Ή,“μΌ,10,,,,ƒKƒX,…“Ή,‰Ί…“Ή,”ª‰¤q,,"5,600 ",‚PZ‹,€–h,60 ,200 ,,,,,,,,,,
Z,13201 ,8 ,”ª‰¤q,0 ,86 ,”ª‰¤qs,³”ª‰¤q’¬‚Q’–Ϊ‚R‚R‚S‚U”Τ‚P‚P,,"88,800 ","86,300 ",2.9 ,209 ,‘δ`,1.2,1,Z‘ξ,‚v,2F,,’†‹K–Νκ”ΚZ‘ξ‚ª‘½‚Ά‹ζ‰ζ®‘R‚Ζ‚µ‚½Z‘ξ’nζ,s“Ή,“μ,5,,,,ƒKƒX,…“Ή,‰Ί…“Ή,‚”φ,,"3,300 ",‚P’ακ,,40 ,80 ,,,,,,,,,,
Z,13201 ,8 ,”ª‰¤q,0 ,87 ,”ª‰¤qs,‹{‰Ί’¬‚T‚X‚T”Τ‚S,,"68,000 ","67,000 ",1.5 ,131 ,,1,1.5,Z‘ξ,‚v,2F,,Z‘ξ‚Ι“X•ά“™‚ª¬έ‚·‚ιX“Ή‰‚Ά‚ΜZ‘ξ’nζ,‘“Ή,“μΌ,9.5,,,,,…“Ή,‰Ί…“Ή,”ª‰¤q,,"7,800 ",‚Q’†κ,€–h,60 ,200 ,,,,,,,,,,
Z,13201 ,8 ,”ª‰¤q,0 ,88 ,”ª‰¤qs,“θ΄’¬‚S‚V‚R”Τ‚Q,,"119,000 ","116,000 ",2.6 ,330 ,,1,1.5,Z‘ξ,‚v,2F,,’α‘wZ‘ξA“X•ά“™‚ª¬έ‚·‚ι“s“Ή‰‚Ά‚ΜZ‘ξ’nζ,“s“Ή,“μΌ,10.5,,,,,…“Ή,‰Ί…“Ή,”ª‰¤q,,"4,700 ",‚PZ‹,€–h,60 ,200 ,,,,,,,,,,
Z,13201 ,8 ,”ª‰¤q,0 ,89 ,”ª‰¤qs,³”ª‰¤q’¬‚P’–Ϊ‚R‚T‚S”Τ‚Q,,"107,000 ","105,000 ",1.9 ,103 ,,1,2,Z‘ξ,‚v,2F,,κ”ΚZ‘ξ‚βφ‰€“™‚ª©‚η‚κ‚ι“s“Ή‰‚Ά‚ΜZ‘ξ’nζ,“s“Ή,“μ“,20,,,,,…“Ή,‰Ί…“Ή,‚”φ,,"2,900 ",€Z‹,€–h,60 ,200 ,,,,,,,,,,
Z,13201 ,8 ,”ª‰¤q,0 ,90 ,”ª‰¤qs,‰΅μ’¬‚S‚S‚S”Τ‚QO,,"123,000 ","119,000 ",3.4 ,100 ,,1,2,“X•ά“Z‘ξ,‚v,2F,,κ”ΚZ‘ξ‚Μ’†‚Ι‹¤“―Z‘ξ“™‚ª©‚η‚κ‚ιZ‘ξ’nζ,s“Ή,“,4,,,,ƒKƒX,…“Ή,‰Ί…“Ή,Ό”ª‰¤q,,"1,600 ",‚P’ακ,,40 ,80 ,,,,,,,,,,
Z,13201 ,8 ,”ª‰¤q,0 ,91 ,”ª‰¤qs,Ό›•ϋ’¬‚P‚P‚O‚U”Τ‚P‚T,,"63,000 ","62,000 ",1.6 ,148 ,,1,2,Z‘ξ,‚v,2F,,κ”ΚZ‘ξ‚ª‚Ώ•ΐ‚ΤxO‚ΜZ‘ξ’nζ,s“Ή,–k,5,,,,,…“Ή,‰Ί…“Ή,‚”φ,,"6,600 ",‚P’ακ,,40 ,80 ,,,,,,,,,,
Z,13201 ,8 ,”ª‰¤q,0 ,92 ,”ª‰¤qs,‹·Τ’¬‚P‚V‚R‚V”Τ‚T,,"163,000 ","155,000 ",5.2 ,212 ,‘δ`,1,2,Z‘ξ,‚v,2F,,κ”ΚZ‘ξA“X•ά“™‚ª©‚η‚κ‚ι“s“Ή‰‚Ά‚ΜZ‘ξ’nζ,“s“Ή,“,16,,,,ƒKƒX,…“Ή,‰Ί…“Ή,‚”φ,,950 ,‚Q’†κ,€–h,60 ,200 ,,,,,,,,,,
Z,13201 ,8 ,”ª‰¤q,0 ,93 ,”ª‰¤qs,Ω’¬‚Q‚X‚W”Τ‚W,,"133,000 ","128,000 ",3.9 ,132 ,,1,1.2,Z‘ξ,‚v,2F,,Z‘ξ‚Μ‚Ω‚©“X•ά“™‚ΰ©‚η‚κ‚ι“s“Ή‰‚Ά‚ΜZ‘ξ’nζ,“s“Ή,–k,10,,,,ƒKƒX,…“Ή,‰Ί…“Ή,‹·Τ,,"1,000 ",‚Q’†κ,€–h,60 ,200 ,,,,,*,13201,0 ,23 ,"129,000 ",3.1 
Z,13201 ,8 ,”ª‰¤q,0 ,94 ,”ª‰¤qs,›“c’¬‚Q‚T‚X”Τ‚T,,"120,000 ","117,000 ",2.6 ,125 ,,1,2,––±“‹¤“―Z‘ξ,‚r,3F,,Z‘ξA–‹Ζ“™‚ª¬έ‚·‚ιX“Ή‰‚Ά‚ΜZ‘ξ’nζ,“s“Ή,–k“,12,,,,ƒKƒX,…“Ή,‰Ί…“Ή,‚ί‚¶‚λ‘δ,,"1,500 ",‚Q’†κ,€–h,60 ,200 ,,,,,,,,,,
Z,13201 ,8 ,”ª‰¤q,0 ,95 ,”ª‰¤qs,›“c’¬‚V‚U‚S”Τ‚Q,,"94,300 ","91,700 ",2.8 ,164 ,,1,1.5,Z‘ξ,‚v,2F,,’†‹K–Νκ”ΚZ‘ξ‚ª‘½‚Ά‹ζ‰ζ®‘R‚Ζ‚µ‚½Z‘ξ’nζ,s“Ή,–kΌ,6,,,,ƒKƒX,…“Ή,‰Ί…“Ή,‚ί‚¶‚λ‘δ,,"2,300 ",‚P’ακ,,40 ,80 ,,,,,,,,,,
Z,13201 ,8 ,”ª‰¤q,0 ,96 ,”ª‰¤qs,‘κR’¬‚Q’–Ϊ‚S‚U‚W”Τ‚VO,,"76,500 ","75,500 ",1.3 ,240 ,‘δ`,1,1,“X•ά“Z‘ξ,‚v,2F,,Z‘ξA“X•άAHκ‚ª¬έ‚·‚ι‘“Ή‰‚Ά‚ΜZ‘ξ’nζ,‘“Ή,–k“,8.5,,,,,…“Ή,‰Ί…“Ή,”ª‰¤q,,"4,800 ",‚Q’†κ,€–h,60 ,200 ,,,,,,,,,,
Z,13201 ,8 ,”ª‰¤q,0 ,98 ,”ª‰¤qs,¬”δι’¬‚P‚O‚Q‚T”Τ‚S,,"135,000 ","132,000 ",2.3 ,276 ,,1,1,Z‘ξ,‚v,2F,,κ”ΚZ‘ξA“X•ά“™‚ª¬έ‚·‚ιX“Ή‰‚Ά‚ΜZ‘ξ’nζ,“s“Ή,“μ,13,,‘¤“Ή,“,ƒKƒX,…“Ή,‰Ί…“Ή,‹‰¤•Π‘q,,"1,100 ",‚Q’†κ,€–h,60 ,200 ,,,,,,,,,,
Z,13201 ,8 ,”ª‰¤q,0 ,99 ,”ª‰¤qs,•Π‘q’¬‚V‚O‚O”Τ‚S,,"181,000 ","174,000 ",4.0 ,269 ,,1,2,‹¤“―Z‘ξ,‚k‚r,2F,,κ”ΚZ‘ξAƒAƒp[ƒg“™‚ª‚Ώ•ΐ‚ΤZ‘ξ’nζ,s“Ή,“,6,,,,ƒKƒX,…“Ή,‰Ί…“Ή,•Π‘q,,300 ,‚Q’†κ,€–h,60 ,200 ,,,,,,,,,,
Z,13201 ,8 ,”ª‰¤q,0 ,100 ,”ª‰¤qs,•Π‘q’¬‚W‚O‚V”Τ‚S,,"181,000 ","172,000 ",5.2 ,155 ,,1,2.5,Z‘ξ,‚k‚r,2F,,κ”ΚZ‘ξAƒAƒp[ƒg“™‚ª©‚η‚κ‚ιZ‘ξ’nζ,s“Ή,“μ“,6,,,,ƒKƒX,…“Ή,‰Ί…“Ή,•Π‘q,,200 ,‚P’ακ,€–h,50 ,100 ,,,,,,,,,,
Z,13201 ,8 ,”ª‰¤q,0 ,101 ,”ª‰¤qs,‹v•ΫR’¬‚P’–Ϊ‚Q‚T”Τ‚R,,"122,000 ","118,000 ",3.4 ,213 ,,1,2,Z‘ξ,‚k‚r,2F,,κ”ΚZ‘ξ‚ª‚Ώ•ΐ‚Τ‹ζ‰ζ®‘R‚Ζ‚µ‚½Z‘ξ’nζ,s“Ή,–k,6,,,,ƒKƒX,…“Ή,‰Ί…“Ή,¬‹{,,"1,100 ",‚P’ακ,,40 ,80 ,,,,,,,,,,
Z,13201 ,8 ,”ª‰¤q,0 ,102 ,”ª‰¤qs,‹Ε’¬‚Q’–Ϊ‚Q‚S‚R”Τ‚RO,‹Ε’¬‚Q|‚V|‚Q‚P,"147,000 ","141,000 ",4.3 ,104 ,,1,1.5,Z‘ξ,‚v,2F,,κ”ΚZ‘ξA‹¤“―Z‘ξ“™‚ª©‚η‚κ‚ιZ‘ξ’nζ,s“Ή,“μ“,6,,,,ƒKƒX,…“Ή,‰Ί…“Ή,”ª‰¤q,,"2,200 ",‚P’†κ,€–h,60 ,200 ,,,,,,,,,,
Z,13201 ,8 ,”ª‰¤q,0 ,103 ,”ª‰¤qs,’·ΐ’¬‚P‚O‚S”Τ‚X‚W,,"107,000 ","103,000 ",3.9 ,191 ,,1,1,Z‘ξ,‚v,2F,,κ”ΚZ‘ξ‚ª‚Ώ•ΐ‚Τ‹ζ‰ζ®‘R‚Ζ‚µ‚½•ªχZ‘ξ’nζ,s“Ή,“μ,6.5,,,,ƒKƒX,…“Ή,‰Ί…“Ή,’·ΐ,,"1,400 ",‚P’ακ,,40 ,80 ,,,,,,,,,,
Z,13201 ,8 ,”ª‰¤q,0 ,104 ,”ª‰¤qs,’·ΐ’¬‚Q‚U‚W”Τ‚P‚P,,"180,000 ","170,000 ",5.9 ,204 ,,1.5,1,‹¤“―Z‘ξ,‚q‚b,3F,,‹¤“―Z‘ξA“X•ά“™‚ª¬έ‚·‚ιX“Ή‰‚Ά‚Μ’nζ,“s“Ή,–k,16,,,,,…“Ή,‰Ί…“Ή,’·ΐ,,500 ,‚Q’†κ,€–h,60 ,200 ,,,,,,,,,,
Z,13201 ,8 ,”ª‰¤q,0 ,105 ,”ª‰¤qs,”όR’¬‚T‚T‚R”Τ‚P,,"36,300 ","36,300 ",0.0 ,248 ,•s®`,1,1,Z‘ξ,‚v,2F,,κ”ΚZ‘ξAμ‹Ζ‚ª©‚η‚κ‚ιX“Ή‰‚Ά‚ΜZ‘ξ’nζ,s“Ή,“μΌ,11,,,,,…“Ή,‰Ί…“Ή,‚”φ,,"7,000 ",,,40 ,80 ,,’²‹ζ,,,,,,,,
Z,13201 ,8 ,”ª‰¤q,0 ,106 ,”ª‰¤qs,‚έ‚Β‚Ά‘δ‚P’–Ϊ‚X‚P‚U”Τ‚S‚V,‚έ‚Β‚Ά‘δ‚P|‚Q‚R|‚V,"101,000 ","96,000 ",5.2 ,221 ,,1,1.2,Z‘ξ,‚v,2F,,’†‹K–Νκ”ΚZ‘ξ‚ª‚Ώ•ΐ‚Τ•ªχZ‘ξ’nζ,s“Ή,“μ,6,,,,ƒKƒX,…“Ή,‰Ί…“Ή,”ª‰¤q,,"4,400 ",‚P’ακ,,40 ,80 ,,,,,,,,,,
Z,13201 ,8 ,”ª‰¤q,0 ,107 ,”ª‰¤qs,Όσμ’¬‚T‚U”Τ‚V,,"113,000 ","108,000 ",4.6 ,109 ,,1.2,1,Z‘ξ,‚v,2F,,’†¬‹K–Νκ”ΚZ‘ξ‚ª‚Ώ•ΐ‚ΤZ‘ξ’nζ,“s“Ή,“μ,5.8,,,,,…“Ή,‰Ί…“Ή,‚”φ,,"1,100 ",‚P’ακ,,40 ,80 ,,,,,,,,,,
Z,13201 ,8 ,”ª‰¤q,0 ,109 ,”ª‰¤qs,¬”δι’¬‚P‚P‚S‚V”Τ‚Q‚Q,,"150,000 ","146,000 ",2.7 ,125 ,,1,2,Z‘ξ,‚v,2F,,κ”ΚZ‘ξ‚ª‚Ώ•ΐ‚Τ‹ζ‰ζ®‘R‚Ζ‚µ‚½Z‘ξ’nζ,s“Ή,“μ,6,,,,ƒKƒX,…“Ή,‰Ί…“Ή,‹‰¤•Π‘q,,"1,200 ",‚P’ακ,,40 ,80 ,,,,,,,,,,
Z,13201 ,8 ,”ª‰¤q,0 ,110 ,”ª‰¤qs,•Π‘q’¬‚Q‚P‚U‚W”Τ‚QO,,"136,000 ","130,000 ",4.6 ,144 ,,1,1.5,Z‘ξ,‚v,2F,,’†¬‹K–Ν‚Μκ”ΚZ‘ξ‚ª‘½‚ΆZ‘ξ’nζ,„“Ή,“μ,4.5,,”w–Κ“Ή,,ƒKƒX,…“Ή,‰Ί…“Ή,•Π‘q,,750 ,‚P’ακ,,40 ,80 ,,,,,,,,,,
Z,13201 ,8 ,”ª‰¤q,0 ,111 ,”ª‰¤qs,‘εa“c’¬‚S’–Ϊ‚P‚W‚R‚X”Τ‚S,‘εa“c’¬‚S|‚R‚Q|‚S,"186,000 ","175,000 ",6.3 ,191 ,,1,1.2,Z‘ξ,‚v,2F,,κ”ΚZ‘ξA‹¤“―Z‘ξ“™‚ª©‚η‚κ‚ιZ‘ξ’nζ,s“Ή,“μ,6,,,,ƒKƒX,…“Ή,‰Ί…“Ή,–k”ª‰¤q,,680 ,‚P’†κ,€–h,60 ,200 ,,,,,,,,,,
Z,13201 ,8 ,”ª‰¤q,0 ,112 ,”ª‰¤qs,’·–[’¬‚P‚S‚R‚P”Τ‚Q,,"115,000 ","111,000 ",3.6 ,186 ,,1,1.5,Z‘ξ,‚k‚r,2F,,κ”ΚZ‘ξ‚Μ‚Ω‚©‹¤“―Z‘ξ‚ΰ©‚η‚κ‚ιZ‘ξ’nζ,s“Ή,“μ,4,,,,ƒKƒX,…“Ή,‰Ί…“Ή,‚”φ,,"1,500 ",‚P’ακ,,40 ,80 ,,,,,,,,,,
Z,13201 ,8 ,”ª‰¤q,0 ,113 ,”ª‰¤qs,Ά–Ϊ’¬‚P‚Q‚O”Τ‚R,,"81,000 ","79,000 ",2.5 ,120 ,,1,2,Z‘ξ,‚v,2F,,’†¬‹K–Νκ”ΚZ‘ξ‚ª‚Ώ•ΐ‚ΤxO‚ΜZ‘ξ’nζ,“ΉH,“μ“,6,,,,ƒKƒX,…“Ή,‰Ί…“Ή,”ª‰¤q,,"5,500 ",‚P’ακ,,40 ,80 ,,,,,,,,,,
Z,13201 ,8 ,”ª‰¤q,0 ,114 ,”ª‰¤qs,‘ε’Λ‚T‚W”Τ‚R‚V,,"160,000 ","153,000 ",4.6 ,150 ,,1.5,1,Z‘ξ,‚v,2F,,’†‹K–Νκ”ΚZ‘ξ‚Μ‚Ώ•ΐ‚ΤXΞ’n‚ΜZ‘ξ’nζ,s“Ή,Ό,5,,,,ƒKƒX,…“Ή,‰Ί…“Ή,‘ε’ΛE’ι‹‘εw,,400 ,‚P’ακ,,40 ,80 ,,,,,,,,,,
Z,13201 ,8 ,”ª‰¤q,0 ,115 ,”ª‰¤qs,‰΅μ’¬‚X‚W‚T”Τ‚T,,"56,500 ","56,500 ",0.0 ,83 ,,1,1.5,Z‘ξ,‚v,2F,,κ”ΚZ‘ξ‚ª‚Ώ•ΐ‚Τ‹u—Λ’n‚ΜZ‘ξ’nζ,„“Ή,“μ,4,,,,ƒKƒX,…“Ή,,Ό”ª‰¤q,,"2,800 ",‚P’ακ,,30 ,50 ,,’²‹ζ,,,,,,,,
Z,13201 ,8 ,”ª‰¤q,0 ,116 ,”ª‰¤qs,Ό–Ψ‚R‚T”Τ‚P‚W,,"217,000 ","200,000 ",8.5 ,281 ,,1,1.5,Z‘ξ,‚v,2F,,’†‹K–Νκ”ΚZ‘ξ‚ª‘½‚Ά‹ζ‰ζ®‘R‚Ζ‚µ‚½Z‘ξ’nζ,s“Ή,“μ“,6,,,,ƒKƒX,…“Ή,‰Ί…“Ή,‹‰¤–x”V“ΰ,,450 ,‚Q’†κ,€–h,60 ,200 ,,,,,,,,,,
Z,13201 ,8 ,”ª‰¤q,0 ,117 ,”ª‰¤qs,³–{‹½’¬‚S’–Ϊ‚S‚P”Τ‚V,³–{‹½’¬‚S|‚V|‚S,"223,000 ","211,000 ",5.7 ,170 ,,1,2,Z‘ξ,‚v,2F,,κ”ΚZ‘ξ‚Μ‚Ω‚©‹¤“―Z‘ξ“™‚ΰ‘¶‚·‚ιZ‘ξ’nζ,s“Ή,“μ,6,,,,ƒKƒX,…“Ή,‰Ί…“Ή,Ό”ª‰¤q,,900 ,€H,€–h,60 ,200 ,,,,,,,,,,
Z,13201 ,8 ,”ª‰¤q,0 ,119 ,”ª‰¤qs,’·ΐ’¬‚P‚Q‚O‚Q”Τ‚R‚S,,"158,000 ","152,000 ",3.9 ,153 ,,1,1.5,Z‘ξ,‚k‚r,2F,,’†‹K–Νκ”ΚZ‘ξ‚ª‚Ώ•ΐ‚ΤZ‘ξ’nζ,s“Ή,–kΌ,4.3,,,,ƒKƒX,…“Ή,‰Ί…“Ή,–k–μ,,600 ,‚P’ακ,,40 ,80 ,,,,,,,,,,
Z,13201 ,8 ,”ª‰¤q,0 ,120 ,”ª‰¤qs,— ‚”φ’¬‚T‚R‚Q”Τ‚U,,"85,100 ","83,400 ",2.0 ,166 ,‘δ`,1.2,1,Z‘ξ,‚v,2F,,κ”ΚZ‘ξ‚Μ‚Ω‚©‹¤“―Z‘ξ“™‚ΰ©‚η‚κ‚ιZ‘ξ’nζ,s“Ή,“μ,6,,,,ƒKƒX,…“Ή,‰Ί…“Ή,‚”φ,,"1,800 ",‚P’ακ,,40 ,80 ,,,,,,,,,,
,13201 ,8 ,”ª‰¤q,0 ,121 ,”ª‰¤qs,¦ƒ–‹u‚R’–Ϊ‚P‚U‚U‚R”Τ‚P‚O‚V,¦ƒ–‹u‚R|‚Q‚W|‚P‚R,"105,000 ",,,188 ,,1,1.2,Z‘ξ,‚v,2F,,κ”ΚZ‘ξ‚ª‚Ώ•ΐ‚Τ•ªχZ‘ξ’nζ,s“Ή,“μΌ,4,,,,ƒKƒX,…“Ή,‰Ί…“Ή,–k–μ,,"1,800 ",‚P’ακ,,40 ,80 ,,,,,,,,,,
Z,13201 ,8 ,”ª‰¤q,0 ,122 ,”ª‰¤qs,Ά–Ϊ’¬‚T‚O‚W”Τ‚P‚R,,"71,000 ","69,500 ",2.2 ,132 ,,1,2,Z‘ξ,‚v,2F,,κ”ΚZ‘ξ‚Μ‘ΌA’“Τκ“™‚ΰ©‚η‚κ‚ιZ‘ξ’nζ,s“Ή,–kΌ,4.5,,,,ƒKƒX,…“Ή,‰Ί…“Ή,”ª‰¤q,,"5,700 ",‚P’ακ,,40 ,80 ,,,,,,,,,,
Z,13201 ,8 ,”ª‰¤q,0 ,123 ,”ª‰¤qs,‘δ’¬‚P’–Ϊ‚S‚W”Τ‚Q‚P,‘δ’¬‚P|‚P‚S|‚P‚O,"219,000 ","207,000 ",5.8 ,102 ,,1,1,Z‘ξ,‚v,2F,,κ”ΚZ‘ξ‚Μ‚Ω‚©‹¤“―Z‘ξ‚ΰ‚έ‚η‚κ‚ιZ‘ξ’nζ,s“Ή,–kΌ,6,,,,ƒKƒX,…“Ή,‰Ί…“Ή,”ª‰¤q,,"1,400 ",‚Q’†κ,€–h,60 ,200 ,,,,,,,,,,
,13201 ,8 ,”ª‰¤q,0 ,124 ,”ª‰¤qs,μϋ’¬‚S‚U‚Q”Τ‚SO,,"56,600 ",,,192 ,,1,1.2,Z‘ξ,‚k‚r,2F,,’†‹K–Νκ”ΚZ‘ξ‚ª‘½‚ΆxO‚Μω¬Z‘ξ’nζ,s“Ή,“,4.2,,,,,…“Ή,‰Ί…“Ή,”ª‰¤q,,"8,500 ",‚P’ακ,,40 ,80 ,,,,,,,,,,
Z,13201 ,8 ,”ª‰¤q,0 ,125 ,”ª‰¤qs,³”ª‰¤q’¬‚P’–Ϊ‚Q‚S‚Q”Τ‚V‚P,,"69,300 ","67,800 ",2.2 ,205 ,,1,1,Z‘ξ,‚v,2F,,κ”ΚZ‘ξ‚ª‚Ώ•ΐ‚Τ‹ζ‰ζ®‘R‚Ζ‚µ‚½Z‘ξ’nζ,s“Ή,“,6,,,,ƒKƒX,…“Ή,‰Ί…“Ή,‚”φ,,"3,300 ",‚P’ακ,,40 ,80 ,,,,,,,,,,
Z,13201 ,8 ,”ª‰¤q,0 ,126 ,”ª‰¤qs,–x”V“ΰO†‚Q‚T‚U”Τ‚W‚R,,"160,000 ","150,000 ",6.7 ,187 ,,1,1.5,Z‘ξ,‚k‚r,2F,,ΛZ‘ξ‚ª‚Ώ•ΐ‚Τ‹ζ‰ζ®‘R‚Ζ‚µ‚½V‹»Z‘ξ’nζ,s“Ή,–kΌ,6,,,,ƒKƒX,…“Ή,‰Ί…“Ή,‹‰¤–x”V“ΰ,,"1,300 ",‚P’ακ,,40 ,80 ,,,,,,,,,,
Z,13201 ,8 ,”ª‰¤q,0 ,127 ,”ª‰¤qs,γ–μ’¬‚P‚Q‚P”Τ‚P‚O,,"243,000 ","230,000 ",5.7 ,180 ,,1,1.5,Z‘ξ,‚v,2F,,κ”ΚZ‘ξ‚π’†S‚Ι‹¤“―Z‘ξ“™‚ΰ©‚η‚κ‚ιZ‘ξ’nζ,s“Ή,–k,5,,,,ƒKƒX,…“Ή,‰Ί…“Ή,”ª‰¤q,,"1,400 ",‚PZ‹,€–h,60 ,200 ,,,,,,,,,,
Z,13201 ,8 ,”ª‰¤q,5 ,1 ,”ª‰¤qs,®’¬‚P‚W”Τ‚R,®’¬‚Q|‚U,"3,000,000 ","2,840,000 ",5.6 ,102 ,‘δ`,1,1.2,“X•ά,‚r‚q‚b,8F,1B,’†‚‘w‚Μ“X•άƒrƒ‹“™‚ª‚Ώ•ΐ‚Τ‰w‘O‚Μ¤‹Ζ’nζ,“ΉH,“,0,‰w‘OLκ,,,ƒKƒX,…“Ή,‰Ί…“Ή,”ª‰¤q,‰w‘OLκΪ–Κ,0 ,¤‹Ζ,–h‰Ξ,80 ,600 ,,,,,,,,,,
Z,13201 ,8 ,”ª‰¤q,5 ,2 ,”ª‰¤qs,’†’¬‚P‚Q”Τ‚T,’†’¬‚R|‚P‚S,"700,000 ","620,000 ",12.9 ,346 ,,1.2,1,“X•ά“‹¤“―Z‘ξ,‚q‚b,12F,,’†‚‘w‚Μ¤‹Ζƒrƒ‹“™‚ª‚Ώ•ΐ‚Τ¤‹Ζ’nζ,s“Ή,“,15,,‘¤“Ή,“μ,ƒKƒX,…“Ή,‰Ί…“Ή,”ª‰¤q,,360 ,¤‹Ζ,–h‰Ξ,80 ,600 ,,,,,*,13201,5 ,11 ,"647,000 ",8.2 
Z,13201 ,8 ,”ª‰¤q,5 ,3 ,”ª‰¤qs,–{’¬‚Q‚S”Τ‚S,–{’¬‚Q‚Q|‚R,"260,000 ","244,000 ",6.6 ,221 ,,1,2.5,“X•ά“‹¤“―Z‘ξ,‚q‚b,3F,,’†‘w‚Μ“X•ά“‹¤“―Z‘ξ‚ª‘½‚Ά‹ί—Χ¤‹Ζ’nζ,s“Ή,“μ,11,,‘¤“Ή,Ό,ƒKƒX,…“Ή,‰Ί…“Ή,”ª‰¤q,,"1,300 ",‹ί¤,€–h,80 ,300 ,,,,,,,,,,
Z,13201 ,8 ,”ª‰¤q,5 ,4 ,”ª‰¤qs,‘δ’¬‚S’–Ϊ‚P‚T‚P”Τ‚R,‘δ’¬‚S|‚S‚S|‚T,"433,000 ","405,000 ",6.9 ,151 ,,1,1.5,“X•ά“‹¤“―Z‘ξ,‚q‚b,7F,,¬”„“X•άA––±‚ª‘½‚Ά‰w‘O”wγ‚Μ¤‹Ζ’nζ,s“Ή,“μΌ,8,,‘¤“Ή,“μ“,ƒKƒX,…“Ή,‰Ί…“Ή,Ό”ª‰¤q,,120 ,¤‹Ζ,–h‰Ξ,80 ,600 ,,,,,,,,,,
Z,13201 ,8 ,”ª‰¤q,5 ,5 ,”ª‰¤qs,“V_’¬‚Q”Τ‚P‚SO,,"280,000 ","255,000 ",9.8 ,329 ,,1,1,––±“‹¤“―Z‘ξ,‚q‚b,6F,,’†‘w“X•ά•Ή—pZ‘ξ‚ª‘½‚Ά‹ί—Χ¤‹Ζ’nζ,s“Ή,–k,11,,,,ƒKƒX,…“Ή,‰Ί…“Ή,”ª‰¤q,,"1,100 ",‹ί¤,€–h,80 ,300 ,,,,,,,,,,
Z,13201 ,8 ,”ª‰¤q,5 ,6 ,”ª‰¤qs,‹Ε’¬‚P’–Ϊ‚V‚X‚T”Τ‚S,‹Ε’¬‚P|‚Q‚P|‚X,"186,000 ","180,000 ",3.3 ,122 ,,2,1,“X•ά“Z‘ξ,‚v,3F,,’α‘w‚Μ“X•ά“Z‘ξ“™‚ª‚Ώ•ΐ‚ΤHό¤‹Ζ’nζ,‘“Ή,Ό,25,,,,ƒKƒX,…“Ή,‰Ί…“Ή,”ª‰¤q,,"2,300 ",‹ί¤,€–h,80 ,300 ,,,,,,,,,,
Z,13201 ,8 ,”ª‰¤q,5 ,7 ,”ª‰¤qs,”ª”¦’¬‚P‚O”Τ‚V,”ª”¦’¬‚T|‚P‚P,"303,000 ","288,000 ",5.2 ,189 ,,1,3,“X•ά“Z‘ξ,‚r,3F,,¬‹K–Ν“X•ά‚Μ‚Ω‚©ƒ}ƒ“ƒVƒ‡ƒ“‚ª©‚η‚κ‚ι¤‹Ζ’nζ,‘“Ή,–k,22,,,,ƒKƒX,…“Ή,‰Ί…“Ή,”ª‰¤q,,"1,400 ",¤‹Ζ,–h‰Ξ,80 ,600 ,,,,,,,,,,
Z,13201 ,8 ,”ª‰¤q,5 ,8 ,”ª‰¤qs,–Ύ_’¬‚S’–Ϊ‚S‚V‚R”Τ‚QO,–Ύ_’¬‚S|‚Q|‚P‚W,"480,000 ","449,000 ",6.9 ,178 ,‘δ`,2,1,“X•ά“––±,‚q‚b,5F,,’†‚‘w‚Μ“X•άA––±“™‚ª‚Ώ•ΐ‚Τ¤‹Ζ’nζ,‘“Ή,–k,22,,,,ƒKƒX,…“Ή,‰Ί…“Ή,‹‰¤”ª‰¤q,,220 ,¤‹Ζ,–h‰Ξ,80 ,600 ,,,,,,,,,,
Z,13201 ,8 ,”ª‰¤q,5 ,9 ,”ª‰¤qs,Oθ’¬‚P‚X”Τ‚S,Oθ’¬‚T|‚P‚O,"482,000 ","444,000 ",8.6 ,107 ,,1,2,“X•άA––±“Z‘ξ,‚q‚b,4F,,’†‹K–Ν“X•ά‚ª–§W‚·‚ιω¬¤‹Ζ’nζ,s“Ή,Ό,7.5,,,,ƒKƒX,…“Ή,‰Ί…“Ή,”ª‰¤q,,440 ,¤‹Ζ,–h‰Ξ,80 ,600 ,,,,,,,,,,
Z,13201 ,8 ,”ª‰¤q,5 ,10 ,”ª‰¤qs,•ΐ–Ψ’¬‚T‚O‚O”Τ‚P‚Q,•ΐ–Ψ’¬‚W|‚P‚U,"200,000 ","188,000 ",6.4 ,168 ,,1,2,––±“‹¤“―Z‘ξ,‚r,3F,,“X•ά•Ή—pZ‘ξA––±“™‚ª¬έ‚·‚ιHό¤‹Ζ’nζ,‘“Ή,–kΌ,22,,,,ƒKƒX,…“Ή,‰Ί…“Ή,Ό”ª‰¤q,,"1,000 ",‹ί¤,€–h,80 ,300 ,,,,,*,13201,5 ,12 ,"192,000 ",4.2 
Z,13201 ,8 ,”ª‰¤q,5 ,11 ,”ª‰¤qs,‰΅R’¬‚P‚P‚X”Τ‚Q,‰΅R’¬‚X|‚P‚R,"520,000 ","480,000 ",8.3 ,118 ,,1.2,1,“X•ά“––±,‚q‚b,5F,,’†‚‘w‚Μ“X•άA––±ƒrƒ‹‚ª‚Ώ•ΐ‚Τ¤‹Ζ’nζ,‘“Ή,–k,22,,,,ƒKƒX,…“Ή,‰Ί…“Ή,”ª‰¤q,,580 ,¤‹Ζ,–h‰Ξ,80 ,600 ,,,,,,,,,,
Z,13201 ,8 ,”ª‰¤q,5 ,12 ,”ª‰¤qs,qΐ’¬‚P’–Ϊ‚T‚R‚U”Τ‚R‚R,qΐ’¬‚P|‚R‚Q|‚P‚U,"370,000 ","335,000 ",10.4 ,165 ,,1,1,“X•ά“‹¤“―Z‘ξ,‚q‚b,4F,,“X•άA‹¤“―Z‘ξA––±“™‚ª¬έ‚·‚ι¤‹Ζ’nζ,“s“Ή,–k“,7.2,,,,ƒKƒX,…“Ή,‰Ί…“Ή,”ª‰¤q,,520 ,‹ί¤,€–h,80 ,300 ,,,,,,,,,,
Z,13201 ,8 ,”ª‰¤q,5 ,13 ,”ª‰¤qs,“’¬‚Q‚S”Τ‚P,“’¬‚V|‚S,"1,470,000 ","1,390,000 ",5.8 ,430 ,,1,1.5,“X•ά,‚r‚q‚b,8F,1B,’†‚‘w“X•άA––±ƒrƒ‹‚Μ‚Ώ•ΐ‚Τ‰w‘O¤‹Ζ’nζ,s“Ή,Ό,30,,”w–Κ“Ή,,ƒKƒX,…“Ή,‰Ί…“Ή,”ª‰¤q,,200 ,¤‹Ζ,–h‰Ξ,80 ,600 ,,,,,,,,,,
Z,13201 ,8 ,”ª‰¤q,5 ,14 ,”ª‰¤qs,“σμ’¬‚S‚T”Τ‚T,,"166,000 ","160,000 ",3.8 ,115 ,,1,1,“X•ά“Z‘ξ,‚v,3F,,κ”ΚZ‘ξA–‹Ζ“™¬έ‚Μ‘“Ή‰‚Ά‚Μ¤‹Ζ’nζ,‘“Ή,–k,23,,,,ƒKƒX,…“Ή,‰Ί…“Ή,‚”φ,,"1,400 ",€Z‹,€–h,60 ,200 ,,,,,,,,,,
Z,13201 ,8 ,”ª‰¤q,5 ,15 ,”ª‰¤qs,­“c’¬‚T‚P‚R”Τ‚P‚S,,"197,000 ","188,000 ",4.8 ,198 ,,1,2,“X•ά“‹¤“―Z‘ξ,‚r,4F,,ƒ}ƒ“ƒVƒ‡ƒ“A“X•ά¬έ‚Μ²ό“ΉH‰‚Ά‚Μ¤‹Ζ’nζ,s“Ή,–k,25,,,,,…“Ή,‰Ί…“Ή,‚ί‚¶‚λ‘δ,,900 ,€Z‹,€–h,60 ,200 ,,,,,,,,,,
Z,13201 ,8 ,”ª‰¤q,5 ,16 ,”ª‰¤qs,—Ξ’¬‚Q‚X‚P”Τ‚U,,"167,000 ","161,000 ",3.7 ,165 ,,1,1,“X•ά“Z‘ξ,‚r,3F,1B,“X•άAƒ}ƒ“ƒVƒ‡ƒ““™‚ª‚Ώ•ΐ‚ΤHό¤‹Ζ’nζ,“s“Ή,Ό,12,,‘¤“Ή,–k,ƒKƒX,…“Ή,‰Ί…“Ή,R“c,,160 ,€Z‹,€–h,60 ,200 ,,,,,,,,,,
Z,13201 ,8 ,”ª‰¤q,5 ,17 ,”ª‰¤qs,‰Ί—M–Ψ‚Q’–Ϊ‚P‚O”Τ‚QO,,"177,000 ","170,000 ",4.1 ,357 ,,1,1.2,“X•άA––±“Z‘ξ,‚r,3F,,Z‘ξA“X•άAƒAƒp[ƒg“™‚ª¬έ‚·‚ι¤‹Ζ’nζ,“s“Ή,–k,20,,,,ƒKƒX,…“Ή,‰Ί…“Ή,“μ‘ε‘ς,,"2,300 ",€Z‹,€–h,60 ,200 ,,,,,,,,,,
Z,13201 ,8 ,”ª‰¤q,5 ,18 ,”ª‰¤qs,Ό–Ψ‚R‚Q”Τ‚P‚TO,,"238,000 ","225,000 ",5.8 ,"1,000 ",,1.2,1,“X•ά“‹¤“―Z‘ξ,‚q‚b,4F,,“X•άAƒ}ƒ“ƒVƒ‡ƒ““™‚ª¬έ‚·‚ιHό¤‹Ζ’nζ,“s“Ή,“μ“,30,,‘¤“Ή,–k“,ƒKƒX,…“Ή,‰Ί…“Ή,‹‰¤–x”V“ΰ,,650 ,€Z‹,€–h,60 ,200 ,,,,,,,,,,
Z,13201 ,8 ,”ª‰¤q,9 ,1 ,”ª‰¤qs,–k–μ’¬‚T‚W‚V”Τ‚Q,,"165,000 ","160,000 ",3.1 ,"5,049 ",‘δ`,1,2.5,‰ΧJ“––±,‚r,2F,,––±A‰µsκA“X•ά“™‚ª¬έ‚·‚ιH‹Ζ’nζ,s“Ή,–k“,16,,O•ϋH,,ƒKƒX,…“Ή,‰Ί…“Ή,–k–μ,,"1,100 ",H‹Ζ,€–h,60 ,200 ,,,,,,,,,,
Z,13201 ,8 ,”ª‰¤q,9 ,2 ,”ª‰¤qs,Ξμ’¬‚Q‚X‚U‚W”Τ‚XO,,"142,000 ","133,000 ",6.8 ,"8,433 ",,1,1.5,‘qΙ,‚q‚b,2F,1B,’†‹K–ΝHκA‘qΙ“™‚Μ‚Ώ•ΐ‚ΤH‹Ζ’c’n,s“Ή,–k“,12,,,,ƒKƒX,…“Ή,‰Ί…“Ή,–k”ª‰¤q,,500 ,Hκ,€–h,60 ,200 ,,,,,*,13201,9 ,2 ,"138,000 ",2.9 
Z,13201 ,8 ,”ª‰¤q,13 ,1 ,”ª‰¤qs,”όR’¬‚X‚S‚U”Τ,,"1,560 ","1,560 ",0.0 ,"3,285 ",•s®`,0,0,R—ΡiG–Ψ—Ρj,,,,sX‰»‹ζζ‚Ι‹ίΪ‚·‚ιG–Ψ—Ρ‚Μ‘½‚Ά’nζ,“ΉH,“,1.8,,,,,,,‚”φ,,"6,200 ",,,0 ,0 ,,’²‹ζ,’nXv,,,,,,,
Z,13201 ,8 ,”ª‰¤q,13 ,2 ,”ª‰¤qs,γ—M–Ψ\Z†‚P‚U‚S‚S”ΤƒC,,"2,580 ","2,600 ",-0.8 ,"3,553 ",•s®`,0,0,R—ΡiG–Ψ—Ρj,,,,sX‰»‹ζζ‚Ι‹ίΪ‚·‚ιG–Ψ—Ρ‚ª‘½‚Ά’nζ,“ΉH,“μ,1.5,,,,,,,“μ‘ε‘ς,,"2,100 ",,,0 ,0 ,,’²‹ζ,’nXv,,,,,,,
Z,13201 ,8 ,”ª‰¤q,13 ,3 ,”ª‰¤qs,μϋ’¬‚Q‚S‚T‚T”Τ,,"1,700 ","1,700 ",0.0 ,"7,745 ",•s®`,0,0,R—ΡiG–Ψ—Ρj,,,,sX‰»‹ζζ‚Ι‹ίΪ‚·‚ιG–Ψ—Ρ‚Μ‘½‚Ά’nζ,“ΉH,“,1.8,,‘¤“Ή,“μ,,,,”ª‰¤q,,"7,800 ",,,0 ,0 ,,’²‹ζ,’nXv,,,,,,,
Z,13202 ,8 ,—§μ,0 ,1 ,—§μs,‹Ρ’¬‚R’–Ϊ‚V‚W”Τ‚P,‹Ρ’¬‚R|‚P‚Q|‚Q‚R,"470,000 ","435,000 ",8.0 ,"1,147 ",,1,2,‹¤“―Z‘ξ,‚q‚b,5F,,‹¤“―Z‘ξ‚π’†S‚Ικ”ΚZ‘ξ“™‚ª¬έ‚·‚ιZ‘ξ’nζ,s“Ή,–kΌ,6.5,,‘¤“Ή,“μΌ,ƒKƒX,…“Ή,‰Ί…“Ή,—§μ,,"1,100 ",‚P’†κ,€–h,60 ,200 ,,,,,,,,,,
Z,13202 ,8 ,—§μ,0 ,2 ,—§μs,‚Ό’¬‚Q’–Ϊ‚P‚S”Τ‚P‚U,‚Ό’¬‚Q|‚P‚P|‚P‚U,"410,000 ","384,000 ",6.8 ,165 ,,1,1,Z‘ξ,‚v,2F,,κ”ΚZ‘ξAƒAƒp[ƒg“™‚ª¬έ‚·‚ιZ‘ξ’nζ,s“Ή,–k“,4,,,,ƒKƒX,…“Ή,‰Ί…“Ή,—§μ,,"1,200 ",‚PZ‹,€–h,60 ,200 ,,,,,,,,,,
Z,13202 ,8 ,—§μ,0 ,3 ,—§μs,K’¬‚U’–Ϊ‚P‚T”Τ‚Q‚R,,"272,000 ","258,000 ",5.4 ,100 ,,1,1.5,Z‘ξ,‚v,2F,,κ”ΚZ‘ξAƒAƒp[ƒg“™‚ª¬έ‚·‚ιZ‘ξ’nζ,„“Ή,–kΌ,4,,,,ƒKƒX,…“Ή,‰Ί…“Ή,‹Κμγ…,,550 ,‚P’ακ,,40 ,80 ,,,,,,,,,,
Z,13202 ,8 ,—§μ,0 ,4 ,—§μs,α—t’¬‚Q’–Ϊ‚Q‚V”Τ‚V,,"231,000 ","220,000 ",5.0 ,130 ,,1,1.5,Z‘ξ,‚v,2F,,ό•Σ‚Ι”_’n‚ª©‚η‚κ‚ι‰ζ’n‚Μ®‚Α‚½Z‘ξ’nζ,s“Ή,“,6,,,,ƒKƒX,…“Ή,‰Ί…“Ή,‘—§,,"2,500 ",‚P’ακ,,40 ,80 ,,,,,,,,,,
Z,13202 ,8 ,—§μ,0 ,5 ,—§μs,Δθ’¬‚P’–Ϊ‚P‚S‚X”Τ‚R,Δθ’¬‚P|‚P‚P|‚W,"354,000 ","323,000 ",9.6 ,165 ,‘δ`,1,1,Z‘ξ,‚v,2F,,κ”ΚZ‘ξ‚π•W€‚Ι“X•ά‚ΰU©‚³‚κ‚ι¬έZ‘ξ’nζ,“s“Ή,“μ,7.7,,,,ƒKƒX,…“Ή,‰Ί…“Ή,—§μ,,"1,400 ",‚P’†κ,€–h,60 ,200 ,,,,,,,,,,
Z,13202 ,8 ,—§μ,0 ,6 ,—§μs,•xm©’¬‚Q’–Ϊ‚P‚U‚Q”Τ,•xm©’¬‚Q|‚P‚R|‚W,"375,000 ","348,000 ",7.8 ,146 ,,1,1,Z‘ξ,‚v,2F,,’†‹K–Νκ”ΚZ‘ξAƒAƒp[ƒg“™‚Μ¬έ‚·‚ιZ‘ξ’nζ,s“Ή,“μ,3.6,,,,ƒKƒX,…“Ή,‰Ί…“Ή,—§μ,,"1,000 ",‚P’†κ,€–h,60 ,200 ,,,,,,,,,,
Z,13202 ,8 ,—§μ,0 ,7 ,—§μs,‰Hί’¬‚Q’–Ϊ‚Q‚W”Τ‚R‚T,‰Hί’¬‚Q|‚Q‚S|‚T,"351,000 ","330,000 ",6.4 ,132 ,,1.2,1,Z‘ξ,‚v,2F,,κ”ΚZ‘ξ‚Μ‚Ω‚©ƒAƒp[ƒg“™‚ª©‚η‚κ‚ιZ‘ξ’nζ,s“Ή,“,4,,,,ƒKƒX,…“Ή,‰Ί…“Ή,Ό‘—§,,600 ,‚P’ακ,,40 ,80 ,,,,,,,,,,
Z,13202 ,8 ,—§μ,0 ,8 ,—§μs,Δθ’¬‚S’–Ϊ‚P‚T‚U”Τ‚PO,Δθ’¬‚S|‚P‚T|‚P‚O,"366,000 ","331,000 ",10.6 ,136 ,,1,2,Z‘ξ,‚v,2F,,κ”ΚZ‘ξ‚Μ’†‚ΙƒAƒp[ƒg‚ª©‚η‚κ‚ιω¬Z‘ξ’nζ,s“Ή,“μ,4.5,,,,ƒKƒX,…“Ή,‰Ί…“Ή,—§μ,,"1,300 ",‚P’ακ,,40 ,80 ,,,,,,,,,,
Z,13202 ,8 ,—§μ,0 ,9 ,—§μs,Ό»’¬‚P’–Ϊ‚R‚X”Τ‚S‚P,,"207,000 ","197,000 ",5.1 ,128 ,,1,1.2,Z‘ξ,‚v,2F,,κ”ΚZ‘ξ‚ª‘‚¦‚Β‚Β‚ ‚ι”_’n‚Μc‚ιZ‘ξ’nζ,s“Ή,Ό,5,,,,ƒKƒX,…“Ή,‰Ί…“Ή,Ό•—§μ,,500 ,‚P’ακ,,40 ,80 ,,,,,,,,,,
,13202 ,8 ,—§μ,0 ,10 ,—§μs,»μ’¬‚P’–Ϊ‚S‚Q”Τ‚Q,,"206,000 ",,,143 ,‘δ`,1,2,Z‘ξ,‚v,2F,,κ”ΚZ‘ξ‚Μ’†‚Ι”_’n“™‚ª©‚η‚κ‚ιZ‘ξ’nζ,s“Ή,“μΌ,5.5,,,,ƒKƒX,…“Ή,‰Ί…“Ή,•‘ »μ,,"1,600 ",‚P’ακ,,40 ,80 ,,,,,,,,,,
Z,13202 ,8 ,—§μ,0 ,11 ,—§μs,’¬‚R’–Ϊ‚Q‚P‚U”Τ‚S‚W‚T,’¬‚R|‚Q‚W|‚P‚T,"345,000 ","326,000 ",5.8 ,110 ,,1,1.5,Z‘ξ,‚k‚r,2F,,κ”ΚZ‘ξ‚ª®‘R‚Ζ‚Ώ•ΐ‚ΤΛZ‘ξ’nζ,s“Ή,–k,5,,,,ƒKƒX,…“Ή,‰Ί…“Ή,—§μ,,"1,400 ",‚P’ακ,€–h,50 ,100 ,,,,,,,,,,
Z,13202 ,8 ,—§μ,0 ,12 ,—§μs,‰Hί’¬‚R’–Ϊ‚R‚S”Τ‚UO,‰Hί’¬‚R|‚U|‚T,"338,000 ","315,000 ",7.3 ,115 ,,1,1,Z‘ξ,‚v,2F,,κ”ΚZ‘ξAƒAƒp[ƒg“™‚ª¬έ‚·‚ιZ‘ξ’nζ,s“Ή,–kΌ,5,,,,ƒKƒX,…“Ή,‰Ί…“Ή,Ό‘—§,,500 ,‚P’ακ,,40 ,80 ,,,,,,,,,,
Z,13202 ,8 ,—§μ,0 ,13 ,—§μs,‰h’¬‚T’–Ϊ‚S‚V”Τ‚T,,"288,000 ","270,000 ",6.7 ,181 ,,1,1.5,Z‘ξ,‚v,2F,,κ”ΚZ‘ξ‚Μ‚Ω‚©ƒAƒp[ƒg“™‚ΰ¬έ‚·‚ιZ‘ξ’nζ,s“Ή,“μΌ,4,,,,ƒKƒX,…“Ή,‰Ί…“Ή,ς‘ΜηΩ,,850 ,‚P’ακ,,40 ,80 ,,,,,*,13202,0 ,15 ,"280,000 ",2.9 
Z,13202 ,8 ,—§μ,0 ,14 ,—§μs,K’¬‚S’–Ϊ‚Q‚U”Τ‚V,,"253,000 ","237,000 ",6.8 ,101 ,,1,1.5,Z‘ξ,‚v,2F,,¬‹K–Νκ”ΚZ‘ξ‚ª‚Ώ•ΐ‚ΤZ‘ξ’nζ,s“Ή,“,5,,,,ƒKƒX,…“Ή,‰Ί…“Ή,»μµ”Τ,,"1,300 ",‚P’ακ,,40 ,80 ,,,,,,,,,,
Z,13202 ,8 ,—§μ,0 ,15 ,—§μs,”’¬‚R’–Ϊ‚R‚Q”Τ‚P‚W,,"275,000 ","263,000 ",4.6 ,174 ,,1,1.2,Z‘ξ,‚v,2F,1B,κ”ΚZ‘ξ‚Μ‚Ω‚©”_’n‚ª©‚η‚κ‚ιZ‘ξ’nζ,s“Ή,“,4,,,,ƒKƒX,…“Ή,‰Ί…“Ή,»μµ”Τ,,500 ,‚P’ακ,,40 ,80 ,,,,,,,,,,
Z,13202 ,8 ,—§μ,0 ,16 ,—§μs,»μ’¬‚V’–Ϊ‚T‚U”Τ‚U‚XO,,"200,000 ","190,000 ",5.3 ,130 ,,1.5,1,Z‘ξ,‚v,2F,,’†‹K–Νκ”ΚZ‘ξ‚ª‚Ώ•ΐ‚ΤZ‘ξ’nζ,s“Ή,“,6,,,,ƒKƒX,…“Ή,‰Ί…“Ή,‹Κμγ…,,"1,600 ",‚P’ακ,,40 ,80 ,,,,,,,,,,
Z,13202 ,8 ,—§μ,0 ,17 ,—§μs,»μ’¬‚S’–Ϊ‚Q‚V”Τ‚R‚QO,,"205,000 ","196,000 ",4.6 ,134 ,,1,1,Z‘ξ,‚v,2F,,κ”ΚZ‘ξ‚Μ‚Ω‚©‚ΙƒAƒp[ƒg‚ª¬έ‚·‚ιZ‘ξ’nζ,s“Ή,–kΌ,6.5,,,,ƒKƒX,…“Ή,‰Ί…“Ή,•‘ »μ,,"1,100 ",‚P’ακ,,40 ,80 ,,,,,,,,,,
Z,13202 ,8 ,—§μ,0 ,18 ,—§μs,Ό»’¬‚T’–Ϊ‚T‚R”Τ‚P‚R,,"156,000 ","149,000 ",4.7 ,143 ,,1,2,Z‘ξ,‚v,2F,,κ”ΚZ‘ξ‚Μ’†‚Ι”_’n“™‚ΰ©‚η‚κ‚ιZ‘ξ’nζ,s“Ή,“,6.5,,,,ƒKƒX,…“Ή,‰Ί…“Ή,Ό•—§μ,,"1,500 ",‚P’ακ,,40 ,80 ,,,,,,,,,,
Z,13202 ,8 ,—§μ,0 ,19 ,—§μs,K’¬‚Q’–Ϊ‚S‚P”Τ‚P‚W,,"280,000 ","263,000 ",6.5 ,132 ,,2,1,Z‘ξ,‚v,2F,,κ”ΚZ‘ξA“X•ά“™‚ª¬έ‚·‚ιX“Ή‰‚Ά‚ΜZ‘ξ’nζ,“s“Ή,–k,10.8,,‘¤“Ή,Ό,ƒKƒX,…“Ή,‰Ί…“Ή,»μµ”Τ,,450 ,‚PZ‹,€–h,60 ,200 ,,,,,,,,,,
Z,13202 ,8 ,—§μ,0 ,20 ,—§μs,‰h’¬‚S’–Ϊ‚R‚U”Τ‚P‚P,,"311,000 ","290,000 ",7.2 ,103 ,,1,2,Z‘ξ,‚v,2F,,¬‹K–Νκ”ΚZ‘ξ‚ª‘½‚ΆX‹ζ‚Μ®‚Α‚½Z‘ξ’nζ,s“Ή,–kΌ,4,,,,ƒKƒX,…“Ή,‰Ί…“Ή,—§μ,,"2,000 ",‚P’ακ,,40 ,80 ,,,,,,,,,,
Z,13202 ,8 ,—§μ,0 ,21 ,—§μs,»μ’¬‚R’–Ϊ‚T”Τ‚PO,,"224,000 ","213,000 ",5.2 ,170 ,,1,1.5,Z‘ξ,‚v,2F,,Z‘ξA“X•ά“™‚ª¬έ‚·‚ι²όXH‰‚Ά‚ΜZ‘ξ’nζ,“s“Ή,“μ,15,,,,,…“Ή,‰Ί…“Ή,•‘ »μ,,"1,000 ",‚PZ‹,€–h,60 ,200 ,,,,,,,,,,
Z,13202 ,8 ,—§μ,0 ,22 ,—§μs,γ»’¬‚S’–Ϊ‚S‚U”Τ‚Q‚V,,"210,000 ","200,000 ",5.0 ,122 ,,1,1.5,Z‘ξ,‚v,2F,,κ”ΚZ‘ξ‚Μ‚Ω‚©‚Ι‹σ’n“™‚ª©‚η‚κ‚ιZ‘ξ’nζ,„“Ή,“,6,,,,,…“Ή,‰Ί…“Ή,•‘ »μ,,400 ,‚P’ακ,,40 ,80 ,,,,,,,,,,
Z,13202 ,8 ,—§μ,0 ,23 ,—§μs,‹Ρ’¬‚T’–Ϊ‚P‚U‚V”Τ‚Q‚WO,‹Ρ’¬‚T|‚P‚U|‚V,"399,000 ","360,000 ",10.8 ,114 ,,1.5,1,Z‘ξ,‚v,2F,,κ”ΚZ‘ξAƒAƒp[ƒg“™‚ª©‚η‚κ‚ιZ‘ξ’nζ,s“Ή,“,4.5,,,,ƒKƒX,…“Ή,‰Ί…“Ή,—§μ,,"1,400 ",‚P’ακ,,40 ,80 ,,,,,*,13202,0 ,14 ,"382,000 ",4.5 
Z,13202 ,8 ,—§μ,0 ,24 ,—§μs,Δθ’¬‚Q’–Ϊ‚P‚U‚V”Τ‚P‚P,Δθ’¬‚Q|‚Q‚Q|‚S,"600,000 ","555,000 ",8.1 ,267 ,,1,1,Z‘ξ,‚v,2F,,’†‹K–Νκ”ΚZ‘ξ‚ª‘½‚Ά‹ζ‰ζ®‘R‚Ζ‚µ‚½Z‘ξ’nζ,s“Ή,“μ“,7.3,,,,ƒKƒX,…“Ή,‰Ί…“Ή,—§μ,,600 ,‚P’†κ,€–h,60 ,200 ,,,,,,,,,,
Z,13202 ,8 ,—§μ,0 ,25 ,—§μs,‰h’¬‚S’–Ϊ‚Q‚P”Τ‚P‚U,,"332,000 ","309,000 ",7.4 ,116 ,,1,1,–‹Ζ“Z‘ξ,‚v,2F,,Z‘ξ‚πε‚Ζ‚µA–‹Ζ“™‚ΰ©‚η‚κ‚ιZ‘ξ’nζ,s“Ή,–k,8,,,,ƒKƒX,…“Ή,‰Ί…“Ή,—§μ,,"2,000 ",€H,€–h,60 ,200 ,,,,,,,,,,
Z,13202 ,8 ,—§μ,0 ,26 ,—§μs,‹Ρ’¬‚U’–Ϊ‚T‚W”Τ,‹Ρ’¬‚U|‚X|‚Q‚R,"340,000 ","295,000 ",15.3 ,489 ,,1,1.5,‹¤“―Z‘ξ,‚q‚b,3F,,ƒ}ƒ“ƒVƒ‡ƒ“A‘qΙAHκ“™‚ª¬έ‚·‚ιZ‘ξ’nζ,s“Ή,Ό,5.5,,,,ƒKƒX,…“Ή,‰Ί…“Ή,—§μ,,"1,500 ",€H,€–h,60 ,200 ,,,,,,,,,,
Z,13202 ,8 ,—§μ,0 ,28 ,—§μs,‰h’¬‚Q’–Ϊ‚P‚X”Τ‚S‚U,,"295,000 ","273,000 ",8.1 ,96 ,,1,1.5,Z‘ξ,‚v,2F,,¬‹K–Νκ”ΚZ‘ξ‚ª‘½‚Ά‹ζ‰ζ‚Μ®‚Α‚½Z‘ξ’nζ,„“Ή,“μΌ,6,,,,ƒKƒX,…“Ή,‰Ί…“Ή,—§μ,,"2,200 ",‚P’ακ,,40 ,80 ,,,,,,,,,,
Z,13202 ,8 ,—§μ,0 ,29 ,—§μs,‹Ρ’¬‚P’–Ϊ‚X‚R”Τ‚W,‹Ρ’¬‚P|‚Q‚O|‚P‚O,"476,000 ","435,000 ",9.4 ,171 ,,1,2,Z‘ξ,‚k‚r,2F,,κ”ΚZ‘ξAƒAƒp[ƒg‚ª©‚η‚κ‚ιZ‘ξ’nζ,s“Ή,“μ“,5.7,,,,ƒKƒX,…“Ή,‰Ί…“Ή,Ό‘—§,,400 ,‚PZ‹,€–h,60 ,200 ,,,,,,,,,,
Z,13202 ,8 ,—§μ,0 ,30 ,—§μs,•xm©’¬‚U’–Ϊ‚R‚R‚R”Τ‚QO,•xm©’¬‚U|‚U‚R|‚Q‚V,"209,000 ","200,000 ",4.5 ,193 ,,1.5,1,Z‘ξ,‚v,3F,,κ”ΚZ‘ξAμ‹Ζ“™‚ª¬έ‚·‚ιZ‘ξ’nζ,s“Ή,–k,4.2,,,,ƒKƒX,…“Ή,‰Ί…“Ή,Δθ‘ΜηΩ,,"1,700 ",€H,€–h,60 ,200 ,,,,,,,,,,
Z,13202 ,8 ,—§μ,0 ,31 ,—§μs,”’¬‚S’–Ϊ‚P‚Q”Τ‚Q‚T,,"275,000 ","265,000 ",3.8 ,110 ,,1,2,Z‘ξ,‚v,2F,,€²ό“ΉH‰‚Ά‚ΙZ‘ξ‚Ζ”¨’n‚ª©‚η‚κ‚ιZ‘ξ’nζ,s“Ή,–k,12,,,,ƒKƒX,…“Ή,‰Ί…“Ή,»μµ”Τ,,700 ,‚P’†κ,€–h,50 ,150 ,,,,,,,,,,
Z,13202 ,8 ,—§μ,5 ,1 ,—§μs,’¬‚Q’–Ϊ‚X‚P”Τ‚UO,’¬‚Q|‚V|‚Q‚O,"6,100,000 ","5,850,000 ",4.3 ,245 ,,1,2,“X•ά,‚r‚q‚b,9F,1B,’†‚‘w‚Μ“X•άƒrƒ‹“™‚ª‚Ώ•ΐ‚Τ‰w‘O‚Μ¤‹Ζ’nζ,s“Ή,“μ“,30,,,,ƒKƒX,…“Ή,‰Ί…“Ή,—§μ,,160 ,¤‹Ζ,–h‰Ξ,80 ,600 ,,,,,*,13202,5 ,6 ,"5,920,000 ",3.0 
Z,13202 ,8 ,—§μ,5 ,2 ,—§μs,’¬‚P’–Ϊ‚R‚T”Τ‚QO,’¬‚P|‚P‚Q|‚Q‚R,"1,050,000 ","900,000 ",16.7 ,382 ,,2,1,“X•ά“ƒzƒeƒ‹,‚q‚b,8F,1B,“X•άA––±ƒrƒ‹“™‚ª¬έ‚·‚ι¤‹Ζ’nζ,s“Ή,–k,11,,,,ƒKƒX,…“Ή,‰Ί…“Ή,—§μ,,500 ,¤‹Ζ,–h‰Ξ,80 ,500 ,,,,,,,,,,
Z,13202 ,8 ,—§μ,5 ,3 ,—§μs,•xm©’¬‚Q’–Ϊ‚P‚Q‚U”Τ‚Q,•xm©’¬‚Q|‚P‚Q|‚V,"455,000 ","414,000 ",9.9 ,99 ,,1,1.5,“X•ά“‹¤“―Z‘ξ,‚r‚q‚b,6F,,’†’α‘w‚Μ“X•άA‹¤“―Z‘ξ‚ª‚Ώ•ΐ‚ΤHό¤‹Ζ’nζ,“s“Ή,“μΌ,12,,,,ƒKƒX,…“Ή,‰Ί…“Ή,—§μ,,890 ,¤‹Ζ,–h‰Ξ,80 ,400 ,,,,,,,,,,
Z,13202 ,8 ,—§μ,5 ,4 ,—§μs,K’¬‚T’–Ϊ‚Q”Τ‚P‚UO,,"332,000 ","320,000 ",3.8 ,200 ,,1,2,“X•άAHκ“‹¤“―Z‘ξ“™,‚r,3F,,’†’α‘w‚Μ“X•ά•Ή—pZ‘ξ“™‚ª‚Ώ•ΐ‚ΤHό¤‹Ζ’nζ,“s“Ή,Ό,28,,,,ƒKƒX,…“Ή,‰Ί…“Ή,»μµ”Τ,,70 ,‹ί¤,€–h,80 ,200 ,,,,,,,,,,
Z,13202 ,8 ,—§μ,5 ,5 ,—§μs,’¬‚Q’–Ϊ‚Q‚S‚T”Τ‚U,’¬‚Q|‚P‚S|‚P‚X,"1,090,000 ","980,000 ",11.2 ,260 ,,1,3,“X•ά“––±,‚r‚q‚b,6F,,“X•άA––±ƒrƒ‹Aƒzƒeƒ‹“™‚Μ‚Ώ•ΐ‚Τ¤‹Ζ’nζ,s“Ή,–k“,5.5,,,,ƒKƒX,…“Ή,‰Ί…“Ή,—§μ,,400 ,¤‹Ζ,–h‰Ξ,80 ,600 ,,,,,,,,,,
Z,13202 ,8 ,—§μ,5 ,6 ,—§μs,‹Ρ’¬‚Q’–Ϊ‚P‚O‚P”Τ,‹Ρ’¬‚Q|‚P|‚Q,"2,450,000 ","2,220,000 ",10.4 ,270 ,,1,2,––±,‚q‚b,5F,,’†‚‘w‚Μ––±A“X•άƒrƒ‹‚ª‚Ώ•ΐ‚Τ¤‹Ζ’nζ,s“Ή,–k“,12,,,,ƒKƒX,…“Ή,‰Ί…“Ή,—§μ,,250 ,¤‹Ζ,–h‰Ξ,80 ,400 ,,,,,*,13202,5 ,2 ,"2,330,000 ",5.2 
Z,13202 ,8 ,—§μ,5 ,7 ,—§μs,Δθ’¬‚R’–Ϊ‚P‚O‚U”Τ‚T,Δθ’¬‚R|‚P‚R|‚Q‚Q,"1,000,000 ","880,000 ",13.6 ,246 ,,1,1.5,“X•ά“‹¤“―Z‘ξ,‚q‚b,4F,,’†‘w‚Μ“X•ά•Ή—pZ‘ξ“™‚ª‚Ώ•ΐ‚Τ¤‹Ζ’nζ,s“Ή,Ό,25,,,,ƒKƒX,…“Ή,‰Ί…“Ή,—§μ,,450 ,¤‹Ζ,–h‰Ξ,80 ,400 ,,,,,,,,,,
Z,13202 ,8 ,—§μ,5 ,8 ,—§μs,‹Ρ’¬‚Q’–Ϊ‚R”Τ‚V,‹Ρ’¬‚Q|‚P‚Q|‚P‚R,"500,000 ","460,000 ",8.7 ,231 ,,1,1.2,“X•ά“‹¤“―Z‘ξ,‚q‚b,5F,,’†¬‹K–Ν‚Μ“X•άAκ”ΚZ‘ξ“™‚ª¬έ‚·‚ι¤‹Ζ’nζ,s“Ή,“μ“,8,,,,ƒKƒX,…“Ή,‰Ί…“Ή,—§μ,,850 ,¤‹Ζ,–h‰Ξ,80 ,400 ,,,,,,,,,,
Z,13202 ,8 ,—§μ,9 ,1 ,—§μs,κ”Τ’¬‚S’–Ϊ‚S‚Q”Τ‚Q,,"200,000 ","189,000 ",5.8 ,829 ,,1,3,––±,‚q‚b,2F,,’†¬‹K–Ν‚ΜHκA–‹Ζ“™‚ª‘½‚ΆH‹Ζ’nζ,“s“Ή,“μ“,20,,,,ƒKƒX,…“Ή,‰Ί…“Ή,•‘ »μ,,"1,200 ",H‹Ζ,€–h,60 ,200 ,,,,,,,,,,
Z,13203 ,8 ,•‘ –μ,0 ,1 ,•‘ –μs,‹gΛ›–{’¬‚S’–Ϊ‚P‚W‚R‚X”Τ‚Q‚RO,‹gΛ›–{’¬‚S|‚Q‚P|‚U,"891,000 ","840,000 ",6.1 ,151 ,,1,1.5,Z‘ξ,‚v,2F,,’†¬‹K–Ν‚Μκ”ΚZ‘ξ‚Μ‘½‚ΆΥΓ‚ΘZ‘ξ’nζ,s“Ή,–kΌ,4,,,,ƒKƒX,…“Ή,‰Ί…“Ή,‹gΛ›,,"1,000 ",‚P’ακ,€–h,50 ,100 ,,,,,*,13203,0 ,7 ,"865,000 ",3.0 
Z,13203 ,8 ,•‘ –μ,0 ,2 ,•‘ –μs,‹gΛ›“’¬‚Q’–Ϊ‚T‚O‚O”Τ‚V‚U,‹gΛ›“’¬‚Q|‚Q‚S|‚R‚Q,"767,000 ","710,000 ",8.0 ,127 ,‘δ`,1,1.5,‹¤“―Z‘ξ,‚r,3F,,Z‘ξ‚Μ’†‚Ι“X•ά‚ª¬έ‚·‚ι“s“Ή‰‚Ά‚ΜZ‘ξ’nζ,“s“Ή,“μ,9,,,,ƒKƒX,…“Ή,‰Ί…“Ή,‹gΛ›,,800 ,‚Q’†κ,€–h,60 ,200 ,,,,,,,,,,
Z,13203 ,8 ,•‘ –μ,0 ,3 ,•‘ –μs,χ’η‚R’–Ϊ‚P‚V‚T‚Q”Τ‚U‚Q,χ’η‚R|‚R|‚P,"427,000 ","409,000 ",4.4 ,130 ,,1,1.2,Z‘ξ,‚v,2F,,¬‹K–ΝZ‘ξ‚ª‚Ώ•ΐ‚Τ‹ζ‰ζ®‘R‚Ζ‚µ‚½Z‘ξ’nζ,s“Ή,“μ,5.9,,,,ƒKƒX,…“Ή,‰Ί…“Ή,“¬‹ΰδ,,"1,700 ",‚P’ακ,€–h,50 ,100 ,,,,,,,,,,
Z,13203 ,8 ,•‘ –μ,0 ,4 ,•‘ –μs,Φ‘O‚T’–Ϊ‚P‚Q‚R‚Q”Τ‚T,Φ‘O‚T|‚P‚S|‚T,"487,000 ","468,000 ",4.1 ,186 ,,1.2,1,Z‘ξ,‚v,2F,,κ”ΚZ‘ξ“™‚Μ‚Ω‚©ό•Σ‚Ι”_’n‚ΰ©‚η‚κ‚ιZ‘ξ’nζ,s“Ή,Ό,6,,,,ƒKƒX,…“Ή,‰Ί…“Ή,•‘ ‹«,,"1,100 ",‚P’ακ,,40 ,80 ,,,,,,,,,,
Z,13203 ,8 ,•‘ –μ,0 ,5 ,•‘ –μs,Ό‹v•Ϋ‚Q’–Ϊ‚Q‚O‚W”Τ‚T‚S,Ό‹v•Ϋ‚Q|‚P‚S|‚Q,"759,000 ","700,000 ",8.4 ,176 ,,1,1.5,‹¤“―Z‘ξ,‚r,4F,,Z‘ξAƒ}ƒ“ƒVƒ‡ƒ“‚Ι“X•ά“™‚ΰ©‚η‚κ‚ιZ‘ξ’nζ,“s“Ή,“μ,16,,,,ƒKƒX,…“Ή,‰Ί…“Ή,O‘ι,,850 ,‚Q’†κ,€–h,60 ,200 ,,,,,,,,,,
Z,13203 ,8 ,•‘ –μ,0 ,6 ,•‘ –μs,‹gΛ›“μ’¬‚S’–Ϊ‚Q‚R‚Q‚U”Τ‚P‚X,‹gΛ›“μ’¬‚S|‚S|‚P‚X,"823,000 ","777,000 ",5.9 ,214 ,,1,1.5,Z‘ξ,‚v,2F,1B,’†‹K–Νκ”ΚZ‘ξ‚ª‚Ώ•ΐ‚ΤΒ‹«‚Μ—Η‚ΆZ‘ξ’nζ,s“Ή,–kΌ,5.4,,,,ƒKƒX,…“Ή,‰Ί…“Ή,‹gΛ›,,900 ,‚P’ακ,,40 ,80 ,,,,,,,,,,
Z,13203 ,8 ,•‘ –μ,0 ,7 ,•‘ –μs,‹«“μ’¬‚R’–Ϊ‚W‚O‚T”Τ‚S‚X,‹«“μ’¬‚R|‚P‚S|‚Q‚Q,"577,000 ","545,000 ",5.9 ,135 ,,1,1,Z‘ξ,‚v,2F,1B,κ”ΚZ‘ξ‚Μ’†‚ΙƒAƒp[ƒg“™‚ΰ©‚η‚κ‚ιZ‘ξ’nζ,„“Ή,“,4,,,,ƒKƒX,…“Ή,‰Ί…“Ή,•‘ ‹«,,640 ,‚P’ακ,€–h,50 ,100 ,,,,,,,,,,
Z,13203 ,8 ,•‘ –μ,0 ,8 ,•‘ –μs,‹gΛ›“μ’¬‚P’–Ϊ‚Q‚V‚O‚O”Τ‚P‚S‚S,‹gΛ›“μ’¬‚P|‚P‚X|‚R,"1,200,000 ","1,130,000 ",6.2 ,460 ,,1,1.5,Z‘ξ,‚v,2F,1B,’†‹K–ΝΘγ‚Μκ”ΚZ‘ξ‚ª‘½‚­Β‹«‚Μ—Η‚ΆZ‘ξ’nζ,s“Ή,–k“,6,,,,ƒKƒX,…“Ή,‰Ί…“Ή,‹gΛ›,,310 ,‚P’ακ,,40 ,80 ,,,,,,,,,,
Z,13203 ,8 ,•‘ –μ,0 ,9 ,•‘ –μs,‹gΛ›–k’¬‚R’–Ϊ‚X‚T‚Q”Τ‚T‚T‚T,‹gΛ›–k’¬‚R|‚V|‚T,"749,000 ","713,000 ",5.0 ,130 ,,1,1.5,Z‘ξ,‚v,2F,,ΛZ‘ξ‚ªε‚Ι‚Ώ•ΐ‚ΤΥΓ‚ΘZ‘ξ’nζ,„“Ή,“μΌ,7.4,,,,ƒKƒX,…“Ή,‰Ί…“Ή,‹gΛ›,,"1,700 ",‚P’ακ,,40 ,80 ,,,,,,,,,,
Z,13203 ,8 ,•‘ –μ,0 ,10 ,•‘ –μs,’†’¬‚Q’–Ϊ‚Q‚X‚Q‚T”Τ‚T,’†’¬‚Q|‚Q‚P|‚P‚P,"742,000 ","705,000 ",5.2 ,134 ,,1,1.5,Z‘ξ,‚v,2F,,’†¬‹K–ΝZ‘ξ‚Μ‚Ω‚©ƒAƒp[ƒg‚ΰ©‚η‚κ‚ιZ‘ξ’nζ,„“Ή,“μ“,5,,,,ƒKƒX,…“Ή,‰Ί…“Ή,O‘ι,,640 ,‚P’ακ,€–h,50 ,100 ,,,,,,,,,,
Z,13203 ,8 ,•‘ –μ,0 ,11 ,•‘ –μs,‹gΛ›“’¬‚R’–Ϊ‚Q‚R‚W”Τ‚X,‹gΛ›“’¬‚R|‚P‚T|‚P‚U,"734,000 ","695,000 ",5.6 ,176 ,,1,1.5,Z‘ξ,‚v,2F,,’†¬‹K–ΝZ‘ξ‚ΙƒAƒp[ƒg“™‚ª©‚η‚κ‚ιZ‘ξ’nζ,s“Ή,“μ“,5.4,,,,ƒKƒX,…“Ή,‰Ί…“Ή,‹gΛ›,,800 ,‚P’ακ,,40 ,80 ,,,,,,,,,,
Z,13203 ,8 ,•‘ –μ,0 ,12 ,•‘ –μs,‹«‚Q’–Ϊ‚P‚Q‚X‚W”Τ‚R‚P,‹«‚Q|‚Q‚R|‚U,"559,000 ","531,000 ",5.3 ,229 ,,1,1.5,Z‘ξ,‚v,2F,,κ”ΚZ‘ξAƒAƒp[ƒg“™‚ª‚Ώ•ΐ‚Τω¬Z‘ξ’nζ,„“Ή,Ό,3.9,,,,ƒKƒX,…“Ή,‰Ί…“Ή,•‘ ‹«,,700 ,‚P’ακ,,40 ,80 ,,,,,,,,,,
Z,13203 ,8 ,•‘ –μ,0 ,13 ,•‘ –μs,—Ξ’¬‚R’–Ϊ‚U‚R‚W”Τ‚P‚Q,—Ξ’¬‚R|‚T|‚P,"461,000 ","443,000 ",4.1 ,165 ,,1,2,Z‘ξ,‚v,2F,,κ”ΚZ‘ξ‚Μ‚Ω‚©‚ΙƒAƒp[ƒg‚ª©‚η‚κ‚ιZ‘ξ’nζ,s“Ή,“μ,11,,,,ƒKƒX,…“Ή,‰Ί…“Ή,O‘ι,,"2,400 ",‚P’ακ,,40 ,80 ,,,,,,,,,,
Z,13203 ,8 ,•‘ –μ,0 ,14 ,•‘ –μs,‹gΛ›–k’¬‚P’–Ϊ‚V‚O‚Q”Τ‚R‚Q,‹gΛ›–k’¬‚P|‚P‚Q|‚W,"731,000 ","702,000 ",4.1 ,309 ,,1,1.5,Z‘ξ“‹¤“―Z‘ξ,‚k‚r,2F,,’†‹K–Νκ”ΚZ‘ξ‚ª‚Ώ•ΐ‚ΤΥΓ‚ΘZ‘ξ’nζ,s“Ή,–kΌ,4.5,,,,ƒKƒX,…“Ή,‰Ί…“Ή,‹gΛ›,,"1,000 ",‚P’ακ,,40 ,80 ,,,,,,,,,,
Z,13203 ,8 ,•‘ –μ,0 ,15 ,•‘ –μs,Ό‹v•Ϋ‚P’–Ϊ‚R‚P‚U”Τ‚R‚W,Ό‹v•Ϋ‚P|‚R‚P|‚P‚O,"769,000 ","726,000 ",5.9 ,203 ,,1,1.5,Z‘ξ,‚k‚r,2F,,’†‹K–Νκ”ΚZ‘ξ‚πε‘Μ‚Ζ‚·‚ιΥΓ‚ΘZ‘ξ’nζ,„“Ή,–k“,5.4,,,,ƒKƒX,…“Ή,‰Ί…“Ή,O‘ι,,650 ,‚P’ακ,,40 ,80 ,,,,,,,,,,
Z,13203 ,8 ,•‘ –μ,0 ,16 ,•‘ –μs,Ό‹v•Ϋ‚R’–Ϊ‚R‚R‚P”Τ‚P‚T,Ό‹v•Ϋ‚R|‚P‚X|‚P‚Q,"640,000 ","598,000 ",7.0 ,287 ,,1.2,1,‹¤“―Z‘ξ,‚r,3F,,κ”ΚZ‘ξ‚ΖƒAƒp[ƒg“™‚ª©‚η‚κ‚ιZ‘ξ’nζ,s“Ή,“μ“,4.5,,,,ƒKƒX,…“Ή,‰Ί…“Ή,O‘ι,,"1,200 ",€H,€–h,60 ,200 ,,,,,,,,,,
Z,13203 ,8 ,•‘ –μ,0 ,17 ,•‘ –μs,‹gΛ›“’¬‚Q’–Ϊ‚T‚O‚R”Τ‚W‚T,‹gΛ›“’¬‚Q|‚Q‚Q|‚P,"687,000 ","651,000 ",5.5 ,131 ,,1,1.5,Z‘ξ,‚v,2F,,¬’†‹K–Ν‚Μκ”ΚZ‘ξ‚ª‚Ώ•ΐ‚ΤΥΓ‚ΘZ‘ξ’nζ,s“Ή,–kΌ,4.5,,,,ƒKƒX,…“Ή,‰Ί…“Ή,‹gΛ›,,960 ,‚P’ακ,,40 ,80 ,,,,,,,,,,
Z,13203 ,8 ,•‘ –μ,0 ,18 ,•‘ –μs,‹«“μ’¬‚P’–Ϊ‚P‚O‚O”Τ‚S‚T,‹«“μ’¬‚P|‚P‚W|‚R,"574,000 ","544,000 ",5.5 ,178 ,,1,1.5,Z‘ξ,‚v,2F,,’†‹K–Νκ”ΚZ‘ξ‚ª‘½‚Άω¬‚ΜZ‘ξ’nζ,„“Ή,“,4.5,,,,ƒKƒX,…“Ή,‰Ί…“Ή,•‘ ‹«,,550 ,‚P’ακ,,40 ,80 ,,,,,,,,,,
Z,13203 ,8 ,•‘ –μ,0 ,19 ,•‘ –μs,δ“aR‚P’–Ϊ‚Q‚V‚U‚P”Τ‚T‚U,δ“aR‚P|‚W|‚P‚U,"822,000 ","776,000 ",5.9 ,163 ,,1,1.5,Z‘ξ,‚v,2F,,’†‹K–Ν‚Μκ”ΚZ‘ξ‚ª‘½‚ΆΥΓ‚ΘZ‘ξ’nζ,s“Ή,“μΌ,4.5,,,,ƒKƒX,…“Ή,‰Ί…“Ή,‹gΛ›,,710 ,‚P’ακ,€–h,50 ,100 ,,,,,,,,,,
Z,13203 ,8 ,•‘ –μ,0 ,20 ,•‘ –μs,”ª”¦’¬‚S’–Ϊ‚S‚O‚O”Τ‚V‚V,”ª”¦’¬‚S|‚Q‚S|‚W,"445,000 ","427,000 ",4.2 ,86 ,,1.2,1,Z‘ξ,‚v,2F,,¬‹K–Νκ”ΚZ‘ξ‚ª‚Ώ•ΐ‚ΤZ‘ξ’nζ,s“Ή,“μ“,4,,,,ƒKƒX,…“Ή,‰Ί…“Ή,O‘ι,,"2,500 ",‚P’ακ,€–h,50 ,100 ,,,,,,,,,,
Z,13203 ,8 ,•‘ –μ,5 ,1 ,•‘ –μs,‹«“μ’¬‚Q’–Ϊ‚T‚S‚W”Τ‚R,‹«“μ’¬‚Q|‚Q|‚R,"2,130,000 ","1,940,000 ",9.8 ,980 ,,1,2.5,“X•ά,‚q‚b,5F,,’†‘w‚Μ“X•άA‹ΰ—Z‹@Φ“™‚ªW‚ά‚ι‰w‘O‚Μ¤‹Ζ’nζ,s“Ή,Ό,0,‰w‘OLκ,‘¤“Ή,–k,ƒKƒX,…“Ή,‰Ί…“Ή,•‘ ‹«,‰w‘OLκΪ–Κ,0 ,¤‹Ζ,–h‰Ξ,80 ,500 ,,,,,,,,,,
Z,13203 ,8 ,•‘ –μ,5 ,2 ,•‘ –μs,‹gΛ›–{’¬‚P’–Ϊ‚Q‚O‚V‚P”Τ‚S‚Q“ΰ,‹gΛ›–{’¬‚P|‚X|‚P‚Q,"8,970,000 ","8,380,000 ",7.0 ,198 ,,1,1.2,“X•ά,‚q‚b,5F,1B,¬”„“X•ά“™‚ªW‚ά‚ι‰w‘O‚Μ’†S“I¤‹Ζ’nζ,s“Ή,“μ“,7.2,,,,ƒKƒX,…“Ή,‰Ί…“Ή,‹gΛ›,,90 ,¤‹Ζ,–h‰Ξ,80 ,700 ,,,,,*,13203,5 ,2 ,"8,630,000 ",3.9 
Z,13203 ,8 ,•‘ –μ,5 ,3 ,•‘ –μs,‹gΛ›“μ’¬‚P’–Ϊ‚Q‚V‚Q‚W”Τ‚X“ΰ,‹gΛ›“μ’¬‚P|‚T|‚T,"4,490,000 ","4,050,000 ",10.9 ,105 ,‘δ`,1,2,“X•άA––±“Z‘ξ,‚r,6F,,’†‚‘w‚ΜωH“XAG‹ƒrƒ‹‚ª‘½‚Ά‰w‘O‚Μ¤‹Ζ’nζ,s“Ή,–k,7.3,,,,ƒKƒX,…“Ή,‰Ί…“Ή,‹gΛ›,,100 ,¤‹Ζ,–h‰Ξ,80 ,600 ,,,,,*,13203,5 ,7 ,"4,160,000 ",7.9 
Z,13203 ,8 ,•‘ –μ,5 ,4 ,•‘ –μs,‹gΛ›–{’¬‚Q’–Ϊ‚P‚X‚V‚T”Τ‚PO,‹gΛ›–{’¬‚Q|‚P‚V|‚Q,"1,850,000 ","1,760,000 ",5.1 ,204 ,,1,2,“X•ά,‚q‚b,3F,1B,¬”„“X•άAƒ}ƒ“ƒVƒ‡ƒ““™‚ª¬έ‚·‚ι¤‹Ζ’nζ,s“Ή,“μΌ,5.4,,,,ƒKƒX,…“Ή,‰Ί…“Ή,‹gΛ›,,400 ,‹ί¤,€–h,80 ,200 ,,,,,*,13203,5 ,3 ,"1,800,000 ",2.8 
Z,13203 ,8 ,•‘ –μ,5 ,5 ,•‘ –μs,‹gΛ›–{’¬‚Q’–Ϊ‚Q‚O‚P‚V”Τ‚P‚O‚V,‹gΛ›–{’¬‚Q|‚T|‚P‚P,"2,620,000 ","2,400,000 ",9.2 ,213 ,,1,1.5,“X•άA––±“‹¤“―Z‘ξ,‚r‚q‚b,9F,,’†‚‘w‚Μ“X•άA––±“™‚ª‚Ώ•ΐ‚Τ¤‹Ζ’nζ,“s“Ή,“μ“,16,,,,ƒKƒX,…“Ή,‰Ί…“Ή,‹gΛ›,,550 ,¤‹Ζ,–h‰Ξ,80 ,600 ,,,,,,,,,,
Z,13203 ,8 ,•‘ –μ,5 ,6 ,•‘ –μs,’†’¬‚R’–Ϊ‚P‚T‚X‚U”Τ‚P‚PO,’†’¬‚R|‚P|‚Q,"870,000 ","801,000 ",8.6 ,346 ,,1,1.2,––±“‹¤“―Z‘ξ,‚r‚q‚b,7F,1B,’†‘w‚Μ“X•ά•tƒ}ƒ“ƒVƒ‡ƒ“‚Μ‘½‚Ά‹ί—Χ¤‹Ζ’nζ,“s“Ή,–kΌ,15,,,,ƒKƒX,…“Ή,‰Ί…“Ή,O‘ι,,900 ,‹ί¤,€–h,80 ,300 ,,,,,,,,,,
Z,13203 ,8 ,•‘ –μ,5 ,7 ,•‘ –μs,‹gΛ›–{’¬‚S’–Ϊ‚P‚W‚V‚T”Τ‚S‚UO,‹gΛ›–{’¬‚S|‚P‚O|‚X,"881,000 ","820,000 ",7.4 ,182 ,,1,1.5,“X•ά“‹¤“―Z‘ξ,‚q‚b,5F,,“X•ά“‹¤“―Z‘ξ‚πε‘Μ‚Ζ‚·‚ι‹ί—Χ¤‹Ζ’nζ,“s“Ή,–k,11,,‘¤“Ή,Ό,ƒKƒX,…“Ή,‰Ί…“Ή,‹gΛ›,,"1,200 ",‹ί¤,€–h,80 ,300 ,,,,,,,,,,
Z,13203 ,8 ,•‘ –μ,5 ,8 ,•‘ –μs,‹«“μ’¬‚Q’–Ϊ‚T‚X‚P”Τ‚PO,‹«“μ’¬‚Q|‚X|‚S,"945,000 ","880,000 ",7.4 ,141 ,,2.5,1,“X•ά“‹¤“―Z‘ξ,‚q‚b,4F,1B,’†’α‘w‚Μ“X•ά•Ή—pZ‘ξA––±“™‚ª‘½‚Ά¤‹Ζ’nζ,s“Ή,“,16,,,,ƒKƒX,…“Ή,‰Ί…“Ή,•‘ ‹«,,320 ,‹ί¤,€–h,80 ,300 ,,,,,,,,,,
Z,13203 ,8 ,•‘ –μ,5 ,9 ,•‘ –μs,‹gΛ›–{’¬‚P’–Ϊ‚Q‚P‚S‚R”Τ‚R‚S,‹gΛ›–{’¬‚P|‚Q‚T|‚R,"1,610,000 ","1,510,000 ",6.6 ,177 ,,1,1,“X•ά,‚r,3F,,’†¬‹K–Ν‚ΜωH“Xƒrƒ‹‚ªW‚ά‚ι¤‹Ζ’nζ,s“Ή,–kΌ,5.3,,,,ƒKƒX,…“Ή,‰Ί…“Ή,‹gΛ›,,220 ,¤‹Ζ,–h‰Ξ,80 ,600 ,,,,,,,,,,
Z,13203 ,8 ,•‘ –μ,5 ,10 ,•‘ –μs,’†’¬‚P’–Ϊ‚R‚O‚W‚W”Τ‚R‚WO,’†’¬‚P|‚P‚R|‚R,"2,600,000 ","2,380,000 ",9.2 ,155 ,‘δ`,1,1.5,“X•ά“––±,‚r‚q‚b,8F,1B,’†‚‘w‚Μ“X•ά“––±ƒrƒ‹‚ª‘½‚Ά¤‹Ζ’nζ,s“Ή,Ό,22,,,,ƒKƒX,…“Ή,‰Ί…“Ή,O‘ι,,210 ,¤‹Ζ,–h‰Ξ,80 ,600 ,,,,,,,,,,
Z,13203 ,8 ,•‘ –μ,5 ,11 ,•‘ –μs,‹«‚P’–Ϊ‚S‚W‚U”Τ‚S‚X,‹«‚P|‚P‚O|‚P‚R,"762,000 ","713,000 ",6.9 ,142 ,,1,1,“X•ά“‹¤“―Z‘ξ,‚q‚b,4F,,’†’α‘w‚Μ“X•ά“‹¤“―Z‘ξ‚ª‘½‚Ά‹ί—Χ¤‹Ζ’nζ,s“Ή,“μ,16,,,,ƒKƒX,…“Ή,‰Ί…“Ή,•‘ ‹«,,410 ,‹ί¤,€–h,80 ,300 ,,,,,,,,,,
Z,13204 ,8 ,O‘ι,0 ,1 ,O‘ιs,‰ΊA‚R’–Ϊ‚P‚U‚W”Τ‚R‚T,‰ΊA‚R|‚U|‚S,"813,000 ","767,000 ",6.0 ,190 ,,1,1.2,Z‘ξ,‚r,3F,,’α‘w‚Μ’†‹K–Νκ”ΚZ‘ξ‚ª‘½‚ΆΥΓ‚ΘZ‘ξ’nζ,s“Ή,“,5,,,,ƒKƒX,…“Ή,‰Ί…“Ή,O‘ι,,450 ,‚P’ακ,€–h,50 ,100 ,,,,,,,,,,
Z,13204 ,8 ,O‘ι,0 ,2 ,O‘ιs,γA‚T’–Ϊ‚U‚Q‚X”Τ‚P‚X‚P,γA‚T|‚W|‚Q,"520,000 ","496,000 ",4.8 ,100 ,,1,1.5,Z‘ξ,‚v,2F,1B,’†¬‹K–Νκ”ΚZ‘ξ‚ª‚Ώ•ΐ‚ΤΥΓ‚ΘZ‘ξ’nζ,s“Ή,“,5,,,,ƒKƒX,…“Ή,‰Ί…“Ή,O‘ι,,"1,400 ",‚P’ακ,€–h,40 ,80 ,,,,,,,,,,
Z,13204 ,8 ,O‘ι,0 ,3 ,O‘ιs,δϋ‚R’–Ϊ‚P‚X‚Q”Τ‚P,δϋ‚R|‚P‚P|‚Q‚V,"450,000 ","426,000 ",5.6 ,132 ,,1,1.5,Z‘ξ,‚v,2F,,’†¬‹K–ΝZ‘ξ‚Μ‚Ω‚©ƒAƒp[ƒg‚ΰ©‚η‚κ‚ιZ‘ξ’nζ,s“Ή,Ό,5,,,,ƒKƒX,…“Ή,‰Ί…“Ή,•‘ ‹«,,"1,100 ",‚P’ακ,,40 ,80 ,,,,,*,13204,0 ,9 ,"431,000 ",4.4 
Z,13204 ,8 ,O‘ι,0 ,4 ,O‘ιs,δ‚Μ“ª‚P’–Ϊ‚V‚P”Τ‚P‚Q,δ‚Μ“ª‚P|‚P‚R|‚Q‚W,"623,000 ","591,000 ",5.4 ,183 ,,1,1,Z‘ξ,‚v,3F,,’†¬‹K–Νκ”ΚZ‘ξ‚Μ‘½‚ΆΥΓ‚ΘZ‘ξ’nζ,s“Ή,–kΌ,4,,,,ƒKƒX,…“Ή,‰Ί…“Ή,O‘ι‘δ,,420 ,‚P’ακ,€–h,40 ,80 ,,,,,,,,,,
Z,13204 ,8 ,O‘ι,0 ,5 ,O‘ιs,‘ε‘ς‚S’–Ϊ‚W‚T‚P”Τ‚P‚T,‘ε‘ς‚S|‚P‚U|‚Q‚Q,"335,000 ","322,000 ",4.0 ,158 ,,1,1.5,Z‘ξ,‚v,2F,,’†‹K–Νκ”ΚZ‘ξ‚ª‚Ώ•ΐ‚ΤΥΓ‚ΘZ‘ξ’nζ,s“Ή,–kΌ,4,,,,ƒKƒX,…“Ή,‰Ί…“Ή,’²•z,,"1,800 ",‚P’ακ,,40 ,80 ,,,,,,,,,,
Z,13204 ,8 ,O‘ι,0 ,6 ,O‘ιs,–΄—η‚T’–Ϊ‚P‚W‚R‚W”Τ‚Q‚Q,–΄—η‚T|‚P‚R|‚S‚P,"410,000 ","391,000 ",4.9 ,190 ,,1,1.5,Z‘ξ,‚v,2F,,κ”ΚZ‘ξ‚ª‘½‚Ά’†‚ΙƒAƒp[ƒg‚ª©‚η‚κ‚ιZ‘ξ’nζ,s“Ή,–kΌ,5,,,,ƒKƒX,…“Ή,‰Ί…“Ή,O‘ι‘δ,,"1,400 ",‚P’ακ,,40 ,80 ,,,,,,,,,,
Z,13204 ,8 ,O‘ι,0 ,7 ,O‘ιs,δ‚Μ“ª‚T’–Ϊ‚X‚O‚R”Τ‚Q,δ‚Μ“ª‚T|‚T|‚P‚V,"659,000 ","623,000 ",5.8 ,154 ,,1,1,Z‘ξ,‚v,2F,,’†‹K–Νκ”ΚZ‘ξ‚ª‘½‚­Β‹«‚Μ—Η‚ΆZ‘ξ’nζ,s“Ή,–kΌ,6,,,,ƒKƒX,…“Ή,‰Ί…“Ή,‹gΛ›,,"1,200 ",‚P’ακ,€–h,40 ,80 ,,,,,,,,,,
Z,13204 ,8 ,O‘ι,0 ,8 ,O‘ιs,–k–μ‚S’–Ϊ‚P‚O‚W”Τ‚P,–k–μ‚S|‚P‚O|‚W,"389,000 ","373,000 ",4.3 ,113 ,,1,1.2,Z‘ξ,‚v,2F,,κ”ΚZ‘ξ‚ª‘½‚Ά‚Ω‚©όΝ‚Ι”_’n‚ΰc‚ιZ‘ξ’nζ,s“Ή,“,5,,,,ƒKƒX,…“Ή,‰Ί…“Ή,εμ,,"1,200 ",‚P’ακ,,40 ,80 ,,,,,,,,,,
Z,13204 ,8 ,O‘ι,0 ,9 ,O‘ιs,γA‚W’–Ϊ‚T‚T”Τ‚P‚X,γA‚W|‚P‚O|‚Q‚T,"426,000 ","409,000 ",4.2 ,141 ,,1,2,Z‘ξ,‚v,2F,,κ”ΚZ‘ξ‚Μ’†‚ΙƒAƒp[ƒg‚ª©‚η‚κ‚ιZ‘ξ’nζ,s“Ή,“,4,,,,ƒKƒX,…“Ή,‰Ί…“Ή,O‘ι,,"2,200 ",‚P’ακ,,40 ,80 ,,,,,,,,,,
Z,13204 ,8 ,O‘ι,0 ,10 ,O‘ιs,δ‚Μ“ª‚R’–Ϊ‚R‚T‚X”Τ‚V‚W,δ‚Μ“ª‚R|‚Q‚T|‚T,"746,000 ","710,000 ",5.1 ,137 ,,1,1.5,Z‘ξ,‚v,2F,,’†¬‹K–Ν‚Μκ”ΚZ‘ξ‚ª‘½‚ΆΥΓ‚ΘZ‘ξ’nζ,„“Ή,“μ,4.3,,,,ƒKƒX,…“Ή,‰Ί…“Ή,δ‚Μ“ªφ‰€,,330 ,‚P’ακ,€–h,40 ,80 ,,,,,,,,,,
Z,13204 ,8 ,O‘ι,0 ,11 ,O‘ιs,–΄—η‚S’–Ϊ‚U‚R‚X”Τ‚P‚S,–΄—η‚S|‚P‚Q|‚Q,"488,000 ","465,000 ",4.9 ,110 ,‘δ`,1,1.5,Z‘ξ,‚v,2F,,κ”ΚZ‘ξ‚Μ’†‚Ι‹¤“―Z‘ξ“™‚ª©‚η‚κ‚ιZ‘ξ’nζ,s“Ή,–k,5,,,,ƒKƒX,…“Ή,‰Ί…“Ή,δ‚Μ“ªφ‰€,,"1,500 ",‚P’ακ,,40 ,80 ,,,,,*,13204,0 ,12 ,"471,000 ",3.6 
Z,13204 ,8 ,O‘ι,0 ,12 ,O‘ιs,‰ΊA‚X’–Ϊ‚R‚T‚R”Τ‚V,‰ΊA‚X|‚P‚P|‚Q,"489,000 ","464,000 ",5.4 ,134 ,,1,1.5,‹¤“―Z‘ξ,‚v,2F,,ƒAƒp[ƒgAƒ}ƒ“ƒVƒ‡ƒ“‚ª‘½‚­©‚η‚κ‚ιZ‘ξ’nζ,s“Ή,“,7.4,,,,ƒKƒX,…“Ή,‰Ί…“Ή,O‘ι,,"2,100 ",‚PZ‹,€–h,60 ,200 ,,,,,,,,,,
Z,13204 ,8 ,O‘ι,0 ,13 ,O‘ιs,Vμ‚R’–Ϊ‚X‚Q‚U”Τ‚WO,Vμ‚R|‚P‚V|‚R,"354,000 ","339,000 ",4.4 ,132 ,,1,1.5,Z‘ξ,‚v,2F,,’†‹K–Νκ”ΚZ‘ξ‚Μ‚Ώ•ΐ‚Τ‹ζ‰ζ®—Ο‚ΜZ‘ξ’nζ,s“Ή,“μΌ,6,,,,ƒKƒX,…“Ή,‰Ί…“Ή,O‘ι,,"3,100 ",‚P’ακ,,40 ,80 ,,,,,,,,,,
Z,13204 ,8 ,O‘ι,0 ,14 ,O‘ιs,’†΄‚R’–Ϊ‚Q‚O‚V”Τ‚Q‚O,’†΄‚R|‚P|‚R‚R,"347,000 ","336,000 ",3.3 ,100 ,,1,1.5,Z‘ξ,‚v,2F,,ό•Σ‚Ι”_’n‚ΰ©‚η‚κ‚ιΛZ‘ξ‚ªε‘Μ‚ΜZ‘ξ’nζ,s“Ή,“μ,6,,,,ƒKƒX,…“Ή,‰Ί…“Ή,‚Β‚Β‚¶ƒ–‹u,,"2,000 ",‚P’ακ,,40 ,80 ,,,,,,,,,,
Z,13204 ,8 ,O‘ι,0 ,15 ,O‘ιs,’†΄‚P’–Ϊ‚X‚Q‚P”Τ‚Q‚U,’†΄‚P|‚P‚W|‚U,"484,000 ","468,000 ",3.4 ,207 ,,1,1,Z‘ξ,‚v,2F,,’†‹K–Νκ”ΚZ‘ξ‚ª‘½‚ΆxO‚ΜΥΓ‚ΘZ‘ξ’nζ,s“Ή,“μ,4,,,,ƒKƒX,…“Ή,‰Ί…“Ή,‚Β‚Β‚¶ƒ–‹u,,800 ,‚P’ακ,€–h,40 ,80 ,,,,,,,,,,
Z,13204 ,8 ,O‘ι,0 ,16 ,O‘ιs,–μθ‚P’–Ϊ‚R‚P”Τ‚Q‚P,–μθ‚P|‚V|‚P‚S,"375,000 ","359,000 ",4.5 ,141 ,,1,1.2,Z‘ξ,‚q‚b,2F,,’†¬‹K–Ν‚Μκ”ΚZ‘ξ‚ª‚Ώ•ΐ‚ΤZ‘ξ’nζ,s“Ή,Ό,4,,,,ƒKƒX,…“Ή,‰Ί…“Ή,O‘ι,,"2,600 ",‚P’ακ,,40 ,80 ,,,,,,,,,,
,13204 ,8 ,O‘ι,0 ,17 ,O‘ιs,‘ε‘ς‚Q’–Ϊ‚P‚P‚R‚W”Τ‚R,‘ε‘ς‚Q|‚V|‚Q‚P,"295,000 ",,,112 ,,1,2.5,Z‘ξ,‚v,2F,,κ”ΚZ‘ξAƒAƒp|ƒg‚Ι‹σ’n‚ΰ©‚η‚κ‚ιZ‘ξ’nζ,s“Ή,“,4,,,,ƒKƒX,…“Ή,‰Ί…“Ή,’²•z,,"3,600 ",‚P’ακ,,40 ,80 ,,,,,,,,,,
Z,13204 ,8 ,O‘ι,0 ,18 ,O‘ιs,δϋ‚R’–Ϊ‚Q‚P‚W”Τ‚QO,δϋ‚R|‚P‚X|‚R‚P,"480,000 ","460,000 ",4.3 ,201 ,,1,1.2,‹¤“―Z‘ξ,‚k‚r,2F,,κ”ΚZ‘ξAƒAƒp[ƒg“™‚ª‚Ώ•ΐ‚ΤZ‘ξ’nζ,“s“Ή,Ό,16,,,,ƒKƒX,…“Ή,‰Ί…“Ή,•‘ ‹«,,"1,200 ",‚P’†κ,€–h,60 ,200 ,,,,,,,,,,
Z,13204 ,8 ,O‘ι,0 ,19 ,O‘ιs,–k–μ‚P’–Ϊ‚X‚U‚R”Τ‚Q‚P,–k–μ‚P|‚P|‚U‚P,"349,000 ","337,000 ",3.6 ,107 ,,1,1,Z‘ξ,‚v,2F,,’†¬‹K–Νκ”ΚZ‘ξ‚ª‚Ώ•ΐ‚ΤZ‘ξ’nζ,s“Ή,“μΌ,5,,,,ƒKƒX,…“Ή,‰Ί…“Ή,O‘ι‘δ,,"2,000 ",‚P’ακ,,40 ,80 ,,,,,,,,,,
Z,13204 ,8 ,O‘ι,0 ,20 ,O‘ιs,γA‚Q’–Ϊ‚W‚R‚S”Τ‚Q‚T,γA‚Q|‚P‚S|‚P‚T,"621,000 ","592,000 ",4.9 ,174 ,,1,1.5,Z‘ξ,‚v,2F,,κ”ΚZ‘ξAƒAƒp[ƒg“™‚ª©‚η‚κ‚ιZ‘ξ’nζ,“ΉH,–k,3.6,,,,ƒKƒX,…“Ή,‰Ί…“Ή,O‘ι,,600 ,‚P’ακ,€–h,50 ,100 ,,,,,,,,,,
Z,13204 ,8 ,O‘ι,0 ,21 ,O‘ιs,‰ΊA‚Q’–Ϊ‚W‚S”Τ‚Q‚U,‰ΊA‚Q|‚U|‚Q‚P,"572,000 ","546,000 ",4.8 ,115 ,,1.5,1,Z‘ξ,‚v,2F,,¬‹K–Νκ”ΚZ‘ξ‚ª‘½‚Άω¬‚ΜZ‘ξ’nζ,s“Ή,Ό,4,,,,ƒKƒX,…“Ή,‰Ί…“Ή,O‘ι,,"1,300 ",‚P’ακ,€–h,40 ,80 ,,,,,,,,,,
Z,13204 ,8 ,O‘ι,0 ,22 ,O‘ιs,‰ΊA‚S’–Ϊ‚Q‚V‚P”Τ‚U,‰ΊA‚S|‚P‚V|‚Q‚V,"615,000 ","586,000 ",4.9 ,127 ,,1,2,Z‘ξ,‚r,3F,,κ”ΚZ‘ξA’α‘w‹¤“―Z‘ξ‚ª©‚η‚κ‚ιZ‘ξ’nζ,s“Ή,Ό,4,,,,ƒKƒX,…“Ή,‰Ί…“Ή,O‘ι,,"1,000 ",‚PZ‹,€–h,60 ,200 ,,,,,,,,,,
Z,13204 ,8 ,O‘ι,0 ,23 ,O‘ιs,δϋ‚P’–Ϊ‚P‚R‚S”Τ‚S‚X,δϋ‚P|‚Q‚P|‚Q‚T,"380,000 ","361,000 ",5.3 ,186 ,,1,1.5,Z‘ξ,‚v,2F,,κ”ΚZ‘ξ‚Μ‚Ω‚©ƒAƒp[ƒg‚β”¨‚ΰ©‚η‚κ‚ιZ‘ξ’nζ,s“Ή,“,4,,,,ƒKƒX,…“Ή,‰Ί…“Ή,•‘ ‹«,,"1,300 ",‚P’ακ,,40 ,80 ,,,,,,,,,,
Z,13204 ,8 ,O‘ι,0 ,24 ,O‘ιs,‰ΊA‚V’–Ϊ‚R‚Q‚R”Τ‚UO,‰ΊA‚V|‚P‚U|‚P‚Q,"538,000 ","510,000 ",5.5 ,260 ,‘δ`,1,1.2,‹¤“―Z‘ξ,‚q‚b,3F,1B,’†‘w‹¤“―Z‘ξA“X•ά“Z‘ξ“™‚ª¬έ‚·‚ιZ‘ξ’nζ,“s“Ή,Ό,16,,,,ƒKƒX,…“Ή,‰Ί…“Ή,O‘ι,,"1,300 ",€H,€–h,60 ,200 ,,,,,,,,,,
Z,13204 ,8 ,O‘ι,0 ,25 ,O‘ιs,Vμ‚U’–Ϊ‚V‚V‚V”Τ‚TO,Vμ‚U|‚Q‚R|‚Q‚T,"461,000 ","441,000 ",4.5 ,700 ,,1,3,‹¤“―Z‘ξ,‚q‚b,5F,,ƒ}ƒ“ƒVƒ‡ƒ“AZ‘ξA“X•ά“™‚ª¬έ‚·‚ιZ‘ξ’nζ,“s“Ή,–k,30,,,,ƒKƒX,…“Ή,‰Ί…“Ή,O‘ι,,"2,800 ",‚PZ‹,€–h,60 ,200 ,,,,,,,,,,
Z,13204 ,8 ,O‘ι,0 ,26 ,O‘ιs,[‘ε›‚R’–Ϊ‚R‚X‚P‚U”Τ‚P‚R,[‘ε›‚R|‚S|‚P‚U,"377,000 ","361,000 ",4.4 ,158 ,,1,1.5,Z‘ξ,‚v,2F,,κ”ΚZ‘ξ‚Μ‚Ω‚©‚ΙƒAƒp[ƒg‚ª©‚η‚κ‚ιZ‘ξ’nζ,s“Ή,Ό,4,,,,ƒKƒX,…“Ή,‰Ί…“Ή,•‘ ‹«,,"1,900 ",‚P’ακ,,40 ,80 ,,,,,,,,,,
Z,13204 ,8 ,O‘ι,0 ,27 ,O‘ιs,–΄—η‚P’–Ϊ‚P‚S‚V‚W”Τ‚P‚T,–΄—η‚P|‚X|‚X,"430,000 ","410,000 ",4.9 ,114 ,,1,1.5,Z‘ξ,‚v,2F,,κ”ΚZ‘ξ‚Μ’†‚Ι‹σ’n“™‚ª©‚η‚κ‚ιZ‘ξ’nζ,s“Ή,“,4,,,,ƒKƒX,…“Ή,‰Ί…“Ή,‹v‰δR,,"1,200 ",‚P’ακ,,40 ,80 ,,,,,,,,,,
Z,13204 ,8 ,O‘ι,0 ,28 ,O‘ιs,γA‚P’–Ϊ‚W‚X‚U”Τ‚P‚S,γA‚P|‚P‚P|‚R,"722,000 ","676,000 ",6.8 ,300 ,,1.5,1,‹¤“―Z‘ξ,‚r,3F,,ƒ}ƒ“ƒVƒ‡ƒ“AƒAƒp[ƒg‚ª‘½‚ΆX“Ή‰‚Ά‚ΜZ‘ξ’nζ,s“Ή,–k,16,,‘¤“Ή,“,ƒKƒX,…“Ή,‰Ί…“Ή,O‘ι,,560 ,‚P’†κ,€–h,60 ,200 ,,,,,,,,,,
Z,13204 ,8 ,O‘ι,0 ,29 ,O‘ιs,δϋ‚P’–Ϊ‚P‚S‚X”Τ‚R,δϋ‚P|‚Q‚P|‚V‚P,"498,000 ","473,000 ",5.3 ,175 ,‘δ`,1,1,‹¤“―Z‘ξ,‚v,2F,,Z‘ξAƒAƒp[ƒg‚Μ‚Ω‚©‚Ι“X•ά‚ΰ©‚η‚κ‚ιZ‘ξ’nζ,s“Ή,Ό,16,,,,ƒKƒX,…“Ή,‰Ί…“Ή,•‘ ‹«,,"1,300 ",‚Q’†κ,€–h,60 ,200 ,,,,,,,,,,
Z,13204 ,8 ,O‘ι,0 ,30 ,O‘ιs,‰ΊA‚W’–Ϊ‚T‚T‚P”Τ‚W,‰ΊA‚W|‚S|‚P‚S,"527,000 ","482,000 ",9.3 ,"1,680 ",,1.5,1,‹¤“―Z‘ξ,‚r‚q‚b,8F,,’†‚‘wƒ}ƒ“ƒVƒ‡ƒ“‚ª‘½‚­©‚η‚κ‚ιZ‘ξ’nζ,s“Ή,Ό,7.5,,,,ƒKƒX,…“Ή,‰Ί…“Ή,O‘ι,,"2,300 ",€H,€–h,60 ,200 ,,,,,,,,,,
Z,13204 ,8 ,O‘ι,5 ,1 ,O‘ιs,‰ΊA‚R’–Ϊ‚Q‚T‚U”Τ‚P‚S,‰ΊA‚R|‚Q‚U|‚P‚O,"3,580,000 ","3,250,000 ",10.2 ,224 ,,1,2,“X•ά,‚r,5F,,’†‚‘w‚Μ“X•άƒrƒ‹“™‚ª‚Ώ•ΐ‚Τ‰w‘O‚Μ¤‹Ζ’nζ,s“Ή,Ό,12,,,,ƒKƒX,…“Ή,‰Ί…“Ή,O‘ι,,150 ,¤‹Ζ,–h‰Ξ,80 ,500 ,,,,,*,13204,5 ,3 ,"3,300,000 ",8.5 
Z,13204 ,8 ,O‘ι,5 ,2 ,O‘ιs,‰ΊA‚S’–Ϊ‚P‚R‚V”Τ‚P‚R,‰ΊA‚S|‚P|‚P‚U,"624,000 ","579,000 ",7.8 ,91 ,‘δ`,1,2.5,“X•ά“‹¤“―Z‘ξ,‚r,3F,,¬”„“X•άAƒ}ƒ“ƒVƒ‡ƒ““™‚ª‚Ώ•ΐ‚Τ‹ί—Χ¤‹Ζ’nζ,s“Ή,“,12,,,,ƒKƒX,…“Ή,‰Ί…“Ή,O‘ι,,"1,000 ",‹ί¤,€–h,80 ,300 ,,,,,,,,,,
Z,13204 ,8 ,O‘ι,5 ,3 ,O‘ιs,‰ΊA‚R’–Ϊ‚R‚P‚Q”Τ‚Q‚P,‰ΊA‚R|‚S‚R|‚R‚P,"1,260,000 ","1,150,000 ",9.6 ,144 ,•s®`,1,2,“X•ά“‹¤“―Z‘ξ,‚q‚b,7F,,’†‚‘w‚Μ“X•ά“‹¤“―Z‘ξ‚ª‘½‚Ά¤‹Ζ’nζ,s“Ή,–k“,9.3,,,,ƒKƒX,…“Ή,‰Ί…“Ή,O‘ι,,210 ,¤‹Ζ,–h‰Ξ,80 ,500 ,,,,,,,,,,
Z,13204 ,8 ,O‘ι,5 ,4 ,O‘ιs,‰ΊA‚R’–Ϊ‚Q‚R‚R”Τ‚Q‚Q,‰ΊA‚R|‚Q‚Q|‚P‚X,"800,000 ","725,000 ",10.3 ,109 ,,1,1.5,“X•ά“‹¤“―Z‘ξ,‚q‚b,4F,1B,’†¬‹K–Ν‚Μ“X•ά•tƒ}ƒ“ƒVƒ‡ƒ“‚ª‚Ώ•ΐ‚Τ¤‹Ζ’nζ,s“Ή,Ό,3.5,,,,ƒKƒX,…“Ή,‰Ί…“Ή,O‘ι,,260 ,¤‹Ζ,–h‰Ξ,80 ,500 ,,,,,,,,,,
Z,13204 ,8 ,O‘ι,5 ,5 ,O‘ιs,γA‚Q’–Ϊ‚W‚U‚T”Τ‚P‚P,γA‚Q|‚S|‚S,"1,340,000 ","1,220,000 ",9.8 ,189 ,,1,2,“X•ά“‹¤“―Z‘ξ,‚q‚b,7F,,’†‚‘w‚Μ“X•ά•tƒ}ƒ“ƒVƒ‡ƒ““™‚Μ‘½‚Άω¬¤‹Ζ’nζ,“s“Ή,“,16,,,,ƒKƒX,…“Ή,‰Ί…“Ή,O‘ι,,430 ,¤‹Ζ,–h‰Ξ,80 ,500 ,,,,,,,,,,
Z,13204 ,8 ,O‘ι,5 ,6 ,O‘ιs,Vμ‚P’–Ϊ‚T”Τ‚R,Vμ‚P|‚P‚P|‚P‚T,"446,000 ","425,000 ",4.9 ,220 ,,1,2,––±“‹¤“―Z‘ξ,‚r,3F,,“X•άA–‹ΖAZ‘ξ“™‚ª¬έ‚·‚ι‹ί—Χ¤‹Ζ’nζ,“s“Ή,“μΌ,9.5,,,,ƒKƒX,…“Ή,‰Ί…“Ή,εμ,,"1,200 ",‹ί¤,€–h,80 ,200 ,,,,,,,,,,
Z,13204 ,8 ,O‘ι,5 ,7 ,O‘ιs,δ‚Μ“ª‚S’–Ϊ‚R‚V‚X”Τ‚R‚W,δ‚Μ“ª‚S|‚X|‚P‚Q,"638,000 ","593,000 ",7.6 ,65 ,,1,2,“X•άA––±“Z‘ξ,‚q‚b,3F,1B,¬‹K–Ν“X•ά•Ή—pZ‘ξ“™‚ª‚Ώ•ΐ‚Τ‹ί—Χ¤‹Ζ’nζ,s“Ή,“μΌ,5.3,,,,ƒKƒX,…“Ή,‰Ί…“Ή,δ‚Μ“ªφ‰€,,600 ,‹ί¤,€–h,80 ,200 ,,,,,,,,,,
Z,13204 ,8 ,O‘ι,5 ,8 ,O‘ιs,γA‚X’–Ϊ‚X‚P”Τ‚S,γA‚X|‚P|‚Q‚Q,"510,000 ","483,000 ",5.6 ,199 ,,1,1.5,“X•ά“Z‘ξ,‚v,2F,,“X•ά“Z‘ξA‹¤“―Z‘ξ“™‚ª‚Ώ•ΐ‚Τ‹ί—Χ¤‹Ζ’nζ,s“Ή,–k,8,,,,ƒKƒX,…“Ή,‰Ί…“Ή,O‘ι,,"2,000 ",‹ί¤,€–h,80 ,200 ,,,,,,,,,,
Z,13204 ,8 ,O‘ι,5 ,9 ,O‘ιs,Vμ‚U’–Ϊ‚V‚X‚W”Τ‚R‚OO,Vμ‚U|‚Q‚V|‚P‚O,"466,000 ","445,000 ",4.7 ,100 ,,1,1,“X•άAZ‘ξ“ΤΙ,‚q‚b,3F,,’†’α‘w‚Μ“X•ά“‹¤“―Z‘ξ“™‚ª‘½‚ΆHό‰‚Ά‚Μ’nζ,“s“Ή,“μ,12,,,,ƒKƒX,…“Ή,‰Ί…“Ή,O‘ι,,"2,600 ",‹ί¤,€–h,80 ,200 ,,,,,,,,,,
Z,13204 ,8 ,O‘ι,5 ,10 ,O‘ιs,–μθ‚S’–Ϊ‚Q‚Q‚T”Τ‚T,–μθ‚S|‚W|‚R‚R,"445,000 ","425,000 ",4.7 ,297 ,‘δ`,1,1,“X•ά,‚r,1F,,ƒ[ƒhƒTƒCƒh“X•ά“™‚ª©‚η‚κ‚ιHό¤‹Ζ’nζ,“s“Ή,–k,30,,,,ƒKƒX,…“Ή,‰Ί…“Ή,•‘ ‹«,,"2,700 ",€Z‹,€–h,60 ,200 ,,,,,,,,,,
Z,13204 ,8 ,O‘ι,5 ,11 ,O‘ιs,‰ΊA‚R’–Ϊ‚Q‚U‚P”Τ‚VO,‰ΊA‚R|‚R‚R|‚U,"2,140,000 ","1,960,000 ",9.2 ,154 ,,1,1,“X•άA––±“Z‘ξ,‚q‚b,5F,1B,’†‚‘w“X•ά“‹¤“―Z‘ξ“™‚ª‚Ώ•ΐ‚Τω¬¤‹Ζ’nζ,s“Ή,“,12,,,,ƒKƒX,…“Ή,‰Ί…“Ή,O‘ι,,380 ,¤‹Ζ,–h‰Ξ,80 ,500 ,,,,,,,,,,
Z,13204 ,8 ,O‘ι,5 ,12 ,O‘ιs,‰ΊA‚U’–Ϊ‚T‚X‚U”Τ‚TO,‰ΊA‚U|‚U|‚V‚R,"591,000 ","559,000 ",5.7 ,158 ,,1,1.5,“X•ά“‹¤“―Z‘ξ,‚q‚b,3F,,’α‘w“X•άA“X•ά•t‹¤“―Z‘ξ“™‚ª‚Ώ•ΐ‚Τ¤‹Ζ’nζ,“s“Ή,–k,9.3,,,,ƒKƒX,…“Ή,‰Ί…“Ή,O‘ι,,"1,700 ",‹ί¤,€–h,80 ,200 ,,,,,,,,,,
Z,13205 ,8 ,Β”~,0 ,1 ,Β”~s,“Β”~‚S’–Ϊ‚P‚V”Τ‚S,,"185,000 ","183,000 ",1.1 ,165 ,,1,1.5,Z‘ξ,‚v,2F,,κ”ΚZ‘ξ‚ª‚Ώ•ΐ‚Τ‹ζ‰ζ®‘R‚Ζ‚µ‚½Z‘ξ’nζ,s“Ή,–k“,6,,,,ƒKƒX,…“Ή,‰Ί…“Ή,‰Ν•Σ,,400 ,‚PZ‹,€–h,60 ,200 ,,,,,,,,,,
Z,13205 ,8 ,Β”~,0 ,2 ,Β”~s,“Β”~‚T’–Ϊ‚V”Τ‚Q‚T,,"172,000 ","170,000 ",1.2 ,79 ,,1,1.5,Z‘ξ,‚v,2F,,κ”ΚZ‘ξ“™‚ª‚Ώ•ΐ‚Τ‹ζ‰ζ—ΗD‚ΘZ‘ξ’nζ,s“Ή,–k,6,,,,ƒKƒX,…“Ή,‰Ί…“Ή,‰Ν•Σ,,600 ,‚Q’†κ,€–h,60 ,200 ,,,,,,,,,,
Z,13205 ,8 ,Β”~,0 ,3 ,Β”~s,‘ε–ε‚R’–Ϊ‚Q‚O”Τ‚P‚O,,"137,000 ","135,000 ",1.5 ,161 ,,1,1.5,Z‘ξ,‚v,2F,,κ”ΚZ‘ξ‚Μ’†‚Ι‹σ’n“™‚ª©‚η‚κ‚ιZ‘ξ’nζ,s“Ή,“μ“,6,,,,ƒKƒX,…“Ή,‰Ί…“Ή,‰Ν•Σ,,"1,700 ",‚P’ακ,€–h,50 ,100 ,,,,,,,,,,
Z,13205 ,8 ,Β”~,0 ,4 ,Β”~s,¬–Ψ‚Q’–Ϊ‚W‚Q”Τ‚PO,,"28,800 ","28,900 ",-0.3 ,590 ,‘δ`,1.5,1,Z‘ξ,‚v,2F,,”_‰ΖZ‘ξ‚Μ‚Ω‚©μ‹Ζ‚ª“_έ‚·‚ι“s“Ή‰‚Ά‚Μ’nζ,“s“Ή,–kΌ,8,,‘¤“Ή,Ό,,…“Ή,,“Β”~,,"6,000 ",,,40 ,80 ,,’²‹ζ,,,,,,,,
Z,13205 ,8 ,Β”~,0 ,5 ,Β”~s,¬‘\–Ψ‚R’–Ϊ‚Q‚O‚Q‚S”Τ‚PO,,"32,300 ","32,400 ",-0.3 ,366 ,‘δ`,1,1.5,Z‘ξ,‚v,2F,,”_‰ΖZ‘ξAκ”ΚZ‘ξ‚ª©‚η‚κ‚ι“s“Ή‰‚Ά‚Μ’nζ,“s“Ή,“,9.5,,‘¤“Ή,–k,,…“Ή,‰Ί…“Ή,“Β”~,,"4,500 ",,,40 ,80 ,,’²‹ζ,,,,,,,,
,13205 ,8 ,Β”~,0 ,6 ,Β”~s,“ϊόa“c‚P’–Ϊ‚Q‚P‚U”Τ‚R,,"60,700 ",,,198 ,‘δ`,1,1.2,Z‘ξ,‚v,2F,,κ”ΚZ‘ξ‚ª‘½‚­ό•Σ‚ΙR—Ρ‚ª©‚η‚κ‚ιZ‘ξ’nζ,s“Ή,–kΌ,4.3,,‘¤“Ή,“μΌ,,…“Ή,‰Ί…“Ή,‹{ƒm•½,,430 ,‚P’ακ,,40 ,80 ,,,,,,,,,,
Z,13205 ,8 ,Β”~,0 ,7 ,Β”~s,‘ε–φ’¬‚P‚S‚P‚S”Τ‚R,,"93,200 ","92,400 ",0.9 ,193 ,,1,1.5,Z‘ξ,‚v,2F,,’†¬‹K–Νκ”ΚZ‘ξ‚ª‘½‚ΆZ‘ξ’nζ,s“Ή,–k,4,,,,,…“Ή,‰Ί…“Ή,Β”~,,"1,100 ",‚PZ‹,€–h,60 ,150 ,,,,,,,,,,
Z,13205 ,8 ,Β”~,0 ,8 ,Β”~s,t‰ª’¬‚R’–Ϊ‚S”Τ‚P‚R,,"166,000 ","164,000 ",1.2 ,121 ,,1,1.5,Z‘ξ,‚v,2F,,κ”ΚZ‘ξ‚Μ’†‚Ι”¨‚ΰc‚ι‹ζ‰ζ®—Ο‚ΜZ‘ξ’nζ,s“Ή,–k,6,,,,ƒKƒX,…“Ή,‰Ί…“Ή,‰Ν•Σ,,800 ,‚P’†κ,€–h,60 ,200 ,,,,,*,13205,0 ,12 ,"165,000 ",0.6 
Z,13205 ,8 ,Β”~,0 ,9 ,Β”~s,—F“c’¬‚T’–Ϊ‚S‚T‚T”Τ‚R,,"65,800 ","65,400 ",0.6 ,198 ,,1,1,Z‘ξ,‚v,1F,,κ”ΚZ‘ξ‚Μ‚Ω‚©”_‰ΖZ‘ξ‚ª¬έ‚·‚ιZ‘ξ’nζ,s“Ή,Ό,5.3,,,,,…“Ή,‰Ί…“Ή,¬μ,,"2,400 ",‚P’†κ,€–h,60 ,200 ,,,,,,,,,,
Z,13205 ,8 ,Β”~,0 ,10 ,Β”~s,ηƒ–£’¬‚S’–Ϊ‚R‚V‚Q”Τ‚W,,"115,000 ","114,000 ",0.9 ,119 ,,1,1.5,Z‘ξ,‚v,3F,,κ”ΚZ‘ξ‚Μ‚Ω‚©‚Ι’“Τκ“™‚ª©‚η‚κ‚ιZ‘ξ’nζ,s“Ή,–k,6,,,,ƒKƒX,…“Ή,‰Ί…“Ή,“Β”~,,790 ,‚PZ‹,€–h,60 ,200 ,,,,,,,,,,
Z,13205 ,8 ,Β”~,0 ,11 ,Β”~s,t‰ª’¬‚Q’–Ϊ‚R‚S‚R”Τ‚P,,"113,000 ","112,000 ",0.9 ,113 ,,1,1.5,Z‘ξ,‚v,2F,,κ”ΚZ‘ξ‚Μ’†‚Ι‹¤“―Z‘ξ‚ª©‚η‚κ‚ιZ‘ξ’nζ,s“Ή,Ό,4,,,,,…“Ή,‰Ί…“Ή,‰Ν•Σ,,"1,200 ",‚P’ακ,,40 ,80 ,,,,,,,,,,
Z,13205 ,8 ,Β”~,0 ,12 ,Β”~s,ªƒ–•z‚Q’–Ϊ‚Q‚R‚V”Τ‚Q‚P‚S,,"44,700 ","44,800 ",-0.2 ,155 ,,1,1,Z‘ξ,‚q‚b,2F,,κ”ΚZ‘ξ‚ª‚Ώ•ΐ‚Τ‹u—Λ’n‚ΜZ‘ξ’nζ,s“Ή,–kΌ,4,,,,,…“Ή,‰Ί…“Ή,“Β”~,,"2,000 ",‚P’ακ,,40 ,80 ,,,,,,,,,,
Z,13205 ,8 ,Β”~,0 ,13 ,Β”~s,V’¬‚T’–Ϊ‚R‚V”Τ‚Q‚S,,"150,000 ","148,000 ",1.4 ,124 ,,1,1,Z‘ξ,‚v,2F,,κ”ΚZ‘ξ“™‚ª‚Ώ•ΐ‚Τ‹ζ‰ζ®—Ο‚ΜZ‘ξ’nζ,s“Ή,Ό,12,,,,ƒKƒX,…“Ή,‰Ί…“Ή,¬μ,,"1,900 ",‚P’†κ,€–h,60 ,150 ,,,,,,,,,,
Z,13205 ,8 ,Β”~,0 ,14 ,Β”~s,‹ξ–Ψ’¬‚Q’–Ϊ‚Q‚X”Τ‚P‚O,,"60,100 ","60,000 ",0.2 ,198 ,,1,2,Z‘ξ,‚v,2F,,‹g–μX“Ή”wγ‚Μκ”ΚZ‘ξ‚ª‚Ώ•ΐ‚ΤZ‘ξ’nζ,s“Ή,–k,4,,,,,…“Ή,‰Ί…“Ή,Β”~,,"1,800 ",‚PZ‹,€–h,60 ,150 ,,,,,,,,,,
Z,13205 ,8 ,Β”~,0 ,15 ,Β”~s,ΐ‚P’–Ϊ‚Q‚O‚O”Τ‚P‚Q,,"122,000 ","121,000 ",0.8 ,120 ,‘δ`,1,1.5,Z‘ξ,‚v,2F,,κ”ΚZ‘ξ‚ª‚Ώ•ΐ‚ΡXΞ’n‚Ι‹ίΪ‚·‚ιZ‘ξ’nζ,s“Ή,–kΌ,4.7,,,,ƒKƒX,…“Ή,‰Ί…“Ή,“Β”~,,500 ,‚PZ‹,€–h,60 ,200 ,,,,,,,,,,
Z,13205 ,8 ,Β”~,0 ,16 ,Β”~s,V’¬‚V’–Ϊ‚T‚S”Τ‚P‚Q,,"147,000 ","145,000 ",1.4 ,121 ,,1,1.5,Z‘ξ,‚v,2F,,κ”ΚZ‘ξ“™‚ª‚Ώ•ΐ‚Τ‹ζ‰ζ®—Ο‚ΜZ‘ξ’nζ,s“Ή,“μ,6,,,,ƒKƒX,…“Ή,‰Ί…“Ή,¬μ,,"1,900 ",‚P’†κ,€–h,60 ,150 ,,,,,,,,,,
Z,13205 ,8 ,Β”~,0 ,17 ,Β”~s,’·•£‚T’–Ϊ‚T‚S‚X”Τ‚U,,"67,700 ","67,400 ",0.4 ,109 ,,1,2,Z‘ξ,‚v,2F,,ΛZ‘ξ‚Μ‚Ω‚©‚Ι–‹Ζ‚ª©‚η‚κ‚ιZ‘ξ’nζ,s“Ή,–k,5.3,,,,,…“Ή,‰Ί…“Ή,“Β”~,,"1,900 ",‚PZ‹,€–h,60 ,150 ,,,,,,,,,,
Z,13205 ,8 ,Β”~,0 ,18 ,Β”~s,‰Ν•Σ’¬‚U’–Ϊ‚Q‚V”Τ‚S‚P,,"183,000 ","181,000 ",1.1 ,115 ,,1,1.5,Z‘ξ,‚v,2F,,’†¬‹K–Ν‚Μκ”ΚZ‘ξ‚ª‚Ώ•ΐ‚ΤZ‘ξ’nζ,s“Ή,–kΌ,6,,,,,…“Ή,‰Ί…“Ή,¬μ,,800 ,‚P’†κ,€–h,60 ,200 ,,,,,,,,,,
Z,13205 ,8 ,Β”~,0 ,19 ,Β”~s,΅δ‚Q’–Ϊ‚W‚S‚T”Τ‚Q,,"66,100 ","65,700 ",0.6 ,111 ,‘δ`,1,1,Z‘ξ,‚v,2F,,κ”ΚZ‘ξ‚Μ‚Ω‚©‚Ι‹σ’n‚ª©‚η‚κ‚ιZ‘ξ’nζ,s“Ή,“μ,4,,,,,…“Ή,‰Ί…“Ή,‰Ν•Σ,,"3,800 ",‚P’ακ,,40 ,80 ,,,,,,,,,,
Z,13205 ,8 ,Β”~,0 ,20 ,Β”~s,”~‹½‚T’–Ϊ‚X‚X‚P”Τ‚S,,"63,000 ","62,800 ",0.3 ,173 ,,1,1.5,Z‘ξ,‚v,2F,,κ”ΚZ‘ξ‚Μ‚Ω‚©‚Ι‹σ’n‚ª©‚η‚κ‚ιZ‘ξ’nζ,s“Ή,Ό,4.6,,,,,…“Ή,‰Ί…“Ή,“ϊόa“c,,680 ,‚P’ακ,,40 ,80 ,,,,‘—§φ(•’Κj,,,,,,
Z,13205 ,8 ,Β”~,0 ,21 ,Β”~s,‘ε–ε‚P’–Ϊ‚T‚X‚X”Τ‚P‚U,,"97,300 ","96,900 ",0.4 ,132 ,,1,1.2,Z‘ξ,‚v,2F,,κ”ΚZ‘ξ‚Μ‚Ω‚©‚ΙƒAƒp[ƒg‚ª©‚η‚κ‚ιZ‘ξ’nζ,s“Ή,–kΌ,4.5,,,,,…“Ή,‰Ί…“Ή,“Β”~,,"1,600 ",‚P’ακ,,40 ,80 ,,,,,,,,,,
Z,13205 ,8 ,Β”~,0 ,22 ,Β”~s,“΅‹΄‚Q’–Ϊ‚T‚S‚P”Τ‚UO,,"76,600 ","76,000 ",0.8 ,162 ,,1,1.2,Z‘ξ,‚v,2F,,¬‹K–Νκ”ΚZ‘ξ‚ΙƒAƒp[ƒg“™‚ª©‚η‚κ‚ιZ‘ξ’nζ,s“Ή,–k,4.6,,,,,…“Ή,‰Ί…“Ή,¬μ,,"2,700 ",‚P’ακ,,40 ,80 ,,,,,,,,,,
Z,13205 ,8 ,Β”~,0 ,23 ,Β”~s,‘ςδ‚P’–Ϊ‚S‚R‚S”Τ‚XO,,"41,500 ","41,600 ",-0.2 ,135 ,,1,1.5,Z‘ξ,‚v,2F,,κ”ΚZ‘ξ‚Μ‚Ω‚©‚Ι”_’n“™‚ª¬έ‚·‚ιZ‘ξ’nζ,„“Ή,“,4.5,,,,,…“Ή,‰Ί…“Ή,R”¨,,600 ,‚P’ακ,,40 ,80 ,,,,‘—§φ(•’Κj,,,,,,
Z,13205 ,8 ,Β”~,0 ,24 ,Β”~s,—M–Ψ’¬‚Q’–Ϊ‚S‚P‚U”Τ‚Q,,"45,000 ","45,000 ",0.0 ,127 ,,1,1,Z‘ξ,‚v,2F,,κ”ΚZ‘ξ‚Μ‚Ω‚©‚Ι‹σ’n“™‚ª©‚η‚κ‚ιZ‘ξ’nζ,s“Ή,–kΌ,5,,,,,…“Ή,‰Ί…“Ή,“ρ–“”φ,,970 ,‚P’ακ,,40 ,80 ,,,,‘—§φ(•’Κj,,,,,,
Z,13205 ,8 ,Β”~,0 ,25 ,Β”~s,–μγ’¬‚R’–Ϊ‚Q‚O”Τ‚R‚R,,"156,000 ","154,000 ",1.3 ,114 ,,1,1.5,Z‘ξ,‚v,2F,,κ”ΚZ‘ξ‚Μ’†‚Ι”¨‚ΰc‚ι‹ζ‰ζ®—Ο‚ΜZ‘ξ’nζ,s“Ή,–k,6,,,,ƒKƒX,…“Ή,‰Ί…“Ή,‰Ν•Σ,,"1,000 ",‚P’†κ,€–h,60 ,200 ,,,,,,,,,,
Z,13205 ,8 ,Β”~,0 ,26 ,Β”~s,’·•£‚S’–Ϊ‚Q‚T‚U”Τ‚UO,,"76,800 ","76,200 ",0.8 ,100 ,‘δ`,1.5,1,Z‘ξ,‚v,2F,,κ”ΚZ‘ξ‚Μ‚Ω‚©‚Ι“X•ά“™‚ª©‚η‚κ‚ιZ‘ξ’nζ,‘“Ή,“μΌ,16,,,,,…“Ή,‰Ί…“Ή,“Β”~,,"1,600 ",‚PZ‹,€–h,60 ,200 ,,,,,,,,,,
Z,13205 ,8 ,Β”~,0 ,27 ,Β”~s,— h’¬‚U‚V‚U”Τ‚R,,"95,700 ","94,900 ",0.8 ,165 ,,1,2,Z‘ξ,‚r,2F,,κ”ΚZ‘ξ‚Μ‚Ω‚©¬‹K–ΝHκ‚ª¬έ‚·‚ιZ‘ξ’nζ,s“Ή,–k,4,,,,ƒKƒX,…“Ή,‰Ί…“Ή,Β”~,,950 ,€H,€–h,60 ,150 ,,,,,,,,,,
Z,13205 ,8 ,Β”~,5 ,1 ,Β”~s,‰Ν•Σ’¬‚P‚O’–Ϊ‚W”Τ‚QO,,"325,000 ","319,000 ",1.9 ,345 ,,1,1.5,‹βs,‚q‚b,4F,,’†‘w‚Μ“X•άƒrƒ‹A‹βs‚ª©‚η‚κ‚ι‰w‘O‚Μ¤‹Ζ’nζ,s“Ή,“μ“,22,,,,ƒKƒX,…“Ή,‰Ί…“Ή,‰Ν•Σ,,130 ,¤‹Ζ,–h‰Ξ,80 ,400 ,,,,,,,,,,
Z,13205 ,8 ,Β”~,5 ,2 ,Β”~s,Ό•ª’¬‚Q’–Ϊ‚S‚X”Τ‚PO,,"133,000 ","131,000 ",1.5 ,221 ,,1,1.2,––±“Z‘ξ,‚v,3F,,“X•ά•Ή—pZ‘ξ“™‚ª‘½‚Ά‹ί—Χ¤‹Ζ’nζ,“s“Ή,“μ,12.5,,‘¤“Ή,Ό,ƒKƒX,…“Ή,‰Ί…“Ή,Β”~,,550 ,‹ί¤,€–h,80 ,300 ,,,,,,,,,,
Z,13205 ,8 ,Β”~,5 ,3 ,Β”~s,‰Ν•Σ’¬‚T’–Ϊ‚P‚V”Τ‚P‚O,,"187,000 ","185,000 ",1.1 ,99 ,,1,2,“X•ά“Z‘ξ,‚r,3F,,ƒ}ƒ“ƒVƒ‡ƒ“A“X•ά“™‚ª‚Ώ•ΐ‚ΤHό¤‹Ζ’nζ,“s“Ή,“μΌ,15,,,,,…“Ή,‰Ί…“Ή,‰Ν•Σ,,300 ,‹ί¤,€–h,80 ,300 ,,,,,,,,,,
Z,13205 ,8 ,Β”~,5 ,4 ,Β”~s,“Β”~‚P’–Ϊ‚S”Τ‚R,,"185,000 ","183,000 ",1.1 ,169 ,‘δ`,1,2,“X•ά“Z‘ξ,‚r,4F,,’†‘w‚Μ“X•ά“™‚ª‘½‚Ά‰w‘O¤‹Ζ’nζ,“s“Ή,–k,15,,,,ƒKƒX,…“Ή,‰Ί…“Ή,“Β”~,,80 ,¤‹Ζ,–h‰Ξ,80 ,400 ,,,,,,,,,,
Z,13205 ,8 ,Β”~,5 ,5 ,Β”~s,V’¬‚T’–Ϊ‚S”Τ‚QO,,"171,000 ","169,000 ",1.2 ,"1,503 ",,1,2,“X•ά,‚r,1F,,ωH“XA¬”„“X•ά‚Μ‘½‚Ά“s“Ή‰‚Ά‚ΜHό¤‹Ζ’nζ,“s“Ή,“μΌ,20,,”w–Κ“Ή,,ƒKƒX,…“Ή,‰Ί…“Ή,¬μ,,"1,600 ",‹ί¤,€–h,80 ,300 ,,,,,,,,,,
Z,13205 ,8 ,Β”~,13 ,1 ,Β”~s,—F“c’¬‚P’–Ϊ‚P‚Q‚O‚W”ΤO,,"1,630 ","1,640 ",-0.6 ,"3,360 ",•s®`,0,0,R—ΡiG–Ψ—Ρj,,,,sX‰»‹ζζ‚Ι‹ίΪ‚·‚ιG–Ψ—Ρ‚Μ‘½‚Ά’nζ,s“Ή,“μ,2.7,,‘¤“Ή,Ό,,,,¬μ,,"2,700 ",,,0 ,0 ,,’²‹ζ,’nXv,,,,,,,
Z,13206 ,8 ,“‹•{’†,0 ,1 ,•{’†s,”ª”¦’¬‚Q’–Ϊ‚P‚Q”Τ‚S‚O,,"447,000 ","430,000 ",4.0 ,130 ,,1,1.5,Z‘ξ,‚v,2F,,’†¬‹K–Ν‚Μκ”ΚZ‘ξ‚ª‚Ώ•ΐ‚ΤZ‘ξ’nζ,s“Ή,–k,5,,,,ƒKƒX,…“Ή,‰Ί…“Ή,•{’†‹£”n³–ε‘O,,300 ,‚P’ακ,€–h,50 ,80 ,,,,,,,,,,
Z,13206 ,8 ,“‹•{’†,0 ,2 ,•{’†s,“V_’¬‚P’–Ϊ‚T”Τ‚P‚W,,"390,000 ","369,000 ",5.7 ,115 ,,1,1.5,Z‘ξ,‚v,2F,,κ”ΚZ‘ξ‚Μ‚Ω‚©‹¤“―Z‘ξ‚ΰ©‚η‚κ‚ιZ‘ξ’nζ,s“Ή,“μ,4,,,,ƒKƒX,…“Ή,‰Ί…“Ή,•{’†,,"1,200 ",‚P’ακ,,40 ,80 ,,,,,,,,,,
,13206 ,8 ,“‹•{’†,0 ,3 ,•{’†s,“μ’¬‚P’–Ϊ‚U”Τ‚P‚S‚P,,"303,000 ",,,100 ,,1,2,Z‘ξ,‚v,2F,,κ”ΚZ‘ξ‚ΜO‚ΙƒAƒp[ƒg‚ΰ©‚η‚κ‚ιZ‘ξ’nζ,s“Ή,–k,6,,,,ƒKƒX,…“Ή,‰Ί…“Ή,•ª”{‰Ν΄,,"1,000 ",‚P’ακ,,40 ,80 ,,,,,,,,,,
Z,13206 ,8 ,“‹•{’†,0 ,4 ,•{’†s,•‘ ‘δ‚Q’–Ϊ‚P‚U”Τ‚P‚QO,,"391,000 ","372,000 ",5.1 ,158 ,,1,1.2,Z‘ξ,‚v,2F,,κ”ΚZ‘ξ‚Μ‚Ω‚©ƒAƒp[ƒg‚ΰ©‚η‚κ‚ιZ‘ξ’nζ,“ΉH,“μ,4,,,,ƒKƒX,…“Ή,‰Ί…“Ή,Ό‘•ª›,,900 ,‚P’†κ,€–h,60 ,200 ,,,,,,,,,,
Z,13206 ,8 ,“‹•{’†,0 ,5 ,•{’†s,‰h’¬‚Q’–Ϊ‚P‚S”Τ‚T,,"312,000 ","297,000 ",5.1 ,135 ,,1.5,1,Z‘ξ,‚v,2F,,’†‹K–Νκ”ΚZ‘ξ‚ª‚Ώ•ΐ‚ΤZ‘ξ’nζ,s“Ή,Ό,4,,,,ƒKƒX,…“Ή,‰Ί…“Ή,‘•ª›,,"1,600 ",‚P’ακ,,40 ,80 ,,,,,,,,,,
Z,13206 ,8 ,“‹•{’†,0 ,6 ,•{’†s,¥­‚U’–Ϊ‚Q‚V”Τ‚Q‚Q,,"270,000 ","263,000 ",2.7 ,117 ,,1,1.2,Z‘ξ,‚v,2F,,κ”ΚZ‘ξ‚Μ‚Ω‚©ƒAƒp[ƒg‚ΰ©‚η‚κ‚ιZ‘ξ’nζ,s“Ή,“μ,4,,,,ƒKƒX,…“Ή,‰Ί…“Ή,¥­,,800 ,‚P’ακ,€–h,50 ,100 ,,,,,,,,,,
Z,13206 ,8 ,“‹•{’†,0 ,7 ,•{’†s,Z‹g’¬‚T’–Ϊ‚Q‚P”Τ‚T‚P,,"317,000 ","309,000 ",2.6 ,131 ,‘δ`,1,2,Z‘ξ,‚k‚r,2F,,’†‹K–Νκ”ΚZ‘ξ‚ª‚Ώ•ΐ‚ΤZ‘ξ’nζ,s“Ή,“,5,,,,ƒKƒX,…“Ή,‰Ί…“Ή,’†‰Ν΄,,500 ,‚P’†κ,€–h,60 ,200 ,,,,,,,,,,
Z,13206 ,8 ,“‹•{’†,0 ,8 ,•{’†s,–{h’¬‚S’–Ϊ‚Q‚O”Τ‚P‚PO,,"319,000 ","310,000 ",2.9 ,148 ,,1.2,1,Z‘ξ,‚v,2F,,’†¬‹K–Ν‚Μκ”ΚZ‘ξ‚ª‚Ώ•ΐ‚ΤΥΓ‚ΘZ‘ξ’nζ,s“Ή,“μ,4,,,,ƒKƒX,…“Ή,‰Ί…“Ή,Ό•{,,"1,100 ",‚P’ακ,,40 ,80 ,,,,,,,,,,
Z,13206 ,8 ,“‹•{’†,0 ,9 ,•{’†s,–kR’¬‚S’–Ϊ‚Q‚O”Τ‚R,,"325,000 ","310,000 ",4.8 ,112 ,,1,1,Z‘ξ,‚v,2F,,’†‹K–Νκ”ΚZ‘ξ‚ª‘½‚Ά‹ζ‰ζ®‘R‚Ζ‚µ‚½Z‘ξ’nζ,s“Ή,Ό,4,,,,ƒKƒX,…“Ή,‰Ί…“Ή,Ό‘•ª›,,"1,400 ",‚P’ακ,,40 ,80 ,,,,,,,,,,
Z,13206 ,8 ,“‹•{’†,0 ,10 ,•{’†s,”όD’¬‚Q’–Ϊ‚S‚T”Τ‚V,,"363,000 ","353,000 ",2.8 ,165 ,,1,1,Z‘ξ,‚v,2F,,’†‹K–Νκ”ΚZ‘ξ‚ª‘½‚Ά‹ζ‰ζ®—Ο‚ΜZ‘ξ’nζ,s“Ή,Ό,6,,,,ƒKƒX,…“Ή,‰Ί…“Ή,•ª”{‰Ν΄,,"1,200 ",‚P’ακ,€–h,60 ,150 ,,,,,*,13206,0 ,12 ,"360,000 ",0.8 
Z,13206 ,8 ,“‹•{’†,0 ,11 ,•{’†s,”’…‘δ‚P’–Ϊ‚S‚X”Τ‚P‚TO,,"376,000 ","354,000 ",6.2 ,162 ,,1,2,Z‘ξ,‚k‚r,2F,,κ”ΚZ‘ξAƒAƒp[ƒgA‹σ’n“™‚ª‚έ‚η‚κ‚ιZ‘ξ’nζ,s“Ή,–k“,5.5,,,,ƒKƒX,…“Ή,‰Ί…“Ή,‘½–—μ‰€,,930 ,‚Q’†κ,€–h,60 ,200 ,,,,,,,,,,
Z,13206 ,8 ,“‹•{’†,0 ,12 ,•{’†s,Ό•{’¬‚P’–Ϊ‚Q‚V”Τ‚Q‚O,,"380,000 ","349,000 ",8.9 ,207 ,,1,1.2,Z‘ξ,‚v,2F,,’†¬‹K–Ν‚Μκ”ΚZ‘ξ‚ª‚Ώ•ΐ‚ΤZ‘ξ’nζ,s“Ή,“μΌ,6,,,,ƒKƒX,…“Ή,‰Ί…“Ή,Ό•{,,380 ,‚P’ακ,€–h,50 ,100 ,,,,,,,,,,
Z,13206 ,8 ,“‹•{’†,0 ,13 ,•{’†s,¬–φ’¬‚R’–Ϊ‚V”Τ‚V‚O,,"315,000 ","304,000 ",3.6 ,163 ,,1,1.5,Z‘ξ,‚v,3F,,’†‹K–Νκ”ΚZ‘ξ‚ª‚Ώ•ΐ‚ΤZ‘ξ’nζ,s“Ή,–k,5,,,,ƒKƒX,…“Ή,‰Ί…“Ή,•‘ –μ‘δ,,780 ,‚P’ακ,€–h,50 ,100 ,,,,,,,,,,
Z,13206 ,8 ,“‹•{’†,0 ,15 ,•{’†s,‘½–’¬‚Q’–Ϊ‚T”Τ‚Q‚Q,,"287,000 ","280,000 ",2.5 ,111 ,,1,1.5,Z‘ξ,‚v,2F,,¬‹K–Νκ”ΚZ‘ξ‚ª‚Ώ•ΐ‚Τ•ªχZ‘ξ’nζ,s“Ή,“μΌ,5,,,,ƒKƒX,…“Ή,‰Ί…“Ή,‘½–,,950 ,‚P’ακ,,40 ,80 ,,,,,,,,,,
Z,13206 ,8 ,“‹•{’†,0 ,16 ,•{’†s,”’…‘δ‚U’–Ϊ‚R”Τ‚W,,"421,000 ","397,000 ",6.0 ,109 ,,1,1.2,Z‘ξ,‚v,2F,,κ”ΚZ‘ξ‚ΙƒAƒp[ƒgA”_’n‚ª©‚η‚κ‚ιZ‘ξ’nζ,s“Ή,“μ,8,,,,ƒKƒX,…“Ή,‰Ί…“Ή,”ς“c‹‹,,510 ,‚P’†κ,€–h,60 ,200 ,,,,,,,,,,
Z,13206 ,8 ,“‹•{’†,0 ,17 ,•{’†s,l’J‚P’–Ϊ‚P‚T”Τ‚T,,"318,000 ","315,000 ",1.0 ,100 ,,1,1.5,Z‘ξ,‚v,2F,,κ”ΚZ‘ξ‚ª‚Ώ•ΐ‚Τ‹ζ‰ζ®‘R‚Ζ‚µ‚½Z‘ξ’nζ,s“Ή,–kΌ,5.8,,,,ƒKƒX,…“Ή,‰Ί…“Ή,’†‰Ν΄,,660 ,‚P’ακ,€–h,50 ,100 ,,,,,,,,,,
Z,13206 ,8 ,“‹•{’†,0 ,18 ,•{’†s,¬–φ’¬‚T’–Ϊ‚R‚R”Τ‚P‚UO,,"284,000 ","272,000 ",4.4 ,140 ,,1.5,1,Z‘ξ,‚v,3F,,κ”ΚZ‘ξAƒAƒp[ƒg‚ª‚β‚β–§W‚·‚ιω¬Z‘ξ’nζ,s“Ή,–k,3.7,,,,ƒKƒX,…“Ή,‰Ί…“Ή,‹£’ψκ‘O,,500 ,‚P’ακ,€–h,50 ,80 ,,,,,,,,,,
Z,13206 ,8 ,“‹•{’†,0 ,19 ,•{’†s,g—t‹u‚R’–Ϊ‚R‚P”Τ‚W,,"338,000 ","325,000 ",4.0 ,104 ,,1,1.5,Z‘ξ,‚v,2F,,¬‹K–Νκ”ΚZ‘ξ‚ª‚Ώ•ΐ‚ΤZ‘ξ’nζ,„“Ή,“μΌ,4,,,,ƒKƒX,…“Ή,‰Ί…“Ή,‘½–,,350 ,‚P’ακ,,40 ,80 ,,,,,,,,,,
Z,13206 ,8 ,“‹•{’†,0 ,20 ,•{’†s,σΤ’¬‚S’–Ϊ‚P‚P”Τ‚Q‚X,,"280,000 ","274,000 ",2.2 ,95 ,,1,1.5,Z‘ξ,‚v,2F,,’†¬‹K–Ν‚Μκ”ΚZ‘ξ‚ª‚Ώ•ΐ‚ΤZ‘ξ’nζ,s“Ή,“μ“,4,,,,ƒKƒX,…“Ή,‰Ί…“Ή,“•{’†,,"1,900 ",‚P’ακ,,40 ,80 ,,,,,,,,,,
Z,13206 ,8 ,“‹•{’†,0 ,21 ,•{’†s,αΌ’¬‚R’–Ϊ‚Q‚T”Τ‚P‚V,,"386,000 ","367,000 ",5.2 ,186 ,‘δ`,1,1,Z‘ξ,‚v,2F,,’†‹K–Νκ”ΚZ‘ξ‚ª‚Ώ•ΐ‚ΤZ‘ξ’nζ,s“Ή,Ό,6,,,,ƒKƒX,…“Ή,‰Ί…“Ή,“•{’†,,950 ,‚P’ακ,,40 ,80 ,,,,,*,13206,0 ,15 ,"376,000 ",2.7 
Z,13206 ,8 ,“‹•{’†,0 ,22 ,•{’†s,°©’¬‚Q’–Ϊ‚P‚R”Τ‚QO,,"348,000 ","333,000 ",4.5 ,143 ,,1.5,1,Z‘ξ,‚v,1F,,κ”ΚZ‘ξ‚Μ‚Ω‚©φ‰cZ‘ξ“™‚ª‚ ‚ιZ‘ξ’nζ,s“Ή,Ό,8,,,,ƒKƒX,…“Ή,‰Ί…“Ή,–k•{’†,,400 ,‚P’†κ,€–h,60 ,200 ,,,,,,,,,,
Z,13206 ,8 ,“‹•{’†,0 ,23 ,•{’†s,”όD’¬‚P’–Ϊ‚Q‚R”Τ‚P‚S,,"427,000 ","410,000 ",4.1 ,105 ,,1,2,Z‘ξ,‚v,2F,,κ”ΚZ‘ξ‚Μ‚Ω‚©ƒAƒp[ƒg‚ΰ©‚η‚κ‚ιZ‘ξ’nζ,s“Ή,–k,4,,,,ƒKƒX,…“Ή,‰Ί…“Ή,•ª”{‰Ν΄,,570 ,‚P’†κ,€–h,60 ,200 ,,,,,,,,,,
Z,13206 ,8 ,“‹•{’†,0 ,24 ,•{’†s,‰h’¬‚P’–Ϊ‚R‚Q”Τ‚V‚X,,"314,000 ","300,000 ",4.7 ,102 ,,1,1.5,Z‘ξ,‚v,2F,,κ”ΚZ‘ξ‚π’†S‚ΙƒAƒp[ƒg‚ΰ©‚η‚κ‚ιZ‘ξ’nζ,s“Ή,Ό,4,,,,ƒKƒX,…“Ή,‰Ί…“Ή,‘•ª›,,"1,400 ",‚P’ακ,,40 ,80 ,,,,,,,,,,
Z,13206 ,8 ,“‹•{’†,0 ,25 ,•{’†s,“μ’¬‚R’–Ϊ‚R‚P”Τ‚V‚U,,"317,000 ","309,000 ",2.6 ,188 ,,1,1.5,Z‘ξ,‚v,2F,,’†‹K–Νκ”ΚZ‘ξ‚ª‚Ώ•ΐ‚ΤZ‘ξ’nζ,s“Ή,“μ“,5,,,,ƒKƒX,…“Ή,‰Ί…“Ή,’†‰Ν΄,,750 ,‚P’ακ,,40 ,80 ,,,,,*,13206,0 ,18 ,"311,000 ",1.9 
Z,13206 ,8 ,“‹•{’†,0 ,26 ,•{’†s,•{’†’¬‚P’–Ϊ‚S‚O”Τ‚RO,,"628,000 ","593,000 ",5.9 ,214 ,,1,1,‹¤“―Z‘ξ,‚q‚b,3F,,κ”ΚZ‘ξA‹¤“―Z‘ξ“™‚ª‚Ώ•ΐ‚ΤZ‘ξ’nζ,s“Ή,“μΌ,6,,,,ƒKƒX,…“Ή,‰Ί…“Ή,•{’†,,620 ,‚P’†κ,€–h,60 ,200 ,,,,,,,,,,
,13206 ,8 ,“‹•{’†,0 ,27 ,•{’†s,”’…‘δ‚P’–Ϊ‚V‚Q”Τ‚P‚T,,"407,000 ",,,107 ,‘δ`,1,1.2,Z‘ξ,‚v,2F,,κ”ΚZ‘ξ‚Μ‚Ω‚©‚Ι–‹Ζ“™‚ΰ©‚η‚κ‚ιZ‘ξ’nζ,s“Ή,–k“,7.1,,,,ƒKƒX,…“Ή,‰Ί…“Ή,”’…‘δ,,200 ,‚P’†κ,€–h,60 ,200 ,,,,,,,,,,
Z,13206 ,8 ,“‹•{’†,0 ,28 ,•{’†s,Z‹g’¬‚R’–Ϊ‚V‚X”Τ‚U‚P,,"276,000 ","271,000 ",1.8 ,119 ,,1,1,Z‘ξ,‚k‚r,2F,,’†¬‹K–Ν‚Μκ”ΚZ‘ξ‚ª‚Ώ•ΐ‚ΤZ‘ξ’nζ,s“Ή,“μΌ,4.9,,,,ƒKƒX,…“Ή,‰Ί…“Ή,’†‰Ν΄,,"1,000 ",‚P’ακ,,40 ,80 ,,,,,,,,,,
Z,13206 ,8 ,“‹•{’†,0 ,29 ,•{’†s,—Ξ’¬‚Q’–Ϊ‚R‚P”Τ‚Q,,"457,000 ","431,000 ",6.0 ,145 ,,1,1,Z‘ξ,‚k‚r,2F,,κ”ΚZ‘ξ‚ª‚Ώ•ΐ‚Τ‹ζ‰ζ®—Ο‚ΜZ‘ξ’nζ,s“Ή,“μΌ,4,,,,ƒKƒX,…“Ή,‰Ί…“Ή,“•{’†,,"1,100 ",‚P’ακ,€–h,60 ,150 ,,,,,,,,,,
Z,13206 ,8 ,“‹•{’†,0 ,30 ,•{’†s,•{’†’¬‚Q’–Ϊ‚Q‚Q”Τ‚SO,,"590,000 ","567,000 ",4.1 ,360 ,,1,1.2,‹¤“―Z‘ξ,‚r,3F,,κ”ΚZ‘ξAƒ}ƒ“ƒVƒ‡ƒ““™‚ª‚Ώ•ΐ‚ΤZ‘ξ’nζ,s“Ή,“,16,,,,ƒKƒX,…“Ή,‰Ί…“Ή,•{’†,,700 ,‚P’†κ,€–h,60 ,200 ,,,,,,,,,,
Z,13206 ,8 ,“‹•{’†,0 ,31 ,•{’†s,‰—§’¬‚Q’–Ϊ‚Q‚R”Τ‚S‚OO,,"300,000 ","290,000 ",3.4 ,122 ,‘δ`,1.5,1,Z‘ξ,‚v,2F,,¬‹K–Νκ”ΚZ‘ξ‚ª‚Ώ•ΐ‚ΤZ‘ξ’nζ,s“Ή,“μ,4.5,,,,ƒKƒX,…“Ή,‰Ί…“Ή,”ς“c‹‹,,"1,000 ",‚P’ακ,,40 ,80 ,,,,,,,,,,
Z,13206 ,8 ,“‹•{’†,0 ,32 ,•{’†s,‹{’¬‚R’–Ϊ‚P‚P”Τ‚R‚S,,"600,000 ","563,000 ",6.6 ,101 ,,1,2,Z‘ξ,‚k‚r,3F,,’†¬‹K–Ν‚Μκ”ΚZ‘ξ‚ª‚Ώ•ΐ‚ΤZ‘ξ’nζ,s“Ή,–k,4,,,,ƒKƒX,…“Ή,‰Ί…“Ή,•{’†,,600 ,‚P’†κ,€–h,60 ,200 ,,,,,,,,,,
,13206 ,8 ,“‹•{’†,0 ,33 ,•{’†s,’©“ϊ’¬‚Q’–Ϊ‚U”Τ‚R‚W,,"326,000 ",,,119 ,,1,2,Z‘ξ,‚v,2F,,’†‹K–ΝZ‘ξ‚ª‚Ώ•ΐ‚Τ‹ζ‰ζ®‘R‚Ζ‚µ‚½Z‘ξ’nζ,s“Ή,–k,4,,,,ƒKƒX,…“Ή,‰Ί…“Ή,‘½–,,450 ,‚P’ακ,,40 ,80 ,,,,,,,,,,
Z,13206 ,8 ,“‹•{’†,0 ,34 ,•{’†s,•‘ ‘δ‚P’–Ϊ‚P‚U”Τ‚U‚S,,"296,000 ","288,000 ",2.8 ,109 ,,1.2,1,Z‘ξ,‚v,2F,,¬‹K–Νκ”ΚZ‘ξAƒAƒp[ƒg“™‚ª©‚η‚κ‚ιZ‘ξ’nζ,„“Ή,Ό,4.2,,,,ƒKƒX,…“Ή,‰Ί…“Ή,Ό‘•ª›,,"1,900 ",‚P’†κ,€–h,60 ,200 ,,,,,,,,,,
Z,13206 ,8 ,“‹•{’†,0 ,35 ,•{’†s,Ό΄’¬‚Q’–Ϊ‚P‚U”Τ‚P‚R,,"293,000 ","285,000 ",2.8 ,165 ,,1,1.5,Z‘ξ,‚v,2F,,’†‹K–Νκ”ΚZ‘ξ‚ª‘½‚ΆxO‚ΜΥΓ‚ΘZ‘ξ’nζ,s“Ή,–k,4,,,,ƒKƒX,…“Ή,‰Ί…“Ή,’J•Ϋ,,"1,400 ",‚P’ακ,,40 ,80 ,,,,,,,,,,
Z,13206 ,8 ,“‹•{’†,0 ,36 ,•{’†s,l’J‚S’–Ϊ‚P‚W”Τ‚VO,,"225,000 ","217,000 ",3.7 ,134 ,,1,1,Z‘ξ,‚v,2F,,κ”ΚZ‘ξ‚Μ‚Ω‚©A‹σ’n‚ΰ©‚η‚κ‚ιZ‘ξ’nζ,s“Ή,–kΌ,5,,,,ƒKƒX,…“Ή,‰Ί…“Ή,’†‰Ν΄,,"1,800 ",‚P’ακ,,40 ,80 ,,,,,,,,,,
Z,13206 ,8 ,“‹•{’†,0 ,37 ,•{’†s,¥­‚P’–Ϊ‚Q‚O”Τ‚T‚VO,,"304,000 ","294,000 ",3.4 ,137 ,,1,1,Z‘ξ,‚v,2F,1B,κ”ΚZ‘ξ‚Μ‚Ω‚©ƒAƒp[ƒg‚ΰ©‚η‚κ‚ιZ‘ξ’nζ,„“Ή,“,4,,,,ƒKƒX,…“Ή,‰Ί…“Ή,¥­,,850 ,‚P’†κ,€–h,60 ,200 ,,,,,,,,,,
Z,13206 ,8 ,“‹•{’†,0 ,38 ,•{’†s,•ª”~’¬‚P’–Ϊ‚P‚O”Τ‚Q‚O,,"418,000 ","400,000 ",4.5 ,148 ,,1,1,Z‘ξ,‚v,3F,,’†‹K–Νκ”ΚZ‘ξ‚ª‘½‚Ά—•Φ«‚Μ—Η‚ΆZ‘ξ’nζ,s“Ή,Ό,4,,,,ƒKƒX,…“Ή,‰Ί…“Ή,•ª”{‰Ν΄,,370 ,‚P’ακ,€–h,50 ,100 ,,,,,,,,,,
Z,13206 ,8 ,“‹•{’†,0 ,39 ,•{’†s,αΌ’¬‚S’–Ϊ‚P‚V”Τ‚T‚P,,"326,000 ","310,000 ",5.2 ,104 ,,1,1.5,Z‘ξ,‚v,2F,,’†¬‹K–Νκ”ΚZ‘ξ‚ª‚Ώ•ΐ‚ΤZ‘ξ’nζ,s“Ή,Ό,5,,,,ƒKƒX,…“Ή,‰Ί…“Ή,“•{’†,,"1,400 ",‚P’ακ,,40 ,80 ,,,,,,,,,,
Z,13206 ,8 ,“‹•{’†,0 ,40 ,•{’†s,΄…‚ª‹u‚R’–Ϊ‚Q‚O”Τ‚R‚O,,"435,000 ","412,000 ",5.6 ,125 ,,1,1.2,Z‘ξ,‚k‚r,2F,,κ”ΚZ‘ξ‚Μ‚Ω‚©Aμ‹Ζ“™‚ΰ©‚η‚κ‚ιZ‘ξ’nζ,s“Ή,–k,6.7,,,,ƒKƒX,…“Ή,‰Ί…“Ή,‘½–—μ‰€,,170 ,‚P’†κ,€–h,60 ,200 ,,,,,,,,,,
Z,13206 ,8 ,“‹•{’†,0 ,41 ,•{’†s,“ϊV’¬‚S’–Ϊ‚R‚V”Τ‚R‚U,,"233,000 ","225,000 ",3.6 ,110 ,,1,2,Z‘ξ,‚v,2F,,κ”ΚZ‘ξAƒAƒp[ƒg‚ª©‚η‚κ‚ιZ‘ξ’nζ,s“Ή,–k,5.3,,,,ƒKƒX,…“Ή,‰Ί…“Ή,Ό•{,,"1,300 ",‚P’ακ,,40 ,80 ,,,,,,,,,,
Z,13206 ,8 ,“‹•{’†,0 ,42 ,•{’†s,Ό•{’¬‚S’–Ϊ‚P‚Q”Τ‚V‚U,,"308,000 ","298,000 ",3.4 ,102 ,,1.2,1,Z‘ξ,‚v,2F,,κ”ΚZ‘ξ‚Μ‚Ω‚©‚Ι”_’n‚ª©‚η‚κ‚ιZ‘ξ’nζ,s“Ή,–k,5,,,,ƒKƒX,…“Ή,‰Ί…“Ή,’J•Ϋ,,"1,000 ",‚P’ακ,,40 ,80 ,,,,,,,,,,
Z,13206 ,8 ,“‹•{’†,0 ,43 ,•{’†s,”’…‘δ‚Q’–Ϊ‚P‚R”Τ‚Q‚W,,"392,000 ","365,000 ",7.4 ,130 ,,1,1.2,Z‘ξ,‚v,2F,,κ”ΚZ‘ξ‚Μ‚Ω‚©‚ΙƒAƒp[ƒg“™‚ª©‚η‚κ‚ιZ‘ξ’nζ,„“Ή,Ό,4.5,,,,ƒKƒX,…“Ή,‰Ί…“Ή,•‘ –μ‘δ,,420 ,‚P’ακ,,40 ,80 ,,,,,,,,,,
Z,13206 ,8 ,“‹•{’†,0 ,44 ,•{’†s,V’¬‚Q’–Ϊ‚T‚O”Τ‚Q‚TO,,"311,000 ","297,000 ",4.7 ,113 ,,1,1.5,Z‘ξ,‚v,2F,,κ”ΚZ‘ξ‚Μ‚Ω‚©‚ΙƒAƒp[ƒg“™‚ª©‚η‚κ‚ιZ‘ξ’nζ,s“Ή,“μ,4,,,,ƒKƒX,…“Ή,‰Ί…“Ή,•‘ ¬‹ΰδ,,"2,100 ",‚P’ακ,,40 ,80 ,,,,,,,,,,
Z,13206 ,8 ,“‹•{’†,0 ,45 ,•{’†s,¥­‚Q’–Ϊ‚R”Τ‚S‚R,,"293,000 ","282,000 ",3.9 ,100 ,,1.2,1,Z‘ξ,‚r,3F,,ΛZ‘ξ‚Μ‚Ω‚©κ•”‚Ι–‹Ζ‚ΰ©‚η‚κ‚ιZ‘ξ’nζ,s“Ή,Ό,4.5,,,,ƒKƒX,…“Ή,‰Ί…“Ή,¥­,,600 ,€H,€–h,60 ,200 ,,,,,,,,,,
Z,13206 ,8 ,“‹•{’†,5 ,1 ,•{’†s,•{’†’¬‚P’–Ϊ‚P”Τ‚TO,,"2,350,000 ","2,100,000 ",11.9 ,938 ,‘δ`,1,2.5,“X•ά“––±,‚r‚q‚b,7F,1B,’†‚‘w“X•άƒrƒ‹“™‚ª•ΐ‚Τ‰w‘O‚Μ¤‹Ζ’nζ,s“Ή,“μ,0,‰w‘OLκ,O•ϋH,,ƒKƒX,…“Ή,‰Ί…“Ή,•{’†,‰w‘OLκΪ–Κ,0 ,¤‹Ζ,–h‰Ξ,80 ,500 ,,,,,,,,,,
Z,13206 ,8 ,“‹•{’†,5 ,2 ,•{’†s,‰h’¬‚Q’–Ϊ‚P”Τ‚P‚W,,"370,000 ","350,000 ",5.7 ,117 ,,1,3.5,“X•ά“Z‘ξ,‚r,2F,,’α‘w¬”„“X•ά‚Ιγ‰@“™‚ΰ©‚η‚κ‚ι‹ί—Χ¤‹Ζ’nζ,“s“Ή,“,16,,,,ƒKƒX,…“Ή,‰Ί…“Ή,‘•ª›,,"1,600 ",‹ί¤,–h‰Ξ,80 ,300 ,,,,,,,,,,
Z,13206 ,8 ,“‹•{’†,5 ,3 ,•{’†s,‹{’¬‚P’–Ϊ‚Q‚R”Τ‚X,,"1,150,000 ","1,050,000 ",9.5 ,135 ,,1,1.2,“X•άA––±“‹¤“―Z‘ξ,‚q‚b,7F,1B,“X•άA––±Aƒ}ƒ“ƒVƒ‡ƒ““™‚ª¬έ‚·‚ι¤‹Ζ’nζ,s“Ή,Ό,12,,,,ƒKƒX,…“Ή,‰Ί…“Ή,•{’†,,260 ,¤‹Ζ,–h‰Ξ,80 ,500 ,,,,,*,13206,5 ,7 ,"1,090,000 ",5.5 
Z,13206 ,8 ,“‹•{’†,5 ,4 ,•{’†s,¥­‚T’–Ϊ‚S”Τ‚R‚S,,"350,000 ","342,000 ",2.3 ,119 ,,1,1,“X•ά“Z‘ξ,‚v,2F,,’†¬‹K–Ν‚Μ“X•ά‚ª‚Ώ•ΐ‚Τ‰w‘O‚Μ‹ί—Χ¤‹Ζ’nζ,s“Ή,Ό,6.4,,,,ƒKƒX,…“Ή,‰Ί…“Ή,¥­,,80 ,‹ί¤,–h‰Ξ,80 ,300 ,,,,,,,,,,
Z,13206 ,8 ,“‹•{’†,5 ,5 ,•{’†s,΄…‚ª‹u‚P’–Ϊ‚X”Τ‚Q‚WO,,"885,000 ","790,000 ",12.0 ,248 ,,1,3,“X•ά“Z‘ξ,‚r,2F,,’†‚‘wƒrƒ‹A¬”„“X•ά‚ª‚Ώ•ΐ‚Τ‰w‘O‚Μ¤‹Ζ’nζ,s“Ή,Ό,20,,,,ƒKƒX,…“Ή,‰Ί…“Ή,“•{’†,,90 ,¤‹Ζ,–h‰Ξ,80 ,500 ,,,,,,,,,,
Z,13206 ,8 ,“‹•{’†,5 ,6 ,•{’†s,g—t‹u‚R’–Ϊ‚S‚P”Τ‚Q‚R,,"435,000 ","418,000 ",4.1 ,198 ,,1,1.5,“X•ά“––±,‚r,3F,,¬”„“X•ά‚ª‚Ώ•ΐ‚Τ‰w‘O‚Μ‹ί—Χ¤‹Ζ’nζ,s“Ή,“,5,,,,ƒKƒX,…“Ή,‰Ί…“Ή,‘½–,,110 ,‹ί¤,–h‰Ξ,80 ,300 ,,,,,,,,,,
Z,13206 ,8 ,“‹•{’†,5 ,7 ,•{’†s,°©’¬‚P’–Ϊ‚P‚W”Τ‚XO,,"375,000 ","357,000 ",5.0 ,116 ,,1,1.5,“X•ά“Z‘ξ,‚r,2F,,’†¬‹K–Ν“X•ά“Z‘ξ‚ª‚Ώ•ΐ‚Τ‹ί—Χ¤‹Ζ’nζ,s“Ή,Ό,5.5,,,,ƒKƒX,…“Ή,‰Ί…“Ή,•{’†,,"1,200 ",‹ί¤,€–h,80 ,200 ,,,,,,,,,,
Z,13206 ,8 ,“‹•{’†,5 ,8 ,•{’†s,Z‹g’¬‚P’–Ϊ‚R‚T”Τ‚SO,,"400,000 ","399,000 ",0.3 ,298 ,‘δ`,1,1.2,“X•ά“––±,‚r,4F,,’†‘w‚Μ“X•άƒrƒ‹“™‚ª‚Ώ•ΐ‚ΤHό¤‹Ζ’nζ,“s“Ή,“,28,,,,ƒKƒX,…“Ή,‰Ί…“Ή,’†‰Ν΄,,220 ,‹ί¤,–h‰Ξ,80 ,300 ,,,,,,,,,,
Z,13206 ,8 ,“‹•{’†,5 ,9 ,•{’†s,“V_’¬‚R’–Ϊ‚X”Τ‚R,,"350,000 ","330,000 ",6.1 ,99 ,,1,1.2,“X•ά“Z‘ξ,‚r,3F,,“X•ά“Z‘ξA‹¤“―Z‘ξ‚ª‚Ώ•ΐ‚Τ‹ί—Χ¤‹Ζ’nζ,s“Ή,–k,12,,,,ƒKƒX,…“Ή,‰Ί…“Ή,•{’†,,"2,000 ",€Z‹,€–h,60 ,200 ,,,,,,,,,,
Z,13206 ,8 ,“‹•{’†,5 ,10 ,•{’†s,”ª”¦’¬‚Q’–Ϊ‚Q‚P”Τ‚XO,,"760,000 ","681,000 ",11.6 ,198 ,,1,1.5,“X•ά“‹¤“―Z‘ξ,‚q‚b,5F,1B,“X•ά“‹¤“―Z‘ξA“X•ά“™‚ª‚Ώ•ΐ‚Τ‹ί—Χ¤‹Ζ’nζ,“s“Ή,“μ,8.5,,,,ƒKƒX,…“Ή,‰Ί…“Ή,•{’†,,850 ,¤‹Ζ,–h‰Ξ,80 ,400 ,,,,,,,,,,
Z,13206 ,8 ,“‹•{’†,9 ,1 ,•{’†s,l’J‚S’–Ϊ‚T‚S”Τ‚P‚OO,,"215,000 ","205,000 ",4.9 ,"1,319 ",•s®`,1,1.5,‘qΙ,‚r,2F,,’†¬‹K–Ν‘qΙAκ”ΚZ‘ξ“™‚ª¬έ‚·‚ιH‹Ζ’nζ,s“Ή,“μΌ,6.8,,‘¤“Ή,–kΌ,ƒKƒX,…“Ή,‰Ί…“Ή,’†‰Ν΄,,"2,100 ",€H,€–h,60 ,200 ,,,,,,,,,,
Z,13207 ,8 ,Ί“‡,0 ,1 ,Ί“‡s,“’¬‚R’–Ϊ‚Q‚V‚O”Τ‚Q‚S,“’¬‚R|‚X|‚P‚S,"238,000 ","227,000 ",4.8 ,135 ,,1,1.5,Z‘ξ,‚v,2F,,²ό“ΉH”wγ‚Μ’†¬‹K–Νκ”ΚZ‘ξε‘Μ‚ΜZ‘ξ’nζ,„“Ή,–k,4,,,,ƒKƒX,…“Ή,‰Ί…“Ή,Ό—§μ,,750 ,‚P’ακ,,40 ,80 ,,,,,,,,,,
Z,13207 ,8 ,Ί“‡,0 ,2 ,Ί“‡s,γμ΄’¬‚P’–Ϊ‚U‚S”Τ‚S,γμ΄’¬‚P|‚Q‚O|‚T,"205,000 ","197,000 ",4.1 ,166 ,,1,1,Z‘ξ,‚k‚r,2F,,κ”ΚZ‘ξAƒAƒp[ƒg“™‚ª©‚η‚κ‚ιZ‘ξ’nζ,s“Ή,“μ,4,,,,ƒKƒX,…“Ή,‰Ί…“Ή,Ί“‡,,"1,000 ",‚P’ακ,,40 ,80 ,,,,,,,,,,
Z,13207 ,8 ,Ί“‡,0 ,3 ,Ί“‡s,“c’†’¬‚P’–Ϊ‚Q‚R‚T‚U”Τ‚P‚RO,“c’†’¬‚P|‚Q‚O|‚X,"195,000 ","187,000 ",4.3 ,185 ,,1,1.5,Z‘ξ,‚v,2F,,κ”ΚZ‘ξ‚ª‚Ώ•ΐ‚Ρό•Σ‚Ι”_’n‚ΰ‚ ‚ιZ‘ξ’nζ,s“Ή,“μΌ,4,,,,ƒKƒX,…“Ή,‰Ί…“Ή,Ί“‡,,"1,100 ",‚P’ακ,,40 ,80 ,,,,,,,,,,
Z,13207 ,8 ,Ί“‡,0 ,4 ,Ί“‡s,—Ξ’¬‚T’–Ϊ‚Q‚V‚W‚V”Τ‚P‚U,—Ξ’¬‚T|‚P‚P|‚P‚O,"186,000 ","182,000 ",2.2 ,165 ,,1,1,Z‘ξ,‚v,2F,,’†‹K–Νκ”ΚZ‘ξ‚ª‚Ώ•ΐ‚ΤZ‘ξ’nζ,s“Ή,“μΌ,4,,,,ƒKƒX,…“Ή,‰Ί…“Ή,”q“‡,,"1,000 ",‚P’ακ,,40 ,80 ,,,,,,,,,,
Z,13207 ,8 ,Ί“‡,0 ,5 ,Ί“‡s,‹½’n’¬‚Q’–Ϊ‚T‚S‚X”Τ‚S,‹½’n’¬‚Q|‚P‚V|‚U,"194,000 ","185,000 ",4.9 ,172 ,,1.2,1,Z‘ξ,‚v,2F,,’†‹K–ΝZ‘ξ‚ª‚Ώ•ΐ‚Τ‹ζ‰ζ®‘R‚Ζ‚µ‚½Z‘ξ’nζ,s“Ή,“μ,6,,,,ƒKƒX,…“Ή,‰Ί…“Ή,“’†_,,"1,300 ",‚P’ακ,€–h,50 ,100 ,,,,,,,,,,
Z,13207 ,8 ,Ί“‡,0 ,6 ,Ί“‡s,Ίa’¬‚P’–Ϊ‚W‚R‚T”Τ‚X‚S,Ίa’¬‚P|‚T|‚P‚V,"260,000 ","240,000 ",8.3 ,100 ,,1,1.5,Z‘ξ,‚v,2F,,κ”ΚZ‘ξA‹¤“―Z‘ξ“™‚ª¬έ‚·‚ιZ‘ξ’nζ,s“Ή,Ό,4,,,,ƒKƒX,…“Ή,‰Ί…“Ή,Ί“‡,,650 ,‚PZ‹,€–h,60 ,200 ,,,,,,,,,,
Z,13207 ,8 ,Ί“‡,0 ,7 ,Ί“‡s,”ό–x’¬‚Q’–Ϊ‚S‚O‚U‚U”Τ‚W‚U,”ό–x’¬‚Q|‚P‚S|‚P‚X,"161,000 ","155,000 ",3.9 ,190 ,,1,1.5,Z‘ξ,‚v,2F,,κ”ΚZ‘ξ‚Μ’†‚Ι‹σ’n‚ΰ©‚η‚κ‚ιZ‘ξ’nζ,„“Ή,–kΌ,4,,,,ƒKƒX,…“Ή,‰Ί…“Ή,Ό•—§μ,,"1,200 ",‚P’ακ,,40 ,80 ,,,,,,,,,,
Z,13207 ,8 ,Ί“‡,0 ,8 ,Ί“‡s,”ό–x’¬‚T’–Ϊ‚R‚W‚V‚R”Τ‚P‚R,”ό–x’¬‚T|‚P‚Q|‚V,"210,000 ","202,000 ",4.0 ,104 ,,1,1.2,Z‘ξ,‚v,2F,,κ”ΚZ‘ξ‚Μ‚Ω‚©‹¤“―Z‘ξ‚ΰ©‚η‚κ‚ιZ‘ξ’nζ,s“Ή,–kΌ,4,,,,,…“Ή,‰Ί…“Ή,”q“‡,,600 ,‚P’†κ,€–h,60 ,200 ,,,,,,,,,,
Z,13207 ,8 ,Ί“‡,0 ,9 ,Ί“‡s,—Ξ’¬‚R’–Ϊ‚R‚R‚W‚S”Τ‚T,—Ξ’¬‚R|‚Q|‚P‚U,"180,000 ","172,000 ",4.7 ,123 ,,1,1.5,Z‘ξ,‚v,2F,,’†¬‹K–Νκ”ΚZ‘ξA‹¤“―Z‘ξ‚ª‚Ώ•ΐ‚ΤZ‘ξ’nζ,s“Ή,–k,4,,,,ƒKƒX,…“Ή,‰Ί…“Ή,Ί“‡,,"1,200 ",‚P’ακ,,40 ,80 ,,,,,,,,,,
Z,13207 ,8 ,Ί“‡,0 ,10 ,Ί“‡s,Ό΄’¬‚T’–Ϊ‚R‚O‚P‚U”Τ‚W,Ό΄’¬‚T|‚P‚O|‚T,"213,000 ","208,000 ",2.4 ,125 ,,1,2,Z‘ξ,‚v,2F,,κ”ΚZ‘ξAƒAƒp[ƒg‚ª‚Ώ•ΐ‚ΤZ‘ξ’nζ,s“Ή,“μ“,4.2,,,,,…“Ή,‰Ί…“Ή,”q“‡,,600 ,‚P’ακ,,40 ,80 ,,,,,,,,,,
Z,13207 ,8 ,Ί“‡,0 ,11 ,Ί“‡s,•“‡’¬‚Q’–Ϊ‚P‚O‚Q”Τ‚R‚QO,•“‡’¬‚Q|‚R‚S|‚P‚O,"185,000 ","177,000 ",4.5 ,134 ,,1,1.2,Z‘ξ,‚v,2F,,’†‹K–Νκ”ΚZ‘ξ‚Μ‘½‚Ά‹ζ‰ζ®‘R‚Ζ‚µ‚½Z‘ξ’nζ,s“Ή,Ό,6,,,,,…“Ή,‰Ί…“Ή,“’†_,,"1,300 ",‚P’ακ,,40 ,80 ,,,,,,,,,,
Z,13207 ,8 ,Ί“‡,0 ,12 ,Ί“‡s,Ίa’¬‚S’–Ϊ‚Q‚T‚O”Τ‚S‚Q,Ίa’¬‚S|‚P‚O|‚P‚U,"275,000 ","266,000 ",3.4 ,108 ,,1,2,Z‘ξ,‚v,2F,,κ”ΚZ‘ξ‚Μ‚Ω‚©‹¤“―Z‘ξ‚ΰ‚έ‚η‚κ‚ιZ‘ξ’nζ,s“Ή,Ό,4,,,,ƒKƒX,…“Ή,‰Ί…“Ή,Ί“‡,,480 ,‚PZ‹,€–h,60 ,200 ,,,,,*,13207,0 ,9 ,"269,000 ",2.2 
,13207 ,8 ,Ί“‡,0 ,13 ,Ί“‡s,”q“‡’¬‚Q’–Ϊ‚P‚X‚R‚V”Τ‚P‚P,”q“‡’¬‚Q|‚W|‚Q‚X,"155,000 ",,,105 ,,1,1.2,Z‘ξ,‚v,2F,,’†¬‹K–Νκ”ΚZ‘ξ‚ª‘½‚ΆZ‘ξ’nζ,s“Ή,–k“,5.5,,,,ƒKƒX,…“Ή,‰Ί…“Ή,”q“‡,,"1,400 ",‚P’ακ,,40 ,80 ,,,,,,,,,,
Z,13207 ,8 ,Ί“‡,0 ,15 ,Ί“‡s,‹Κμ’¬‚P’–Ϊ‚Q‚V‚O”Τ‚Q‚W,‹Κμ’¬‚P|‚P‚V|‚X,"263,000 ","253,000 ",4.0 ,104 ,,1,1.5,Z‘ξ,‚v,2F,,κ”ΚZ‘ξ‚Ι“X•ά•Ή—pZ‘ξ‚ΰ©‚η‚κ‚ιZ‘ξ’nζ,s“Ή,–k“,4.8,,,,ƒKƒX,…“Ή,‰Ί…“Ή,“’†_,,300 ,‚P’†κ,€–h,60 ,200 ,,,,,,,,,,
Z,13207 ,8 ,Ί“‡,0 ,16 ,Ί“‡s,’†_’¬‚P’–Ϊ‚V‚S‚S”Τ‚P‚OO,’†_’¬‚P|‚P‚O|‚W,"203,000 ","197,000 ",3.0 ,115 ,,2,1,Z‘ξ,‚v,2F,,κ”ΚZ‘ξ‚Μ‚Ω‚©‚ΙƒAƒp[ƒg“™‚ª©‚η‚κ‚ιZ‘ξ’nζ,s“Ή,“,5,,,,ƒKƒX,…“Ή,‰Ί…“Ή,’†_,,900 ,‚P’ακ,,40 ,80 ,,,,,,,,,,
Z,13207 ,8 ,Ί“‡,0 ,17 ,Ί“‡s,‹Κμ’¬‚R’–Ϊ‚V‚U‚S”Τ‚TO,‹Κμ’¬‚R|‚R|‚P‚T,"230,000 ","220,000 ",4.5 ,100 ,,1,2,Z‘ξ,‚v,2F,,κ”ΚZ‘ξ“™‚ª‚Ώ•ΐ‚Τω¬Z‘ξ’nζ,s“Ή,Ό,4,,,,ƒKƒX,…“Ή,‰Ί…“Ή,“’†_,,640 ,‚P’†κ,€–h,60 ,200 ,,,,,,,,,,
Z,13207 ,8 ,Ί“‡,0 ,18 ,Ί“‡s,“’¬‚P’–Ϊ‚P‚V‚R”Τ‚U,“’¬‚P|‚P‚Q|‚Q‚O,"290,000 ","281,000 ",3.2 ,107 ,,1,1.5,Z‘ξ,‚v,2F,,κ”ΚZ‘ξA‹¤“―Z‘ξ‚ª©‚η‚κ‚ι‰w‚Ι‹ί‚ΆZ‘ξ’nζ,s“Ή,–k“,3.8,,,,ƒKƒX,…“Ή,‰Ί…“Ή,Ό—§μ,,450 ,‚P’†κ,€–h,60 ,200 ,,,,,,,,,,
Z,13207 ,8 ,Ί“‡,5 ,1 ,Ί“‡s,Ίa’¬‚T’–Ϊ‚Q‚Q‚W”Τ‚W,Ίa’¬‚T|‚P‚O|‚P‚V,"483,000 ","468,000 ",3.2 ,196 ,,1,1.5,“X•ά“‹¤“―Z‘ξ,‚q‚b,6F,,’†‘w‚Μ“X•άA––±ƒrƒ‹‚ª‚Ώ•ΐ‚Τ‰w‘O¤‹Ζ’nζ,s“Ή,–k,0,‰w‘OLκ,,,ƒKƒX,…“Ή,‰Ί…“Ή,Ί“‡,‰w‘OLκΪ–Κ,0 ,¤‹Ζ,–h‰Ξ,80 ,400 ,,,,,*,13207,5 ,3 ,"475,000 ",1.7 
Z,13207 ,8 ,Ί“‡,5 ,2 ,Ί“‡s,‹Κμ’¬‚P’–Ϊ‚W‚U‚P”Τ‚P,‹Κμ’¬‚P|‚P‚P|‚T,"275,000 ","263,000 ",4.6 ,464 ,,2.5,1,––±,‚r‚q‚b,3F,,’†‘w‚Μ“X•άA––±ƒrƒ‹‚ª‚Ώ•ΐ‚ΤHό¤‹Ζ’nζ,“s“Ή,“μΌ,16,,,,ƒKƒX,…“Ή,‰Ί…“Ή,“’†_,,300 ,‹ί¤,€–h,80 ,300 ,,,,,,,,,,
Z,13207 ,8 ,Ί“‡,5 ,3 ,Ί“‡s,“’¬‚R’–Ϊ‚Q‚P‚V”Τ‚R‚X,“’¬‚R|‚P|‚X,"321,000 ","296,000 ",8.4 ,227 ,,1,2,“X•ά“Z‘ξ,‚r,3F,,“X•ά“Z‘ξAκ”ΚZ‘ξ‚ª¬έ‚·‚ιHό¤‹Ζ’nζ,“s“Ή,–kΌ,11,,‘¤“Ή,“μΌ,ƒKƒX,…“Ή,‰Ί…“Ή,Ό—§μ,,300 ,‹ί¤,€–h,80 ,300 ,,,,,,,,,,
Z,13207 ,8 ,Ί“‡,9 ,1 ,Ί“‡s,•‘ –μ‚Q’–Ϊ‚P‚V‚X”ΤO,•‘ –μ‚Q|‚P‚Q|‚P‚O,"180,000 ","172,000 ",4.7 ,"1,484 ",,1,1,Hκ,‚r,2F,,HκA‘qΙ“™‚ª‚Ώ•ΐ‚ΤH‹Ζ’nζ,s“Ή,“μΌ,8,,,,ƒKƒX,…“Ή,‰Ί…“Ή,Ό•—§μ,,700 ,€H,€–h,60 ,200 ,,,,,,,,,,
Z,13208 ,8 ,’²•z,0 ,1 ,’²•zs,•z“c‚U’–Ϊ‚R”Τ‚P‚R,,"490,000 ","470,000 ",4.3 ,128 ,,1,1.5,Z‘ξ,‚v,2F,,κ”ΚZ‘ξ‚Μ‚Ω‚©‚ΙƒAƒp[ƒg“™‚ª©‚η‚κ‚ιZ‘ξ’nζ,s“Ή,“,4,,,,ƒKƒX,…“Ή,‰Ί…“Ή,’²•z,,650 ,‚P’ακ,,40 ,80 ,,,,,,,,,,
Z,13208 ,8 ,’²•z,0 ,2 ,’²•zs,•xm©’¬‚Q’–Ϊ‚W”Τ‚U,,"429,000 ","410,000 ",4.6 ,208 ,,1,1.2,Z‘ξ,‚v,2F,,’†‹K–Νκ”ΚZ‘ξ‚ª‘½‚Ά‹ζ‰ζ®‘R‚Ζ‚µ‚½Z‘ξ’nζ,s“Ή,“μΌ,4,,,,ƒKƒX,…“Ή,‰Ί…“Ή,’²•z,,"1,100 ",‚P’ακ,,40 ,80 ,,,,,,,,,,
Z,13208 ,8 ,’²•z,0 ,3 ,’²•zs,[‘ε›³’¬‚S’–Ϊ‚P‚T”Τ‚P‚O,,"335,000 ","315,000 ",6.3 ,153 ,,1.2,1,Z‘ξ,‚v,2F,,’†‹K–ΝZ‘ξ‚ª‚Ώ•ΐ‚Τ‹ζ‰ζ®‘R‚Ζ‚µ‚½Z‘ξ’nζ,s“Ή,Ό,4,,,,ƒKƒX,…“Ή,‰Ί…“Ή,’²•z,,"2,300 ",‚P’ακ,,40 ,80 ,,,,,,,,,,
Z,13208 ,8 ,’²•z,0 ,4 ,’²•zs,γΞ΄‚P’–Ϊ‚P‚S”Τ‚U,,"388,000 ","352,000 ",10.2 ,201 ,,1,1.2,Z‘ξ,‚k‚r,2F,,’†‹K–Νκ”ΚZ‘ξ‚ª‚Ώ•ΐ‚Τω¬Z‘ξ’nζ,s“Ή,–kΌ,4,,,,ƒKƒX,…“Ή,‰Ί…“Ή,Ό’²•z,,600 ,‚P’ακ,,40 ,80 ,,,,,,,,,,
Z,13208 ,8 ,’²•z,0 ,5 ,’²•zs,²{’¬‚Q’–Ϊ‚P‚Q”Τ‚P‚P,,"388,000 ","377,000 ",2.9 ,174 ,,1,1.5,Z‘ξ,‚v,2F,,κ”ΚZ‘ξ‚ª‚Ώ•ΐ‚Τ‹ζ‰ζ®‘R‚Ζ‚µ‚½Z‘ξ’nζ,s“Ή,–k“,4,,,,ƒKƒX,…“Ή,‰Ί…“Ή,•z“c,,"1,200 ",‚P’ακ,,40 ,80 ,,,,,,,,,,
Z,13208 ,8 ,’²•z,0 ,6 ,’²•zs,γΞ΄‚R’–Ϊ‚P‚V”Τ‚P‚SO,,"345,000 ","329,000 ",4.9 ,214 ,,1,1.5,Z‘ξ,‚v,2F,,κ”ΚZ‘ξ“™‚ª‚Ώ•ΐ‚Τ‹ζ‰ζ®‘R‚Ζ‚µ‚½Z‘ξ’nζ,s“Ή,“μ,4,,,,ƒKƒX,…“Ή,‰Ί…“Ή,Ό’²•z,,750 ,‚P’ακ,,40 ,80 ,,,,,,,,,,
Z,13208 ,8 ,’²•z,0 ,7 ,’²•zs,‰ΊΞ΄‚Q’–Ϊ‚Q‚S”Τ‚P‚P,,"410,000 ","380,000 ",7.9 ,139 ,,1,1.2,Z‘ξ,‚v,2F,,Z‘ξ‚Μ‚Ω‚©‚ΙƒAƒp[ƒg“™‚ª©‚η‚κ‚ιZ‘ξ’nζ,„“Ή,–kΌ,4,,,,ƒKƒX,…“Ή,‰Ί…“Ή,Ό’²•z,,580 ,‚P’ακ,€–h,50 ,100 ,,,,,,,,,,
Z,13208 ,8 ,’²•z,0 ,8 ,’²•zs,‘—Μ’¬‚P’–Ϊ‚W”Τ‚P‚O,,"525,000 ","482,000 ",8.9 ,198 ,,1,1.5,Z‘ξ“‹¤“―Z‘ξ,‚k‚r,2F,,κ”ΚZ‘ξAƒAƒp[ƒg“™‚ª©‚η‚κ‚ιω¬Z‘ξ’nζ,s“Ή,Ό,4,,,,ƒKƒX,…“Ή,‰Ί…“Ή,•z“c,,330 ,‚PZ‹,€–h,60 ,200 ,,,,,,,,,,
Z,13208 ,8 ,’²•z,0 ,9 ,’²•zs,[‘ε›“’¬‚U’–Ϊ‚Q‚X”Τ‚P‚X,,"301,000 ","294,000 ",2.4 ,161 ,,1,1.2,Z‘ξ,‚k‚r,2F,,’†‹K–Νκ”ΚZ‘ξ‚ª‘½‚Ά‹ζ‰ζ®‘R‚Ζ‚µ‚½Z‘ξ’nζ,s“Ή,“μ“,4,,,,ƒKƒX,…“Ή,‰Ί…“Ή,’²•z,,"3,800 ",‚P’ακ,,40 ,80 ,,,,,*,13208,0 ,8 ,"297,000 ",1.3 
Z,13208 ,8 ,’²•z,0 ,10 ,’²•zs,“όΤ’¬‚P’–Ϊ‚R‚U”Τ‚R‚V,,"445,000 ","401,000 ",11.0 ,98 ,,1,1.2,Z‘ξ,‚v,2F,,¬‹K–Νκ”ΚZ‘ξ‚ª‚Ώ•ΐ‚ΤZ‘ξ’nζ,„“Ή,Ό,4,,,,ƒKƒX,…“Ή,‰Ί…“Ή,εμ,,"1,200 ",‚P’ακ,,40 ,80 ,,,,,,,,,,
Z,13208 ,8 ,’²•z,0 ,11 ,’²•zs,‹e–μ‘δ‚R’–Ϊ‚T”Τ‚U,,"450,000 ","421,000 ",6.9 ,146 ,,1,1,Z‘ξ,‚k‚r,2F,,κ”ΚZ‘ξ‚Μ’†‚ΙƒAƒp[ƒg‚ΰ©‚η‚κ‚ιZ‘ξ’nζ,„“Ή,–k“,4,,,,ƒKƒX,…“Ή,‰Ί…“Ή,Δθ,,200 ,‚P’ακ,,40 ,80 ,,,,,,,,,,
Z,13208 ,8 ,’²•z,0 ,12 ,’²•zs,[‘ε›–k’¬‚U’–Ϊ‚S‚U”Τ‚P‚U,,"296,000 ","282,000 ",5.0 ,132 ,,1.5,1,Z‘ξ,‚v,2F,,κ”ΚZ‘ξ“™‚ª‚Ώ•ΐ‚ΤxO‚ΜZ‘ξ’nζ,s“Ή,Ό,4,,,,ƒKƒX,…“Ή,‰Ί…“Ή,’²•z,,"3,500 ",‚P’ακ,,40 ,80 ,,,,,,,,,,
Z,13208 ,8 ,’²•z,0 ,13 ,’²•zs,’²•zƒP‹u‚P’–Ϊ‚P‚U”Τ‚Q‚R,,"516,000 ","493,000 ",4.7 ,165 ,,1,1,Z‘ξ,‚k‚r,2F,,κ”ΚZ‘ξ‚Μ‚Ω‚©‚ΙƒAƒp[ƒg“™‚ª©‚η‚κ‚ιZ‘ξ’nζ,s“Ή,“μΌ,5.2,,,,ƒKƒX,…“Ή,‰Ί…“Ή,’²•z,,"1,000 ",‚P’ακ,€–h,50 ,100 ,,,,,*,13208,0 ,1 ,"512,000 ",0.8 
Z,13208 ,8 ,’²•z,0 ,14 ,’²•zs,[‘ε›“’¬‚U’–Ϊ‚P‚U”Τ‚TO,,"354,000 ","338,000 ",4.7 ,201 ,,1,1.5,“X•ά“‹¤“―Z‘ξ,‚r,3F,,“X•ά•Ή—pZ‘ξA’α‘wƒAƒp[ƒg“™‚Μ¬έZ‘ξ’nζ,s“Ή,“μ“,8,,,,ƒKƒX,…“Ή,‰Ί…“Ή,’²•z,,"3,400 ",‚Q’†κ,€–h,60 ,200 ,,,,,,,,,,
Z,13208 ,8 ,’²•z,0 ,15 ,’²•zs,‹e–μ‘δ‚Q’–Ϊ‚T‚U”Τ‚R,,"428,000 ","407,000 ",5.2 ,238 ,,1,1,Z‘ξ,‚v,2F,,’†‹K–Νκ”ΚZ‘ξ‚ª‚Ώ•ΐ‚ΤΥΓ‚ΘZ‘ξ’nζ,s“Ή,Ό,4,,,,ƒKƒX,…“Ή,‰Ί…“Ή,Δθ,,550 ,‚P’ακ,,40 ,80 ,,,,,,,,,,
Z,13208 ,8 ,’²•z,0 ,16 ,’²•zs,•z“c‚S’–Ϊ‚W”Τ‚XO,,"750,000 ","690,000 ",8.7 ,196 ,,1.2,1,‹¤“―Z‘ξ,‚q‚b,3F,,‹¤“―Z‘ξ‚ª‘½‚­©‚η‚κ‚ιπ’Κ•Φ‚ΘZ‘ξ’nζ,s“Ή,“μ,6,,,,ƒKƒX,…“Ή,‰Ί…“Ή,’²•z,,230 ,‚PZ‹,€–h,60 ,200 ,,,,,,,,,,
,13208 ,8 ,’²•z,0 ,17 ,’²•zs,Δθ‚P’–Ϊ‚S‚T”Τ‚R‚V,,"400,000 ",,,155 ,,1,1,Z‘ξ,‚v,2F,,’†‹K–Νκ”ΚZ‘ξ‚ΙƒAƒp[ƒg‚ΰ©‚η‚κ‚ιZ‘ξ’nζ,„“Ή,“,4,,,,ƒKƒX,…“Ή,‰Ί…“Ή,Δθ,,800 ,‚P’ακ,,40 ,80 ,,,,,,,,,,
Z,13208 ,8 ,’²•z,0 ,18 ,’²•zs,’²•zƒP‹u‚R’–Ϊ‚T‚O”Τ‚Q,,"485,000 ","463,000 ",4.8 ,"1,046 ",,1,1.2,‹¤“―Z‘ξ,‚q‚b,5F,1B,’†¬‹K–Ν‚Μ’†‘wƒ}ƒ“ƒVƒ‡ƒ“‚βΠ‘ξ‚ª‘½‚ΆZ‘ξ’nζ,s“Ή,“μΌ,6,,,,ƒKƒX,…“Ή,‰Ί…“Ή,’²•z,,"1,200 ",€H,€–h,60 ,200 ,,,,,,,,,,
Z,13208 ,8 ,’²•z,0 ,19 ,’²•zs,‘—Μ’¬‚S’–Ϊ‚R‚Q”Τ‚P‚S,,"467,000 ","440,000 ",6.1 ,112 ,,1,1,Z‘ξ,‚k‚r,2F,,κ”ΚZ‘ξAƒAƒp[ƒg“™‚ª©‚η‚κ‚ιZ‘ξ’nζ,s“Ή,Ό,4,,‘¤“Ή,–k,ƒKƒX,…“Ή,‰Ί…“Ή,‘—Μ,,370 ,‚P’ακ,€–h,50 ,100 ,,,,,,,,,,
Z,13208 ,8 ,’²•z,0 ,20 ,’²•zs,α—t’¬‚P’–Ϊ‚R‚S”Τ‚P‚UO,,"472,000 ","440,000 ",7.3 ,179 ,,1,1.5,Z‘ξ,‚v,2F,,κ”ΚZ‘ξ‚Μ‚Ω‚©‚ΙƒAƒp[ƒg“™‚ª©‚η‚κ‚ιZ‘ξ’nζ,s“Ή,–kΌ,4,,,,ƒKƒX,…“Ή,‰Ί…“Ή,εμ,,800 ,‚P’ακ,,40 ,80 ,,,,,,,,,,
Z,13208 ,8 ,’²•z,0 ,21 ,’²•zs,Ό‚Β‚Β‚¶ƒP‹u‚S’–Ϊ‚S‚U”Τ‚Q,,"378,000 ","358,000 ",5.6 ,255 ,,1.2,1,Z‘ξ,‚k‚r,2F,,κ”ΚZ‘ξ‚Μ’†‚ΙƒAƒp[ƒg‚ΰ©‚η‚κ‚ιZ‘ξ’nζ,s“Ή,Ό,4,,,,ƒKƒX,…“Ή,‰Ί…“Ή,‚Β‚Β‚¶ƒ–‹u,,"1,100 ",‚P’ακ,,40 ,80 ,,,,,,,,,,
Z,13208 ,8 ,’²•z,0 ,22 ,’²•zs,υ’n‚P’–Ϊ‚Q‚O”Τ‚Q‚VO,,"308,000 ","297,000 ",3.7 ,125 ,,1,1,Z‘ξ,‚v,2F,,κ”ΚZ‘ξ‚Μ‚Ω‚©‚Ι‹σ’n‚ª©‚η‚κ‚ιZ‘ξ’nζ,s“Ή,“μΌ,5,,,,ƒKƒX,…“Ή,‰Ί…“Ή,•z“c,,"1,300 ",‚P’ακ,,40 ,80 ,,,,,,,,,,
Z,13208 ,8 ,’²•z,0 ,23 ,’²•zs,¬“‡’¬‚Q’–Ϊ‚P‚T”Τ‚V,,"535,000 ","483,000 ",10.8 ,165 ,,1,1.5,Z‘ξ,‚v,2F,,κ”ΚZ‘ξ‚Μ‚Ω‚©‚ΙƒAƒp[ƒg“™‚ª©‚η‚κ‚ιZ‘ξ’nζ,„“Ή,–kΌ,4,,,,ƒKƒX,…“Ή,‰Ί…“Ή,’²•z,,530 ,‚P’ακ,€–h,50 ,100 ,,,,,,,,,,
Z,13208 ,8 ,’²•z,0 ,25 ,’²•zs,“‚Β‚Β‚¶ƒP‹u‚Q’–Ϊ‚Q‚T”Τ‚U‚Q,,"435,000 ","412,000 ",5.6 ,102 ,,1,1.5,Z‘ξ,‚v,2F,,κ”ΚZ‘ξ‚Μ‚Ω‚©‚ΙƒAƒp[ƒg“™‚ª©‚η‚κ‚ιZ‘ξ’nζ,s“Ή,–k,4,,,,ƒKƒX,…“Ή,‰Ί…“Ή,‚Β‚Β‚¶ƒ–‹u,,450 ,‚P’ακ,,40 ,80 ,,,,,,,,,,
Z,13208 ,8 ,’²•z,0 ,26 ,’²•zs,”ª‰_‘δ‚P’–Ϊ‚S‚V”Τ‚P‚X,,"459,000 ","433,000 ",6.0 ,139 ,,1,1.5,Z‘ξ,‚k‚r,2F,,’†‹K–Νκ”ΚZ‘ξ‚ª•ΐ‚Τ‹ζ‰ζ®‘R‚Ζ‚µ‚½Z‘ξ’nζ,s“Ή,–k,4,,,,ƒKƒX,…“Ή,‰Ί…“Ή,‘—Μ,,700 ,‚P’ακ,,40 ,80 ,,,,,,,,,,
Z,13208 ,8 ,’²•z,0 ,27 ,’²•zs,—ΞƒP‹u‚Q’–Ϊ‚S‚P”Τ‚U‚S,,"445,000 ","422,000 ",5.5 ,124 ,,1,1.5,Z‘ξ,‚v,2F,,κ”ΚZ‘ξ‚ª‚Ώ•ΐ‚ΤΥΓ‚ΘZ‘ξ’nζ,s“Ή,“,5,,,,ƒKƒX,…“Ή,‰Ί…“Ή,εμ,,"1,000 ",‚P’ακ,,40 ,80 ,,,,,,,,,,
Z,13208 ,8 ,’²•z,0 ,28 ,’²•zs,•xm©’¬‚R’–Ϊ‚Q‚U”Τ‚Q,,"350,000 ","330,000 ",6.1 ,142 ,,1,1,Z‘ξ,‚v,2F,,’†‹K–Νκ”ΚZ‘ξ‚ΙƒAƒp[ƒg‚ΰ©‚η‚κ‚ιZ‘ξ’nζ,„“Ή,Ό,4,,,,ƒKƒX,…“Ή,‰Ί…“Ή,’²•z,,"1,700 ",‚P’ακ,,40 ,80 ,,,,,,,,,,
Z,13208 ,8 ,’²•z,0 ,29 ,’²•zs,εμ’¬‚R’–Ϊ‚U”Τ‚Q‚R,,"556,000 ","504,000 ",10.3 ,203 ,,1,1,Z‘ξ,‚v,2F,,’†‹K–Νκ”ΚZ‘ξ‚ª‘½‚Άπ’Κ•Φ‚ΘZ‘ξ’nζ,s“Ή,Ό,4,,,,ƒKƒX,…“Ή,‰Ί…“Ή,εμ,,400 ,‚P’ακ,,40 ,80 ,,,,,*,13208,0 ,13 ,"538,000 ",3.3 
Z,13208 ,8 ,’²•z,0 ,30 ,’²•zs,υ’n‚Q’–Ϊ‚Q‚R”Τ‚V,,"343,000 ","332,000 ",3.3 ,145 ,,1.5,1,Z‘ξ,‚v,2F,,’†‹K–Νκ”ΚZ‘ξ‚ª‚Ώ•ΐ‚ΤΒ‹«‚Μ—Η‚ΆZ‘ξ’nζ,s“Ή,Ό,6,,,,ƒKƒX,…“Ή,‰Ί…“Ή,•z“c,,"1,000 ",‚P’ακ,,40 ,80 ,,,,,,,,,,
Z,13208 ,8 ,’²•z,0 ,31 ,’²•zs,‘½–€μ‚U’–Ϊ‚Q‚X”Τ‚Q,,"349,000 ","337,000 ",3.6 ,140 ,,1,1,Z‘ξ,‚v,2F,,’†‹K–Νκ”ΚZ‘ξ‚ª‚Ώ•ΐ‚ΤΥΓ‚ΘZ‘ξ’nζ,s“Ή,–k,4,,,,ƒKƒX,…“Ή,‰Ί…“Ή,‹‰¤‘½–€μ,,700 ,‚P’ακ,,40 ,80 ,,,,,,,,,,
Z,13208 ,8 ,’²•z,0 ,32 ,’²•zs,Δθ‚Q’–Ϊ‚Q‚V”Τ‚P‚T,,"373,000 ","355,000 ",5.1 ,155 ,,1.5,1,‹¤“―Z‘ξ,‚v,2F,,κ”ΚZ‘ξ‚Μ‚Ω‚©ƒAƒp[ƒg‚ΰ©‚η‚κ‚ιZ‘ξ’nζ,s“Ή,“μ“,4.5,,,,ƒKƒX,…“Ή,‰Ί…“Ή,‚Β‚Β‚¶ƒ–‹u,,"1,400 ",‚P’ακ,,40 ,80 ,,,,,,,,,,
Z,13208 ,8 ,’²•z,0 ,33 ,’²•zs,“όΤ’¬‚R’–Ϊ‚V”Τ‚X‚V,,"437,000 ","415,000 ",5.3 ,132 ,,1,1.5,Z‘ξ,‚v,2F,,κ”ΚZ‘ξ‚Μ‚Ω‚©‚ΙƒAƒp[ƒg“™‚ª©‚η‚κ‚ιZ‘ξ’nζ,s“Ή,“μ,4,,,,ƒKƒX,…“Ή,‰Ί…“Ή,¬ιw‰€‘O,,"1,400 ",‚P’ακ,,40 ,80 ,,,,,,,,,,
Z,13208 ,8 ,’²•z,0 ,34 ,’²•zs,¬“‡’¬‚R’–Ϊ‚T‚Q”Τ‚U‚U,,"515,000 ","480,000 ",7.3 ,115 ,,1,1.5,Z‘ξ,‚v,2F,,κ”ΚZ‘ξ‚ª‚Ώ•ΐ‚Τ‹ζ‰ζ®‘R‚Ζ‚µ‚½Z‘ξ’nζ,s“Ή,–k,5,,,,ƒKƒX,…“Ή,‰Ί…“Ή,’²•z,,880 ,‚P’ακ,,40 ,80 ,,,,,,,,,,
Z,13208 ,8 ,’²•z,0 ,35 ,’²•zs,Ό‚Β‚Β‚¶ƒP‹u‚P’–Ϊ‚R‚R”Τ‚P‚V,,"452,000 ","430,000 ",5.1 ,163 ,,1,1.5,Z‘ξ,‚v,2F,,κ”ΚZ‘ξAƒAƒp[ƒg“™‚ª‚Ώ•ΐ‚ΤZ‘ξ’nζ,s“Ή,“μΌ,5.4,,,,ƒKƒX,…“Ή,‰Ί…“Ή,‚Β‚Β‚¶ƒ–‹u,,650 ,‚P’ακ,,40 ,80 ,,,,,,,,,,
Z,13208 ,8 ,’²•z,0 ,36 ,’²•zs,”ς“c‹‹‚Q’–Ϊ‚P‚T”Τ‚P‚RO,,"427,000 ","404,000 ",5.7 ,205 ,,1,1.5,Z‘ξ,‚v,2F,,κ”ΚZ‘ξ‚Μ‚Ω‚©‚ΙƒAƒp[ƒg“™‚ª©‚η‚κ‚ιZ‘ξ’nζ,„“Ή,“μ“,4,,,,ƒKƒX,…“Ή,‰Ί…“Ή,”ς“c‹‹,,180 ,‚P’ακ,,40 ,80 ,,,,,,,,,,
Z,13208 ,8 ,’²•z,0 ,37 ,’²•zs,‘½–€μ‚P’–Ϊ‚Q‚W”Τ‚V,,"383,000 ","362,000 ",5.8 ,165 ,‘δ`,2,1,“X•ά“‹¤“―Z‘ξ,‚q‚b,4F,,HκA––±AƒAƒp[ƒg“™‚Μ¬έ‚·‚ιZ‘ξ’nζ,s“Ή,“μΌ,9.1,,,,ƒKƒX,…“Ή,‰Ί…“Ή,Ό’²•z,,950 ,€H,€–h,60 ,200 ,,,,,,,,,,
Z,13208 ,8 ,’²•z,0 ,38 ,’²•zs,‘—Μ’¬‚V’–Ϊ‚U‚T”Τ‚Q‚O,,"380,000 ","372,000 ",2.2 ,134 ,,1,2.5,Z‘ξ,‚v,2F,,’†¬‹K–Νκ”ΚZ‘ξ‚ª‚Ώ•ΐ‚ΤZ‘ξ’nζ,s“Ή,–k,4,,,,ƒKƒX,…“Ή,‰Ί…“Ή,‘—Μ,,"1,100 ",‚P’ακ,,40 ,80 ,,,,,,,,,,
Z,13208 ,8 ,’²•z,0 ,39 ,’²•zs,[‘ε›“’¬‚R’–Ϊ‚R‚U”Τ‚Q‚R,,"332,000 ","318,000 ",4.4 ,117 ,,1,1,Z‘ξ,‚v,2F,,κ”ΚZ‘ξ‚ª®‘R‚Ζ‚Ώ•ΐ‚ΤZ‘ξ’nζ,s“Ή,Ό,4.5,,,,ƒKƒX,…“Ή,‰Ί…“Ή,‚Β‚Β‚¶ƒ–‹u,,"2,000 ",‚P’ακ,,40 ,80 ,,,,,,,,,,
Z,13208 ,8 ,’²•z,0 ,40 ,’²•zs,Ό‚Β‚Β‚¶ƒP‹u‚P’–Ϊ‚T”Τ‚P‚R,,"448,000 ","420,000 ",6.7 ,573 ,,1,1.5,‹¤“―Z‘ξ,‚q‚b,4F,1B,‹¤“―Z‘ξ‚Μ‚Ω‚©‚Ι–‹Ζ“™‚ª¬έ‚·‚ιZ‘ξ’nζ,s“Ή,“μ,5,,,,ƒKƒX,…“Ή,‰Ί…“Ή,Δθ,,520 ,€H,€–h,60 ,200 ,,,,,,,,,,
Z,13208 ,8 ,’²•z,5 ,1 ,’²•zs,¬“‡’¬‚P’–Ϊ‚P‚P”Τ‚Q,,"2,280,000 ","2,020,000 ",12.9 ,99 ,,1,2,“X•ά,‚q‚b,4F,,¬”„“X•άA––±“™‚ª‚Ώ•ΐ‚Τ‰w‚Ι‹ί‚Ά¤‹Ζ’nζ,“s“Ή,“μ,15,,,,ƒKƒX,…“Ή,‰Ί…“Ή,’²•z,,230 ,¤‹Ζ,–h‰Ξ,80 ,500 ,,,,,,,,,,
Z,13208 ,8 ,’²•z,5 ,2 ,’²•zs,εμ’¬‚P’–Ϊ‚P‚P”Τ‚P‚S,,"1,300,000 ","1,170,000 ",11.1 ,146 ,,1,2,“X•ά“Z‘ξ,‚q‚b,4F,1B,ωH“X•άA¬”„“X•ά“™‚ª‘½‚Ά‰w‚Ι‹ί‚Ά¤‹Ζ’nζ,s“Ή,“,4,,,,ƒKƒX,…“Ή,‰Ί…“Ή,εμ,,130 ,¤‹Ζ,–h‰Ξ,80 ,400 ,,,,,,,,,,
Z,13208 ,8 ,’²•z,5 ,3 ,’²•zs,•z“c‚S’–Ϊ‚P‚X”Τ‚P‚P,,"1,530,000 ","1,440,000 ",6.3 ,234 ,,1.2,1,“X•άA––±“‹¤“―Z‘ξ“™,‚r‚q‚b,9F,1B,“X•ά“‹¤“―Z‘ξ“™‚ª‚Ώ•ΐ‚Τ‰w‘O‚Μ¤‹Ζ’nζ,s“Ή,Ό,18,,‘¤“Ή,“μ,ƒKƒX,…“Ή,‰Ί…“Ή,’²•z,,300 ,¤‹Ζ,–h‰Ξ,80 ,500 ,,,,,*,13208,5 ,3 ,"1,460,000 ",4.8 
Z,13208 ,8 ,’²•z,5 ,4 ,’²•zs,‘½–€μ‚T’–Ϊ‚U”Τ‚Q,,"538,000 ","510,000 ",5.5 ,88 ,,1,1.5,“X•ά“‹¤“―Z‘ξ,‚r,5F,,¬‹K–Ν“X•άA•Ή—p‹¤“―Z‘ξ“™‚ª¬έ‚·‚ι¤‹Ζ’nζ,s“Ή,–k“,6,,,,ƒKƒX,…“Ή,‰Ί…“Ή,‹‰¤‘½–€μ,‹ίΪ,0 ,¤‹Ζ,–h‰Ξ,80 ,400 ,,,,,,,,,,
Z,13208 ,8 ,’²•z,5 ,5 ,’²•zs,γΞ΄‚P’–Ϊ‚P‚R”Τ‚P,,"440,000 ","401,000 ",9.7 ,187 ,‘δ`,1.2,1,“X•ά“‹¤“―Z‘ξ,‚q‚b,5F,,“X•ά“Z‘ξAƒ}ƒ“ƒVƒ‡ƒ“‚ª¬έ‚·‚ιHό¤‹Ζ’nζ,‘“Ή,–k“,18,,‘¤“Ή,–kΌ,ƒKƒX,…“Ή,‰Ί…“Ή,Ό’²•z,,690 ,€Z‹,€–h,60 ,200 ,,,,,,,,,,
Z,13208 ,8 ,’²•z,5 ,6 ,’²•zs,‘—Μ’¬‚P’–Ϊ‚P‚P”Τ‚Q‚O,,"610,000 ","553,000 ",10.3 ,134 ,,1,1.5,“X•ά“‹¤“―Z‘ξ,‚r,4F,,’†¬‹K–Ν“X•ά“‹¤“―Z‘ξ‚ª‚Ώ•ΐ‚Τ‹ί—Χ¤‹Ζ’nζ,“s“Ή,–k,10.3,,,,ƒKƒX,…“Ή,‰Ί…“Ή,•z“c,,200 ,‹ί¤,€–h,80 ,300 ,,,,,,,,,,
Z,13208 ,8 ,’²•z,5 ,7 ,’²•zs,”ª‰_‘δ‚P’–Ϊ‚Q‚T”Τ‚P‚U,,"459,000 ","435,000 ",5.5 ,132 ,‘δ`,1.2,1,“X•ά“Z‘ξ,‚k‚r,3F,,’α‘w‚Μ“X•ά“Z‘ξ“™‚ª‚Ώ•ΐ‚Τ‹ί—Χ¤‹Ζ’nζ,“s“Ή,Ό,10,,,,ƒKƒX,…“Ή,‰Ί…“Ή,•z“c,,650 ,‹ί¤,€–h,80 ,200 ,,,,,,,,,,
Z,13209 ,8 ,’¬“c,0 ,1 ,’¬“cs,“μ’¬“c‚P’–Ϊ‚P‚P‚X”Τ‚T,“μ’¬“c‚P|‚Q‚R|‚P‚S,"185,000 ","175,000 ",5.7 ,117 ,,1.2,1,Z‘ξ,‚v,2F,,κ”ΚZ‘ξ‚Μ‚Ω‚©‚Ι”_‰ΖZ‘ξ‚ΰ©‚η‚κ‚ιZ‘ξ’nζ,s“Ή,Ό,7,,‘¤“Ή,“μ,ƒKƒX,…“Ή,‰Ί…“Ή,“μ’¬“cƒOƒ‰ƒ“ƒxƒ[ƒp[ƒN,,"1,400 ",‚P’ακ,,40 ,80 ,,,,,,,,,,
Z,13209 ,8 ,’¬“c,0 ,2 ,’¬“cs,“μ¬£‚T’–Ϊ‚Q‚U”Τ‚T,,"264,000 ","250,000 ",5.6 ,215 ,,1,1.2,Z‘ξ,‚v,2F,,κ”ΚZ‘ξ“™‚ª‚Ώ•ΐ‚Τ‹ζ‰ζ®‘R‚Ζ‚µ‚½Z‘ξ’nζ,s“Ή,–k,6,,,,ƒKƒX,…“Ή,‰Ί…“Ή,¬£,,400 ,‚P’ακ,,50 ,100 ,,,,,,,,,,
Z,13209 ,8 ,’¬“c,0 ,3 ,’¬“cs,“μ‘ε’J‚T’–Ϊ‚X‚P‚Q”Τ‚R‚S,“μ‘ε’J‚T|‚Q‚O|‚S,"137,000 ","135,000 ",1.5 ,179 ,,1,1.2,Z‘ξ,‚v,2F,,’†‹K–Νκ”ΚZ‘ξ‚ª‘½‚Ά•ªχZ‘ξ’nζ,s“Ή,–k“,6,,,,ƒKƒX,…“Ή,‰Ί…“Ή,‹Κμw‰€‘O,,"1,600 ",‚P’ακ,,40 ,80 ,,,,,,,,,,
Z,13209 ,8 ,’¬“c,0 ,4 ,’¬“cs,¬£‚U’–Ϊ‚S‚X‚P‚V”Τ‚P,¬£‚U|‚U|‚W,"173,000 ","166,000 ",4.2 ,408 ,‘δ`,1,1.2,Z‘ξ,‚v,2F,,Z‘ξ‚Μ’†‚Ι“X•ά“™‚ª©‚η‚κ‚ιHό‰‚Ά‚ΜZ‘ξ’nζ,“s“Ή,–k“,10,,,,,…“Ή,‰Ί…“Ή,¬£,,"1,000 ",‚Q’†κ,€–h,50 ,100 ,,,,,,,,,,
Z,13209 ,8 ,’¬“c,0 ,5 ,’¬“cs,’†’¬‚Q’–Ϊ‚T‚S‚X”Τ‚TO,’†’¬‚Q|‚Q‚O|‚P‚T,"361,000 ","340,000 ",6.2 ,209 ,,1,2,Z‘ξ,‚v,2F,,’†‹K–Νκ”ΚZ‘ξ‚Μ’†‚ΙƒAƒp[ƒg“™‚Μ‚ ‚ιZ‘ξ’nζ,s“Ή,–k“,5.5,,,,ƒKƒX,…“Ή,‰Ί…“Ή,¬“c‹}’¬“c,,"1,100 ",‚Q’†κ,€–h,60 ,200 ,,,,,*,13209,0 ,40 ,"351,000 ",2.8 
Z,13209 ,8 ,’¬“c,0 ,6 ,’¬“cs,‚ƒ–β‚R’–Ϊ‚P‚V‚V‚T”Τ‚V‚W,‚ƒ–β‚R|‚Q|‚P‚T,"137,000 ","135,000 ",1.5 ,149 ,,1,1.2,Z‘ξ,‚v,2F,,¬‹K–Νκ”ΚZ‘ξ‚ª‘½‚Ά‹u—Λ’n‚ΜZ‘ξ’nζ,„“Ή,“μΌ,4,,,,ƒKƒX,…“Ή,‰Ί…“Ή,’¬“c,,"1,500 ",‚P’ακ,,40 ,80 ,,,,,,,,,,
Z,13209 ,8 ,’¬“c,0 ,7 ,’¬“cs,‚Β‚­‚µ–μ‚Q’–Ϊ‚P‚R”Τ‚R,,"256,000 ","243,000 ",5.3 ,245 ,,1,1.2,Z‘ξ,‚v,2F,,’†‹K–Νκ”ΚZ‘ξ‚ª‘½‚Ά‹ζ‰ζ®‘R‚Ζ‚µ‚½Z‘ξ’nζ,s“Ή,“μ,6,,,,ƒKƒX,…“Ή,‰Ί…“Ή,‚Β‚­‚µ–μ,,500 ,‚P’ακ,,40 ,80 ,,,,,,,,,,
Z,13209 ,8 ,’¬“c,0 ,8 ,’¬“cs,^υ›‚P’–Ϊ‚P‚W”Τ‚P‚O,,"144,000 ","143,000 ",0.7 ,157 ,,1,1,Z‘ξ,‚v,2F,,’†‹K–Νκ”ΚZ‘ξ‚ª‘½‚Ά‹ζ‰ζ®‘R‚Ζ‚µ‚½Z‘ξ’nζ,s“Ή,–k“,10,,,,ƒKƒX,…“Ή,‰Ί…“Ή,’ίμ,,"3,300 ",‚P’ακ,,50 ,100 ,,,,,,,,,,
Z,13209 ,8 ,’¬“c,0 ,9 ,’¬“cs,¬μ‚S’–Ϊ‚V”Τ‚Q‚P,,"202,000 ","192,000 ",5.2 ,175 ,,1,1.5,Z‘ξ,‚k‚r,2F,,’†‹K–Νκ”ΚZ‘ξ‚ª‘½‚Ά‚‘δ‚ΜZ‘ξ’nζ,s“Ή,“,6,,,,ƒKƒX,…“Ή,‰Ί…“Ή,‚·‚Έ‚©‚―‘δ,,"1,400 ",‚P’ακ,,50 ,100 ,,,,,,,,,,
Z,13209 ,8 ,’¬“c,0 ,10 ,’¬“cs,–{’¬“c\“ρ†‚P‚V‚W‚U”Τ‚T‚UO,,"138,000 ","136,000 ",1.5 ,280 ,,1.2,1,Z‘ξ,‚v,2F,,’†‹K–Νκ”ΚZ‘ξ‚ª‘½‚Ά‹ζ‰ζ®‘R‚Ζ‚µ‚½Z‘ξ’nζ,s“Ή,–k,6,,,,ƒKƒX,…“Ή,‰Ί…“Ή,¬“c‹}’¬“c,,"2,200 ",‚P’ακ,,40 ,80 ,,,,,,,,,,
Z,13209 ,8 ,’¬“c,0 ,11 ,’¬“cs,’‰¶‚R’–Ϊ‚Q‚O”Τ‚X,,"143,000 ","138,000 ",3.6 ,110 ,,1,1.5,Z‘ξ,‚v,2F,,κ”ΚZ‘ξ‚Μ‚Ω‚©‚ΙƒAƒp[ƒg“™‚ª©‚η‚κ‚ιZ‘ξ’nζ,s“Ή,“μΌ,6,,,,ƒKƒX,…“Ή,‰Ί…“Ή,•£–μ•Σ,,"2,400 ",‚Q’†κ,€–h,60 ,200 ,,,,,,,,,,
Z,13209 ,8 ,’¬“c,0 ,12 ,’¬“cs,¬R’¬\“ρ†‚P‚U‚T‚X”Τ‚Q,,"98,600 ","98,600 ",0.0 ,150 ,,1,1.5,Z‘ξ,‚v,2F,,κ”ΚZ‘ξ‚ª‚Ώ•ΐ‚Τ‚‘δ‚ΜZ‘ξ’nζ,s“Ή,–k“,6,,,,ƒKƒX,…“Ή,‰Ί…“Ή,‘½–€‹«,,"1,900 ",‚P’ακ,,40 ,80 ,,,,,,,,,,
Z,13209 ,8 ,’¬“c,0 ,13 ,’¬“cs,‘΄’¬’†ƒP’JΛ‚W‚T‚V”Τ‚S‚P,,"118,000 ","116,000 ",1.7 ,165 ,,1,2,Z‘ξ,‚v,2F,,’†‹K–ΝZ‘ξ‚ª‘½‚Ά‹ζ‰ζ®‘R‚Ζ‚µ‚½Z‘ξ’nζ,s“Ή,–k,5,,,,ƒKƒX,…“Ή,‰Ί…“Ή,‘΄,,450 ,‚P’ακ,,40 ,80 ,,,,,*,13209,0 ,41 ,"117,000 ",0.9 
Z,13209 ,8 ,’¬“c,0 ,14 ,’¬“cs,¬Rƒ–‹u‚T’–Ϊ‚Q‚R”Τ‚X,,"196,000 ","186,000 ",5.4 ,150 ,,1,1.2,Z‘ξ,‚v,2F,,’†‹K–Νκ”ΚZ‘ξ‚ª‘½‚Ά‹ζ‰ζ®‘R‚Ζ‚µ‚½Z‘ξ’nζ,s“Ή,–kΌ,6,,,,ƒKƒX,…“Ή,‰Ί…“Ή,‘½–€‹«,,"1,000 ",‚P’ακ,,50 ,100 ,,,,,,,,,,
Z,13209 ,8 ,’¬“c,0 ,15 ,’¬“cs,–{’¬“c‰³O†‚Q‚X‚O‚P”Τ‚R‚S,,"109,000 ","109,000 ",0.0 ,106 ,,1,1.5,Z‘ξ,‚v,2F,,κ”ΚZ‘ξ‚ª‹u—Λ’n‚Ι‚Ώ•ΐ‚Τω¬Z‘ξ’nζ,„“Ή,Ό,4,,,,,…“Ή,‰Ί…“Ή,¬“c‹}’¬“c,,"3,200 ",‚P’ακ,,40 ,80 ,,,,,,,,,,
Z,13209 ,8 ,’¬“c,0 ,16 ,’¬“cs,“μ¬£‚Q’–Ϊ‚P‚R”Τ‚W,,"243,000 ","230,000 ",5.7 ,149 ,,1,1.5,Z‘ξ,‚k‚r,2F,,κ”ΚZ‘ξ“™‚ª‚Ώ•ΐ‚Τ‹ζ‰ζ®‘R‚Ζ‚µ‚½Z‘ξ’nζ,s“Ή,–k,6,,,,ƒKƒX,…“Ή,‰Ί…“Ή,¬£,,900 ,‚P’ακ,,50 ,100 ,,,,,,,,,,
Z,13209 ,8 ,’¬“c,0 ,17 ,’¬“cs,’ίΤ‚R’–Ϊ‚P‚R”Τ‚P‚S,,"314,000 ","288,000 ",9.0 ,121 ,,1,2,Z‘ξ,‚v,2F,,κ”ΚZ‘ξ‚Μ‚Ω‚©‚ΙƒAƒp[ƒg“™‚ª©‚η‚κ‚ιZ‘ξ’nζ,s“Ή,“,6,,,,ƒKƒX,…“Ή,‰Ί…“Ή,“μ’¬“cƒOƒ‰ƒ“ƒxƒ[ƒp[ƒN,,400 ,‚Q’†κ,€–h,60 ,200 ,,,,,,,,,,
Z,13209 ,8 ,’¬“c,0 ,18 ,’¬“cs,‹ΰX‚P’–Ϊ‚R‚R‚P”Τ‚P‚U,‹ΰX‚P|‚S‚W|‚Q,"206,000 ","196,000 ",5.1 ,149 ,,1,1,Z‘ξ,‚k‚r,2F,,’†¬‹K–Ν‚Μκ”ΚZ‘ξ‚ª‘½‚ΆZ‘ξ’nζ,s“Ή,“μ“,6,,,,ƒKƒX,…“Ή,‰Ί…“Ή,’¬“c,,"1,400 ",‚P’ακ,,40 ,80 ,,,,,,,,,,
Z,13209 ,8 ,’¬“c,0 ,19 ,’¬“cs,΄’¬“c‚R’–Ϊ‚V‚R”Τ‚R,΄’¬“c‚R|‚P‚S|‚W,"360,000 ","339,000 ",6.2 ,165 ,,1,1.2,Z‘ξ,‚q‚b,3F,,’†‹K–Νκ”ΚZ‘ξ‚ª‘½‚Ά‹ζ‰ζ®‘R‚Ζ‚µ‚½Z‘ξ’nζ,s“Ή,“,5.5,,,,ƒKƒX,…“Ή,‰Ί…“Ή,’¬“c,,"1,000 ",‚Q’†κ,€–h,60 ,200 ,,,,,,,,,,
Z,13209 ,8 ,’¬“c,0 ,20 ,’¬“cs,–Ψ‘]Ό‚P’–Ϊ‚P‚W‚W‚O”Τ‚P‚S,–Ψ‘]Ό‚P|‚Q‚O|‚T,"168,000 ","163,000 ",3.1 ,225 ,,1,1.2,Z‘ξ,‚v,2F,,’†‹K–Νκ”ΚZ‘ξ‚ª‘½‚Ά‹ζ‰ζ®‘R‚Ζ‚µ‚½Z‘ξ’nζ,s“Ή,“μΌ,8,,,,ƒKƒX,…“Ή,‰Ί…“Ή,Γ•£,,"1,200 ",‚P’ακ,,40 ,80 ,,,,,*,13209,0 ,21 ,"166,000 ",1.2 
Z,13209 ,8 ,’¬“c,0 ,21 ,’¬“cs,¬–μH’¬’¬“c‚P‚P‚P‚W”Τ‚P,,"82,000 ","81,500 ",0.6 ,244 ,‘δ`,2.5,1,Z‘ξ,‚v,1F,,κ”ΚZ‘ξ‚Ζ‹σ’n“™‚ª©‚η‚κ‚ιHό‰‚Ά‚ΜZ‘ξ’nζ,s“Ή,–k,7,,,,,…“Ή,‰Ί…“Ή,’ίμ,,"4,300 ",‚P’ακ,,40 ,80 ,,,,,,,,,,
Z,13209 ,8 ,’¬“c,0 ,22 ,’¬“cs,¬£‘δ‚R’–Ϊ‚Q‚Q”Τ‚P‚R,,"173,000 ","166,000 ",4.2 ,236 ,,1,1.2,Z‘ξ,‚k‚r,2F,,κ”ΚZ‘ξ‚ª‚Ώ•ΐ‚Τ‹ζ‰ζ®‘R‚Ζ‚µ‚½Z‘ξ’nζ,s“Ή,“μ,6,,,,ƒKƒX,…“Ή,‰Ί…“Ή,‚±‚Η‚ΰ‚Μ‘,,650 ,‚P’ακ,,50 ,100 ,,,,,,,,,,
Z,13209 ,8 ,’¬“c,0 ,23 ,’¬“cs,“μ‘ε’J‚P’–Ϊ‚P‚R‚Q‚V”Τ‚P‚P‚X,“μ‘ε’J‚P|‚P‚S|‚P‚Q,"156,000 ","153,000 ",2.0 ,145 ,,1,1.2,Z‘ξ,‚v,2F,,κ”ΚZ‘ξAƒAƒp[ƒg“™‚ª¬έ‚·‚ιΥΓ‚ΘZ‘ξ’nζ,s“Ή,“μ,4,,,,ƒKƒX,…“Ή,‰Ί…“Ή,¬“c‹}’¬“c,,"1,400 ",‚P’ακ,,40 ,80 ,,,,,,,,,,
Z,13209 ,8 ,’¬“c,0 ,24 ,’¬“cs,‹Κμw‰€‚T’–Ϊ‚S‚O‚P‚S”Τ‚W,,"198,000 ","190,000 ",4.2 ,200 ,‘δ`,1,1.2,’z’†,,,,’†‹K–Νκ”ΚZ‘ξ‚ª‘½‚Ά‹N•‚Μ‚ ‚ιZ‘ξ’nζ,s“Ή,–k“,4,,”w–Κ“Ή,,ƒKƒX,…“Ή,‰Ί…“Ή,‹Κμw‰€‘O,,460 ,‚P’ακ,,40 ,80 ,,,,,,,,,,
Z,13209 ,8 ,’¬“c,0 ,25 ,’¬“cs,O—Φ’¬O†‚Q‚Q‚R”Τ‚P‚SO,,"147,000 ","146,000 ",0.7 ,140 ,,1,1.5,Z‘ξ,‚v,2F,,κ”ΚZ‘ξ‚Μ‚Ω‚©‚ΙƒAƒp[ƒg“™‚ª©‚η‚κ‚ιZ‘ξ’nζ,s“Ή,“μΌ,7,,,,ƒKƒX,…“Ή,‰Ί…“Ή,`¶,,"1,500 ",‚P’ακ,,40 ,80 ,,,,,,,,,,
Z,13209 ,8 ,’¬“c,0 ,26 ,’¬“cs,”\ƒ–’J‚Q’–Ϊ‚P‚O‚O‚S”Τ‚T,”\ƒ–’J‚Q|‚P‚X|‚R‚P,"163,000 ","156,000 ",4.5 ,130 ,,1,1.5,Z‘ξ,‚k‚r,2F,,κ”ΚZ‘ξ‚Μ‚Ω‚©‚Ι‹σ’n“™‚ª©‚η‚κ‚ιZ‘ξ’nζ,„“Ή,“μ“,6,,,,ƒKƒX,…“Ή,‰Ί…“Ή,’ίμ,,550 ,‚P’ακ,,40 ,80 ,,,,,,,,,,
Z,13209 ,8 ,’¬“c,0 ,27 ,’¬“cs,¬R’¬”ª†‚X‚T‚V”Τ‚U,,"128,000 ","124,000 ",3.2 ,112 ,,1,2,Z‘ξ,‚v,2F,,Z‘ξAƒAƒp[ƒg“™‚ª¬έ‚·‚ιZ‘ξ’nζ,s“Ή,“μ“,4.8,,,,ƒKƒX,…“Ή,‰Ί…“Ή,‘½–€‹«,,"1,800 ",‚P’ακ,,40 ,80 ,,,,,,,,,,
Z,13209 ,8 ,’¬“c,0 ,28 ,’¬“cs,‹ΰX“‚S’–Ϊ‚P‚W‚S‚O”Τ‚P‚P‚P,‹ΰX“‚S|‚Q‚O|‚P‚P,"180,000 ","173,000 ",4.0 ,225 ,,1,1,Z‘ξ,‚v,2F,,’†‹K–Νκ”ΚZ‘ξ‚Μ‚Ώ•ΐ‚Τ‹u—Λ’n‚ΜZ‘ξ’nζ,s“Ή,“μ,5,,,,ƒKƒX,…“Ή,‰Ί…“Ή,¬£,,"1,100 ",‚P’ακ,,40 ,80 ,,,,,,,,,,
Z,13209 ,8 ,’¬“c,0 ,29 ,’¬“cs,“μ‚Β‚­‚µ–μ‚Q’–Ϊ‚T”Τ‚S,,"226,000 ","214,000 ",5.6 ,228 ,,1,1.2,Z‘ξ,‚k‚r,2F,,’†‹K–Νκ”ΚZ‘ξ‚ª‚Ώ•ΐ‚ΤΥΓ‚Θ•ªχZ‘ξ’nζ,s“Ή,“μΌ,11,,,,ƒKƒX,…“Ή,‰Ί…“Ή,‚·‚Έ‚©‚―‘δ,,500 ,‚P’ακ,,40 ,80 ,,,,,,,,,,
Z,13209 ,8 ,’¬“c,0 ,30 ,’¬“cs,}t’¬”ª†‚P‚U‚Q‚X”Τ‚R‚P,,"97,700 ","97,300 ",0.4 ,172 ,‘δ`,1,1.2,Z‘ξ,‚v,2F,,κ”ΚZ‘ξ‚ª‘½‚­©‚η‚κ‚ιω¬Z‘ξ’nζ,s“Ή,–k,5,,,,ƒKƒX,…“Ή,‰Ί…“Ή,•£–μ•Σ,,"3,600 ",‚P’ακ,,40 ,80 ,,,,,,,,,,
Z,13209 ,8 ,’¬“c,0 ,31 ,’¬“cs,“‹Κμw‰€‚Q’–Ϊ‚R‚T‚U‚X”Τ‚R‚P,“‹Κμw‰€‚Q|‚R|‚S,"150,000 ","149,000 ",0.7 ,215 ,,1,1.5,Z‘ξ,‚k‚r,2F,,’†‹K–Νκ”ΚZ‘ξ‚Μ‘½‚Ά‹N•‚Μ‚ ‚ιZ‘ξ’nζ,s“Ή,–k“,4.5,,,,ƒKƒX,…“Ή,‰Ί…“Ή,‹Κμw‰€‘O,,"1,300 ",‚P’ακ,,40 ,80 ,,,,,,,,,,
Z,13209 ,8 ,’¬“c,0 ,32 ,’¬“cs,–ξ•”’¬“ρ\ά†‚Q‚V‚P‚P”Τ‚S,,"118,000 ","114,000 ",3.5 ,159 ,,1,2.5,Z‘ξ,‚v,2F,,’†‹K–Νκ”ΚZ‘ξ‚ª‚Ώ•ΐ‚ΤxO‚ΜZ‘ξ’nζ,s“Ή,–k,4,,,,ƒKƒX,…“Ή,‰Ί…“Ή,•£–μ•Σ,,"1,600 ",‚P’ακ,,40 ,80 ,,,,,,,,,,
Z,13209 ,8 ,’¬“c,0 ,33 ,’¬“cs,‚ƒ–β‚V’–Ϊ‚W‚P‚P”Τ‚PO,‚ƒ–β‚V|‚P‚Q|‚W,"163,000 ","158,000 ",3.2 ,126 ,‘δ`,1.2,1,Z‘ξ,‚v,2F,,κ”ΚZ‘ξ‚Μ’†‚Ι”_’n“™‚ª©‚η‚κ‚ιZ‘ξ’nζ,s“Ή,“,7,,,,ƒKƒX,…“Ή,‰Ί…“Ή,’¬“c,,"1,600 ",‚P’ακ,,40 ,80 ,,,,,,,,,,
Z,13209 ,8 ,’¬“c,0 ,34 ,’¬“cs,¬R’¬‚S‚O‚R‚V”Τ‚T‚S,,"161,000 ","154,000 ",4.5 ,149 ,,1,1.5,Z‘ξ,‚v,2F,,κ”ΚZ‘ξ‚ª‚Ώ•ΐ‚Τ‹u—Λ’n‚ΜΥΓ‚ΘZ‘ξ’nζ,s“Ή,–k“,5,,,,ƒKƒX,…“Ή,‰Ί…“Ή,‹΄–{,,"1,600 ",‚P’ακ,,50 ,100 ,,,,,,,,,,
Z,13209 ,8 ,’¬“c,0 ,35 ,’¬“cs,‘΄’¬ΫR‚P‚W‚O‚U”Τ‚R‚W,,"91,700 ","91,400 ",0.3 ,159 ,,1,1.2,’z’†,‚v,2F,,’†‹K–ΝZ‘ξ‚ª‘½‚Ά‚‘δ‚Μ‹ζ‰ζ®‘R‚Ζ‚µ‚½Z‘ξ’nζ,s“Ή,“,6,,,,ƒKƒX,…“Ή,‰Ί…“Ή,‘΄,,"1,000 ",‚P’ακ,,40 ,80 ,,,,,,,,,,
Z,13209 ,8 ,’¬“c,0 ,36 ,’¬“cs,O—Φ’¬µ†‚T‚R‚X”Τ‚X‚O,,"122,000 ","121,000 ",0.8 ,203 ,,1,1,Z‘ξ,‚v,2F,,’†‹K–Νκ”ΚZ‘ξ‚ª‘½‚ΆΥΓ‚ΘZ‘ξ’nζ,s“Ή,–k,5,,,,ƒKƒX,…“Ή,‰Ί…“Ή,`¶,,"2,400 ",‚P’ακ,,40 ,80 ,,,,,,,,,,
Z,13209 ,8 ,’¬“c,0 ,37 ,’¬“cs,’†’¬‚Q’–Ϊ‚T‚X‚S”Τ‚QO,’†’¬‚Q|‚W|‚S,"390,000 ","365,000 ",6.8 ,247 ,,1,1.2,‹¤“―Z‘ξ,‚v,2F,,κ”ΚZ‘ξ‚Μ‚Ω‚©ƒ}ƒ“ƒVƒ‡ƒ““™‚ª¬έ‚·‚ιZ‘ξ’nζ,s“Ή,“μΌ,5.5,,,,ƒKƒX,…“Ή,‰Ί…“Ή,¬“c‹}’¬“c,,970 ,‚Q’†κ,€–h,60 ,200 ,,,,,,,,,,
Z,13209 ,8 ,’¬“c,0 ,38 ,’¬“cs,‹Κμw‰€‚W’–Ϊ‚U‚S‚Q”Τ‚W,‹Κμw‰€‚W|‚P‚W|‚V,"179,000 ","173,000 ",3.5 ,247 ,,1.5,1,Z‘ξ,‚v,2F,,’†‹K–Νκ”ΚZ‘ξ‚ª‘½‚Ά‹N•‚Μ‚ ‚ιZ‘ξ’nζ,s“Ή,Ό,6,,,,ƒKƒX,…“Ή,‰Ί…“Ή,‹Κμw‰€‘O,,650 ,‚P’ακ,,40 ,80 ,,,,,,,,,,
Z,13209 ,8 ,’¬“c,0 ,39 ,’¬“cs,‚Β‚­‚µ–μ‚P’–Ϊ‚Q‚R”Τ‚Q‚U,,"236,000 ","224,000 ",5.4 ,236 ,‘δ`,1,1,Z‘ξ,‚k‚r,2F,,’†‹K–Νκ”ΚZ‘ξ‚ª‚Ώ•ΐ‚ΤΥΓ‚ΘZ‘ξ’nζ,s“Ή,“μ,5,,,,ƒKƒX,…“Ή,‰Ί…“Ή,‚Β‚­‚µ–μ,,300 ,‚P’ακ,,40 ,80 ,,,,,*,13209,0 ,28 ,"228,000 ",3.5 
Z,13209 ,8 ,’¬“c,0 ,40 ,’¬“cs,¬£‚P’–Ϊ‚P‚R”Τ‚S,,"144,000 ","142,000 ",1.4 ,204 ,,1,1.2,Z‘ξ,‚v,2F,,’†‹K–Νκ”ΚZ‘ξ‚ª‚Ώ•ΐ‚ΤΒ‹«‚Μ—Η‚ΆZ‘ξ’nζ,s“Ή,–k,6,,,,ƒKƒX,…“Ή,‰Ί…“Ή,¬£,,"2,000 ",‚P’ακ,,50 ,100 ,,,,,,,,,,
Z,13209 ,8 ,’¬“c,0 ,41 ,’¬“cs,X–μ‚T’–Ϊ‚U‚R‚V”Τ‚PO,X–μ‚T|‚Q‚S|‚P‚U,"227,000 ","217,000 ",4.6 ,220 ,,1,1.2,Z‘ξ,‚v,2F,,κ”ΚZ‘ξAƒAƒp[ƒg“™‚ª¬έ‚·‚ιZ‘ξ’nζ,s“Ή,“,6,,,,ƒKƒX,…“Ή,‰Ί…“Ή,¬“c‹}’¬“c,,"1,400 ",‚P’†κ,€–h,50 ,100 ,,,,,,,,,,
Z,13209 ,8 ,’¬“c,0 ,42 ,’¬“cs,‹Κμw‰€‚Q’–Ϊ‚R‚X‚P‚Q”Τ‚U,‹Κμw‰€‚Q|‚P‚O|‚S,"263,000 ","251,000 ",4.8 ,165 ,‘δ`,1,2,Z‘ξ,‚v,2F,,’†‹K–Νκ”ΚZ‘ξ‚ª‘½‚Ά—•Φ«‚Μ—Η‚ΆZ‘ξ’nζ,s“Ή,“μΌ,6,,,,ƒKƒX,…“Ή,‰Ί…“Ή,‹Κμw‰€‘O,,300 ,‚P’ακ,,40 ,80 ,,,,,,,,,,
Z,13209 ,8 ,’¬“c,0 ,43 ,’¬“cs,–μ’Γ“c’¬»•”‚P‚R‚P‚S”Τ‚P‚S,,"110,000 ","109,000 ",0.9 ,165 ,,1.5,1,Z‘ξ,‚v,2F,,κ”ΚZ‘ξ‚Μ’†‚Ι”_’n“™‚ª©‚η‚κ‚ιZ‘ξ’nζ,„“Ή,“,6,,,,,…“Ή,‰Ί…“Ή,’ίμ,,"3,100 ",‚P’ακ,,40 ,80 ,,,,,,,,,,
Z,13209 ,8 ,’¬“c,0 ,44 ,’¬“cs,’ίμ‚Q’–Ϊ‚P‚U”Τ‚P‚U,,"169,000 ","164,000 ",3.0 ,231 ,,1,1.5,Z‘ξ,‚v,2F,1B,’†‹K–Νκ”ΚZ‘ξ‚ª‘½‚Ά‹ζ‰ζ®‘R‚Ζ‚µ‚½Z‘ξ’nζ,s“Ή,“μ“,6,,,,ƒKƒX,…“Ή,‰Ί…“Ή,’ίμ,,"1,300 ",‚P’ακ,,50 ,100 ,,,,,*,13209,0 ,13 ,"167,000 ",1.2 
Z,13209 ,8 ,’¬“c,0 ,45 ,’¬“cs,‘ε‘ ’¬ΦR‚Q‚X‚W‚Q”Τ‚X,,"109,000 ","108,000 ",0.9 ,137 ,‘δ`,1,1.2,Z‘ξ,‚v,2F,,’†‹K–Νκ”ΚZ‘ξ‚ª‘½‚Ά‚‘δ‚ΜZ‘ξ’nζ,s“Ή,“μ,5,,,,ƒKƒX,…“Ή,‰Ί…“Ή,’ίμ,,"2,200 ",‚P’ακ,,40 ,80 ,,,,,,,,,,
Z,13209 ,8 ,’¬“c,0 ,47 ,’¬“cs,–{’¬“c”ª†‚P‚O‚T‚V”Τ‚P‚R,,"158,000 ","154,000 ",2.6 ,178 ,,1.2,1,Z‘ξ,‚v,2F,,’†‹K–Νκ”ΚZ‘ξ‚ª‘½‚Ά‹ζ‰ζ®‘R‚Ζ‚µ‚½Z‘ξ’nζ,s“Ή,“μΌ,9,,,,ƒKƒX,…“Ή,‰Ί…“Ή,¬“c‹}’¬“c,,"2,400 ",‚P’ακ,,40 ,80 ,,,,,,,,,,
Z,13209 ,8 ,’¬“c,0 ,48 ,’¬“cs,®’¬‚P’–Ϊ‚U‚T‚U”Τ‚P‚Q,®’¬‚P|‚P‚S|‚P‚S,"266,000 ","251,000 ",6.0 ,115 ,,1,1.5,Z‘ξ,‚k‚r,2F,,κ”ΚZ‘ξ‚Μ‚Ω‚©‚ΙƒAƒp[ƒg“™‚ª©‚η‚κ‚ιZ‘ξ’nζ,s“Ή,–k“,5.5,,,,ƒKƒX,…“Ή,‰Ί…“Ή,¬“c‹}’¬“c,,"1,400 ",‚Q’†κ,€–h,50 ,100 ,,,,,,,,,,
Z,13209 ,8 ,’¬“c,0 ,49 ,’¬“cs,‹ΰδ‚R’–Ϊ‚P‚S”Τ‚P‚X,,"140,000 ","138,000 ",1.4 ,192 ,,1,1.5,Z‘ξ,‚v,2F,,’†‹K–Νκ”ΚZ‘ξ‚ª‘½‚Ά‹ζ‰ζ®‘R‚Ζ‚µ‚½Z‘ξ’nζ,s“Ή,“μ,5,,,,ƒKƒX,…“Ή,‰Ί…“Ή,’ίμ,,"2,400 ",‚P’ακ,,40 ,80 ,,,,,,,,,,
Z,13209 ,8 ,’¬“c,0 ,50 ,’¬“cs,–{’¬“cκ†‚Q‚O‚U”Τ‚S‚U,,"159,000 ","154,000 ",3.2 ,209 ,,1,1,Z‘ξ,‚v,2F,,’†‹K–Νκ”ΚZ‘ξ‚ª‚Ώ•ΐ‚ΤZ‘ξ’nζ,s“Ή,“μΌ,5,,,,ƒKƒX,…“Ή,‰Ί…“Ή,¬“c‹}’¬“c,,"1,700 ",‚P’ακ,,40 ,80 ,,,,,,,,,,
Z,13209 ,8 ,’¬“c,0 ,51 ,’¬“cs,’ίμ‚P’–Ϊ‚P‚V”Τ‚T‚V,,"189,000 ","179,000 ",5.6 ,165 ,,1,1,Z‘ξ,‚v,2F,,’†¬‹K–Νκ”ΚZ‘ξ‚ª‘½‚Ά‹ζ‰ζ®‘R‚Ζ‚µ‚½Z‘ξ’nζ,s“Ή,–k,6,,,,ƒKƒX,…“Ή,‰Ί…“Ή,’ίμ,,800 ,‚P’ακ,,50 ,100 ,,,,,,,,,,
Z,13209 ,8 ,’¬“c,0 ,52 ,’¬“cs,‹ΰδƒ–‹u‚R’–Ϊ‚Q‚P‚R‚S”Τ‚S‚X,‹ΰδƒ–‹u‚R|‚W|‚P‚X,"144,000 ","141,000 ",2.1 ,192 ,,1,1.2,Z‘ξ,‚k‚r,2F,,’†‹K–Νκ”ΚZ‘ξ‚ª‘½‚Ά‹ζ‰ζ®‘R‚Ζ‚µ‚½Z‘ξ’nζ,s“Ή,“μ“,5,,,,ƒKƒX,…“Ή,‰Ί…“Ή,’ίμ,,"1,900 ",‚P’ακ,,40 ,80 ,,,,,,,,,,
Z,13209 ,8 ,’¬“c,0 ,53 ,’¬“cs,‰Ί¬R“c’¬Φ‘Ί‚Q‚Q‚V”Τ‚SO,,"80,900 ","80,000 ",1.1 ,208 ,,1,2,Z‘ξ,‚v,2F,,’†¬‹K–Νκ”ΚZ‘ξ‚Μ’†‚Ι‹σ’n‚ΰ©‚η‚κ‚ιZ‘ξ’nζ,s“Ή,–k“,4,,,,,…“Ή,‰Ί…“Ή,“‚–Ψ“c,,"2,700 ",‚P’ακ,,40 ,80 ,,,,,,,,,,
Z,13209 ,8 ,’¬“c,0 ,54 ,’¬“cs,”\ƒ–’J‚U’–Ϊ‚P‚T‚X‚W”Τ‚P‚S‚X,”\ƒ–’J‚U|‚S‚R|‚U,"152,000 ","150,000 ",1.3 ,230 ,,1,1.5,Z‘ξ,‚v,2F,,’†‹K–Νκ”ΚZ‘ξ‚ª‘½‚Ά‹ζ‰ζ®‘R‚Ζ‚µ‚½Z‘ξ’nζ,s“Ή,–k“,6,,,,ƒKƒX,…“Ή,‰Ί…“Ή,’ίμ,,"1,700 ",‚P’ακ,,40 ,80 ,,,,,,,,,,
Z,13209 ,8 ,’¬“c,0 ,55 ,’¬“cs,ν”Υ’¬“ρ\O†‚R‚Q‚T‚R”Τ‚SO,,"101,000 ","99,800 ",1.2 ,184 ,,1,1.5,Z‘ξ,‚v,2F,,κ”ΚZ‘ξ‚Μ‚Ω‚©‚Ι‹σ’n“™‚ª©‚η‚κ‚ιZ‘ξ’nζ,s“Ή,–k“,4.8,,,,ƒKƒX,…“Ή,‰Ί…“Ή,•£–μ•Σ,,"2,300 ",‚P’ακ,,40 ,80 ,,,,,,,,,,
Z,13209 ,8 ,’¬“c,0 ,56 ,’¬“cs,‘΄’¬‘εΛ‚S‚U‚S‚O”Τ‚QO,,"60,300 ","60,300 ",0.0 ,228 ,‘δ`,1,2,Z‘ξ,‚v,2F,,κ”ΚZ‘ξ“™‚Μ’†‚Ι”_’n‚ª©‚η‚κ‚ιZ‘ξ’nζ,s“Ή,“μ“,9,,,,,…“Ή,‰Ί…“Ή,‘΄,,"4,600 ",‚P’ακ,,40 ,80 ,,,,,,,,,,
Z,13209 ,8 ,’¬“c,0 ,57 ,’¬“cs,‚ƒ–β‚T’–Ϊ‚Q‚W‚S”Τ‚P‚W,‚ƒ–β‚T|‚Q‚R|‚Q,"162,000 ","158,000 ",2.5 ,188 ,,1,1,Z‘ξ,‚v,2F,,’†‹K–Νκ”ΚZ‘ξ‚ª‚Ώ•ΐ‚ΤΥΓ‚ΘZ‘ξ’nζ,s“Ή,Ό,6,,,,ƒKƒX,…“Ή,‰Ί…“Ή,’¬“c,,"2,000 ",‚P’ακ,,40 ,80 ,,,,,,,,,,
Z,13209 ,8 ,’¬“c,0 ,58 ,’¬“cs,¬μ‚P’–Ϊ‚Q‚W”Τ‚T,,"204,000 ","194,000 ",5.2 ,229 ,,1,1.5,Z‘ξ,‚q‚b,2F,,’†‹K–Νκ”ΚZ‘ξ‚ª‘½‚Ά•ªχZ‘ξ’nζ,s“Ή,“μΌ,5,,,,ƒKƒX,…“Ή,‰Ί…“Ή,‚Β‚­‚µ–μ,,900 ,‚P’ακ,,50 ,100 ,,,,,,,,,,
Z,13209 ,8 ,’¬“c,0 ,59 ,’¬“cs,‘ε‘ ’¬‘ε‘ ‚R‚X‚X”Τ‚S,,"143,000 ","137,000 ",4.4 ,156 ,,1,1.2,Z‘ξ,‚v,2F,,’†‹K–Νκ”ΚZ‘ξ‚Μ‚Ω‚©‚Ι”_’n‚ΰ©‚η‚κ‚ιZ‘ξ’nζ,s“Ή,Ό,6,,,,ƒKƒX,…“Ή,‰Ί…“Ή,’ίμ,,"1,800 ",‚P’ακ,,40 ,80 ,,,,,,,,,,
Z,13209 ,8 ,’¬“c,0 ,60 ,’¬“cs,X–μ‚S’–Ϊ‚P‚W‚P”Τ‚S,X–μ‚S|‚P‚S|‚P‚V,"225,000 ","216,000 ",4.2 ,155 ,,1,1.5,Z‘ξ,‚v,2F,,κ”ΚZ‘ξAƒAƒp[ƒg“™‚ª¬έ‚·‚ιZ‘ξ’nζ,„“Ή,“μ“,6,,,,ƒKƒX,…“Ή,‰Ί…“Ή,¬“c‹}’¬“c,,"1,800 ",‚Q’†κ,€–h,50 ,100 ,,,,,,,,,,
,13209 ,8 ,’¬“c,0 ,61 ,’¬“cs,‹ΰδ‚P’–Ϊ‚W‚S‚Q”Τ‚U,‹ΰδ‚P|‚Q‚S|‚R‚S,"121,000 ",,,224 ,,1.5,1,Z‘ξ,‚q‚b,2F,,’†‹K–Νκ”ΚZ‘ξ‚ª‘½‚ΆΥΓ‚ΘZ‘ξ’nζ,s“Ή,–k“,6,,,,ƒKƒX,…“Ή,‰Ί…“Ή,‹Κμw‰€‘O,,"2,200 ",‚P’ακ,,40 ,80 ,,,,,,,,,,
Z,13209 ,8 ,’¬“c,0 ,62 ,’¬“cs,‹ΰδƒ–‹u‚P’–Ϊ‚Q‚U‚P‚Q”Τ‚X‚Q,‹ΰδƒ–‹u‚P|‚Q‚W|‚Q‚O,"161,000 ","157,000 ",2.5 ,178 ,,1,1.5,Z‘ξ,‚v,2F,,’†‹K–Νκ”ΚZ‘ξ‚ª‘½‚Ά‹ζ‰ζ®‘R‚Ζ‚µ‚½Z‘ξ’nζ,s“Ή,“μ“,6,,,,ƒKƒX,…“Ή,‰Ί…“Ή,‹Κμw‰€‘O,,"1,200 ",‚P’ακ,,40 ,80 ,,,,,,,,,,
Z,13209 ,8 ,’¬“c,0 ,63 ,’¬“cs,¬£‚ª‹u‚Q’–Ϊ‚P‚R”Τ‚R,,"269,000 ","254,000 ",5.9 ,124 ,,1,1.5,Z‘ξ,‚v,2F,,’†¬‹K–Ν‚Μκ”ΚZ‘ξ‚ª‘½‚Ά—•Φ«‚Μ—Η‚ΆZ‘ξ’nζ,s“Ή,–k“,5,,,,ƒKƒX,…“Ή,‰Ί…“Ή,¬£,,300 ,‚P’ακ,,40 ,80 ,,,,,,,,,,
Z,13209 ,8 ,’¬“c,0 ,64 ,’¬“cs,’ίΤ‚U’–Ϊ‚P‚R‚V‚R”Τ‚U,,"141,000 ","134,000 ",5.2 ,151 ,,1,1.5,’z’†,,,,¬‹K–ΝZ‘ξ‚Μ‚Ω‚©A”_’n‚ΰ©‚η‚κ‚ιZ‘ξ’nζ,„“Ή,“,6,,,,ƒKƒX,…“Ή,‰Ί…“Ή,“μ’¬“cƒOƒ‰ƒ“ƒxƒ[ƒp[ƒN,,"1,600 ",‚P’ακ,,40 ,80 ,,,,,,,,,,
Z,13209 ,8 ,’¬“c,0 ,65 ,’¬“cs,O—Φ—ΞR‚Q’–Ϊ‚S”Τ‚W,,"149,000 ","148,000 ",0.7 ,189 ,,1,1.2,Z‘ξ,‚v,2F,,’†‹K–Νκ”ΚZ‘ξ‚ª‘½‚Ά‹ζ‰ζ®‘R‚Ζ‚µ‚½Z‘ξ’nζ,s“Ή,–k,6,,,,ƒKƒX,…“Ή,‰Ί…“Ή,’ίμ,,"2,100 ",‚P’ακ,,40 ,80 ,,,,,,,,,,
Z,13209 ,8 ,’¬“c,0 ,66 ,’¬“cs,–Ψ‘]“‚R’–Ϊ‚P‚T‚P‚P”Τ‚SO,–Ψ‘]“‚R|‚Q‚S|‚P‚T,"168,000 ","162,000 ",3.7 ,351 ,‘δ`,1,1.2,“X•ά“‹¤“―Z‘ξ,‚r‚q‚b,3F,,Z‘ξ‚Μ’†‚Ι“X•ά“™‚ª©‚η‚κ‚ιHό‰‚Ά‚ΜZ‘ξ’nζ,s“Ή,–kΌ,16,,”w–Κ“Ή,,,…“Ή,‰Ί…“Ή,Γ•£,,"1,600 ",‚Q’†κ,€–h,60 ,200 ,,,,,,,,,,
Z,13209 ,8 ,’¬“c,0 ,67 ,’¬“cs,–μ’Γ“c’¬’g‘ς‘O‚R‚Q‚P‚O”Τ‚Q‚P‚PO,,"101,000 ","101,000 ",0.0 ,123 ,,1,1.2,Z‘ξ,‚v,2F,,¬‹K–Νκ”ΚZ‘ξ‚ª‘½‚Ά‹u—Λ’n‚ΜZ‘ξ’nζ,s“Ή,“μΌ,4,,,,ƒKƒX,…“Ή,‰Ί…“Ή,¬“c‹}’¬“c,,"4,600 ",‚P’ακ,,40 ,80 ,,,,,,,,,,
Z,13209 ,8 ,’¬“c,0 ,68 ,’¬“cs,‹ΰX‚R’–Ϊ‚P‚Q‚T‚P”Τ‚R‚P,‹ΰX‚R|‚Q‚X|‚P‚T,"139,000 ","135,000 ",3.0 ,150 ,,1,1.5,Z‘ξ,‚v,2F,,’†‹K–Νκ”ΚZ‘ξ‚ª‚Ώ•ΐ‚ΤZ‘ξ’nζ,„“Ή,–k,4,,,,ƒKƒX,…“Ή,‰Ί…“Ή,’¬“c,,"2,600 ",‚P’ακ,,40 ,80 ,,,,,,,,,,
Z,13209 ,8 ,’¬“c,0 ,69 ,’¬“cs,‘΄’¬μ“‡‚R‚P‚U‚T”Τ‚R,,"83,300 ","83,300 ",0.0 ,136 ,,1,1.5,Z‘ξ,‚v,2F,,κ”ΚZ‘ξ‚Μ‚Ω‚©‚Ι’“Τκ“™‚ª©‚η‚κ‚ιZ‘ξ’nζ,s“Ή,“μ“,4,,,,ƒKƒX,…“Ή,‰Ί…“Ή,‘΄,,"2,800 ",‚P’ακ,,40 ,80 ,,,,,,,,,,
Z,13209 ,8 ,’¬“c,0 ,70 ,’¬“cs,‹Κμw‰€‚S’–Ϊ‚R‚T‚W‚R”Τ‚X‚U,‹Κμw‰€‚S|‚Q‚O|‚Q‚V,"182,000 ","177,000 ",2.8 ,175 ,‘δ`,1,1,Z‘ξ,‚k‚r,2F,,’†‹K–Νκ”ΚZ‘ξ‚ª‹ζ‰ζ®‘R‚Ζ‚Ώ•ΐ‚ΤZ‘ξ’nζ,s“Ή,“μ,6,,,,ƒKƒX,…“Ή,‰Ί…“Ή,‹Κμw‰€‘O,,"1,100 ",‚P’ακ,,40 ,80 ,,,,,*,13209,0 ,30 ,"179,000 ",1.7 
Z,13209 ,8 ,’¬“c,0 ,71 ,’¬“cs,”\ƒ–’J‚T’–Ϊ‚U‚P‚X”Τ‚X,”\ƒ–’J‚T|‚R‚R|‚P‚Q,"174,000 ","170,000 ",2.4 ,197 ,,1,1,Z‘ξ,‚v,2F,,κ”ΚZ‘ξ‚ª‚Ώ•ΐ‚Τ‹ζ‰ζ®‘R‚Ζ‚µ‚½Z‘ξ’nζ,s“Ή,“μ,6,,,,ƒKƒX,…“Ή,‰Ί…“Ή,`¶,,950 ,‚P’ακ,,40 ,80 ,,,,,,,,,,
Z,13209 ,8 ,’¬“c,0 ,72 ,’¬“cs,–{’¬“c‰³‹γ†‚R‚S‚T‚O”Τ‚P‚P‚V,,"143,000 ","143,000 ",0.0 ,256 ,,1,1,Z‘ξ,‚v,2F,,κ”ΚZ‘ξ‚ª‚Ώ•ΐ‚Τ‹ζ‰ζ®‘R‚Ζ‚µ‚½Z‘ξ’nζ,s“Ή,“μ“,5,,,,ƒKƒX,…“Ή,‰Ί…“Ή,‹Κμw‰€‘O,,"1,600 ",‚P’ακ,,40 ,80 ,,,,,,,,,,
Z,13209 ,8 ,’¬“c,0 ,73 ,’¬“cs,¬–μH’¬IƒP‘ς‚Q‚T‚V‚Q”Τ‚Q‚O,,"53,900 ","54,000 ",-0.2 ,132 ,,1,1.5,Z‘ξ,‚v,2F,,κ”ΚZ‘ξ‚ª©‚η‚κ‚ι”_’n‚Μ‘½‚ΆZ‘ξ’nζ,s“Ή,“μ“,4,,,,,…“Ή,,’ίμ,,"4,000 ",‚P’ακ,,30 ,50 ,,’²‹ζ,,,,,,,,
Z,13209 ,8 ,’¬“c,0 ,74 ,’¬“cs,}t’¬κ†‚W‚S”Τ‚W‚S,,"94,000 ","93,800 ",0.2 ,220 ,,1,2,Z‘ξ,‚v,2F,,’†‹K–Νκ”ΚZ‘ξ‚ª‘½‚ΆxO‚ΜZ‘ξ’nζ,s“Ή,–kΌ,8,,,,ƒKƒX,…“Ή,‰Ί…“Ή,•£–μ•Σ,,"3,000 ",‚P’ακ,,40 ,80 ,,,,,,,,,,
Z,13209 ,8 ,’¬“c,0 ,75 ,’¬“cs,’†’¬‚R’–Ϊ‚P‚T‚S‚R”Τ‚Q,’†’¬‚R|‚P‚U|‚V,"326,000 ","307,000 ",6.2 ,198 ,,1,1,Z‘ξ,‚k‚r,2F,,’†‹K–Νκ”ΚZ‘ξAƒAƒp[ƒg“™‚ª©‚η‚κ‚ιZ‘ξ’nζ,s“Ή,–kΌ,5.5,,,,ƒKƒX,…“Ή,‰Ί…“Ή,¬“c‹}’¬“c,,"1,000 ",‚Q’†κ,€–h,60 ,200 ,,,,,,,,,,
Z,13209 ,8 ,’¬“c,0 ,76 ,’¬“cs,’ίμ‚S’–Ϊ‚Q‚U”Τ‚P‚V,,"137,000 ","134,000 ",2.2 ,132 ,,1,1.2,Z‘ξ,‚v,2F,,’†¬‹K–Νκ”ΚZ‘ξ‚ª‘½‚Ά‹ζ‰ζ®‘R‚Ζ‚µ‚½Z‘ξ’nζ,s“Ή,–k“,6,,,,ƒKƒX,…“Ή,‰Ί…“Ή,’ίμ,,"2,600 ",‚P’ακ,,50 ,100 ,,,,,,,,,,
Z,13209 ,8 ,’¬“c,0 ,77 ,’¬“cs,’‰¶‚Q’–Ϊ‚P‚T”Τ‚V‚V,,"127,000 ","126,000 ",0.8 ,153 ,,1,1.5,Z‘ξ,‚v,2F,,’†‹K–Νκ”ΚZ‘ξ‚ª‘½‚Ά‹ζ‰ζ®‘R‚Ζ‚µ‚½Z‘ξ’nζ,s“Ή,–k“,6,,,,ƒKƒX,…“Ή,‰Ί…“Ή,•£–μ•Σ,,"3,500 ",‚P’†κ,€–h,50 ,100 ,,,,,,,,,,
Z,13209 ,8 ,’¬“c,0 ,78 ,’¬“cs,‹ΰδ‚U’–Ϊ‚P‚W‚O”Τ‚V‚X,‹ΰδ‚U|‚S‚O|‚P‚S,"153,000 ","149,000 ",2.7 ,164 ,,1,1,Z‘ξ,‚v,2F,,’†‹K–Νκ”ΚZ‘ξ‚ª•ΐ‚Τ‹ζ‰ζ®‘R‚Ζ‚µ‚½Z‘ξ’nζ,s“Ή,“,6,,,,ƒKƒX,…“Ή,‰Ί…“Ή,’ίμ,,"1,800 ",‚P’ακ,,40 ,80 ,,,,,,,,,,
Z,13209 ,8 ,’¬“c,0 ,79 ,’¬“cs,X–μ‚Q’–Ϊ‚P‚Q‚Q‚P”Τ‚R,X–μ‚Q|‚P‚W|‚P‚P,"403,000 ","374,000 ",7.8 ,147 ,,1,1.5,Z‘ξ,‚v,2F,,Z‘ξAƒAƒp[ƒg‚Μ‚Ω‚©‚Ι“X•ά‚ΰ©‚η‚κ‚ιZ‘ξ’nζ,s“Ή,–k“,5.5,,,,ƒKƒX,…“Ή,‰Ί…“Ή,¬“c‹}’¬“c,,600 ,‚Q’†κ,€–h,60 ,200 ,,,,,,,,,,
Z,13209 ,8 ,’¬“c,0 ,80 ,’¬“cs,¬£‚W’–Ϊ‚Q‚R‚O‚V”Τ‚W,¬£‚W|‚P‚S|‚P‚V,"192,000 ","186,000 ",3.2 ,164 ,,1.2,1,Z‘ξ,‚v,2F,,’†‹K–Νκ”ΚZ‘ξ‚ª‘½‚Άω¬Z‘ξ’nζ,s“Ή,“μ,5,,,,ƒKƒX,…“Ή,‰Ί…“Ή,¬£,,"1,400 ",‚P’ακ,,40 ,80 ,,,,,,,,,,
Z,13209 ,8 ,’¬“c,5 ,1 ,’¬“cs,΄’¬“c‚U’–Ϊ‚S‚R‚U”Τ‚P,΄’¬“c‚U|‚P‚T|‚P‚T,"2,420,000 ","2,210,000 ",9.5 ,228 ,•s®`,1,1.2,“X•ά“––±,‚q‚b,4F,1B,‹βsA––±A“X•ά“™‚ª‚Ώ•ΐ‚Τ‰w‘O‚Μ¤‹Ζ’nζ,s“Ή,“μΌ,6,,‘¤“Ή,“μ“,ƒKƒX,…“Ή,‰Ί…“Ή,¬“c‹}’¬“c,‹ίΪ,0 ,¤‹Ζ,–h‰Ξ,80 ,600 ,,,,,,,,,,
Z,13209 ,8 ,’¬“c,5 ,2 ,’¬“cs,΄’¬“c‚S’–Ϊ‚W‚Q‚T”Τ‚T,΄’¬“c‚S|‚P|‚V,"2,010,000 ","1,910,000 ",5.2 ,152 ,,1,1.2,“X•ά“––±,‚r‚q‚b,5F,1B,’†‘w‚Μ“X•άƒrƒ‹‚ª‚Ώ•ΐ‚Τ‰w‘O‚Μ¤‹Ζ’nζ,s“Ή,–k“,20,,”w–Κ“Ή,,ƒKƒX,…“Ή,‰Ί…“Ή,’¬“c,,220 ,¤‹Ζ,–h‰Ξ,80 ,600 ,,,,,,,,,,
Z,13209 ,8 ,’¬“c,5 ,3 ,’¬“cs,“μ‚Β‚­‚µ–μ‚R’–Ϊ‚T”Τ‚P‚R,,"262,000 ","251,000 ",4.4 ,157 ,,1,2,“X•ά“Z‘ξ,‚r,2F,,“X•άA––±‚Μ‚Ω‚©‹σ’n‚ΰ©‚η‚κ‚ι¤‹Ζ’nζ,s“Ή,“μΌ,11,,,,ƒKƒX,…“Ή,‰Ί…“Ή,‚·‚Έ‚©‚―‘δ,,80 ,‹ί¤,€–h,80 ,300 ,,,,,,,,,,
Z,13209 ,8 ,’¬“c,5 ,4 ,’¬“cs,‹Κμw‰€‚Q’–Ϊ‚R‚W‚X‚O”Τ‚S,‹Κμw‰€‚Q|‚Q‚P|‚S,"357,000 ","342,000 ",4.4 ,118 ,‘δ`,1,2.5,“X•ά“‹¤“―Z‘ξ,‚r,3F,,¬‹K–Ν‚Θ¬”„“X•ά“™‚ª‘½‚Ά‰w‘O‚Μ¤‹Ζ’nζ,s“Ή,–kΌ,16,,,,ƒKƒX,…“Ή,‰Ί…“Ή,‹Κμw‰€‘O,,80 ,‹ί¤,€–h,80 ,300 ,,,,,,,,,,
Z,13209 ,8 ,’¬“c,5 ,5 ,’¬“cs,¬£‚ª‹u‚Q’–Ϊ‚Q‚T”Τ‚P‚P,,"326,000 ","312,000 ",4.5 ,131 ,,1.2,1,“X•ά“Z‘ξ,‚v,2F,,¬‹K–Ν‚Θ¬”„“X•ά‚ª‘½‚Ά‰w‘O‚Μ¤‹Ζ’nζ,s“Ή,“μ,9,,,,ƒKƒX,…“Ή,‰Ί…“Ή,¬£,,150 ,‹ί¤,€–h,80 ,200 ,,,,,*,13209,5 ,7 ,"320,000 ",1.9 
Z,13209 ,8 ,’¬“c,5 ,6 ,’¬“cs,‹ΰX“‚P’–Ϊ‚S‚W‚S”Τ‚SO,‹ΰX“‚P|‚P‚P|‚R‚U,"220,000 ","213,000 ",3.3 ,317 ,‘δ`,1.2,1,“X•ά“––±,‚r,2F,,“X•άA––±“™‚ª‘½‚ΆHό¤‹Ζ’nζ,“s“Ή,“μΌ,15,,,,ƒKƒX,…“Ή,‰Ί…“Ή,’¬“c,,"1,600 ",‹ί¤,€–h,80 ,300 ,,,,,,,,,,
Z,13209 ,8 ,’¬“c,5 ,7 ,’¬“cs,”\ƒ–’J‚P’–Ϊ‚P‚X‚V”Τ,”\ƒ–’J‚P|‚V|‚U,"543,000 ","485,000 ",12.0 ,388 ,,1,1.5,“X•ά“––±,‚r,6F,,’†‘w‚Μ“X•άƒrƒ‹‚ª‚Ώ•ΐ‚Τ‰w‘O‚Μ¤‹Ζ’nζ,s“Ή,“μ,0,‰w‘OLκ,,,ƒKƒX,…“Ή,‰Ί…“Ή,’ίμ,‰w‘OLκΪ–Κ,0 ,¤‹Ζ,–h‰Ξ,80 ,500 ,,,,,,,,,,
Z,13209 ,8 ,’¬“c,5 ,8 ,’¬“cs,΄’¬“c‚S’–Ϊ‚P‚Q‚T‚S”Τ‚QO,΄’¬“c‚S|‚T|‚W,"980,000 ","895,000 ",9.5 ,505 ,,1,2.5,“X•ά“––±,‚q‚b,7F,1B,’†‚‘w“X•ά‚βƒ}ƒ“ƒVƒ‡ƒ“‚ª‘‚¦‚Β‚Β‚ ‚ι¤‹Ζ’nζ,s“Ή,–k“,9,,,,ƒKƒX,…“Ή,‰Ί…“Ή,’¬“c,,400 ,¤‹Ζ,–h‰Ξ,80 ,600 ,,,,,,,,,,
Z,13209 ,8 ,’¬“c,5 ,9 ,’¬“cs,΄’¬“c‚U’–Ϊ‚V‚W‚Q”Τ‚TO,΄’¬“c‚U|‚R|‚X,"3,110,000 ","2,970,000 ",4.7 ,692 ,,1,1.5,“X•ά“––±,‚q‚b,4F,1B,‹ΰ—Z‹@ΦA’†‚‘w“X•άƒrƒ‹‚ª‘½‚Ά‰w‘O‚Μ¤‹Ζ’nζ,“ΉH,–k“,12,,,,ƒKƒX,…“Ή,‰Ί…“Ή,¬“c‹}’¬“c,,120 ,¤‹Ζ,–h‰Ξ,80 ,700 ,,,,,*,13209,5 ,8 ,"3,010,000 ",3.3 
Z,13209 ,8 ,’¬“c,5 ,10 ,’¬“cs,X–μ‚P’–Ϊ‚P‚R‚W‚T”Τ‚P,X–μ‚P|‚P‚X|‚P‚T,"960,000 ","907,000 ",5.8 ,145 ,,1,1.2,“X•ά“––±,‚q‚b,4F,,“X•άƒrƒ‹‚Ζ’“Τκ‚ª¬έ‚·‚ι‰w‚Ι‹ί‚Ά¤‹Ζ’nζ,s“Ή,“,5.5,,,,ƒKƒX,…“Ή,‰Ί…“Ή,¬“c‹}’¬“c,,100 ,¤‹Ζ,–h‰Ξ,80 ,500 ,,,,,,,,,,
Z,13209 ,8 ,’¬“c,5 ,11 ,’¬“cs,X–μ‚P’–Ϊ‚P‚R‚R‚Q”Τ‚P,X–μ‚P|‚Q‚Q|‚T,"1,350,000 ","1,260,000 ",7.1 ,341 ,‘δ`,1.2,1,“X•άA––±“Z‘ξ,‚r‚q‚b,7F,,’†‘w‚Μ“X•άA––±ƒrƒ‹‚ª‘½‚Ά‰w‘O‚Μ¤‹Ζ’nζ,s“Ή,“μΌ,20,,‘¤“Ή,–kΌ,ƒKƒX,…“Ή,‰Ί…“Ή,¬“c‹}’¬“c,,270 ,¤‹Ζ,–h‰Ξ,80 ,600 ,,,,,,,,,,
Z,13209 ,8 ,’¬“c,5 ,12 ,’¬“cs,X–μ‚P’–Ϊ‚P‚R‚Q‚P”Τ‚Q,X–μ‚P|‚Q‚T|‚T,"475,000 ","445,000 ",6.7 ,234 ,,1,2,––±,‚r,3F,,“X•άAeνwZ‚β’“Τκ“™‚Μ¬έ‚·‚ι¤‹Ζ’nζ,s“Ή,“μΌ,5.5,,,,ƒKƒX,…“Ή,‰Ί…“Ή,¬“c‹}’¬“c,,300 ,‹ί¤,€–h,80 ,300 ,,,,,,,,,,
Z,13209 ,8 ,’¬“c,5 ,13 ,’¬“cs,‘ε‘ ’¬‘ε‘ ‚Q‚U‚T”Τ‚P‚Q,,"180,000 ","173,000 ",4.0 ,288 ,,1,1.5,“X•ά“‹¤“―Z‘ξ,‚r,3F,,“X•άAκ”ΚZ‘ξ“™‚ª¬έ‚·‚ιHό¤‹Ζ’nζ,“s“Ή,–k“,12,,,,,…“Ή,,’ίμ,,"1,200 ",€Z‹,€–h,60 ,200 ,,,,,*,13209,5 ,10 ,"178,000 ",1.1 
Z,13209 ,8 ,’¬“c,5 ,14 ,’¬“cs,¬R’¬“ρ\O†‚Q‚U‚P‚R”Τ‚S,,"175,000 ","169,000 ",3.6 ,100 ,‘δ`,1,1.2,“X•ά“Z‘ξ,‚v,3F,,“X•άAZ‘ξ“™‚ª¬έ‚·‚ιHό¤‹Ζ’nζ,“s“Ή,“μΌ,25,,,,,…“Ή,‰Ί…“Ή,‘½–€‹«,,600 ,€Z‹,€–h,60 ,200 ,,,,,,,,,,
Z,13209 ,8 ,’¬“c,5 ,15 ,’¬“cs,’ίΤ‚T’–Ϊ‚P‚V‚O‚Q”Τ‚PO,’ίΤ‚T|‚R|‚P,"192,000 ","183,000 ",4.9 ,"1,456 ",•s®`,1,2.5,‘qΙ“––±,‚r,3F,,‰c‹Ζ‚Μ’†‚Ιƒ}ƒ“ƒVƒ‡ƒ“‚ª©‚η‚κ‚ιHό¤‹Ζ’nζ,s“Ή,“μ“,12,,,,ƒKƒX,…“Ή,‰Ί…“Ή,“μ’¬“cƒOƒ‰ƒ“ƒxƒ[ƒp[ƒN,,850 ,€H,€–h,60 ,200 ,,,,,,,,,,
Z,13209 ,8 ,’¬“c,5 ,16 ,’¬“cs,’‰¶‚Q’–Ϊ‚Q‚W”Τ‚T,,"145,000 ","143,000 ",1.4 ,485 ,,1,1.2,f—Γ,‚r,3F,,‰c‹ΖA“X•άA”z‘—ƒZƒ“ƒ^[“™‚ª¬έ‚·‚ι’nζ,s“Ή,“μΌ,25,,,,ƒKƒX,…“Ή,‰Ί…“Ή,•£–μ•Σ,,"3,100 ",€H,€–h,60 ,200 ,,,,,,,,,,
Z,13209 ,8 ,’¬“c,13 ,1 ,’¬“cs,‘΄’¬µ‘‚Q‚Q‚X‚S”Τ,,"2,420 ","2,430 ",-0.4 ,"6,347 ",•s®`,0,0,R—ΡiG–Ψ—Ρj,,,,W—‚Ι‹ί‚­ό•ΣJ”­‚ΰ©‚η‚κ‚ιG–Ψ—Ρ‚Μ‘½‚Ά’nζ,s“Ή,“μ“,2.7,,”w–Κ“Ή,,,,,‘΄,,"2,000 ",,,0 ,0 ,,’²‹ζ,’nXv,,,,,,,
Z,13209 ,8 ,’¬“c,13 ,2 ,’¬“cs,γ¬R“c’¬\O†‚P‚W‚V‚Q”Τ,,"2,760 ","2,770 ",-0.4 ,"4,383 ",•s®`,0,0,R—ΡiG–Ψ—Ρj,,,,W—‚Ι‹ί‚­’|A™AG–Ψ—Ρ‚Μ‘½‚Ά’nζ,s“Ή,“μΌ,1.8,,”w–Κ“Ή,,,,,•£–μ•Σ,,"4,300 ",,,0 ,0 ,,’²‹ζ,’nXv,,,,,,,
Z,13210 ,8 ,¬‹ΰδ,0 ,1 ,¬‹ΰδs,“’¬‚R’–Ϊ‚P‚Q‚U”Τ‚U‚R,“’¬‚R|‚U|‚R‚U,"429,000 ","410,000 ",4.6 ,150 ,,1,2,Z‘ξ,‚v,2F,,κ”ΚZ‘ξ‚Μ‚Ω‚©‚ΙƒAƒp[ƒg‚ΰ©‚η‚κ‚ιZ‘ξ’nζ,s“Ή,“,5.7,,,,ƒKƒX,…“Ή,‰Ί…“Ή,“¬‹ΰδ,,510 ,‚P’ακ,,40 ,80 ,,,,,,,,,,
Z,13210 ,8 ,¬‹ΰδ,0 ,2 ,¬‹ΰδs,–μ’¬‚S’–Ϊ‚Q‚Q‚U”Τ‚R‚U,–μ’¬‚S|‚P‚U|‚R,"416,000 ","396,000 ",5.1 ,107 ,,1,2,Z‘ξ,‚v,2F,,¬‹K–Νκ”ΚZ‘ξ‚ª‚Ώ•ΐ‚ΤZ‘ξ’nζ,s“Ή,“,5.5,,,,ƒKƒX,…“Ή,‰Ί…“Ή,“¬‹ΰδ,,850 ,‚P’ακ,,40 ,80 ,,,,,,,,,,
Z,13210 ,8 ,¬‹ΰδ,0 ,3 ,¬‹ΰδs,χ’¬‚P’–Ϊ‚S‚V‚W”Τ‚SO,χ’¬‚P|‚W|‚P‚O,"357,000 ","341,000 ",4.7 ,126 ,,1,1,Z‘ξ,‚k‚r,2F,,κ”ΚZ‘ξ‚Μ‚Ω‚©ƒAƒp[ƒg“™‚ª©‚η‚κ‚ιZ‘ξ’nζ,s“Ή,“μ,5.4,,,,ƒKƒX,…“Ή,‰Ί…“Ή,•‘ ¬‹ΰδ,,"1,100 ",‚P’ακ,,40 ,80 ,,,,,,,,,,
Z,13210 ,8 ,¬‹ΰδ,0 ,4 ,¬‹ΰδs,–{’¬‚U’–Ϊ‚P‚U‚X‚Q”Τ‚P‚R,–{’¬‚U|‚X|‚P‚P,"523,000 ","494,000 ",5.9 ,211 ,,1.2,1,Z‘ξ,‚v,2F,,’†‹K–Νκ”ΚZ‘ξ‚ª‚Ώ•ΐ‚ΤΒ‹«‚Μ—Η‚ΆZ‘ξ’nζ,„“Ή,“μ,6,,,,ƒKƒX,…“Ή,‰Ί…“Ή,•‘ ¬‹ΰδ,,590 ,‚P’†κ,€–h,60 ,200 ,,,,,,,,,,
Z,13210 ,8 ,¬‹ΰδ,0 ,5 ,¬‹ΰδs,–{’¬‚S’–Ϊ‚Q‚U‚U‚Q”Τ‚R,–{’¬‚S|‚P‚P|‚P‚Q,"422,000 ","399,000 ",5.8 ,201 ,•s®`,1,1.2,‹¤“―Z‘ξ,‚v,2F,,κ”ΚZ‘ξAƒAƒp[ƒg“™‚ª©‚η‚κ‚ιZ‘ξ’nζ,s“Ή,Ό,4,,”w–Κ“Ή,,ƒKƒX,…“Ή,‰Ί…“Ή,•‘ ¬‹ΰδ,,900 ,‚P’ακ,,50 ,80 ,,,,,,,,,,
Z,13210 ,8 ,¬‹ΰδ,0 ,6 ,¬‹ΰδs,Ρδ“μ’¬‚S’–Ϊ‚Q‚R‚O”Τ‚P‚O,Ρδ“μ’¬‚S|‚P‚Q|‚Q,"302,000 ","291,000 ",3.8 ,191 ,,1,1.2,Z‘ξ,‚k‚r,2F,,’†‹K–Νκ”ΚZ‘ξ‚ª‘½‚ΆΥΓ‚ΘZ‘ξ’nζ,s“Ή,“μ,5,,,,ƒKƒX,…“Ή,‰Ί…“Ή,•‘ ¬‹ΰδ,,"1,900 ",‚P’ακ,,40 ,80 ,,,,,,,,,,
Z,13210 ,8 ,¬‹ΰδ,0 ,7 ,¬‹ΰδs,‘O΄’¬‚R’–Ϊ‚P‚O‚T‚S”Τ‚R‚T,‘O΄’¬‚R|‚U|‚S,"342,000 ","328,000 ",4.3 ,178 ,,1,1,Z‘ξ,‚v,2F,,’†‹K–Ν‚Μκ”ΚZ‘ξ‚ª”δr“I‘½‚ΆZ‘ξ’nζ,s“Ή,“μ,5.5,,,,ƒKƒX,…“Ή,‰Ί…“Ή,•‘ ¬‹ΰδ,,"1,200 ",‚P’ακ,,50 ,80 ,,,,,,,,,,
Z,13210 ,8 ,¬‹ΰδ,0 ,8 ,¬‹ΰδs,’†’¬‚R’–Ϊ‚Q‚P‚Q‚X”Τ‚V,’†’¬‚R|‚P‚S|‚P‚T,"437,000 ","418,000 ",4.5 ,181 ,,1,1.5,Z‘ξ,‚v,2F,,κ”ΚZ‘ξ‚Μ‚Ω‚©‚ΙƒAƒp[ƒg“™‚ΰ©‚η‚κ‚ιZ‘ξ’nζ,s“Ή,Ό,5,,,,ƒKƒX,…“Ή,‰Ί…“Ή,•‘ ¬‹ΰδ,,900 ,‚P’ακ,€–h,50 ,100 ,,,,,*,13210,0 ,9 ,"425,000 ",2.8 
Z,13210 ,8 ,¬‹ΰδ,0 ,9 ,¬‹ΰδs,–{’¬‚Q’–Ϊ‚Q‚T‚R‚R”Τ‚S‚O,–{’¬‚Q|‚P‚S|‚W,"467,000 ","441,000 ",5.9 ,151 ,,1,1.2,Z‘ξ,‚v,2F,1B,κ”ΚZ‘ξAƒAƒp[ƒg“™‚ª‚Ώ•ΐ‚ΤZ‘ξ’nζ,“ΉH,Ό,4,,,,ƒKƒX,…“Ή,‰Ί…“Ή,•‘ ¬‹ΰδ,,770 ,‚P’†κ,€–h,60 ,200 ,,,,,,,,,,
Z,13210 ,8 ,¬‹ΰδ,0 ,10 ,¬‹ΰδs,’†’¬‚Q’–Ϊ‚S‚X”Τ‚P‚P,’†’¬‚Q|‚P‚X|‚Q‚V,"435,000 ","417,000 ",4.3 ,253 ,,1,1.2,Z‘ξ,‚v,1F,,κ”ΚZ‘ξAƒAƒp[ƒg“™‚ª‚Ώ•ΐ‚ΤZ‘ξ’nζ,s“Ή,“,4,,,,ƒKƒX,…“Ή,‰Ί…“Ή,“¬‹ΰδ,,750 ,‚P’†κ,€–h,60 ,200 ,,,,,,,,,,
Z,13210 ,8 ,¬‹ΰδ,0 ,11 ,¬‹ΰδs,Ρδ–k’¬‚T’–Ϊ‚U‚U‚R”Τ‚R‚R,Ρδ–k’¬‚T|‚Q‚Q|‚P‚O,"335,000 ","320,000 ",4.7 ,115 ,,1,2,Z‘ξ,‚v,2F,,κ”ΚZ‘ξ‚Μ‚Ω‚©‚ΙƒAƒp[ƒg“™‚ΰ©‚η‚κ‚ιZ‘ξ’nζ,s“Ή,–k“,5,,,,ƒKƒX,…“Ή,‰Ί…“Ή,•‘ ¬‹ΰδ,,"1,400 ",‚P’ακ,,40 ,80 ,,,,,,,,,,
Z,13210 ,8 ,¬‹ΰδ,0 ,12 ,¬‹ΰδs,—Ξ’¬‚S’–Ϊ‚Q‚S‚P‚O”Τ‚Q,—Ξ’¬‚S|‚P‚T|‚P‚Q,"370,000 ","354,000 ",4.5 ,165 ,,1,1.2,Z‘ξ,‚v,2F,,’†‹K–Νκ”ΚZ‘ξ‚ª‚Ώ•ΐ‚ΤΥΓ‚ΘZ‘ξ’nζ,s“Ή,–k,5,,,,ƒKƒX,…“Ή,‰Ί…“Ή,“¬‹ΰδ,,"1,300 ",‚P’ακ,,40 ,80 ,,,,,,,,,,
Z,13210 ,8 ,¬‹ΰδ,0 ,13 ,¬‹ΰδs,‘O΄’¬‚S’–Ϊ‚U‚X‚S”Τ‚P,,"336,000 ","322,000 ",4.3 ,232 ,‘δ`,1.5,1,‹σ’n,,,,Z‘ξAƒAƒp[ƒgA“X•ά“™‚ª¬έ‚·‚ιZ‘ξ’nζ,“s“Ή,–k,30,,,,ƒKƒX,…“Ή,‰Ί…“Ή,•‘ ¬‹ΰδ,,"1,500 ",‚PZ‹,€–h,60 ,200 ,,,,,,,,,,
Z,13210 ,8 ,¬‹ΰδ,0 ,14 ,¬‹ΰδs,“’¬‚T’–Ϊ‚P‚U‚U”Τ‚T,“’¬‚T|‚P‚T|‚W,"336,000 ","321,000 ",4.7 ,97 ,,1,1.5,Z‘ξ,‚v,2F,,κ”ΚZ‘ξ‚Μ’†‚ΙƒAƒp[ƒg“™‚ª©‚η‚κ‚ιZ‘ξ’nζ,s“Ή,Ό,4,,,,ƒKƒX,…“Ή,‰Ί…“Ή,V¬‹ΰδ,,700 ,‚P’ακ,,40 ,80 ,,,,,,,,,,
Z,13210 ,8 ,¬‹ΰδ,0 ,15 ,¬‹ΰδs,Ρδ–k’¬‚Q’–Ϊ‚W‚V‚Q”Τ‚Q‚V,,"429,000 ","401,000 ",7.0 ,166 ,,1,1,‹σ’n,,,,‹¤“―Z‘ξA“X•ά“™¬έ‚Μ€²ό‰‚Ά‚ΜZ‘ξ’nζ,s“Ή,–k,12,,,,ƒKƒX,…“Ή,‰Ί…“Ή,•‘ ¬‹ΰδ,,"1,200 ",‚Q’†κ,€–h,60 ,200 ,,,,,,,,,,
Z,13210 ,8 ,¬‹ΰδ,0 ,16 ,¬‹ΰδs,’†’¬‚S’–Ϊ‚P‚R‚T‚T”Τ‚R,’†’¬‚S|‚W|‚P‚V,"400,000 ","383,000 ",4.4 ,138 ,‘δ`,1,1,Z‘ξ,‚k‚r,2F,,’†‹K–Νκ”ΚZ‘ξ‚ΰ©‚η‚κ‚ιω¬‚ΜZ‘ξ’nζ,s“Ή,“,4.7,,,,ƒKƒX,…“Ή,‰Ί…“Ή,•‘ ¬‹ΰδ,,900 ,‚P’ακ,,50 ,80 ,,,,,,,,,,
Z,13210 ,8 ,¬‹ΰδ,0 ,17 ,¬‹ΰδs,—Ξ’¬‚T’–Ϊ‚Q‚S‚S‚R”Τ‚Q‚RO,—Ξ’¬‚T|‚P‚V|‚Q,"391,000 ","374,000 ",4.5 ,225 ,,1,2,‹¤“―Z‘ξ,‚v,2F,,ƒAƒp[ƒg‚Μ‚Ω‚©κ”ΚZ‘ξ‚ΰ©‚η‚κ‚ιZ‘ξ’nζ,„“Ή,“,4.3,,,,ƒKƒX,…“Ή,‰Ί…“Ή,•‘ ¬‹ΰδ,,"1,100 ",‚P’†κ,€–h,60 ,200 ,,,,,,,,,,
Z,13210 ,8 ,¬‹ΰδ,0 ,18 ,¬‹ΰδs,Ρδ–k’¬‚R’–Ϊ‚P‚O‚S‚O”Τ‚T,Ρδ–k’¬‚R|‚Q‚U|‚Q‚O,"364,000 ","349,000 ",4.3 ,173 ,,1,1.2,Z‘ξ,‚k‚r,2F,,’†‹K–Νκ”ΚZ‘ξ‚ª‚Ώ•ΐ‚ΤΥΓ‚ΘZ‘ξ’nζ,s“Ή,“,7.5,,,,ƒKƒX,…“Ή,‰Ί…“Ή,•‘ ¬‹ΰδ,,"1,400 ",‚P’ακ,€–h,50 ,100 ,,,,,,,,,,
Z,13210 ,8 ,¬‹ΰδ,0 ,19 ,¬‹ΰδs,Ρδ“μ’¬‚P’–Ϊ‚U‚U”Τ‚S‚P,Ρδ“μ’¬‚P|‚P‚S|‚P‚V,"293,000 ","281,000 ",4.3 ,100 ,,1,1.5,Z‘ξ,‚v,2F,,¬‹K–Ν‚Μ”„Z‘ξ‚ª‚Ώ•ΐ‚ΤZ‘ξ’nζ,s“Ή,–kΌ,5,,,,ƒKƒX,…“Ή,‰Ί…“Ή,•‘ ¬‹ΰδ,,"2,200 ",‚P’ακ,,40 ,80 ,,,,,,,,,,
Z,13210 ,8 ,¬‹ΰδ,5 ,1 ,¬‹ΰδs,–{’¬‚T’–Ϊ‚P‚V‚V‚X”Τ‚P‚RO,,"1,990,000 ","1,820,000 ",9.3 ,354 ,•s®`,1,2.5,‹σ’n,,,,’†‚‘w‚Μ“X•ά‚ª‚Ώ•ΐ‚Τ‰w‘O‚Μ¤‹Ζ’nζ,s“Ή,“μ,0,‰w‘OLκ,”w–Κ“Ή,,ƒKƒX,…“Ή,‰Ί…“Ή,•‘ ¬‹ΰδ,‰w‘OLκΪ–Κ,0 ,¤‹Ζ,–h‰Ξ,80 ,500 ,,,,,,,,,,
Z,13210 ,8 ,¬‹ΰδ,5 ,2 ,¬‹ΰδs,–{’¬‚R’–Ϊ‚Q‚T‚X‚P”Τ‚P‚SO,–{’¬‚R|‚W|‚U,"632,000 ","583,000 ",8.4 ,230 ,‘δ`,2,1,“X•ά“‹¤“―Z‘ξ,‚r,3F,,“X•άAƒ}ƒ“ƒVƒ‡ƒ““™‚ª¬έ‚·‚ι‹ί—Χ¤‹Ζ’nζ,“s“Ή,Ό,16,,,,ƒKƒX,…“Ή,‰Ί…“Ή,•‘ ¬‹ΰδ,,560 ,‹ί¤,–h‰Ξ,80 ,300 ,,,,,*,13210,5 ,2 ,"601,000 ",5.2 
Z,13210 ,8 ,¬‹ΰδ,5 ,3 ,¬‹ΰδs,–{’¬‚P’–Ϊ‚P‚W‚T‚W”Τ‚TO,–{’¬‚P|‚U|‚P‚V,"656,000 ","615,000 ",6.7 ,199 ,,1,2,“X•άA––±“‹¤“―Z‘ξ,‚r,3F,,“X•άAƒ}ƒ“ƒVƒ‡ƒ““™‚ª¬έ‚·‚ι‹ί—Χ¤‹Ζ’nζ,s“Ή,–k,7.3,,,,ƒKƒX,…“Ή,‰Ί…“Ή,•‘ ¬‹ΰδ,,300 ,‹ί¤,€–h,80 ,300 ,,,,,,,,,,
Z,13210 ,8 ,¬‹ΰδ,5 ,4 ,¬‹ΰδs,“’¬‚S’–Ϊ‚P‚U‚S‚V”Τ‚P‚S,“’¬‚S|‚T|‚P‚R,"441,000 ","411,000 ",7.3 ,120 ,,1,1.5,“X•ά“‹¤“―Z‘ξ,‚q‚b,4F,,“X•ά“‹¤“―Z‘ξ“™‚ª‚Ώ•ΐ‚Τ‹ί—Χ¤‹Ζ’nζ,s“Ή,“,5.4,,,,ƒKƒX,…“Ή,‰Ί…“Ή,V¬‹ΰδ,,130 ,‹ί¤,€–h,80 ,300 ,,,,,,,,,,
Z,13210 ,8 ,¬‹ΰδ,5 ,5 ,¬‹ΰδs,“’¬‚S’–Ϊ‚P‚P‚W‚X”Τ‚P‚O‚S,“’¬‚S|‚R‚W|‚Q‚S,"608,000 ","573,000 ",6.1 ,158 ,,1,1.5,“X•ά“‹¤“―Z‘ξ,‚r,3F,,¬‹K–Ν¬”„“XAωH“X“™‚ª‚Ώ•ΐ‚Τ‹ί—Χ¤‹Ζ’nζ,s“Ή,“,5.5,,,,ƒKƒX,…“Ή,‰Ί…“Ή,“¬‹ΰδ,,200 ,‹ί¤,€–h,80 ,300 ,,,,,,,,,,
Z,13211 ,8 ,¬•½,0 ,1 ,¬•½s,‰Τ¬‹ΰδ‚R’–Ϊ‚P‚T”Τ‚W‚X,‰Τ¬‹ΰδ‚R|‚R‚W|‚P‚S,"213,000 ","206,000 ",3.4 ,131 ,,1,2,Z‘ξ,‚v,2F,,’†‹K–Νκ”ΚZ‘ξ‚ª‚Ώ•ΐ‚ΤZ‘ξ’nζ,„“Ή,“,4,,,,ƒKƒX,…“Ή,‰Ί…“Ή,‰Τ¬‹ΰδ,,"1,800 ",‚P’ακ,,40 ,80 ,,,,,,,,,,
Z,13211 ,8 ,¬•½,0 ,2 ,¬•½s,¬μ“’¬‚T’–Ϊ‚Q‚O‚O‚T”Τ‚P‚Q,¬μ“’¬‚T|‚V|‚Q‚O,"246,000 ","238,000 ",3.4 ,171 ,,1.2,1,Z‘ξ,‚v,2F,,κ”ΚZ‘ξ‚Μ‚Ω‚©‚ΙƒAƒp[ƒg“™‚ª¬έ‚·‚ιZ‘ξ’nζ,s“Ή,“μ,5.5,,,,ƒKƒX,…“Ή,‰Ί…“Ή,V¬•½,,500 ,‚P’ακ,,40 ,80 ,,,,,,,,,,
Z,13211 ,8 ,¬•½,0 ,3 ,¬•½s,’‡’¬‚R‚T‚Q”Τ‚V,,"261,000 ","253,000 ",3.2 ,146 ,,1,1,Z‘ξ,‚v,2F,,κ”ΚZ‘ξ‚π’†S‚ΙƒAƒp[ƒg‚ΰ©‚η‚κ‚ιZ‘ξ’nζ,„“Ή,Ό,6,,,,ƒKƒX,…“Ή,‰Ί…“Ή,¬•½,,"1,000 ",‚P’ακ,,40 ,80 ,,,,,,,,,,
Z,13211 ,8 ,¬•½,0 ,4 ,¬•½s,‰Τ¬‹ΰδ‚P’–Ϊ‚W‚O‚V”Τ‚X,‰Τ¬‹ΰδ‚P|‚P‚T|‚P‚O,"355,000 ","343,000 ",3.5 ,240 ,,1,1.2,Z‘ξ,‚v,2F,,κ”ΚZ‘ξ‚Μ‚Ω‚©ƒAƒp[ƒg“™‚ª©‚η‚κ‚ιZ‘ξ’nζ,s“Ή,“,4,,,,ƒKƒX,…“Ή,‰Ί…“Ή,‰Τ¬‹ΰδ,,300 ,‚P’†κ,€–h,60 ,200 ,,,,,*,13211,0 ,5 ,"350,000 ",1.4 
Z,13211 ,8 ,¬•½,0 ,5 ,¬•½s,—ι–Ψ’¬‚Q’–Ϊ‚Q‚O‚T”Τ‚P‚P‚Q,,"277,000 ","268,000 ",3.4 ,165 ,,1,1.2,Z‘ξ,‚v,2F,,κ”ΚZ‘ξ‚Μ‚Ω‚©ƒAƒp[ƒg‚ΰ©‚η‚κ‚ιZ‘ξ’nζ,„“Ή,Ό,5,,,,ƒKƒX,…“Ή,‰Ί…“Ή,‰Τ¬‹ΰδ,,800 ,‚P’ακ,,40 ,80 ,,,,,,,,,,
Z,13211 ,8 ,¬•½,0 ,6 ,¬•½s,‰ρ“c’¬‚Q‚T‚Q”Τ‚P‚QO,,"249,000 ","240,000 ",3.8 ,154 ,,1,1.5,Z‘ξ,‚v,2F,,’†¬‹K–Νκ”ΚZ‘ξ‚ª‘½‚ΆZ‘ξ’nζ,s“Ή,“,4,,,,ƒKƒX,…“Ή,‰Ί…“Ή,•‘ ¬‹ΰδ,,"2,400 ",‚P’ακ,,40 ,80 ,,,,,,,,,,
Z,13211 ,8 ,¬•½,0 ,8 ,¬•½s,—ι–Ψ’¬‚P’–Ϊ‚S‚Q‚Q”Τ‚Q‚R,,"238,000 ","231,000 ",3.0 ,134 ,,1.2,1,Z‘ξ,‚v,1F,,’†‹K–Νκ”ΚZ‘ξ‚ª©‚η‚κ‚ιΥΓ‚ΘZ‘ξ’nζ,s“Ή,“,5,,,,ƒKƒX,…“Ή,‰Ί…“Ή,‰Τ¬‹ΰδ,,"1,700 ",‚P’ακ,,40 ,80 ,,,,,,,,,,
Z,13211 ,8 ,¬•½,0 ,9 ,¬•½s,‰Τ¬‹ΰδ“μ’¬‚R’–Ϊ‚U”Τ‚X‚O,‰Τ¬‹ΰδ“μ’¬‚R|‚Q‚S|‚P‚W,"272,000 ","263,000 ",3.4 ,180 ,,1,1,Z‘ξ,‚v,2F,1B,’†‹K–Νκ”ΚZ‘ξ‚ª‚Ώ•ΐ‚ΤZ‘ξ’nζ,„“Ή,“μ,5,,,,ƒKƒX,…“Ή,‰Ί…“Ή,‰Τ¬‹ΰδ,,"1,100 ",‚P’ακ,,40 ,80 ,,,,,,,,,,
Z,13211 ,8 ,¬•½,0 ,10 ,¬•½s,δK’¬‚R‚Q‚Q”Τ‚P‚TO,,"278,000 ","268,000 ",3.7 ,117 ,,1,1.5,Z‘ξ,‚v,2F,,’†¬‹K–Νκ”ΚZ‘ξ‚ª‚Ώ•ΐ‚ΤZ‘ξ’nζ,“ΉH,“,5,,,,ƒKƒX,…“Ή,‰Ί…“Ή,•‘ ¬‹ΰδ,,"1,600 ",‚P’ακ,,40 ,80 ,,,,,,,,,,
Z,13211 ,8 ,¬•½,0 ,11 ,¬•½s,w‰€Ό’¬‚Q’–Ϊ‚P‚U‚P‚O”Τ‚T‚S,w‰€Ό’¬‚Q|‚W|‚R‚P,"303,000 ","293,000 ",3.4 ,168 ,,1,2,Z‘ξ,‚v,2F,1B,‘εw“™‚Ι—ΧΪ‚·‚ι”δr“IΥΓ‚ΘZ‘ξ’nζ,s“Ή,–k,5.5,,,,ƒKƒX,…“Ή,‰Ί…“Ή,κ‹΄w‰€,,650 ,‚P’ακ,,40 ,80 ,,,,,,,,,,
Z,13211 ,8 ,¬•½,0 ,12 ,¬•½s,w‰€“’¬‚Q’–Ϊ‚Q‚U”Τ‚R‚W,w‰€“’¬‚Q|‚P‚R|‚Q‚P,"290,000 ","281,000 ",3.2 ,165 ,,1,1.5,Z‘ξ,‚v,2F,,κ”ΚZ‘ξ‚ª‘½‚ΆX‹ζ‚ª®‘R‚Ζ‚µ‚½Z‘ξ’nζ,s“Ή,“μ,5.5,,,,ƒKƒX,…“Ή,‰Ί…“Ή,κ‹΄w‰€,,900 ,‚P’ακ,,40 ,80 ,,,,,,,,,,
Z,13211 ,8 ,¬•½,0 ,13 ,¬•½s,¬μ’¬‚P’–Ϊ‚S‚S‚S”Τ‚R‚P,,"211,000 ","205,000 ",2.9 ,165 ,,1,1,Z‘ξ,‚v,3F,,κ”ΚZ‘ξAƒAƒp[ƒgAHκ“™‚Μ¬έ‚·‚ι’nζ,„“Ή,“,4,,,,ƒKƒX,…“Ή,‰Ί…“Ή,“‘εas,,900 ,€H,€–h,60 ,200 ,,,,,,,,,,
Z,13211 ,8 ,¬•½,0 ,14 ,¬•½s,¬μ’¬‚Q’–Ϊ‚P‚R‚U‚T”Τ‚P‚O,,"265,000 ","257,000 ",3.1 ,165 ,,1,1.5,Z‘ξ,‚v,2F,,’†‹K–Νκ”ΚZ‘ξ“™‚ª‚Ώ•ΐ‚ΤZ‘ξ’nζ,„“Ή,Ό,4,,,,ƒKƒX,…“Ή,‰Ί…“Ή,Β”~X“Ή,,440 ,‚P’ακ,,40 ,80 ,,,,,,,,,,
Z,13211 ,8 ,¬•½,0 ,15 ,¬•½s,γ…–{’¬‚U’–Ϊ‚P‚T‚O‚T”Τ‚WO,γ…–{’¬‚U|‚P‚X|‚R‚X,"280,000 ","270,000 ",3.7 ,204 ,,1,1.5,Z‘ξ,‚q‚b,2F,,κ”ΚZ‘ξ‚Μ‚Ω‚©‚Ιƒ}ƒ“ƒVƒ‡ƒ“‚ΰ©‚η‚κ‚ιZ‘ξ’nζ,s“Ή,“,6,,,,ƒKƒX,…“Ή,‰Ί…“Ή,κ‹΄w‰€,,"1,300 ",‚P’ακ,,40 ,80 ,,,,,,,,,,
Z,13211 ,8 ,¬•½,0 ,16 ,¬•½s,”ό‰€’¬‚Q’–Ϊ‚Q‚V‚P”Τ‚U,”ό‰€’¬‚Q|‚P‚O|‚R,"322,000 ","311,000 ",3.5 ,152 ,,1,1.5,Z‘ξ,‚v,2F,,κ”ΚZ‘ξA‹¤“―Z‘ξ“™‚ª¬έ‚·‚ιZ‘ξ’nζ,„“Ή,Ό,4,,,,ƒKƒX,…“Ή,‰Ί…“Ή,¬•½,,250 ,‚P’†κ,€–h,60 ,200 ,,,,,,,,,,
Z,13211 ,8 ,¬•½,0 ,17 ,¬•½s,¬μ’¬‚Q’–Ϊ‚P‚P‚U‚U”Τ‚U,,"235,000 ","227,000 ",3.5 ,195 ,,1.5,1,Z‘ξ,‚k‚r,2F,,κ”ΚZ‘ξ‚Μ‚Ω‚©‚Ι‹σ’n“™‚ª©‚η‚κ‚ιZ‘ξ’nζ,s“Ή,Ό,4,,,,ƒKƒX,…“Ή,‰Ί…“Ή,V¬•½,,550 ,‚P’ακ,,40 ,80 ,,,,,,,,,,
Z,13211 ,8 ,¬•½,0 ,18 ,¬•½s,¬μ’¬‚P’–Ϊ‚S‚O‚U”Τ‚T,,"259,000 ","250,000 ",3.6 ,165 ,,1,2,––±“Z‘ξ,‚r,3F,,“X•άAƒ}ƒ“ƒVƒ‡ƒ““™¬έ‚Μ“s“Ή‰‚Ά‚ΜZ‘ξ’nζ,“s“Ή,Ό,10.7,,,,,…“Ή,‰Ί…“Ή,“‘εas,,500 ,‚Q’†κ,€–h,60 ,200 ,,,,,,,,,,
Z,13211 ,8 ,¬•½,0 ,19 ,¬•½s,’Γ“c’¬‚P’–Ϊ‚P‚S‚U‚O”Τ‚W,’Γ“c’¬‚P|‚U|‚T,"270,000 ","261,000 ",3.4 ,129 ,,1,1,Z‘ξ,‚k‚r,2F,,κ”ΚZ‘ξ“™‚ª‚Ώ•ΐ‚Τ‹ζ‰ζ‚ª®‘R‚Ζ‚µ‚½Z‘ξ’nζ,“ΉH,Ό,4,,,,ƒKƒX,…“Ή,‰Ί…“Ή,‘ι‚Μ‘δ,,440 ,‚P’ακ,,40 ,80 ,,,,,*,13211,0 ,3 ,"264,000 ",2.3 
Z,13211 ,8 ,¬•½,0 ,20 ,¬•½s,¬μ“’¬‚P’–Ϊ‚Q‚P‚O‚T”Τ‚R‚O,¬μ“’¬‚P|‚S‚O|‚P‚O,"248,000 ","240,000 ",3.3 ,141 ,,1.2,1,Z‘ξ,‚v,2F,,κ”ΚZ‘ξ‚Μ‚Ω‚©‚ΙƒAƒp[ƒg“™‚ª©‚η‚κ‚ιZ‘ξ’nζ,„“Ή,“μ,4,,,,ƒKƒX,…“Ή,‰Ί…“Ή,¬μ,,650 ,‚P’†κ,€–h,60 ,200 ,,,,,,,,,,
Z,13211 ,8 ,¬•½,0 ,21 ,¬•½s,γ…–{’¬‚Q’–Ϊ‚P‚Q‚W‚Q”Τ‚U‚TO,γ…–{’¬‚Q|‚P‚P|‚Q‚Q,"261,000 ","253,000 ",3.2 ,169 ,,1,2,Z‘ξ,‚v,2F,,κ”ΚZ‘ξ“™‚ª‚Ώ•ΐ‚ΤΥΓ‚ΘZ‘ξ’nζ,s“Ή,“μ“,6,,,,ƒKƒX,…“Ή,‰Ί…“Ή,‘ι‚Μ‘δ,,940 ,‚P’ακ,,40 ,80 ,,,,,,,,,,
Z,13211 ,8 ,¬•½,0 ,22 ,¬•½s,¬μΌ’¬‚P’–Ϊ‚Q‚S‚S‚V”Τ‚Q‚P,¬μΌ’¬‚P|‚P‚V|‚X,"227,000 ","220,000 ",3.2 ,99 ,,1.2,1,Z‘ξ,‚v,2F,,’†¬‹K–Νκ”ΚZ‘ξ‚ª‚Ώ•ΐ‚ΤZ‘ξ’nζ,“ΉH,“,4,,,,ƒKƒX,…“Ή,‰Ί…“Ή,¬μ,,900 ,‚P’ακ,,40 ,80 ,,,,,,,,,,
Z,13211 ,8 ,¬•½,0 ,23 ,¬•½s,‰h’¬‚P’–Ϊ‚P‚O‚O”Τ‚S‚X,‰h’¬‚P|‚X|‚P‚R,"219,000 ","213,000 ",2.8 ,96 ,,1,1.5,Z‘ξ,‚v,2F,,¬‹K–ΝZ‘ξ‚Μ’†‚ΙƒAƒp[ƒg‚ª¬έ‚·‚ιZ‘ξ’nζ,„“Ή,–k,5,,,,ƒKƒX,…“Ή,‰Ί…“Ή,“‘εas,,600 ,‚P’ακ,,40 ,80 ,,,,,,,,,,
Z,13211 ,8 ,¬•½,0 ,24 ,¬•½s,γ…V’¬‚Q’–Ϊ‚P‚R‚T‚O”Τ‚S‚P,γ…V’¬‚Q|‚P‚P|‚P‚V,"211,000 ","204,000 ",3.4 ,159 ,,1,1.5,Z‘ξ,‚v,2F,,’†¬‹K–Νκ”ΚZ‘ξ‚ª‚Ώ•ΐ‚ΤZ‘ξ’nζ,„“Ή,“,4,,,,ƒKƒX,…“Ή,‰Ί…“Ή,‘ι‚Μ‘δ,,"1,100 ",‚P’ακ,,40 ,80 ,,,,,,,,,,
Z,13211 ,8 ,¬•½,0 ,25 ,¬•½s,‘εΐ’¬‚V’–Ϊ‚Q‚W‚W”Τ‚Q‚S,‘εΐ’¬‚V|‚P‚R|‚P‚S,"222,000 ","216,000 ",2.8 ,105 ,,1,1.5,Z‘ξ,‚v,2F,,’†¬‹K–Ν‚ΜZ‘ξ‚ª‚Ώ•ΐ‚ΤόH‚Ι‹ί‚ΆZ‘ξ’nζ,„“Ή,“,5,,,,ƒKƒX,…“Ή,‰Ί…“Ή,¬•½,,"1,300 ",‚P’ακ,,40 ,80 ,,,,,,,,,,
Z,13211 ,8 ,¬•½,0 ,26 ,¬•½s,¬μΌ’¬‚T’–Ϊ‚Q‚Q‚V‚T”Τ‚P‚S‚S,¬μΌ’¬‚T|‚R‚S|‚P‚P,"231,000 ","224,000 ",3.1 ,100 ,,1.2,1,Z‘ξ,‚v,2F,,κ”ΚZ‘ξ‚Μ‚Ω‚©‚Ι‹σ’n“™‚ª©‚η‚κ‚ιZ‘ξ’nζ,“ΉH,“,4,,,,ƒKƒX,…“Ή,‰Ί…“Ή,¬μ,,550 ,‚P’ακ,,40 ,80 ,,,,,,,,,,
Z,13211 ,8 ,¬•½,0 ,27 ,¬•½s,‰Τ¬‹ΰδ‚Q’–Ϊ‚V‚R‚V”Τ‚Q‚S,‰Τ¬‹ΰδ‚Q|‚Q‚W|‚R,"265,000 ","257,000 ",3.1 ,194 ,,1,1.5,Z‘ξ,‚v,2F,,’†‹K–Ν‚Μκ”ΚZ‘ξ‚ª‘½‚Ά‹ζ‰ζ®‘R‚Ζ‚µ‚½’nζ,s“Ή,–kΌ,6,,,,ƒKƒX,…“Ή,‰Ί…“Ή,‰Τ¬‹ΰδ,,"1,000 ",‚P’ακ,,40 ,80 ,,,,,,,,,,
Z,13211 ,8 ,¬•½,0 ,28 ,¬•½s,‰Τ¬‹ΰδ‚S’–Ϊ‚Q‚Q‚U”Τ‚P‚UO,‰Τ¬‹ΰδ‚S|‚Q‚S|‚U,"242,000 ","235,000 ",3.0 ,148 ,,1,1.5,Z‘ξ,‚v,2F,,’†¬‹K–Νκ”ΚZ‘ξ‚ª‚Ώ•ΐ‚ΤZ‘ξ’nζ,„“Ή,“,4,,,,ƒKƒX,…“Ή,‰Ί…“Ή,‰Τ¬‹ΰδ,,"1,500 ",‚P’ακ,,40 ,80 ,,,,,,,,,,
Z,13211 ,8 ,¬•½,0 ,29 ,¬•½s,‘εΐ’¬‚S’–Ϊ‚W‚R‚R”Τ‚R‚P,‘εΐ’¬‚S|‚Q‚R|‚W,"195,000 ","190,000 ",2.6 ,112 ,,1,1.2,Z‘ξ,‚v,2F,,¬‹K–Ν‚Μκ”ΚZ‘ξ‚ª‚Ώ•ΐ‚ΤZ‘ξ’nζ,„“Ή,“,4,,,,ƒKƒX,…“Ή,‰Ί…“Ή,¬•½,,"1,500 ",‚P’ακ,,40 ,80 ,,,,,,,,,,
Z,13211 ,8 ,¬•½,0 ,30 ,¬•½s,“V_’¬‚S’–Ϊ‚P‚S‚U”Τ‚Q,“V_’¬‚S|‚R|‚P‚P,"251,000 ","243,000 ",3.3 ,329 ,,1,1.5,‹¤“―Z‘ξ,‚v,2F,,κ”ΚZ‘ξA‹¤“―Z‘ξ“™‚ª¬έ‚·‚ιZ‘ξ’nζ,s“Ή,Ό,6,,,,ƒKƒX,…“Ή,‰Ί…“Ή,¬•½,,"1,600 ",€H,€–h,60 ,200 ,,,,,,,,,,
Z,13211 ,8 ,¬•½,0 ,31 ,¬•½s,¬μ’¬‚P’–Ϊ‚W‚W‚O”Τ‚R,,"201,000 ","195,000 ",3.1 ,158 ,,1,2,Z‘ξ,‚v,2F,,’†‹K–Νκ”ΚZ‘ξ“™‚ª‚Ώ•ΐ‚ΤZ‘ξ’nζ,„“Ή,Ό,4,,,,ƒKƒX,…“Ή,‰Ί…“Ή,‘ι‚Μ‘δ,,"1,300 ",‚P’ακ,,40 ,80 ,,,,,,,,,,
Z,13211 ,8 ,¬•½,0 ,32 ,¬•½s,μ•½’¬‚P’–Ϊ‚P‚P‚S‚O”Τ‚SO,μ•½’¬‚P|‚R|‚R,"269,000 ","260,000 ",3.5 ,155 ,,1,2,Z‘ξ,‚v,2F,,κ”ΚZ‘ξ‚Μ‚Ω‚©‚Ιƒ}ƒ“ƒVƒ‡ƒ“‚ΰ©‚η‚κ‚ιZ‘ξ’nζ,“ΉH,Ό,3.8,,,,ƒKƒX,…“Ή,‰Ί…“Ή,κ‹΄w‰€,,800 ,‚P’†κ,€–h,60 ,200 ,,,,,,,,,,
Z,13211 ,8 ,¬•½,0 ,33 ,¬•½s,’‡’¬‚P‚X‚R”Τ‚P‚Q,,"274,000 ","265,000 ",3.4 ,218 ,,1,1.2,Z‘ξ,‚v,2F,,κ”ΚZ‘ξAƒAƒp[ƒg“™‚ª¬έ‚·‚ιZ‘ξ’nζ,“ΉH,Ό,4,,,,ƒKƒX,…“Ή,‰Ί…“Ή,¬•½,,500 ,‚P’ακ,,40 ,80 ,,,,,,,,,,
Z,13211 ,8 ,¬•½,0 ,34 ,¬•½s,γ…“μ’¬‚P’–Ϊ‚S‚W‚R”Τ‚Q‚Q,γ…“μ’¬‚P|‚Q‚O|‚P‚U,"301,000 ","290,000 ",3.8 ,165 ,,1,1,Z‘ξ,‚k‚r,2F,,’†‹K–Νκ”ΚZ‘ξ‚ª‚Ώ•ΐ‚ΤΥΓ‚ΘZ‘ξ’nζ,s“Ή,“μ,6,,,,ƒKƒX,…“Ή,‰Ί…“Ή,κ‹΄w‰€,,"1,300 ",‚P’ακ,,40 ,80 ,,,,,,,,,,
Z,13211 ,8 ,¬•½,0 ,35 ,¬•½s,‰Τ¬‹ΰδ‚T’–Ϊ‚S‚W‚V”Τ‚T‚T,‰Τ¬‹ΰδ‚T|‚P‚R|‚X,"248,000 ","241,000 ",2.9 ,209 ,,1,1.2,Z‘ξ,‚v,3F,,’†‹K–Ν‚Μκ”ΚZ‘ξ‚ª‘½‚Ά‹ζ‰ζ®‘R‚Ζ‚µ‚½Z‘ξ’nζ,s“Ή,–k,6,,,,ƒKƒX,…“Ή,‰Ί…“Ή,‰Τ¬‹ΰδ,,"1,300 ",‚P’ακ,,40 ,80 ,,,,,,,,,,
Z,13211 ,8 ,¬•½,5 ,1 ,¬•½s,”ό‰€’¬‚P’–Ϊ‚Q‚X‚S”Τ‚W,”ό‰€’¬‚P|‚P‚Q|‚V,"400,000 ","386,000 ",3.6 ,231 ,,1,1.5,“X•ά“‹¤“―Z‘ξ,‚q‚b,7F,,“X•ά•t‹¤“―Z‘ξ‚ª‘½‚Ά‰w‚Ι‹ί‚Ά¤‹Ζ’nζ,s“Ή,Ό,16,,,,ƒKƒX,…“Ή,‰Ί…“Ή,¬•½,,250 ,¤‹Ζ,–h‰Ξ,80 ,400 ,,,,,,,,,,
Z,13211 ,8 ,¬•½,5 ,2 ,¬•½s,‰Τ¬‹ΰδ“μ’¬‚P’–Ϊ‚P‚O‚U”Τ‚X,‰Τ¬‹ΰδ“μ’¬‚P|‚P‚R|‚Q‚O,"403,000 ","387,000 ",4.1 ,84 ,,1,3,“X•ά“Z‘ξ,‚r,3F,,“X•ά•t‹¤“―Z‘ξ‚Μ‘½‚Ά‰w“μ‘¤‚Μ¤‹Ζ’nζ,s“Ή,“,9,,,,ƒKƒX,…“Ή,‰Ί…“Ή,‰Τ¬‹ΰδ,,350 ,¤‹Ζ,–h‰Ξ,80 ,400 ,,,,,*,13211,5 ,1 ,"391,000 ",3.1 
Z,13211 ,8 ,¬•½,5 ,3 ,¬•½s,w‰€“’¬‚Q’–Ϊ‚P‚U”Τ‚P‚W,w‰€“’¬‚Q|‚Q|‚P‚X,"282,000 ","273,000 ",3.3 ,115 ,,1,3,“X•ά“Z‘ξ,‚q‚b,3F,,ωH“XA¬”„“X•ά“™‚ª‚Ώ•ΐ‚Τ‹ί—Χ¤‹Ζ’nζ,s“Ή,“,16,,,,ƒKƒX,…“Ή,‰Ί…“Ή,κ‹΄w‰€,,800 ,‹ί¤,€–h,80 ,200 ,,,,,,,,,,
Z,13211 ,8 ,¬•½,5 ,4 ,¬•½s,w‰€“’¬‚P’–Ϊ‚S‚V”Τ‚P‚S,w‰€“’¬‚P|‚R|‚X,"488,000 ","469,000 ",4.1 ,148 ,,1,2,“X•ά“Z‘ξ,‚k‚r,2F,,‹ΰ—Z‹@ΦA¬”„“X•ά‚ª¬έ‚·‚ι‰w‘O¤‹Ζ’nζ,s“Ή,–k,9.1,,,,ƒKƒX,…“Ή,‰Ί…“Ή,κ‹΄w‰€,,90 ,¤‹Ζ,–h‰Ξ,80 ,400 ,,,,,,,,,,
Z,13211 ,8 ,¬•½,5 ,5 ,¬•½s,‚½‚©‚Μ‘δ‚P‚S‚R‚X”Τ‚U,‚½‚©‚Μ‘δ‚S‚S|‚X,"316,000 ","305,000 ",3.6 ,115 ,,1,3,––±,‚q‚b,2F,1B,¬”„“X•ά“™‚ª‚Ώ•ΐ‚Τ‰w‘O‚Μ¤‹Ζ’nζ,s“Ή,“,5.5,,,,ƒKƒX,…“Ή,‰Ί…“Ή,‘ι‚Μ‘δ,‹ίΪ,0 ,‹ί¤,€–h,80 ,200 ,,,,,,,,,,
Z,13211 ,8 ,¬•½,5 ,6 ,¬•½s,‰Τ¬‹ΰδ‚R’–Ϊ‚P‚T”Τ‚UO,‰Τ¬‹ΰδ‚R|‚R‚S|‚Q‚U,"237,000 ","229,000 ",3.5 ,"2,105 ",•s®`,1.5,1,“X•ά“––±,‚r,3F,,‰c‹ΖA“X•ά‚ª‘½‚Ά“s“Ή‰‚Ά‚Μ¤‹Ζ’nζ,“s“Ή,“μ,18,,O•ϋH,,ƒKƒX,…“Ή,‰Ί…“Ή,‰Τ¬‹ΰδ,,"1,600 ",€Z‹,€–h,60 ,200 ,,,,,,,,,,
Z,13211 ,8 ,¬•½,5 ,7 ,¬•½s,‰Τ¬‹ΰδ‚P’–Ϊ‚U”Τ‚VO,‰Τ¬‹ΰδ‚P|‚R|‚Q‚W,"434,000 ","417,000 ",4.1 ,231 ,‘δ`,1,2,“X•άAf—Γ“Z‘ξ,‚q‚b,4F,,’†’α‘w¬”„“X•ά“™‚ª‚Ώ•ΐ‚Τ‰w–k‘¤‚Μ¤‹Ζ’nζ,s“Ή,“μΌ,5.5,,”w–Κ“Ή,,ƒKƒX,…“Ή,‰Ί…“Ή,‰Τ¬‹ΰδ,,170 ,‹ί¤,€–h,80 ,300 ,,,,,,,,,,
Z,13211 ,8 ,¬•½,5 ,8 ,¬•½s,¬μ“’¬‚P’–Ϊ‚Q‚O‚V‚W”Τ‚P,¬μ“’¬‚P|‚P‚W|‚Q‚R,"279,000 ","269,000 ",3.7 ,958 ,,2,1,“X•άA––±“Hκ,‚q‚b,2F,,“X•άAƒ}ƒ“ƒVƒ‡ƒ““™‚ª¬έ‚·‚ιHό¤‹Ζ’nζ,“s“Ή,“,22,,,,ƒKƒX,…“Ή,‰Ί…“Ή,¬μ,,300 ,‚Q’†κ,€–h,60 ,200 ,,,,,,,,,,
Z,13212 ,8 ,“ϊ–μ,0 ,1 ,“ϊ–μs,‘½–€•½‚T’–Ϊ‚Q”Τ‚T‚P,,"303,000 ","290,000 ",4.5 ,121 ,,1,1.5,Z‘ξ,‚v,2F,,’†¬‹K–Ν‚Μκ”ΚZ‘ξ‚ª‚Ώ•ΐ‚ΤΥΓ‚ΘZ‘ξ’nζ,s“Ή,–kΌ,6,,,,ƒKƒX,…“Ή,‰Ί…“Ή,–L“c,,"1,200 ",‚P’ακ,,50 ,100 ,,,,,,,,,,
Z,13212 ,8 ,“ϊ–μ,0 ,2 ,“ϊ–μs,“ϊ–μ–{’¬‚T’–Ϊ‚Q‚S”Τ‚P‚R,,"275,000 ","255,000 ",7.8 ,197 ,,1,1.5,Z‘ξ,‚v,2F,,κ”ΚZ‘ξ‚ª‚Ώ•ΐ‚ΤX‹ζ‚Μ®‚Α‚½Z‘ξ’nζ,s“Ή,–k,6,,,,ƒKƒX,…“Ή,‰Ί…“Ή,“ϊ–μ,,900 ,‚P’ακ,,50 ,100 ,,,,,,,,,,
Z,13212 ,8 ,“ϊ–μ,0 ,3 ,“ϊ–μs,“–L“c‚S’–Ϊ‚P‚X”Τ‚P‚T,,"247,000 ","238,000 ",3.8 ,200 ,,1,2.5,Z‘ξ,‚v,2F,,’†‹K–ΝZ‘ξ“™‚ª‘½‚Ά‹ζ‰ζ®‘R‚Ζ‚µ‚½Z‘ξ’nζ,s“Ή,–kΌ,6,,,,ƒKƒX,…“Ή,‰Ί…“Ή,–L“c,,"1,200 ",‚P’ακ,,50 ,100 ,,,,,,,,,,
Z,13212 ,8 ,“ϊ–μ,0 ,4 ,“ϊ–μs,“μ•½‚Q’–Ϊ‚T‚P”Τ‚Q,,"120,000 ","113,000 ",6.2 ,165 ,,1,1,Z‘ξ,‚v,2F,,’†¬‹K–Νκ”ΚZ‘ξ‚ª‚Ώ•ΐ‚Τ–kόXΞ‚ΜZ‘ξ’nζ,“ΉH,“μ“,5,,,,ƒKƒX,…“Ή,‰Ί…“Ή,“μ•½,,800 ,‚P’ακ,,40 ,80 ,,,,,,,,,,
Z,13212 ,8 ,“ϊ–μ,0 ,5 ,“ϊ–μs,•½R‚P’–Ϊ‚P‚R”Τ‚R,,"115,000 ","102,000 ",12.7 ,254 ,,1,1.2,Z‘ξ,‚v,2F,,’†‹K–Νκ”ΚZ‘ξ‚ª‘½‚Ά‹ζ‰ζ®‘R‚Ζ‚µ‚½Z‘ξ’nζ,s“Ή,“μ,6,,,,ƒKƒX,…“Ή,‰Ί…“Ή,•½Rι¬φ‰€,,"1,000 ",‚P’ακ,,50 ,100 ,,,,,,,,,,
Z,13212 ,8 ,“ϊ–μ,0 ,6 ,“ϊ–μs,–L“c‚Q’–Ϊ‚Q‚O”Τ‚S‚X,,"270,000 ","259,000 ",4.2 ,143 ,,1,1.5,Z‘ξ,‚v,2F,,κ”ΚZ‘ξ‚Μ’†‚Ι‹σ’n“™‚ª©‚η‚κ‚ιZ‘ξ’nζ,s“Ή,–k“,6,,,,ƒKƒX,…“Ή,‰Ί…“Ή,–L“c,,950 ,‚P’ακ,,50 ,100 ,,,,,,,,,,
Z,13212 ,8 ,“ϊ–μ,0 ,7 ,“ϊ–μs,Ό•½R‚T’–Ϊ‚Q‚P”Τ‚R,,"163,000 ","158,000 ",3.2 ,206 ,,1,1.2,Z‘ξ,‚k‚r,2F,,κ”ΚZ‘ξ‚ª‚Ώ•ΐ‚Τ‹ζ‰ζ®‘R‚Ζ‚µ‚½Z‘ξ’nζ,s“Ή,“μ,4,,,,ƒKƒX,…“Ή,‰Ί…“Ή,–L“c,,"2,300 ",‚P’ακ,,40 ,80 ,,,,,,,,,,
Z,13212 ,8 ,“ϊ–μ,0 ,8 ,“ϊ–μs,‘½–€•½‚R’–Ϊ‚P‚T”Τ‚R‚Q,,"330,000 ","312,000 ",5.8 ,120 ,,1,1.2,Z‘ξ,‚v,2F,,’†¬‹K–Ν‚Μκ”ΚZ‘ξ‚ª‚Ώ•ΐ‚ΤΥΓ‚ΘZ‘ξ’nζ,s“Ή,–kΌ,6,,,,ƒKƒX,…“Ή,‰Ί…“Ή,–L“c,,970 ,‚P’ακ,,50 ,100 ,,,,,,,,,,
Z,13212 ,8 ,“ϊ–μ,0 ,9 ,“ϊ–μs,‘½–€•½‚V’–Ϊ‚P‚Q”Τ‚P‚Q,,"270,000 ","255,000 ",5.9 ,223 ,‘δ`,1,1.2,“X•ά“‹¤“―Z‘ξ,‚r,2F,,ΛZ‘ξA“X•ά“™‚ª¬έ‚·‚ι‘“Ή‰‚Ά‚ΜZ‘ξ’nζ,‘“Ή,“μ,22,,,,ƒKƒX,…“Ή,‰Ί…“Ή,–L“c,,"1,300 ",‚Q’†κ,€–h,60 ,200 ,,,,,,,,,,
Z,13212 ,8 ,“ϊ–μ,0 ,10 ,“ϊ–μs,•½R‚S’–Ϊ‚R”Τ‚S‚S,,"204,000 ","198,000 ",3.0 ,99 ,‘δ`,1,2,Z‘ξ,‚v,2F,,κ”ΚZ‘ξ“™‚ª‘¶‚·‚ι²όXH‰‚Ά‚ΜZ‘ξ’nζ,“s“Ή,“μ“,11,,,,ƒKƒX,…“Ή,‰Ί…“Ή,“μ•½,,720 ,‚Q’†κ,€–h,60 ,200 ,,,,,,,,,,
Z,13212 ,8 ,“ϊ–μ,0 ,11 ,“ϊ–μs,‰h’¬‚Q’–Ϊ‚P‚S”Τ‚S,,"275,000 ","262,000 ",5.0 ,185 ,,1,2,Z‘ξ,‚v,2F,,’†¬‹K–Νκ”ΚZ‘ξ‚ª‚Ώ•ΐ‚ΤZ‘ξ’nζ,s“Ή,“μ,4,,,,ƒKƒX,…“Ή,‰Ί…“Ή,“ϊ–μ,,560 ,‚P’ακ,,40 ,80 ,,,,,,,,,,
Z,13212 ,8 ,“ϊ–μ,0 ,12 ,“ϊ–μs,‘ε“ϊ–μ‚V‚V‚V‚R”Τ‚P‚T‚U,,"207,000 ","200,000 ",3.5 ,145 ,,1,2.5,Z‘ξ,‚k‚r,2F,,’†‹K–Νκ”ΚZ‘ξ‚ª‘½‚Ά‹ζ‰ζ®‘R‚Ζ‚µ‚½Z‘ξ’nζ,s“Ή,–kΌ,6,,,,ƒKƒX,…“Ή,‰Ί…“Ή,bBX“Ή,,600 ,‚P’ακ,,40 ,80 ,,,,,,,,,,
Z,13212 ,8 ,“ϊ–μ,0 ,13 ,“ϊ–μs,O‘ς‚Q’–Ϊ‚S‚O”Τ‚XO,,"120,000 ","110,000 ",9.1 ,211 ,,1,1.2,Z‘ξ,‚v,2F,,’†‹K–Νκ”ΚZ‘ξ‚ª‘½‚ΆXΞ’n‚Μ•ªχZ‘ξ’nζ,s“Ή,“μ,6,,,,ƒKƒX,…“Ή,‰Ί…“Ή,•S‘‰€,,"1,100 ",‚P’ακ,,40 ,80 ,,,,,,,,,,
Z,13212 ,8 ,“ϊ–μ,0 ,14 ,“ϊ–μs,’φ‹v•Ϋ‚P’–Ϊ‚W”Τ‚QO,,"118,000 ","115,000 ",2.6 ,105 ,,1.2,1,Z‘ξ,‚v,2F,,κ”ΚZ‘ξ‚ª‚Ώ•ΐ‚Τ‹u—Λ‚‘δ‚ΜZ‘ξ’nζ,„“Ή,“μ“,5,,,,ƒKƒX,…“Ή,‰Ί…“Ή,’φ‹v•Ϋ,,570 ,‚P’ακ,,40 ,80 ,,,,,,,,,,
Z,13212 ,8 ,“ϊ–μ,0 ,15 ,“ϊ–μs,–L“c‚R’–Ϊ‚P‚V”Τ‚XO,,"298,000 ","286,000 ",4.2 ,120 ,,1,1,Z‘ξ,‚v,2F,,’†¬‹K–Ν‚Μκ”ΚZ‘ξ“™‚ª‚Ώ•ΐ‚ΤZ‘ξ’nζ,s“Ή,–kΌ,4.5,,,,ƒKƒX,…“Ή,‰Ί…“Ή,–L“c,,500 ,‚P’ακ,,40 ,80 ,,,,,,,,,,
Z,13212 ,8 ,“ϊ–μ,0 ,16 ,“ϊ–μs,®‚ª‹u‚U’–Ϊ‚R”Τ‚P‚U,,"258,000 ","243,000 ",6.2 ,148 ,,1,1.5,Z‘ξ,‚v,2F,,κ”ΚZ‘ξAƒAƒp[ƒg“™‚ª©‚η‚κ‚ιZ‘ξ’nζ,s“Ή,“,6,,,,ƒKƒX,…“Ή,‰Ί…“Ή,–L“c,,"1,500 ",‚P’ακ,,50 ,100 ,,,,,,,,,,
Z,13212 ,8 ,“ϊ–μ,0 ,17 ,“ϊ–μs,’φ‹v•Ϋ‚Q’–Ϊ‚P‚T”Τ‚R‚OO,,"110,000 ","104,000 ",5.8 ,156 ,,1,1.5,Z‘ξ,‚v,2F,,’†‹K–Νκ”ΚZ‘ξ‚ª‘½‚ΆXΞ’n‚ΜZ‘ξ’nζ,“ΉH,“,4,,,,ƒKƒX,…“Ή,‰Ί…“Ή,‘½–€“®•¨φ‰€,,450 ,‚P’ακ,,40 ,80 ,,,,,,,,,,
Z,13212 ,8 ,“ϊ–μ,0 ,18 ,“ϊ–μs,“•½R‚Q’–Ϊ‚P‚T”Τ‚P‚R,i‚X‚PX‹ζ“‚Q|‚P‚T|‚P‚Rj,"210,000 ","192,000 ",9.4 ,130 ,,1,2,Z‘ξ,‚v,2F,,κ”ΚZ‘ξA”_’n‚ª©‚η‚κ‚ι‹ζ‰ζ®—’†‚ΜZ‘ξ’nζ,‹ζ‰ζXH,–kΌ,6,,,,ƒKƒX,…“Ή,‰Ί…“Ή,•½Rι¬φ‰€,,700 ,‚P’ακ,,50 ,100 ,,,,,,,,,,
Z,13212 ,8 ,“ϊ–μ,0 ,19 ,“ϊ–μs,O‘ς‚T’–Ϊ‚Q‚T”Τ‚P‚R,,"122,000 ","115,000 ",6.1 ,201 ,,1,1,Z‘ξ,‚v,2F,,’†‹K–Νκ”ΚZ‘ξ‚ª‚Ώ•ΐ‚Τ‹u—ΛXΞ’n‚ΜZ‘ξ’nζ,s“Ή,“,6,,,,ƒKƒX,…“Ή,‰Ί…“Ή,’φ‹v•Ϋ,,450 ,‚P’ακ,,40 ,80 ,,,,,,,,,,
Z,13212 ,8 ,“ϊ–μ,0 ,20 ,“ϊ–μs,“μ•½‚T’–Ϊ‚P‚W”Τ‚Q‚XO,,"197,000 ","186,000 ",5.9 ,134 ,,1,1.5,Z‘ξ,‚k‚r,2F,,κ”ΚZ‘ξAƒAƒp[ƒg‚ª¬έ‚·‚ιZ‘ξ’nζ,s“Ή,–kΌ,5.5,,,,ƒKƒX,…“Ή,‰Ί…“Ή,“μ•½,,900 ,‚P’ακ,,40 ,80 ,,,,,,,,,,
Z,13212 ,8 ,“ϊ–μ,0 ,21 ,“ϊ–μs,“μ•½‚U’–Ϊ‚Q‚O”Τ‚P‚T,,"228,000 ","215,000 ",6.0 ,141 ,,1,1.5,Z‘ξ,‚v,2F,,’†¬‹K–Νκ”ΚZ‘ξ‚ª‘½‚ΆZ‘ξ’nζ,s“Ή,–kΌ,6,,,,ƒKƒX,…“Ή,‰Ί…“Ή,“μ•½,,220 ,‚P’ακ,,40 ,80 ,,,,,*,13212,0 ,3 ,"223,000 ",2.2 
Z,13212 ,8 ,“ϊ–μ,0 ,22 ,“ϊ–μs,•½R‚T’–Ϊ‚R‚T”Τ‚V,,"207,000 ","198,000 ",4.5 ,167 ,,1,2,Z‘ξ,‚v,2F,,κ”ΚZ‘ξ“™‚ª‚Ώ•ΐ‚Τ‹ζ‰ζ®—‚³‚κ‚½Z‘ξ’nζ,s“Ή,“μ,5.3,,,,ƒKƒX,…“Ή,‰Ί…“Ή,•½Rι¬φ‰€,,350 ,‚P’ακ,,50 ,100 ,,,,,,,,,,
Z,13212 ,8 ,“ϊ–μ,0 ,23 ,“ϊ–μs,Ό•½R‚Q’–Ϊ‚P‚P”Τ‚R‚T,,"167,000 ","158,000 ",5.7 ,200 ,,1.5,1,Z‘ξ,‚k‚r,2F,,’†‹K–Νκ”ΚZ‘ξ‚ª®‘R‚Ζ‚Ώ•ΐ‚ΤZ‘ξ’nζ,s“Ή,–k,5,,,,ƒKƒX,…“Ή,‰Ί…“Ή,’·ΐ,,550 ,‚P’ακ,,40 ,80 ,,,,,,,,,,
Z,13212 ,8 ,“ϊ–μ,0 ,24 ,“ϊ–μs,Vδ‚R’–Ϊ‚V”Τ‚Q‚S,,"251,000 ","242,000 ",3.7 ,109 ,,1,2,Z‘ξ,‚v,2F,,κ”ΚZ‘ξ“™‚πε‘Μ‚ΙƒAƒp[ƒg‚ª¬έ‚·‚ιZ‘ξ’nζ,„“Ή,–k“,4,,,,ƒKƒX,…“Ή,‰Ί…“Ή,‚”¦•s“®,,770 ,‚P’ακ,,40 ,80 ,,,,,,,,,,
Z,13212 ,8 ,“ϊ–μ,0 ,25 ,“ϊ–μs,_–Ύ‚S’–Ϊ‚Q‚S”Τ‚S,,"288,000 ","274,000 ",5.1 ,149 ,,1,1.2,Z‘ξ,‚v,2F,,κ”ΚZ‘ξAƒAƒp[ƒg“™‚ª©‚η‚κ‚ιZ‘ξ’nζ,s“Ή,–k“,6,,,,ƒKƒX,…“Ή,‰Ί…“Ή,“ϊ–μ,,800 ,‚P’ακ,,50 ,100 ,,,,,*,13212,0 ,16 ,"282,000 ",2.1 
Z,13212 ,8 ,“ϊ–μ,0 ,26 ,“ϊ–μs,“ϊ–μ‘δ‚Q’–Ϊ‚Q‚R”Τ‚Q,,"195,000 ","185,000 ",5.4 ,130 ,,1,1,Z‘ξ,‚v,2F,,κ”ΚZ‘ξ“™‚ª‚Ώ•ΐ‚Τ‹ζ‰ζ®‘R‚Ζ‚µ‚½Z‘ξ’nζ,s“Ή,“μ,5,,,,ƒKƒX,…“Ή,‰Ί…“Ή,“ϊ–μ,,"1,400 ",‚P’ακ,,50 ,100 ,,,,,,,,,,
Z,13212 ,8 ,“ϊ–μ,0 ,27 ,“ϊ–μs,‘εβγ‚S’–Ϊ‚P‚P”Τ‚R,,"263,000 ","247,000 ",6.5 ,137 ,,1,1.5,Z‘ξ,‚q‚b,2F,,κ”ΚZ‘ξA‹¤“―Z‘ξ‚ª‚Ώ•ΐ‚ΤZ‘ξ’nζ,s“Ή,Ό,6,,,,ƒKƒX,…“Ή,‰Ί…“Ή,“ϊ–μ,,"1,400 ",‚P’ακ,,50 ,100 ,,,,,,,,,,
Z,13212 ,8 ,“ϊ–μ,0 ,28 ,“ϊ–μs,–θ›‚U’–Ϊ‚R‚W”Τ‚P‚SO,,"237,000 ","227,000 ",4.4 ,132 ,,1,1.5,Z‘ξ,‚v,2F,,Z‘ξ‚Ζ”_’n“™‚ª¬έ‚·‚ιX‹ζ‚Μ®‚Α‚½Z‘ξ’nζ,s“Ή,–k,6,,,,ƒKƒX,…“Ή,‰Ί…“Ή,‚”¦•s“®,,"1,200 ",‚P’ακ,,50 ,100 ,,,,,,,,,,
Z,13212 ,8 ,“ϊ–μ,0 ,29 ,“ϊ–μs,—μ‚X”Τ‚X,,"255,000 ","246,000 ",3.7 ,105 ,,1,1.5,Z‘ξ,‚v,2F,,X‹ζ‚ª®‚Α‚½ƒAƒp[ƒg‚ΰ©‚η‚κ‚ιZ‘ξ’nζ,s“Ή,–k,6,,,,ƒKƒX,…“Ή,‰Ί…“Ή,•S‘‰€,,500 ,‚P’ακ,,50 ,100 ,,,,,,,,,,
Z,13212 ,8 ,“ϊ–μ,0 ,30 ,“ϊ–μs,V’¬‚S’–Ϊ‚Q‚T”Τ‚Q‚OO,,"168,000 ","160,000 ",5.0 ,115 ,,1.2,1,Z‘ξ,‚k‚r,2F,,‹σ’n‚ΰ©‚η‚κκ”ΚZ‘ξ“™‚ª‘‚¦‚Β‚Β‚ ‚ιZ‘ξ’nζ,s“Ή,“,6,,,,ƒKƒX,…“Ή,‰Ί…“Ή,“ϊ–μ,,"1,700 ",‚P’ακ,,50 ,100 ,,,,,,,,,,
Z,13212 ,8 ,“ϊ–μ,0 ,31 ,“ϊ–μs,“–L“c‚P’–Ϊ‚P‚Q”Τ‚Q‚R,,"225,000 ","214,000 ",5.1 ,132 ,,1,1.5,Z‘ξ,‚v,2F,,κ”ΚZ‘ξ‚Ζ”_’n‚ª¬έ‚·‚ιX‹ζ‚Μ®‚Α‚½Z‘ξ’nζ,s“Ή,–kΌ,6,,,,ƒKƒX,…“Ή,‰Ί…“Ή,–L“c,,"1,200 ",‚P’ακ,,50 ,100 ,,,,,,,,,,
Z,13212 ,8 ,“ϊ–μ,0 ,32 ,“ϊ–μs,“ϊ–μ–{’¬‚Q’–Ϊ‚U”Τ‚P‚S,,"305,000 ","291,000 ",4.8 ,138 ,,1.2,1,Z‘ξ,‚r,2F,1B,κ”ΚZ‘ξ‚Μ’†‚ΙƒAƒp[ƒg‚ª©‚η‚κ‚ιZ‘ξ’nζ,s“Ή,–kΌ,6,,,,ƒKƒX,…“Ή,‰Ί…“Ή,“ϊ–μ,,500 ,‚P’ακ,,50 ,100 ,,,,,,,,,,
Z,13212 ,8 ,“ϊ–μ,0 ,33 ,“ϊ–μs,‘ε“ϊ–μ‚S‚P‚U”Τ‚QO,,"194,000 ","183,000 ",6.0 ,185 ,,1,1.2,Z‘ξ,‚v,2F,,κ”ΚZ‘ξAƒAƒp[ƒgAHκ“™‚ª¬έ‚·‚ιZ‘ξ’nζ,s“Ή,–k,4.6,,,,ƒKƒX,…“Ή,‰Ί…“Ή,“ϊ–μ,,"1,200 ",€H,€–h,60 ,200 ,,,,,,,,,,
Z,13212 ,8 ,“ϊ–μ,0 ,34 ,“ϊ–μs,V’¬‚Q’–Ϊ‚T”Τ‚T‚W,,"223,000 ","213,000 ",4.7 ,100 ,,1,1.5,Z‘ξ,‚v,2F,,κ”ΚZ‘ξAƒAƒp[ƒg“™‚ª‘¶‚·‚ιω¬Z‘ξ’nζ,s“Ή,–k“,6.5,,,,ƒKƒX,…“Ή,‰Ί…“Ή,“ϊ–μ,,750 ,‚P’ακ,,40 ,80 ,,,,,,,,,,
Z,13212 ,8 ,“ϊ–μ,0 ,35 ,“ϊ–μs,—μ‚Q‚Q‚O‚V”Τ‚T,,"222,000 ","214,000 ",3.7 ,121 ,,1,1.2,Z‘ξ,‚k‚r,2F,,κ”ΚZ‘ξ‚ª‘½‚Ά‹ζ‰ζ®‘R‚Ζ‚µ‚½Z‘ξ’nζ,s“Ή,–k“,5,,,,ƒKƒX,…“Ή,‰Ί…“Ή,•S‘‰€,,500 ,‚P’ακ,,50 ,100 ,,,,,,,,,,
,13212 ,8 ,“ϊ–μ,0 ,36 ,“ϊ–μs,“ϊ–μ‘δ‚S’–Ϊ‚Q‚R”Τ‚P‚T,,"200,000 ",,,102 ,,1,1,Z‘ξ,‚v,2F,,¬‹K–Νκ”ΚZ‘ξ‚ª‚Ώ•ΐ‚ΤZ‘ξ’nζ,s“Ή,–kΌ,4,,,,ƒKƒX,…“Ή,‰Ί…“Ή,–L“c,,"1,800 ",‚P’ακ,,50 ,100 ,,,,,,,,,,
Z,13212 ,8 ,“ϊ–μ,0 ,37 ,“ϊ–μs,–θ›‚U’–Ϊ‚Q‚X”Τ‚RO,,"247,000 ","237,000 ",4.2 ,193 ,,1,1,Z‘ξ,‚k‚r,2F,,’†‘w‹¤“―Z‘ξ‚ª©‚η‚κ‚ι²όXH‰‚Ά‚ΜZ‘ξ’nζ,“ΉH,Ό,16,,,,ƒKƒX,…“Ή,‰Ί…“Ή,‚”¦•s“®,,"1,200 ",‚Q’†κ,€–h,60 ,200 ,,,,,,,,,,
Z,13212 ,8 ,“ϊ–μ,5 ,1 ,“ϊ–μs,‘½–€•½‚P’–Ϊ‚R”Τ‚P‚Q,,"600,000 ","570,000 ",5.3 ,251 ,,1,2.5,‹σ’n,,,,’†‚‘w‚Μ“X•άƒrƒ‹“™‚ª‚Ώ•ΐ‚Τ‰w‹ί‚Μ¤‹Ζ’nζ,“s“Ή,–k“,22,,,,ƒKƒX,…“Ή,‰Ί…“Ή,–L“c,,250 ,¤‹Ζ,–h‰Ξ,80 ,400 ,,,,,,,,,,
Z,13212 ,8 ,“ϊ–μ,5 ,2 ,“ϊ–μs,‚”¦‚R”Τ‚R,,"564,000 ","537,000 ",5.0 ,143 ,,1,1,“X•ά“Z‘ξ,‚q‚b,4F,,’†‘w‚Μ“X•άƒrƒ‹‚ª‚Ώ•ΐ‚Τ‰w‘O‚Μ¤‹Ζ’nζ,s“Ή,“μ,7.5,,‘¤“Ή,“,ƒKƒX,…“Ή,‰Ί…“Ή,‚”¦•s“®,,100 ,¤‹Ζ,–h‰Ξ,80 ,400 ,,,,,,,,,,
Z,13212 ,8 ,“ϊ–μ,5 ,3 ,“ϊ–μs,“ϊ–μ–{’¬‚Q’–Ϊ‚P‚W”Τ‚P‚P,,"315,000 ","298,000 ",5.7 ,246 ,,1,3,“X•ά,‚q‚b,3F,,’†¬‹K–Ν‚Μ“X•άƒrƒ‹“™‚ª‚Ώ•ΐ‚Τ‰w‹ί‚Μ¤‹Ζ’nζ,“s“Ή,–k,15,,,,ƒKƒX,…“Ή,‰Ί…“Ή,“ϊ–μ,,350 ,‹ί¤,€–h,80 ,200 ,,,,,,,,,,
Z,13212 ,8 ,“ϊ–μ,5 ,4 ,“ϊ–μs,•S‘‚Q‚O‚R”Τ‚R,,"295,000 ","283,000 ",4.2 ,195 ,‘δ`,1,2,“X•ά“Z‘ξ,‚r,2F,,’†’α‘w“X•άA‹¤“―Z‘ξ‚ª‚Ώ•ΐ‚Τ‰w‘O‚Μ¤‹Ζ’nζ,s“Ή,Ό,12,,,,ƒKƒX,…“Ή,‰Ί…“Ή,•S‘‰€,,90 ,‹ί¤,€–h,80 ,200 ,,,,,,,,,,
Z,13212 ,8 ,“ϊ–μ,5 ,5 ,“ϊ–μs,‘εβγ‚P’–Ϊ‚R‚Q”Τ‚Q,,"470,000 ","450,000 ",4.4 ,155 ,‘δ`,1,1.2,“X•άA––±“Z‘ξ,‚r,3F,1B,’†‘w‚Μ“X•άA––±“™‚ª‚Ώ•ΐ‚Τ‰w‘O‚Μ¤‹Ζ’nζ,s“Ή,“,0,‰w‘OLκ,‘¤“Ή,–k,ƒKƒX,…“Ή,‰Ί…“Ή,“ϊ–μ,‰w‘OLκΪ–Κ,0 ,¤‹Ζ,–h‰Ξ,80 ,400 ,,,,,,,,,,
Z,13212 ,8 ,“ϊ–μ,5 ,6 ,“ϊ–μs,‚”¦‚P‚O‚O‚P”Τ‚WO,,"700,000 ","666,000 ",5.1 ,294 ,‘δ`,1,2,“X•ά“‹¤“―Z‘ξ,‚r‚q‚b,10F,,’†‚‘w‚Μ“X•άƒrƒ‹“™‚ª‚Ώ•ΐ‚Τ‰w‹ί‚Μ¤‹Ζ’nζ,s“Ή,“,16,,‘¤“Ή,–k,ƒKƒX,…“Ή,‰Ί…“Ή,‚”¦•s“®,,120 ,¤‹Ζ,–h‰Ξ,80 ,500 ,,,,,,,,,,
Z,13212 ,8 ,“ϊ–μ,5 ,7 ,“ϊ–μs,–L“c‚R’–Ϊ‚S‚O”Τ‚P‚PO,,"564,000 ","530,000 ",6.4 ,300 ,,1,1.5,“X•ά“‹¤“―Z‘ξ,‚q‚b,14F,,“X•ά“‹¤“―Z‘ξ‚ª‚Ώ•ΐ‚Τ‹ζ‰ζ®—’†‚Μ¤‹Ζ’nζ,‹ζ‰ζXH,–k“,18,,,,ƒKƒX,…“Ή,‰Ί…“Ή,–L“c,,150 ,¤‹Ζ,–h‰Ξ,80 ,500 ,,,,,,,,,,
Z,13212 ,8 ,“ϊ–μ,9 ,1 ,“ϊ–μs,®‚ª‹u‚T’–Ϊ‚P‚V”Τ‚P‚TO,,"186,000 ","178,000 ",4.5 ,"1,194 ",,1,1.2,‘qΙA––±“μ‹Ζ,‚r,3F,,’†¬‹K–Ν‚ΜHκAZ‘ξ“™‚ª¬έ‚·‚ιH‹Ζ’nζ,s“Ή,“,8,,,,ƒKƒX,…“Ή,‰Ί…“Ή,–L“c,,"1,800 ",H‹Ζ,€–h,60 ,200 ,,,,,,,,,,
Z,13212 ,8 ,“ϊ–μ,9 ,2 ,“ϊ–μs,®‚ª‹u‚R’–Ϊ‚P”Τ‚XO,,"216,000 ","205,000 ",5.4 ,"3,325 ",,1,2,––±“‘qΙ,‚q‚b,5F,,’†¬HκA–‹Ζ“™‚Μ‘½‚ΆH‹Ζ’nζ,s“Ή,–k,8,,,,ƒKƒX,…“Ή,‰Ί…“Ή,–L“c,,"1,100 ",H‹Ζ,€–h,60 ,200 ,,,,,,,,,,
Z,13212 ,8 ,“ϊ–μ,9 ,3 ,“ϊ–μs,V’¬‚T’–Ϊ‚S”Τ‚P‚QO,,"115,000 ","112,000 ",2.7 ,301 ,,1,2,Hκ,,,,’†¬‹K–ΝHκA‘qΙ“™‚Μ‚Ώ•ΐ‚ΤH‹Ζ’nζ,s“Ή,–kΌ,8,,,,ƒKƒX,…“Ή,‰Ί…“Ή,“ϊ–μ,,"2,000 ",H‹Ζ,€–h,60 ,200 ,,,,,,,,,,
Z,13213 ,8 ,“‘ΊR,0 ,1 ,“‘ΊRs,‰h’¬‚R’–Ϊ‚S”Τ‚P‚T,,"293,000 ","283,000 ",3.5 ,215 ,,1,1,Z‘ξ,‚r,3F,,’†‹K–Νκ”ΚZ‘ξ‚ª‘½‚­‰w‘O¤‹Ζ’n‚Ι‹ί‚ΆZ‘ξ’nζ,s“Ή,–k,4,,,,ƒKƒX,…“Ή,‰Ί…“Ή,‹v•Δμ,,400 ,‚PZ‹,€–h,60 ,300 ,,,,,*,13213,0 ,6 ,"290,000 ",1.0 
Z,13213 ,8 ,“‘ΊR,0 ,2 ,“‘ΊRs,‰h’¬‚R’–Ϊ‚Q‚Q”Τ‚P‚T,,"236,000 ","229,000 ",3.1 ,119 ,,1,2,Z‘ξ,‚v,2F,,κ”ΚZ‘ξAƒAƒp[ƒg“™‚ª¬έ‚·‚ιZ‘ξ’nζ,„“Ή,–k,5,,,,ƒKƒX,…“Ή,‰Ί…“Ή,”ªβ,,300 ,‚P’†κ,€–h,60 ,200 ,,,,,,,,,,
Z,13213 ,8 ,“‘ΊR,0 ,3 ,“‘ΊRs,‰¶‘½’¬‚T’–Ϊ‚R”Τ‚S‚P,,"187,000 ","181,000 ",3.3 ,103 ,,1,1.5,Z‘ξ,‚v,2F,,’†¬‹K–Νκ”ΚZ‘ξ‚ª‘½‚ΆZ‘ξ’nζ,“ΉH,–kΌ,4,,,,ƒKƒX,…“Ή,‰Ί…“Ή,‹v•Δμ,,"1,400 ",‚P’ακ,€–h,50 ,100 ,,,,,*,13213,0 ,7 ,"183,000 ",2.2 
Z,13213 ,8 ,“‘ΊR,0 ,4 ,“‘ΊRs,”όZ’¬‚Q’–Ϊ‚P‚V”Τ‚X,,"203,000 ","197,000 ",3.0 ,206 ,,1.2,1,‹σ’n,,,,’†‹K–Νκ”ΚZ‘ξ‚ª‘½‚Ά‹ζ‰ζ®‘R‚Ζ‚µ‚½Z‘ξ’nζ,s“Ή,–k,4,,,,ƒKƒX,…“Ή,‰Ί…“Ή,“‘ΊR,,"1,100 ",‚P’ακ,€–h,50 ,100 ,,,,,,,,,,
Z,13213 ,8 ,“‘ΊR,0 ,5 ,“‘ΊRs,‘½–€Ξ’¬‚S’–Ϊ‚Q‚R”Τ‚S,,"151,000 ","151,000 ",0.0 ,250 ,,1,1,Z‘ξ,‚v,2F,,’†‹K–Νκ”ΚZ‘ξ‚ª‘½‚Ά‹ζ‰ζ®‘R‚Ζ‚µ‚½Z‘ξ’nζ,s“Ή,–kΌ,6,,,,ƒKƒX,…“Ή,‰Ί…“Ή,Ό•‰€,,170 ,‚P’ακ,€–h,50 ,100 ,,,,,,,,,,
Z,13213 ,8 ,“‘ΊR,0 ,6 ,“‘ΊRs,H’Γ’¬‚S’–Ϊ‚S‚O”Τ‚R‚XO,,"212,000 ","205,000 ",3.4 ,143 ,,1,1,Z‘ξ,‚v,2F,,’†¬‹K–Ν‚Μκ”ΚZ‘ξ‚ª‚Ώ•ΐ‚ΤZ‘ξ’nζ,„“Ή,–k“,4,,,,ƒKƒX,…“Ή,‰Ί…“Ή,VH’Γ,,500 ,‚P’ακ,€–h,50 ,100 ,,,,,,,,,,
Z,13213 ,8 ,“‘ΊR,0 ,7 ,“‘ΊRs,H’Γ’¬‚T’–Ϊ‚P‚V”Τ‚Q‚V,,"242,000 ","233,000 ",3.9 ,100 ,,1.5,1,Z‘ξ,‚v,2F,,κ”ΚZ‘ξ‚Μ‚Ω‚©‚Ι”_’n“™‚ª¬έ‚·‚ιZ‘ξ’nζ,„“Ή,“μ,5,,,,ƒKƒX,…“Ή,‰Ί…“Ή,VH’Γ,,270 ,‚P’ακ,€–h,50 ,100 ,,,,,,,,,,
Z,13213 ,8 ,“‘ΊR,0 ,8 ,“‘ΊRs,Β—t’¬‚Q’–Ϊ‚Q‚X”Τ‚X,,"176,000 ","171,000 ",2.9 ,121 ,,1,1,Z‘ξ,‚k‚r,2F,1B,’†‹K–Νκ”ΚZ‘ξ‚ª‘½‚ΆxO‚ΜZ‘ξ’nζ,„“Ή,–k“,5,,,,ƒKƒX,…“Ή,‰Ί…“Ή,‹v•Δμ,,"2,600 ",‚P’ακ,€–h,50 ,100 ,,,,,,,,,,
Z,13213 ,8 ,“‘ΊR,0 ,9 ,“‘ΊRs,–μϋ’¬‚R’–Ϊ‚R‚T”Τ‚P‚O,,"187,000 ","181,000 ",3.3 ,135 ,,1,1.5,Z‘ξ,‚v,2F,,κ”ΚZ‘ξ‚ª‚Ώ•ΐ‚ΤΥΓ‚ΘZ‘ξ’nζ,s“Ή,–k,6,,,,ƒKƒX,…“Ή,‰Ί…“Ή,Ό•‰€,,900 ,‚P’ακ,€–h,50 ,100 ,,,,,,,,,,
Z,13213 ,8 ,“‘ΊR,0 ,10 ,“‘ΊRs,‹v•Δμ’¬‚R’–Ϊ‚P‚O”Τ‚R‚S,,"205,000 ","198,000 ",3.5 ,101 ,,1,1,Z‘ξ,‚k‚r,2F,,κ”ΚZ‘ξ‚Μ’†‚Ι”_’n“™‚ª©‚η‚κ‚ιZ‘ξ’nζ,„“Ή,“μ,5,,,,ƒKƒX,…“Ή,‰Ί…“Ή,“‘ΊR,,"1,200 ",‚P’ακ,€–h,50 ,100 ,,,,,,,,,,
Z,13213 ,8 ,“‘ΊR,0 ,11 ,“‘ΊRs,‰¶‘½’¬‚S’–Ϊ‚R”Τ‚P‚U,,"206,000 ","199,000 ",3.5 ,127 ,,1,1.5,Z‘ξ,‚v,2F,,’†¬‹K–Ν‚Μκ”ΚZ‘ξ‚ª‚Ώ•ΐ‚ΤZ‘ξ’nζ,„“Ή,–k,4.5,,,,ƒKƒX,…“Ή,‰Ί…“Ή,“‘ΊR,,"1,200 ",‚P’ακ,€–h,50 ,100 ,,,,,,,,,,
Z,13213 ,8 ,“‘ΊR,0 ,12 ,“‘ΊRs,z–K’¬‚P’–Ϊ‚V”Τ‚Q‚T,,"225,000 ","218,000 ",3.2 ,145 ,,1,1,Z‘ξ,‚v,1F,,κ”ΚZ‘ξAƒAƒp[ƒgA“X•ά“™‚ª¬έ‚·‚ι’nζ,s“Ή,–kΌ,8.7,,,,ƒKƒX,…“Ή,‰Ί…“Ή,“‘ΊR,,700 ,‚P’†κ,€–h,60 ,200 ,,,,,,,,,,
Z,13213 ,8 ,“‘ΊR,0 ,13 ,“‘ΊRs,‹v•Δμ’¬‚P’–Ϊ‚S‚O”Τ‚R‚Q,,"186,000 ","180,000 ",3.3 ,112 ,,1,2.5,Z‘ξ,‚v,2F,,κ”ΚZ‘ξ‚Μ’†‚Ι”_’n“™‚ΰ©‚η‚κ‚ιZ‘ξ’nζ,s“Ή,“μ,5,,,,ƒKƒX,…“Ή,‰Ί…“Ή,VH’Γ,,"1,500 ",‚P’ακ,€–h,50 ,100 ,,,,,,,,,,
Z,13213 ,8 ,“‘ΊR,0 ,14 ,“‘ΊRs,‹v•Δμ’¬‚T’–Ϊ‚Q‚P”Τ‚U‚P,,"185,000 ","179,000 ",3.4 ,139 ,,1,2,Z‘ξ,‚v,2F,,κ”ΚZ‘ξ‚Μ’†‚Ι‹σ’n‚ΰ©‚η‚κ‚ιZ‘ξ’nζ,s“Ή,“μ,6,,,,ƒKƒX,…“Ή,‰Ί…“Ή,“‘ΊR,,"1,700 ",‚P’ακ,€–h,50 ,100 ,,,,,,,,,,
Z,13213 ,8 ,“‘ΊR,0 ,15 ,“‘ΊRs,•xm©’¬‚Q’–Ϊ‚P‚V”Τ‚Q‚Q,,"192,000 ","186,000 ",3.2 ,110 ,,1,1.5,Z‘ξ,‚v,2F,,κ”ΚZ‘ξ‚ª‚Ώ•ΐ‚Τ‹ζ‰ζ®‘R‚Ζ‚µ‚½Z‘ξ’nζ,„“Ή,Ό,4,,,,ƒKƒX,…“Ή,‰Ί…“Ή,¬μ,,"1,500 ",‚P’ακ,€–h,50 ,100 ,,,,,,,,,,
Z,13213 ,8 ,“‘ΊR,0 ,16 ,“‘ΊRs,”‹R’¬‚S’–Ϊ‚V”Τ‚S‚O,,"262,000 ","253,000 ",3.6 ,111 ,,1,1,Z‘ξ,‚v,2F,,’†¬‹K–Νκ”ΚZ‘ξ‚ª‚Ώ•ΐ‚ΤΥΓ‚ΘZ‘ξ’nζ,„“Ή,–k,4,,,,ƒKƒX,…“Ή,‰Ί…“Ή,”‹R,,550 ,‚P’ακ,€–h,50 ,100 ,,,,,,,,,,
Z,13213 ,8 ,“‘ΊR,0 ,17 ,“‘ΊRs,Β—t’¬‚R’–Ϊ‚P‚Q”Τ‚S‚O,,"171,000 ","166,000 ",3.0 ,155 ,,1.5,1,Z‘ξ,‚k‚r,2F,,’†‹K–Νκ”ΚZ‘ξ‚ª‚Ώ•ΐ‚ΤΥΓ‚ΘZ‘ξ’nζ,“ΉH,Ό,4,,,,ƒKƒX,…“Ή,‰Ί…“Ή,VH’Γ,,"1,500 ",‚P’ακ,€–h,50 ,100 ,,,,,,,,,,
Z,13213 ,8 ,“‘ΊR,0 ,18 ,“‘ΊRs,‰¶‘½’¬‚R’–Ϊ‚Q‚U”Τ‚UO,,"191,000 ","185,000 ",3.2 ,169 ,,1,1.5,Z‘ξ,‚v,2F,,’†¬‹K–Ν‚Μκ”ΚZ‘ξ‚ª‚Ώ•ΐ‚ΤZ‘ξ’nζ,“ΉH,“μ“,4,,,,ƒKƒX,…“Ή,‰Ί…“Ή,‹v•Δμ,,"1,200 ",‚P’ακ,€–h,50 ,100 ,,,,,,,,,,
Z,13213 ,8 ,“‘ΊR,0 ,19 ,“‘ΊRs,‘½–€Ξ’¬‚R’–Ϊ‚S”Τ‚P‚O,,"180,000 ","175,000 ",2.9 ,235 ,,1,1,Z‘ξ,‚k‚r,2F,,’†‹K–Νκ”ΚZ‘ξ‚ª‘½‚ΆΥΓ‚ΘZ‘ξ’nζ,s“Ή,–k,4,,,,ƒKƒX,…“Ή,‰Ί…“Ή,‘½–€Ξ,,300 ,‚P’ακ,€–h,50 ,100 ,,,,,,,,,,
Z,13213 ,8 ,“‘ΊR,0 ,20 ,“‘ΊRs,”‹R’¬‚P’–Ϊ‚R‚W”Τ‚P‚W,,"247,000 ","239,000 ",3.3 ,103 ,,1,1.5,Z‘ξ,‚v,2F,,’†¬‹K–Ν‚Μκ”ΚZ‘ξ‚ª‘½‚Άω‘¶‚ΜZ‘ξ’nζ,s“Ή,“,5,,,,ƒKƒX,…“Ή,‰Ί…“Ή,”‹R,,450 ,‚P’ακ,€–h,50 ,100 ,,,,,,,,,,
Z,13213 ,8 ,“‘ΊR,0 ,21 ,“‘ΊRs,‰h’¬‚R’–Ϊ‚Q”Τ‚Q,,"266,000 ","256,000 ",3.9 ,"2,637 ",,1,1,‹¤“―Z‘ξ,‚q‚b,7F,,’†‚‘wƒ}ƒ“ƒVƒ‡ƒ“AZ‘ξA‘qΙ“™‚ª¬έ‚·‚ι’nζ,s“Ή,–k,6,,,,ƒKƒX,…“Ή,‰Ί…“Ή,‹v•Δμ,,450 ,‚P’†κ,€–h,60 ,200 ,,,,,,,,,,
,13213 ,8 ,“‘ΊR,0 ,22 ,“‘ΊRs,‰τ“c’¬‚P’–Ϊ‚P‚W”Τ‚P‚O‚Q,,"188,000 ",,,100 ,,1,1.5,Z‘ξ,‚v,2F,,κ”ΚZ‘ξ‚Μ‚Ω‚©‚ΙHκAμ‹Ζ“™‚ª¬έ‚·‚ι’nζ,„“Ή,“μ“,5,,,,ƒKƒX,…“Ή,‰Ί…“Ή,“‘ΊR,,"1,400 ",€H,€–h,60 ,200 ,,,,,,,,,,
Z,13213 ,8 ,“‘ΊR,5 ,1 ,“‘ΊRs,‰h’¬‚Q’–Ϊ‚Q‚Q”Τ‚Q‚S,,"491,000 ","473,000 ",3.8 ,64 ,,1,2,“X•άA––±“Z‘ξ,‚q‚b,5F,,’†‘wƒrƒ‹A’α‘w“X•ά‚ª‚Ώ•ΐ‚Τ‰w‘O¤‹Ζ’nζ,s“Ή,–kΌ,8,,,,ƒKƒX,…“Ή,‰Ί…“Ή,‹v•Δμ,,180 ,¤‹Ζ,–h‰Ξ,80 ,400 ,,,,,,,,,,
Z,13213 ,8 ,“‘ΊR,5 ,2 ,“‘ΊRs,–μϋ’¬‚P’–Ϊ‚P‚T”Τ‚S,,"328,000 ","317,000 ",3.5 ,165 ,•s®`,1,1,“X•ά“‹¤“―Z‘ξ,‚r,3F,,¬”„“X•άA‹¤“―Z‘ξ“™‚ª‚Ώ•ΐ‚Τ‹ί—Χ¤‹Ζ’nζ,“s“Ή,–k,7.7,,‘¤“Ή,–k“,ƒKƒX,…“Ή,‰Ί…“Ή,“‘ΊR,,280 ,¤‹Ζ,–h‰Ξ,80 ,400 ,,,,,,,,,,
Z,13213 ,8 ,“‘ΊR,5 ,3 ,“‘ΊRs,‰h’¬‚P’–Ϊ‚U”Τ‚W,,"378,000 ","365,000 ",3.6 ,82 ,,1,1.5,“X•άA––±“Z‘ξ,‚r,4F,,¬”„“X•άA‹¤“―Z‘ξ“™‚ª‚Ώ•ΐ‚Τ‰w‘O¤‹Ζ’nζ,s“Ή,“μΌ,8,,,,ƒKƒX,…“Ή,‰Ί…“Ή,‹v•Δμ,,140 ,¤‹Ζ,–h‰Ξ,80 ,400 ,,,,,*,13213,5 ,1 ,"371,000 ",1.9 
Z,13213 ,8 ,“‘ΊR,5 ,4 ,“‘ΊRs,‰h’¬‚R’–Ϊ‚P‚O”Τ‚P‚WO,,"323,000 ","311,000 ",3.9 ,108 ,,1,1.5,“X•ά“Z‘ξ,‚r,3F,,¬”„“X•άAƒ}ƒ“ƒVƒ‡ƒ““™‚ª¬έ‚·‚ιω¬¤‹Ζ’nζ,s“Ή,“μ“,8,,,,ƒKƒX,…“Ή,‰Ί…“Ή,”ªβ,,120 ,‹ί¤,–h‰Ξ,80 ,400 ,,,,,,,,,,
Z,13213 ,8 ,“‘ΊR,5 ,5 ,“‘ΊRs,‰h’¬‚Q’–Ϊ‚R‚Q”Τ‚W,,"322,000 ","311,000 ",3.5 ,132 ,,1,1.5,“X•ά,‚v,2F,,’†’α‘w‚Μ“X•ά“‹¤“―Z‘ξ“™‚ª‚Ώ•ΐ‚Τ¤‹Ζ’nζ,“s“Ή,“μ,8,,,,ƒKƒX,…“Ή,‰Ί…“Ή,‹v•Δμ,,270 ,¤‹Ζ,–h‰Ξ,80 ,400 ,,,,,,,,,,
Z,13213 ,8 ,“‘ΊR,5 ,6 ,“‘ΊRs,H’Γ’¬‚Q’–Ϊ‚Q‚T”Τ‚PO,,"197,000 ","191,000 ",3.1 ,"1,085 ",‘δ`,1,1.2,’z’†,,,,“X•ά‚Μ’†‚Ι–‹Ζ“™‚ª¬έ‚·‚ιHό¤‹Ζ’nζ,“s“Ή,“μΌ,11,,‘¤“Ή,–kΌ,,…“Ή,‰Ί…“Ή,VH’Γ,,"1,300 ",€H,€–h,60 ,200 ,,,,,,,,,,
Z,13213 ,8 ,“‘ΊR,5 ,7 ,“‘ΊRs,‹v•Δμ’¬‚R’–Ϊ‚Q”Τ‚P‚TO,,"255,000 ","246,000 ",3.7 ,"1,307 ",‘δ`,2,1,“X•ά,‚r,1F,,“X•ά‚Μ‚Ω‚©”_’n“™‚ª¬έ‚·‚ιHό¤‹Ζ’nζ,s“Ή,“μ,20,,”w–Κ“Ή,,ƒKƒX,…“Ή,‰Ί…“Ή,“‘ΊR,,860 ,‚PZ‹,€–h,60 ,200 ,,,,,,,,,,
Z,13213 ,8 ,“‘ΊR,5 ,8 ,“‘ΊRs,H’Γ’¬‚T’–Ϊ‚P‚R”Τ‚V,,"358,000 ","346,000 ",3.5 ,198 ,‘δ`,1,1,“X•ά“Z‘ξ,‚r,2F,,¬”„“X•ά“™‚ª‚Ώ•ΐ‚ΤVH’Γ‰w‚Ι‹ί‚Ά¤‹Ζ’nζ,s“Ή,–kΌ,5,,,,ƒKƒX,…“Ή,‰Ί…“Ή,VH’Γ,‹ίΪ,0 ,‹ί¤,€–h,80 ,200 ,,,,,,,,,,
Z,13213 ,8 ,“‘ΊR,5 ,9 ,“‘ΊRs,–μϋ’¬‚P’–Ϊ‚P‚V”Τ‚T,,"355,000 ","343,000 ",3.5 ,101 ,,1,1,“X•ά,‚v,2F,,’α’†‘w‚Μ“X•ά“™‚ª‚Ώ•ΐ‚Τ‰w‘O¤‹Ζ’nζ,s“Ή,“,14.5,,,,ƒKƒX,…“Ή,‰Ί…“Ή,“‘ΊR,,80 ,¤‹Ζ,–h‰Ξ,80 ,400 ,,,,,,,,,,
Z,13213 ,8 ,“‘ΊR,9 ,1 ,“‘ΊRs,‰¶‘½’¬‚P’–Ϊ‚P‚W”Τ‚S,,"168,000 ","162,000 ",3.7 ,570 ,,1.5,1,HκA––±“Z‘ξ“™,‚r,2F,,HκA–‹ΖA‘qΙ“™‚Μ‘½‚ΆH‹Ζ’nζ,„“Ή,“μ“,6,,,,,…“Ή,‰Ί…“Ή,‹v•Δμ,,"2,400 ",€H,€–h,60 ,200 ,,,,,,,,,,
Z,13214 ,8 ,‘•ª›,0 ,1 ,‘•ª›s,‚–Ψ’¬‚P’–Ϊ‚U”Τ‚R‚Q,,"281,000 ","262,000 ",7.3 ,128 ,,1,1.5,Z‘ξ,‚k‚r,2F,,κ”ΚZ‘ξ‚Μό•Σ‚Ι‹σ’n“™‚ª©‚η‚κ‚ιZ‘ξ’nζ,s“Ή,–k,4,,,,ƒKƒX,…“Ή,‰Ί…“Ή,‘—§,,"1,500 ",‚P’ακ,€–h,50 ,100 ,,,,,,,,,,
Z,13214 ,8 ,‘•ª›,0 ,2 ,‘•ª›s,•xm–{‚P’–Ϊ‚P‚T”Τ‚P‚R,,"354,000 ","336,000 ",5.4 ,198 ,,1,2,Z‘ξ,‚v,2F,,’†‹K–Νκ”ΚZ‘ξ‚ΙƒAƒp[ƒg‚ª©‚η‚κ‚ιZ‘ξ’nζ,s“Ή,–kΌ,3.8,,,,ƒKƒX,…“Ή,‰Ί…“Ή,‘—§,,950 ,‚P’ακ,€–h,50 ,100 ,,,,,,,,,,
Z,13214 ,8 ,‘•ª›,0 ,3 ,‘•ª›s,•ΐ–Ψ’¬‚P’–Ϊ‚Q‚Q”Τ‚S‚U,,"252,000 ","240,000 ",5.0 ,145 ,,1,1.2,Z‘ξ,‚v,2F,,κ”ΚZ‘ξ‚ª‘½‚ΆΛ‘q’Κ‚θ–k‘¤”wγ‚ΜZ‘ξ’nζ,„“Ή,“μ,4,,,,ƒKƒX,…“Ή,‰Ί…“Ή,—φƒ–E,,"1,000 ",‚P’ακ,,40 ,80 ,,,,,,,,,,
Z,13214 ,8 ,‘•ª›,0 ,4 ,‘•ª›s,Ό’¬‚S’–Ϊ‚Q‚T”Τ‚T‚P,,"257,000 ","244,000 ",5.3 ,121 ,,1,1,Z‘ξ,‚v,2F,,’†‹K–Νκ”ΚZ‘ξ‚ª‘½‚ΆΥΓ‚ΘZ‘ξ’nζ,s“Ή,“μ,5.5,,,,ƒKƒX,…“Ή,‰Ί…“Ή,‘—§,,"2,500 ",‚P’ακ,,40 ,80 ,,,,,,,,,,
Z,13214 ,8 ,‘•ª›,0 ,5 ,‘•ª›s,–{‘½‚R’–Ϊ‚P‚R‚R”Τ‚T,–{‘½‚R|‚U|‚R‚S,"375,000 ","340,000 ",10.3 ,159 ,,1,1.5,Z‘ξ,‚v,2F,,κ”ΚZ‘ξ‚Μ’†‚ΙƒAƒp[ƒg“™‚ª©‚η‚κ‚ιZ‘ξ’nζ,s“Ή,“,4.5,,,,ƒKƒX,…“Ή,‰Ί…“Ή,‘•ª›,,"1,200 ",‚P’ακ,€–h,50 ,100 ,,,,,*,13214,0 ,2 ,"360,000 ",4.2 
Z,13214 ,8 ,‘•ª›,0 ,6 ,‘•ª›s,Ό’¬‚P’–Ϊ‚P‚P”Τ‚R‚P,,"334,000 ","316,000 ",5.7 ,180 ,,1,1.5,Z‘ξ,‚v,2F,,κ”ΚZ‘ξ‚Μ‚Ω‚©‚ΙƒAƒp[ƒg‚ª©‚η‚κ‚ιZ‘ξ’nζ,s“Ή,“μΌ,5.5,,,,ƒKƒX,…“Ή,‰Ί…“Ή,‘—§,,"1,300 ",‚P’ακ,,40 ,80 ,,,,,,,,,,
Z,13214 ,8 ,‘•ª›,0 ,7 ,‘•ª›s,“³’¬‚P’–Ϊ‚X‚V”Τ‚P‚S,“³’¬‚P|‚X|‚W,"361,000 ","320,000 ",12.8 ,139 ,‘δ`,1,1.2,Z‘ξ,‚v,2F,,κ”ΚZ‘ξ‚Μ‚Ω‚©‚ΙƒAƒp[ƒg‚ª©‚η‚κ‚ιZ‘ξ’nζ,s“Ή,Ό,4,,,,ƒKƒX,…“Ή,‰Ί…“Ή,‘•ª›,,"1,100 ",‚P’ακ,€–h,50 ,100 ,,,,,,,,,,
Z,13214 ,8 ,‘•ª›,0 ,8 ,‘•ª›s,Ό—φƒPE‚Q’–Ϊ‚X”Τ‚Q‚WO,,"428,000 ","407,000 ",5.2 ,208 ,,1.5,1,Z‘ξ,‚v,2F,,κ”ΚZ‘ξ‚Μ‚Ω‚©‚ΙƒAƒp[ƒg‚ª©‚η‚κ‚ιZ‘ξ’nζ,s“Ή,“μ,4,,,,ƒKƒX,…“Ή,‰Ί…“Ή,Ό‘•ª›,,200 ,‚P’ακ,,40 ,80 ,,,,,,,,,,
Z,13214 ,8 ,‘•ª›,0 ,9 ,‘•ª›s,“μ’¬‚Q’–Ϊ‚Q‚W‚S”Τ‚Q‚V,“μ’¬‚Q|‚P|‚P‚R,"450,000 ","427,000 ",5.4 ,165 ,,1,1.5,Z‘ξ,‚v,2F,,’†‹K–Νκ”ΚZ‘ξ‚ª‘½‚Ά‚‘δ‚ΜZ‘ξ’nζ,s“Ή,“μΌ,5.5,,,,ƒKƒX,…“Ή,‰Ί…“Ή,‘•ª›,,600 ,‚P’ακ,€–h,50 ,100 ,,,,,,,,,,
Z,13214 ,8 ,‘•ª›,0 ,10 ,‘•ª›s,Ό³’¬‚R’–Ϊ‚P‚X‚T‚S”Τ‚P‚R,Ό³’¬‚R|‚P‚W|‚W,"305,000 ","284,000 ",7.4 ,125 ,,1,1.2,Z‘ξ,‚v,2F,,κ”ΚZ‘ξ“™‚ª‚Ώ•ΐ‚Τ‹ζ‰ζ®‘R‚Ζ‚µ‚½Z‘ξ’nζ,s“Ή,–k,4,,,,ƒKƒX,…“Ή,‰Ί…“Ή,‘•ª›,,"1,500 ",‚P’ακ,,40 ,80 ,,,,,,,,,,
Z,13214 ,8 ,‘•ª›,0 ,11 ,‘•ª›s,“—φƒPE‚R’–Ϊ‚Q‚X”Τ‚P‚O,,"324,000 ","302,000 ",7.3 ,119 ,,1,1.5,Z‘ξ,‚v,2F,,κ”ΚZ‘ξ‚ΙƒAƒp[ƒgA”_’n“™‚ª©‚η‚κ‚ιZ‘ξ’nζ,s“Ή,–kΌ,4,,,,ƒKƒX,…“Ή,‰Ί…“Ή,‘•ª›,,"1,400 ",‚PZ‹,€–h,60 ,200 ,,,,,,,,,,
Z,13214 ,8 ,‘•ª›,0 ,12 ,‘•ª›s,–{‘½‚P’–Ϊ‚R‚X‚R”Τ‚Q‚QO,–{‘½‚P|‚P‚Q|‚P‚R,"498,000 ","450,000 ",10.7 ,120 ,,1.2,1,Z‘ξ,‚k‚r,3F,,κ”ΚZ‘ξ‚ΙƒAƒp[ƒg“™‚ΰ©‚η‚κ‚ιZ‘ξ’nζ,s“Ή,“μ“,4,,,,ƒKƒX,…“Ή,‰Ί…“Ή,‘•ª›,,750 ,‚P’†κ,€–h,60 ,200 ,,,,,,,,,,
Z,13214 ,8 ,‘•ª›,0 ,13 ,‘•ª›s,“Λ‘q‚Q’–Ϊ‚T”Τ‚Q‚O,,"315,000 ","301,000 ",4.7 ,196 ,,1,1.5,Z‘ξ,‚k‚r,2F,,κ”ΚZ‘ξ‚Μ‚Ω‚©‚ΙƒAƒp[ƒg‚ª©‚η‚κ‚ιZ‘ξ’nζ,„“Ή,“μΌ,4,,,,ƒKƒX,…“Ή,‰Ί…“Ή,—φƒ–E,,500 ,‚P’†κ,€–h,60 ,200 ,,,,,,,,,,
Z,13214 ,8 ,‘•ª›,0 ,14 ,‘•ª›s,–k’¬‚S’–Ϊ‚P‚X”Τ‚WO,,"229,000 ","219,000 ",4.6 ,102 ,,1,1.5,Z‘ξ,‚v,2F,,¬‹K–Νκ”ΚZ‘ξ‚Μ’†‚Ι‹σ’n“™‚ª©‚η‚κ‚ιZ‘ξ’nζ,s“Ή,Ό,6,,,,ƒKƒX,…“Ή,‰Ί…“Ή,‘ι‚Μ‘δ,,"1,600 ",‚P’ακ,,40 ,80 ,,,,,,,,,,
Z,13214 ,8 ,‘•ª›,0 ,15 ,‘•ª›s,ς’¬‚R’–Ϊ‚Q‚U‚P‚W”Τ‚S,ς’¬‚R|‚P‚Q|‚X,"448,000 ","409,000 ",9.5 ,112 ,,1.5,1,Z‘ξ,‚k‚r,2F,,κ”ΚZ‘ξ‚ΙƒAƒp[ƒg“™‚ΰ©‚η‚κ‚ιZ‘ξ’nζ,s“Ή,“,4,,,,ƒKƒX,…“Ή,‰Ί…“Ή,Ό‘•ª›,,550 ,‚P’†κ,€–h,60 ,200 ,,,,,,,,,,
Z,13214 ,8 ,‘•ª›,0 ,16 ,‘•ª›s,υ’¬‚Q’–Ϊ‚P‚O”Τ‚P‚X,,"405,000 ","375,000 ",8.0 ,140 ,,1,1.5,Z‘ξ,‚v,2F,,κ”ΚZ‘ξA‹¤“―Z‘ξ“™‚Μ‚Ώ•ΐ‚Τ’nζ,s“Ή,–k,5.5,,,,ƒKƒX,…“Ή,‰Ί…“Ή,‘—§,,900 ,‚P’ακ,€–h,50 ,100 ,,,,,,,,,,
Z,13214 ,8 ,‘•ª›,5 ,1 ,‘•ª›s,–{’¬‚Q’–Ϊ‚R‚R‚S”Τ‚P‚S,–{’¬‚Q|‚P‚O|‚T,"2,000,000 ","1,850,000 ",8.1 ,120 ,,1,2,“X•ά“––±,‚r‚q‚b,4F,1B,’†‘w‚Μ“X•άƒrƒ‹“™‚ª‚Ώ•ΐ‚Τ‰w‘O‚Μ¤‹Ζ’nζ,s“Ή,Ό,12.5,,,,ƒKƒX,…“Ή,‰Ί…“Ή,‘•ª›,,130 ,¤‹Ζ,–h‰Ξ,80 ,500 ,,,,,*,13214,5 ,1 ,"1,900,000 ",5.3 
Z,13214 ,8 ,‘•ª›,5 ,2 ,‘•ª›s,υ’¬‚P’–Ϊ‚S‚R”Τ‚Q‚R,,"587,000 ","547,000 ",7.3 ,132 ,,1,2.5,“X•ά“Z‘ξ,‚v,2F,,¬”„“X•άAωH“X“™‚ª‘½‚Ά‰w‚Ι‹ί‚Ά¤‹Ζ’nζ,s“Ή,“,9,,,,ƒKƒX,…“Ή,‰Ί…“Ή,‘—§,,200 ,‹ί¤,€–h,80 ,300 ,,,,,,,,,,
Z,13214 ,8 ,‘•ª›,5 ,3 ,‘•ª›s,ς’¬‚R’–Ϊ‚Q‚U‚V‚P”Τ‚S,ς’¬‚R|‚R‚V|‚R‚O,"533,000 ","504,000 ",5.8 ,164 ,,1,1.5,“X•ά,‚r,3F,1B,’†’α‘w“X•άƒrƒ‹“™‚ª©‚η‚κ‚ι‰w— ‚Μ¤‹Ζ’nζ,s“Ή,“,6.5,,,,ƒKƒX,…“Ή,‰Ί…“Ή,Ό‘•ª›,,130 ,‹ί¤,€–h,80 ,300 ,,,,,,,,,,
Z,13214 ,8 ,‘•ª›,5 ,4 ,‘•ª›s,“μ’¬‚R’–Ϊ‚Q‚V‚S‚T”Τ‚P‚V,“μ’¬‚R|‚Q‚Q|‚P‚P,"800,000 ","721,000 ",11.0 ,140 ,,1,2,“X•άA––±“‹¤“―Z‘ξ,‚r,8F,1B,’†‚‘w“X•ά––±ƒrƒ‹A‹¤“―Z‘ξ‚ª‘½‚Ά¤‹Ζ’nζ,s“Ή,“μ,8,,,,ƒKƒX,…“Ή,‰Ί…“Ή,‘•ª›,,330 ,¤‹Ζ,–h‰Ξ,80 ,500 ,,,,,,,,,,
Z,13214 ,8 ,‘•ª›,5 ,5 ,‘•ª›s,•xm–{‚P’–Ϊ‚Q‚P”Τ‚P‚OO,,"390,000 ","360,000 ",8.3 ,165 ,,1,1.5,“X•ά“Z‘ξ,‚q‚b,3F,1B,’α‘w“X•ά‚ª‘½‚Ά“s“Ή‰‚Ά‚Μω¬¤‹Ζ’nζ,“s“Ή,“μ“,9,,,,ƒKƒX,…“Ή,‰Ί…“Ή,‘—§,,600 ,‹ί¤,€–h,80 ,200 ,,,,,,,,,,
Z,13214 ,8 ,‘•ª›,5 ,6 ,‘•ª›s,“³’¬‚R’–Ϊ‚P‚R‚X‚P”Τ‚P,“³’¬‚R|‚S|‚P‚W,"395,000 ","365,000 ",8.2 ,128 ,,1,2.5,––±“Z‘ξ,‚q‚b,3F,1B,’†‘w‚Μ“X•ά•Ή—pZ‘ξA––±‚ª‘½‚Ά‹ί—Χ¤‹Ζ’nζ,“s“Ή,“,8,,,,ƒKƒX,…“Ή,‰Ί…“Ή,‘•ª›,,660 ,‹ί¤,€–h,80 ,300 ,,,,,,,,,,
Z,13214 ,8 ,‘•ª›,5 ,7 ,‘•ª›s,–{‘½‚P’–Ϊ‚S‚S‚V”Τ‚T‚S,–{‘½‚P|‚T|‚S,"700,000 ","640,000 ",9.4 ,125 ,,1,2.5,“X•ά“‹¤“―Z‘ξ,‚r,5F,,’†‘w“X•άƒrƒ‹“™‚ª‚Ώ•ΐ‚Τ”Ι‰Ψ‚Θ¤‹Ζ’nζ,s“Ή,Ό,7.5,,,,ƒKƒX,…“Ή,‰Ί…“Ή,‘•ª›,,400 ,¤‹Ζ,–h‰Ξ,80 ,400 ,,,,,,,,,,
Z,13215 ,8 ,‘—§,0 ,1 ,‘—§s,“‚P’–Ϊ‚X”Τ‚Q‚Q,,"539,000 ","505,000 ",6.7 ,188 ,,1,2,Z‘ξ,‚q‚b,2F,,’†‹K–Νκ”ΚZ‘ξ‚ª‘½‚ΆΥΓ‚ΘZ‘ξ’nζ,s“Ή,–k,5.5,,,,ƒKƒX,…“Ή,‰Ί…“Ή,‘—§,,450 ,‚P’ακ,€–h,50 ,100 ,,,,,,,,,,
Z,13215 ,8 ,‘—§,0 ,2 ,‘—§s,Ό‚Q’–Ϊ‚P‚S”Τ‚U‚W,,"391,000 ","367,000 ",6.5 ,154 ,,1,1.5,Z‘ξ,‚k‚r,2F,,’†¬‹K–Νκ”ΚZ‘ξ‚Ι‹¤“―Z‘ξ‚ΰ©‚η‚κ‚ιZ‘ξ’nζ,s“Ή,–k,5.5,,,,ƒKƒX,…“Ή,‰Ί…“Ή,‘—§,,"1,500 ",‚P’ακ,€–h,50 ,100 ,,,,,,,,,,
Z,13215 ,8 ,‘—§,0 ,3 ,‘—§s,’†‚P’–Ϊ‚P‚W”Τ‚S‚X,,"603,000 ","568,000 ",6.2 ,165 ,,1,2,Z‘ξ,‚v,2F,,κ”ΚZ‘ξ“™‚ª‚Ώ•ΐ‚Τ—•Φ«‚Μ—Η‚ΆZ‘ξ’nζ,s“Ή,“,5.5,,,,ƒKƒX,…“Ή,‰Ί…“Ή,‘—§,,450 ,‚P’ακ,€–h,50 ,100 ,,,,,,,,,,
Z,13215 ,8 ,‘—§,0 ,4 ,‘—§s,•xm©‘δ‚R’–Ϊ‚R‚T”Τ‚V,,"368,000 ","341,000 ",7.9 ,148 ,,1,1.5,Z‘ξ,‚v,2F,,κ”ΚZ‘ξ‚Μ’†‚Ιƒ}ƒ“ƒVƒ‡ƒ“‚ª©‚η‚κ‚ιZ‘ξ’nζ,s“Ή,Ό,6,,,,ƒKƒX,…“Ή,‰Ί…“Ή,–ξμ,,120 ,‚P’†κ,€–h,60 ,150 ,,,,,,,,,,
Z,13215 ,8 ,‘—§,0 ,5 ,‘—§s,Ό‚P’–Ϊ‚V”Τ‚T‚V,,"376,000 ","355,000 ",5.9 ,133 ,,1,1.2,Z‘ξ,‚v,2F,1B,¬‹K–Νκ”ΚZ‘ξ‚ª‚Ώ•ΐ‚ΤZ‘ξ’nζ,„“Ή,Ό,5,,,,ƒKƒX,…“Ή,‰Ί…“Ή,‘—§,,"1,200 ",‚P’ακ,€–h,50 ,100 ,,,,,,,,,,
Z,13215 ,8 ,‘—§,0 ,6 ,‘—§s,•xm©‘δ‚P’–Ϊ‚Q‚Q”Τ‚P‚V,,"384,000 ","358,000 ",7.3 ,124 ,,1,1,Z‘ξ,‚k‚r,2F,,’†¬‹K–Νκ”ΚZ‘ξ‚ª‚Ώ•ΐ‚ΤZ‘ξ’nζ,s“Ή,–kΌ,6,,,,ƒKƒX,…“Ή,‰Ί…“Ή,’J•Ϋ,,300 ,‚P’†κ,€–h,60 ,150 ,,,,,,,,,,
Z,13215 ,8 ,‘—§,0 ,7 ,‘—§s,Β–φ‚P’–Ϊ‚Q‚P”Τ‚R,,"273,000 ","254,000 ",7.5 ,116 ,,1.2,1,‹¤“―Z‘ξ,‚v,2F,,κ”ΚZ‘ξ‚Μ‚Ω‚©‚ΙƒAƒp[ƒg‚ª©‚η‚κ‚ιZ‘ξ’nζ,„“Ή,Ό,6,,,,,…“Ή,‰Ί…“Ή,–ξμ,,750 ,‚P’ακ,,40 ,80 ,,,,,,,,,,
Z,13215 ,8 ,‘—§,0 ,8 ,‘—§s,‘ε’J•ΫI΄‚U‚O‚U‚X”Τ‚P,,"233,000 ","220,000 ",5.9 ,100 ,,1,2,Z‘ξ,‚v,2F,,κ”ΚZ‘ξ‚Μ‘Ό‚Ι”_’n“™‚ª©‚η‚κ‚ιZ‘ξ’nζ,s“Ή,Ό,4,,,,ƒKƒX,…“Ή,‰Ί…“Ή,–ξμ,,560 ,‚P’ακ,,40 ,80 ,,,,,,,,,,
Z,13215 ,8 ,‘—§,0 ,9 ,‘—§s,“‚Q’–Ϊ‚Q‚R”Τ‚R‚U,,"525,000 ","486,000 ",8.0 ,152 ,,1,1.5,Z‘ξ,‚v,2F,,κ”ΚZ‘ξ‚π’†S‚ΙƒAƒp[ƒg“™‚ΰ©‚η‚κ‚ιZ‘ξ’nζ,s“Ή,“μ,5.5,,,,ƒKƒX,…“Ή,‰Ί…“Ή,‘—§,,"1,100 ",‚P’ακ,€–h,50 ,100 ,,,,,,,,,,
Z,13215 ,8 ,‘—§,0 ,10 ,‘—§s,–k‚Q’–Ϊ‚R‚R”Τ‚Q‚O,,"370,000 ","345,000 ",7.2 ,137 ,,1,1,Z‘ξ,‚v,2F,,κ”ΚZ‘ξ‚Μ‚Ω‚©‚ΙƒAƒp[ƒg“™‚ª©‚η‚κ‚ιZ‘ξ’nζ,s“Ή,–k“,4,,,,ƒKƒX,…“Ή,‰Ί…“Ή,‘—§,,"1,100 ",‚P’ακ,€–h,50 ,100 ,,,,,,,,,,
Z,13215 ,8 ,‘—§,0 ,11 ,‘—§s,“‚R’–Ϊ‚P‚Q”Τ‚Q‚X,,"464,000 ","427,000 ",8.7 ,117 ,,1,2,Z‘ξ,‚v,2F,,κ”ΚZ‘ξ‚Μ‚Ω‚©‚ΙƒAƒp[ƒg‚ª©‚η‚κ‚ιZ‘ξ’nζ,s“Ή,“μ,5.5,,,,ƒKƒX,…“Ή,‰Ί…“Ή,‘—§,,"1,200 ",‚P’ακ,€–h,50 ,100 ,,,,,*,13215,0 ,4 ,"447,000 ",3.8 
Z,13215 ,8 ,‘—§,5 ,1 ,‘—§s,“‚P’–Ϊ‚U”Τ‚P‚XO,,"1,560,000 ","1,400,000 ",11.4 ,247 ,,1,3,“X•άA––±“Z‘ξ,‚q‚b,4F,1B,’†‚‘w‚Μ“X•ά“‹¤“―Z‘ξ“™‚ª‚Ώ•ΐ‚Τ¤‹Ζ’nζ,“s“Ή,Ό,44,,,,ƒKƒX,…“Ή,‰Ί…“Ή,‘—§,,200 ,¤‹Ζ,–h‰Ξ,80 ,600 ,,,,,,,,,,
Z,13215 ,8 ,‘—§,5 ,2 ,‘—§s,“‚Q’–Ϊ‚U”Τ‚Q‚W,,"517,000 ","475,000 ",8.8 ,75 ,‘δ`,1,2,“X•ά“Z‘ξ,‚r,3F,1B,¬”„“X•άAωH“X“™‚ª‚Ώ•ΐ‚Τ‹ί—Χ¤‹Ζ’nζ,“s“Ή,“μΌ,11,,,,ƒKƒX,…“Ή,‰Ί…“Ή,‘—§,,600 ,‹ί¤,–h‰Ξ,80 ,400 ,,,,,,,,,,
Z,13215 ,8 ,‘—§,5 ,3 ,‘—§s,•xm©‘δ‚S’–Ϊ‚P‚O”Τ‚S,,"412,000 ","380,000 ",8.4 ,283 ,‘δ`,1,1.5,“X•ά“‹¤“―Z‘ξ,‚q‚b,3F,,¬”„“X•άAωH“X“™‚ª‚Ώ•ΐ‚Τ‰w‚Ι‹ί‚Ά¤‹Ζ’nζ,s“Ή,“μΌ,8,,,,ƒKƒX,…“Ή,‰Ί…“Ή,–ξμ,,90 ,‹ί¤,–h‰Ξ,80 ,400 ,,,,,,,,,,
Z,13215 ,8 ,‘—§,9 ,1 ,‘—§s,ς‚P’–Ϊ‚P”Τ‚Q,,"226,000 ","215,000 ",5.1 ,940 ,,1.2,1,‘qΙ,‚r,2F,,‘qΙAHκ‚ª‘½‚Ά‹ζ‰ζ®‘R‚Ζ‚µ‚½H‹Ζ’nζ,s“Ή,“μ,8,,,,ƒKƒX,…“Ή,‰Ί…“Ή,–ξμ,,"1,500 ",€H,€–h,60 ,300 ,,,,,,,,,,
Z,13218 ,8 ,•¶,0 ,1 ,•¶s,u–Ξ‚P‚W”Τ‚R,,"178,000 ","176,000 ",1.1 ,100 ,,1,1.5,Z‘ξ,‚v,2F,,κ”ΚZ‘ξ‚Μ’†‚ΙƒAƒp[ƒg“™‚ª©‚η‚κ‚ιZ‘ξ’nζ,s“Ή,“μΌ,6,,,,ƒKƒX,…“Ή,‰Ί…“Ή,‹•l,,630 ,‚P’†κ,€–h,60 ,200 ,,,,,,,,,,
Z,13218 ,8 ,•¶,0 ,2 ,•¶s,‘εFμ–k‚T‚W‚R”Τ‚PO,,"173,000 ","171,000 ",1.2 ,168 ,‘δ`,1,1,Z‘ξ,‚k‚r,2F,,’†‹K–ΝZ‘ξAƒAƒp[ƒg‚ª©‚η‚κ‚ιZ‘ξ’nζ,s“Ή,“,6,,,,,…“Ή,‰Ί…“Ή,Fμ,,330 ,‚P’ακ,€–h,40 ,80 ,,,,,,,,,,
Z,13218 ,8 ,•¶,0 ,3 ,•¶s,‘εFμ–k‚W‚T‚R”Τ‚P‚WO,,"185,000 ","183,000 ",1.1 ,123 ,,1,2,Z‘ξ,‚v,2F,,’†¬‹K–Ν‚Μκ”ΚZ‘ξ‚ª‚Ώ•ΐ‚ΤZ‘ξ’nζ,s“Ή,–kΌ,5,,,,ƒKƒX,…“Ή,‰Ί…“Ή,‹•l,,450 ,‚P’ακ,€–h,40 ,80 ,,,,,*,13218,0 ,1 ,"184,000 ",0.5 
Z,13218 ,8 ,•¶,0 ,4 ,•¶s,“μ“c‰€‚R’–Ϊ‚U”Τ‚P‚Q,,"159,000 ","157,000 ",1.3 ,154 ,,1,2,Z‘ξ,‚v,2F,,’†¬‹K–Ν‚ΜZ‘ξAƒAƒp[ƒg“™‚ª‚Ώ•ΐ‚ΤZ‘ξ’nζ,s“Ή,“μΌ,6,,,,,…“Ή,‰Ί…“Ή,Fμ,,750 ,‚P’ακ,€–h,50 ,150 ,,,,,,,,,,
Z,13218 ,8 ,•¶,0 ,5 ,•¶s,“’¬‚U”Τ‚T,,"246,000 ","241,000 ",2.1 ,161 ,,1,1.2,Z‘ξ,‚v,3F,,κ”ΚZ‘ξ“™‚ª‚Ώ•ΐ‚Τ‹ζ‰ζ®‘R‚Ζ‚µ‚½Z‘ξ’nζ,s“Ή,“μΌ,6,,,,ƒKƒX,…“Ή,‰Ί…“Ή,•¶,,200 ,‚PZ‹,€–h,60 ,200 ,,,,,,,,,,
Z,13218 ,8 ,•¶,0 ,6 ,•¶s,‘ε•¶“ή‰κ‚P‚P‚V‚R”Τ‚T,,"161,000 ","159,000 ",1.3 ,155 ,,1,1.5,Z‘ξ,‚v,2F,,’α‘w‚Μκ”ΚZ‘ξ‚ª‚Ώ•ΐ‚ΤZ‘ξ’nζ,s“Ή,–k,7,,,,,…“Ή,‰Ί…“Ή,•¶,,750 ,‚P’ακ,€–h,50 ,100 ,,,,,,,,,,
Z,13218 ,8 ,•¶,0 ,7 ,•¶s,‘ε•¶•‘ –μ‚Q‚Q‚U‚R”Τ‚W,,"147,000 ","145,000 ",1.4 ,97 ,,1,1.5,Z‘ξ,‚v,2F,,¬‹K–Νκ”ΚZ‘ξ‚ª‚Ώ•ΐ‚Τξ’n‚Ι‹ί‚ΆZ‘ξ’nζ,„“Ή,–k,6,,,,ƒKƒX,…“Ή,‰Ί…“Ή,“•¶,,550 ,‚P’ακ,€–h,40 ,80 ,,,,,,,,,,
Z,13218 ,8 ,•¶,0 ,8 ,•¶s,‘εFμ“μ‚S‚R”Τ‚S,,"137,000 ","135,000 ",1.5 ,165 ,,1,1.5,Z‘ξ,‚v,2F,,κ”ΚZ‘ξ‚Μ’†‚Ι‹σ’n“™‚ª©‚η‚κ‚ιZ‘ξ’nζ,s“Ή,“,5,,,,,…“Ή,‰Ί…“Ή,”q“‡,,"1,300 ",‚P’ακ,€–h,40 ,80 ,,,,,,,,,,
Z,13218 ,8 ,•¶,0 ,9 ,•¶s,•‘ –μ‘δ‚Q’–Ϊ‚W”Τ‚X,,"182,000 ","180,000 ",1.1 ,135 ,,1.2,1,Z‘ξ,‚k‚r,2F,,κ”ΚZ‘ξA‹¤“―Z‘ξ‚ª‚Ώ•ΐ‚ΤZ‘ξ’nζ,s“Ή,“,6,,,,ƒKƒX,…“Ή,‰Ί…“Ή,•¶,,750 ,‚P’†κ,€–h,60 ,200 ,,,,,,,,,,
Z,13218 ,8 ,•¶,0 ,10 ,•¶s,‘εFμ“‚Q‚U‚Q”Τ‚Q‚Q,,"182,000 ","178,000 ",2.2 ,102 ,‘δ`,1,2,Z‘ξ,‚v,2F,,κ”ΚZ‘ξ‚Μ’†‚ΙƒAƒp[ƒg“™‚ª©‚η‚κ‚ιZ‘ξ’nζ,s“Ή,–k,7,,,,,…“Ή,‰Ί…“Ή,”q“‡,,800 ,‚P’ακ,€–h,40 ,80 ,,,,,,,,,,
Z,13218 ,8 ,•¶,0 ,11 ,•¶s,‘ε•¶•‘ –μ‚Q‚R‚Q‚Q”Τ‚Q‚P,,"159,000 ","157,000 ",1.3 ,100 ,,1.5,1,Z‘ξ,‚v,2F,,κ”ΚZ‘ξ‚Μ‘ΌAƒAƒp[ƒg‚ΰ©‚η‚κ‚ιZ‘ξ’nζ,s“Ή,–k“,4,,,,ƒKƒX,…“Ή,‰Ί…“Ή,‹•l,,550 ,‚P’ακ,€–h,40 ,80 ,,,,,,,,,,
Z,13218 ,8 ,•¶,5 ,1 ,•¶s,“’¬‚R”Τ‚T,,"446,000 ","433,000 ",3.0 ,311 ,‘δ`,1.2,1,“X•ά,‚q‚b,5F,1B,’†‘w‚Μ“X•άƒrƒ‹‚ª‚Ώ•ΐ‚Τ‰w‘O‚Μ¤‹Ζ’nζ,s“Ή,“μΌ,0,‰w‘OLκ,‘¤“Ή,“μ“,ƒKƒX,…“Ή,‰Ί…“Ή,•¶,‰w‘OLκΪ–Κ,0 ,¤‹Ζ,–h‰Ξ,80 ,500 ,,,,,,,,,,
Z,13218 ,8 ,•¶,5 ,2 ,•¶s,‹•l‚W‚U”Τ‚P,,"225,000 ","220,000 ",2.3 ,154 ,,1,2,“X•ά“‹¤“―Z‘ξ,‚r,5F,1B,’α‘w“X•άA’†‘wG‹ƒrƒ‹‚ª©‚η‚κ‚ι‰w‘O¤‹Ζ’nζ,s“Ή,–kΌ,6,,,,ƒKƒX,…“Ή,‰Ί…“Ή,‹•l,‹ίΪ,0 ,¤‹Ζ,–h‰Ξ,80 ,400 ,,,,,,,,,,
Z,13218 ,8 ,•¶,5 ,3 ,•¶s,–{’¬‚P‚P‚W”Τ‚PO,,"335,000 ","330,000 ",1.5 ,268 ,,1,1,“X•ά“‹¤“―Z‘ξ,‚r,7F,,’†’α‘w‚Μ“X•άƒrƒ‹“™‚ª‚Ώ•ΐ‚Τ‰w‹ί‚­‚Μ¤‹Ζ’nζ,s“Ή,–kΌ,16,,,,ƒKƒX,…“Ή,‰Ί…“Ή,•¶,,160 ,¤‹Ζ,–h‰Ξ,80 ,500 ,,,,,*,13218,5 ,1 ,"332,000 ",0.9 
Z,13218 ,8 ,•¶,5 ,4 ,•¶s,‘εFμ•‘ –μ‚P‚V‚O‚W”Τ‚P‚TO,,"271,000 ","265,000 ",2.3 ,363 ,‘δ`,1.2,1,‹βs“––±,‚q‚b,4F,,’†‘w“X•ά––±ƒrƒ‹‚ª‚Ώ•ΐ‚Τ‰w‚Ι‹ί‚Ά¤‹Ζ’nζ,s“Ή,“μΌ,9.3,,,,,…“Ή,‰Ί…“Ή,”q“‡,,130 ,‹ί¤,€–h,80 ,300 ,,,,,,,,,,
Z,13218 ,8 ,•¶,5 ,5 ,•¶s,“’¬‚P‚O”Τ‚X,,"254,000 ","248,000 ",2.4 ,330 ,,1,1.2,“X•ά,‚r,3F,,“X•άƒrƒ‹“™‚ª©‚η‚κ‚ιHό¤‹Ζ’nζ,s“Ή,–k“,16,,,,ƒKƒX,…“Ή,‰Ί…“Ή,•¶,,350 ,‹ί¤,€–h,80 ,300 ,,,,,,,,,,
Z,13219 ,8 ,],0 ,1 ,]s,“–μμ‚P’–Ϊ‚S‚T‚O”Τ‚R‚T,“–μμ‚P|‚P‚R|‚U,"406,000 ","386,000 ",5.2 ,248 ,,1,1.2,Z‘ξ,‚v,2F,,’†‹K–Νκ”ΚZ‘ξ‚ª‘½‚Ά‹ζ‰ζ®‘R‚Ζ‚µ‚½Z‘ξ’nζ,s“Ή,Ό,6,,,,ƒKƒX,…“Ή,‰Ί…“Ή,μ‘½©,,980 ,‚P’ακ,,40 ,80 ,,,,,,,,,,
Z,13219 ,8 ,],0 ,2 ,]s,Ό–μμ‚Q’–Ϊ‚W‚S‚P”Τ‚P‚X,Ό–μμ‚Q|‚Q‚Q|‚P‚S,"343,000 ","327,000 ",4.9 ,165 ,,1,1.2,Z‘ξ,‚v,2F,,’†‹K–Νκ”ΚZ‘ξ‚ª‚Ώ•ΐ‚ΤZ‘ξ’nζ,s“Ή,“μ,5,,,,ƒKƒX,…“Ή,‰Ί…“Ή,Δθ,,"1,500 ",‚P’ακ,,40 ,80 ,,,,,,,,,,
Z,13219 ,8 ,],0 ,3 ,]s,‹ξδ’¬‚P’–Ϊ‚Q‚P‚T”Τ‚Q‚Q,‹ξδ’¬‚P|‚Q‚S|‚P‚Q,"292,000 ","276,000 ",5.8 ,116 ,,1,2,Z‘ξ,‚v,2F,,’†¬‹K–Νκ”ΚZ‘ξ‚ª‚Ώ•ΐ‚ΤZ‘ξ’nζ,s“Ή,–k,4,,,,ƒKƒX,…“Ή,‰Ί…“Ή,aς‘½–€μ,,"1,200 ",‚P’ακ,,40 ,80 ,,,,,,,,,,
Z,13219 ,8 ,],0 ,4 ,]s,βΛ“μ‚P’–Ϊ‚V‚U‚W”Τ‚R‚P,βΛ“μ‚P|‚P‚U|‚P‚V,"400,000 ","375,000 ",6.7 ,119 ,,1,1.5,Z‘ξ,‚v,2F,,’†¬‹K–ΝZ‘ξ‚ª‘½‚Ά‹ζ‰ζ®‘R‚Ζ‚µ‚½Z‘ξ’nζ,s“Ή,“μ,4,,,,ƒKƒX,…“Ή,‰Ί…“Ή,],,700 ,‚P’ακ,,40 ,80 ,,,,,,,,,,
Z,13219 ,8 ,],0 ,5 ,]s,βΛ“μ‚R’–Ϊ‚Q‚V‚W”Τ‚T‚R,βΛ“μ‚R|‚P‚U|‚S,"358,000 ","340,000 ",5.3 ,110 ,,1,2,Z‘ξ,‚v,2F,,’†¬‹K–Νκ”ΚZ‘ξ‚ª‘½‚ΆΥΓ‚ΘZ‘ξ’nζ,s“Ή,Ό,4,,,,ƒKƒX,…“Ή,‰Ί…“Ή,μ‘½©,,"1,100 ",‚P’ακ,,40 ,80 ,,,,,,,,,,
Z,13219 ,8 ,],0 ,6 ,]s,βΛ–k‚P’–Ϊ‚P‚P‚S‚V”Τ‚S‚P,βΛ–k‚P|‚U|‚V,"423,000 ","400,000 ",5.8 ,132 ,,1,2,Z‘ξ,‚v,2F,,κ”ΚZ‘ξAƒAƒp[ƒg‚ª©‚η‚κ‚ιZ‘ξ’nζ,s“Ή,–k,4,,,,ƒKƒX,…“Ή,‰Ί…“Ή,μ‘½©,,740 ,‚P’ακ,,40 ,80 ,,,,,*,13219,0 ,1 ,"405,000 ",4.4 
Z,13219 ,8 ,],0 ,7 ,]s,“–μμ‚R’–Ϊ‚S‚Q‚U”Τ‚P‚U,“–μμ‚R|‚P‚S|‚R,"342,000 ","325,000 ",5.2 ,165 ,,1,1,Z‘ξ,‚v,2F,,’†‹K–Ν‚Μκ”ΚZ‘ξ‚ª‘½‚ΆZ‘ξ’nζ,s“Ή,Ό,5,,,,ƒKƒX,…“Ή,‰Ί…“Ή,μ‘½©,,"1,500 ",‚P’ακ,,40 ,80 ,,,,,,,,,,
Z,13219 ,8 ,],0 ,8 ,]s,βΛ–k‚R’–Ϊ‚P‚O‚T‚P”Τ‚P‚T,βΛ–k‚R|‚P‚S|‚P‚R,"493,000 ","455,000 ",8.4 ,234 ,,1.2,1,Z‘ξ,‚k‚r,2F,,’†‹K–Νκ”ΚZ‘ξ‚ΙƒAƒp[ƒg“™‚ΰ©‚η‚κ‚ιZ‘ξ’nζ,s“Ή,“,5.4,,,,ƒKƒX,…“Ή,‰Ί…“Ή,μ‘½©,,540 ,‚PZ‹,€–h,60 ,200 ,,,,,,,,,,
Z,13219 ,8 ,],0 ,9 ,]s,aς–{’¬‚R’–Ϊ‚X‚X‚R”Τ‚U‚R,aς–{’¬‚R|‚P‚V|‚U,"378,000 ","360,000 ",5.0 ,138 ,,1,1,Z‘ξ,‚v,2F,,κ”ΚZ‘ξ‚Μ‚Ω‚©‚ΙƒAƒp|ƒg‚ª©‚η‚κ‚ιZ‘ξ’nζ,s“Ή,–k,4,,,,ƒKƒX,…“Ή,‰Ί…“Ή,],,"1,200 ",‚P’ακ,,40 ,80 ,,,,,,,,,,
Z,13219 ,8 ,],0 ,10 ,]s,’†aς‚S’–Ϊ‚T‚W‚O”Τ‚Q‚O,’†aς‚S|‚V|‚R,"345,000 ","328,000 ",5.2 ,122 ,‘δ`,1,1.2,Z‘ξ,‚v,2F,,κ”ΚZ‘ξ‚Μ‚Ω‚©ƒAƒp[ƒg“™‚ª©‚η‚κ‚ιZ‘ξ’nζ,s“Ή,“μ,4,,,,ƒKƒX,…“Ή,‰Ί…“Ή,],,"1,400 ",‚P’ακ,,40 ,80 ,,,,,,,,,,
Z,13219 ,8 ,],0 ,11 ,]s,Ό–μμ‚S’–Ϊ‚X‚X‚X”Τ‚Q‚W,Ό–μμ‚S|‚Q‚P|‚Q,"343,000 ","327,000 ",4.9 ,128 ,,1,2,Z‘ξ,‚v,2F,,’†¬‹K–Νκ”ΚZ‘ξ‚ª‚Ώ•ΐ‚Τω¬Z‘ξ’nζ,s“Ή,Ό,4,,,,ƒKƒX,…“Ή,‰Ί…“Ή,Δθ,,"1,000 ",‚P’ακ,,40 ,80 ,,,,,,,,,,
Z,13219 ,8 ,],0 ,12 ,]s,’†aς‚R’–Ϊ‚V‚V‚W”Τ‚R,’†aς‚R|‚Q‚T|‚R,"410,000 ","380,000 ",7.9 ,165 ,,1,1,Z‘ξ,‚v,2F,,’†‹K–Ν‚Μκ”ΚZ‘ξ‚ª‘½‚ΆZ‘ξ’nζ,s“Ή,“μ“,4,,,,ƒKƒX,…“Ή,‰Ί…“Ή,],,850 ,‚P’ακ,,40 ,80 ,,,,,,,,,,
Z,13219 ,8 ,],5 ,1 ,]s,“aς‚P’–Ϊ‚Q‚Q‚U‚T”Τ‚Q‚X,“aς‚P|‚Q‚O|‚R,"665,000 ","618,000 ",7.6 ,66 ,‘δ`,1.2,1,“X•ά,‚q‚b,3F,,’†‘w‚Μ“X•άƒrƒ‹‚ª‚Ώ•ΐ‚Τ‰w‘O‚Μ¤‹Ζ’nζ,s“Ή,Ό,0,‰w‘OLκ,”w–Κ“Ή,,ƒKƒX,…“Ή,‰Ί…“Ή,],,110 ,‹ί¤,€–h,80 ,300 ,,,,,,,,,,
Z,13219 ,8 ,],5 ,2 ,]s,’†aς‚P’–Ϊ‚P‚W‚V‚R”Τ‚P‚W,’†aς‚P|‚Q|‚V,"551,000 ","511,000 ",7.8 ,100 ,‘δ`,1.2,1,“X•ά“––±,‚r,3F,,’†‘w“X•ά“Z‘ξ‚ª‘½‚Ά“s“Ή‰‚Ά‚Μ‹ί—Χ¤‹Ζ’nζ,“s“Ή,–k“,20.5,,,,ƒKƒX,…“Ή,‰Ί…“Ή,],,270 ,‹ί¤,€–h,80 ,200 ,,,,,,,,,,
Z,13220 ,8 ,“‘εa,0 ,1 ,“‘εas,“μX‚R’–Ϊ‚S‚P”Τ‚V,,"233,000 ","226,000 ",3.1 ,211 ,,1,1.2,Z‘ξ,‚v,1F,,’†‹K–ΝZ‘ξ‚ª‚Ώ•ΐ‚Τ‹ζ‰ζ®‘R‚Ζ‚µ‚½Z‘ξ’nζ,s“Ή,Ό,6,,,,ƒKƒX,…“Ή,‰Ί…“Ή,“‘εas,,"1,100 ",‚P’ακ,€–h,50 ,100 ,,,,,,,,,,
Z,13220 ,8 ,“‘εa,0 ,2 ,“‘εas,‚–Ψ‚R’–Ϊ‚Q‚U‚W”Τ‚X,,"153,000 ","149,000 ",2.7 ,201 ,,1,1.5,Z‘ξ,‚v,2F,,’†‹K–Νκ”ΚZ‘ξ‚ª‘½‚­©‚η‚κ‚ιZ‘ξ’nζ,s“Ή,–kΌ,6,,,,ƒKƒX,…“Ή,‰Ί…“Ή,•‘ ‘εa,,"1,300 ",‚P’ακ,,40 ,80 ,,,,,,,,,,
Z,13220 ,8 ,“‘εa,0 ,3 ,“‘εas,“ή—Η‹΄‚S’–Ϊ‚U‚U‚X”Τ‚P‚R,,"143,000 ","139,000 ",2.9 ,142 ,‘δ`,1,1.5,Z‘ξ,‚v,2F,,κ”ΚZ‘ξ‚Μ‚Ω‚©‚Ι‹σ’n“™‚ª©‚η‚κ‚ιZ‘ξ’nζ,s“Ή,“,5,,,,ƒKƒX,…“Ή,‰Ί…“Ή,γ–k‘δ,,"1,300 ",‚P’ακ,,40 ,80 ,,,,,,,,,,
Z,13220 ,8 ,“‘εa,0 ,4 ,“‘εas,΄…‚S’–Ϊ‚X‚U‚W”Τ‚R‚S,,"167,000 ","163,000 ",2.5 ,121 ,,1,1.5,Z‘ξ,‚v,2F,,’†‹K–Νκ”ΚZ‘ξ‚ª‘½‚Ά‹ζ‰ζ®‘R‚Ζ‚µ‚½Z‘ξ’nζ,s“Ή,–kΌ,5,,,,ƒKƒX,…“Ή,‰Ί…“Ή,•‘ ‘εa,,900 ,‚P’ακ,€–h,50 ,100 ,,,,,,,,,,
Z,13220 ,8 ,“‘εa,0 ,5 ,“‘εas,V–x‚Q’–Ϊ‚P‚S‚W‚P”Τ‚WO,,"177,000 ","173,000 ",2.3 ,151 ,,1,1.2,Z‘ξ,‚k‚r,2F,,κ”ΚZ‘ξAƒAƒp[ƒg“™‚ª‚Ώ•ΐ‚ΤZ‘ξ’nζ,„“Ή,“μ,4,,,,ƒKƒX,…“Ή,‰Ί…“Ή,“‘εas,,"1,500 ",‚P’ακ,,40 ,80 ,,,,,,,,,,
Z,13220 ,8 ,“‘εa,0 ,6 ,“‘εas,“μX‚P’–Ϊ‚R‚V”Τ‚Q,,"228,000 ","222,000 ",2.7 ,127 ,,1.2,1,Z‘ξ,‚v,2F,,κ”ΚZ‘ξ“™‚ª‚Ώ•ΐ‚Τ‹ζ‰ζ®‘R‚Ζ‚µ‚½Z‘ξ’nζ,s“Ή,“μ“,4,,,,ƒKƒX,…“Ή,‰Ί…“Ή,“‘εas,,850 ,‚P’ακ,€–h,50 ,100 ,,,,,*,13220,0 ,9 ,"224,000 ",1.8 
Z,13220 ,8 ,“‘εa,0 ,7 ,“‘εas,“ή—Η‹΄‚P’–Ϊ‚R‚U‚Q”Τ‚X,,"130,000 ","127,000 ",2.4 ,122 ,,1,1.2,Z‘ξ,‚v,2F,,¬‹K–ΝZ‘ξ‚Μ‚Ω‚©‚Ι’“Τκ“™‚ΰ©‚η‚κ‚ιZ‘ξ’nζ,s“Ή,Ό,6.5,,,,ƒKƒX,…“Ή,‰Ί…“Ή,γ–k‘δ,,"1,700 ",‚P’ακ,,40 ,80 ,,,,,,,,,,
Z,13220 ,8 ,“‘εa,0 ,8 ,“‘εas,γ–k‘δ‚R’–Ϊ‚S‚S‚T”Τ‚P‚P,,"198,000 ","193,000 ",2.6 ,117 ,,1,1.5,Z‘ξ,‚v,2F,,κ”ΚZ‘ξ‚Μ‚Ω‚©‚Ι’“Τκ“™‚ª¬έ‚·‚ιZ‘ξ’nζ,s“Ή,–k,5,,,,ƒKƒX,…“Ή,‰Ί…“Ή,χX“Ή,,500 ,‚P’†κ,€–h,60 ,200 ,,,,,,,,,,
Z,13220 ,8 ,“‘εa,0 ,9 ,“‘εas,΄…‚R’–Ϊ‚V‚W‚S”Τ‚P‚Q,,"180,000 ","176,000 ",2.3 ,132 ,,1.2,1,Z‘ξ,‚v,2F,,κ”ΚZ‘ξ“™‚ª‚Ώ•ΐ‚ΤΥΓ‚ΘZ‘ξ’nζ,“ΉH,“μ,6,,,,ƒKƒX,…“Ή,‰Ί…“Ή,•‘ ‘εa,,400 ,‚P’ακ,,40 ,80 ,,,,,,,,,,
Z,13220 ,8 ,“‘εa,0 ,10 ,“‘εas,’‡΄‚R’–Ϊ‚S”Τ‚P‚V,,"175,000 ","171,000 ",2.3 ,110 ,,1,1.5,Z‘ξ,‚v,2F,,¬‹K–Νκ”ΚZ‘ξ‚ª‘½‚Ά‹ζ‰ζ®‘R‚Ζ‚µ‚½Z‘ξ’nζ,s“Ή,–k,6,,,,ƒKƒX,…“Ή,‰Ί…“Ή,“‘εas,,"1,900 ",‚P’ακ,€–h,50 ,100 ,,,,,,,,,,
Z,13220 ,8 ,“‘εa,0 ,11 ,“‘εas,’‡΄‚S’–Ϊ‚P‚P”Τ‚P‚P,,"201,000 ","196,000 ",2.6 ,133 ,,1,1,“X•ά“‹¤“―Z‘ξ,‚r,3F,,Z‘ξA“X•άAƒ}ƒ“ƒVƒ‡ƒ““™‚ª¬έ‚·‚ιZ‘ξ’nζ,s“Ή,Ό,16,,,,ƒKƒX,…“Ή,‰Ί…“Ή,“‘εas,,"1,300 ",‚Q’†κ,€–h,60 ,200 ,,,,,,,,,,
Z,13220 ,8 ,“‘εa,0 ,12 ,“‘εas,“μX‚T’–Ϊ‚V‚R”Τ‚Q,,"248,000 ","241,000 ",2.9 ,158 ,,1,1.5,Z‘ξ,‚v,2F,,’†‹K–Νκ”ΚZ‘ξAƒAƒp[ƒg‚ª¬έ‚·‚ιZ‘ξ’nζ,s“Ή,“,4,,,,ƒKƒX,…“Ή,‰Ί…“Ή,“‘εas,,330 ,‚P’†κ,€–h,60 ,150 ,,,,,,,,,,
Z,13220 ,8 ,“‘εa,0 ,13 ,“‘εas,Ξ”Θ‚R’–Ϊ‚X‚V‚Q”Τ‚P‚R,,"136,000 ","132,000 ",3.0 ,195 ,,1,1.5,Z‘ξ,‚v,2F,,’†‹K–Νκ”ΚZ‘ξ‚ª‘½‚ΆΥΓ‚ΘZ‘ξ’nζ,s“Ή,“,4,,,,ƒKƒX,…“Ή,‰Ί…“Ή,•‘ ‘εa,,"1,200 ",‚P’ακ,,40 ,80 ,,,,,,,,,,
Z,13220 ,8 ,“‘εa,0 ,14 ,“‘εas,—§–μ‚P’–Ϊ‚P‚O‚Q‚O”Τ‚Q‚T,,"191,000 ","186,000 ",2.7 ,150 ,,1,1,Z‘ξ,‚k‚r,2F,,’†‹K–Νκ”ΚZ‘ξ‚ª‘½‚Άs–π‹ί‚­‚ΜZ‘ξ’nζ,s“Ή,–k,5,,,,ƒKƒX,…“Ή,‰Ί…“Ή,γ–k‘δ,,700 ,‚P’ακ,€–h,50 ,100 ,,,,,,,,,,
Z,13220 ,8 ,“‘εa,0 ,15 ,“‘εas,πE‚R’–Ϊ‚P‚U‚W‚Q”Τ‚S,,"137,000 ","134,000 ",2.2 ,118 ,,1.5,1,Z‘ξ,‚v,2F,,κ”ΚZ‘ξ“™‚ª‚Ώ•ΐ‚Τω¬Z‘ξ’nζ,„“Ή,“μ“,5,,,,,…“Ή,‰Ί…“Ή,γ–k‘δ,,"1,100 ",‚P’ακ,,40 ,80 ,,,,,,,,,,
Z,13220 ,8 ,“‘εa,0 ,16 ,“‘εas,ό΄‚T’–Ϊ‚P‚P‚Q‚X”Τ‚P‚P,,"217,000 ","211,000 ",2.8 ,173 ,,1,1,Z‘ξ,‚v,2F,,κ”ΚZ‘ξ“™‚ª‚Ώ•ΐ‚Τ‹ζ‰ζ®‘R‚Ζ‚µ‚½Z‘ξ’nζ,s“Ή,“μ,4,,,,ƒKƒX,…“Ή,‰Ί…“Ή,“‘εas,,800 ,‚P’ακ,€–h,50 ,100 ,,,,,,,,,,
Z,13220 ,8 ,“‘εa,0 ,17 ,“‘εas,’†‰›‚P’–Ϊ‚T‚R‚V”Τ‚P‚T,,"181,000 ","177,000 ",2.3 ,165 ,,1,1,Z‘ξ,‚v,2F,,κ”ΚZ‘ξ‚Μ‚Ω‚©‚Ι‹¤“―Z‘ξ“™‚ΰ©‚η‚κ‚ιZ‘ξ’nζ,s“Ή,–k,5,,,,ƒKƒX,…“Ή,‰Ί…“Ή,“‘εas,,"1,500 ",‚P’ακ,,40 ,80 ,,,,,,,,,,
Z,13220 ,8 ,“‘εa,0 ,18 ,“‘εas,πE‚U’–Ϊ‚P‚O‚V‚O”Τ‚U,,"170,000 ","165,000 ",3.0 ,198 ,‘δ`,1,1.2,Z‘ξ,‚v,2F,,κ”ΚZ‘ξ‚Μ‚Ω‚©όΝ‚Ι‚Ν”¨“™‚ΰ©‚η‚κ‚ιZ‘ξ’nζ,s“Ή,–k,6,,,,ƒKƒX,…“Ή,‰Ί…“Ή,γ–k‘δ,,600 ,‚P’ακ,,40 ,80 ,,,,,,,,,,
Z,13220 ,8 ,“‘εa,0 ,19 ,“‘εas,‚–Ψ‚R’–Ϊ‚R‚S‚V”Τ‚Q‚S,,"152,000 ","148,000 ",2.7 ,112 ,,1,1.5,Z‘ξ,‚v,2F,,κ”ΚZ‘ξ“™‚ª‚Ώ•ΐ‚Τω¬‚ΜZ‘ξ’nζ,s“Ή,“,4,,,,ƒKƒX,…“Ή,‰Ί…“Ή,“‘εas,,"2,000 ",‚P’ακ,€–h,50 ,100 ,,,,,,,,,,
Z,13220 ,8 ,“‘εa,0 ,20 ,“‘εas,ό΄‚Q’–Ϊ‚V‚V‚W”Τ‚P‚R,,"201,000 ","196,000 ",2.6 ,205 ,,1.2,1,Z‘ξ,‚v,2F,,’†‹K–Νκ”ΚZ‘ξ‚ª‘½‚Ά‹ζ‰ζ®‘R‚Ζ‚µ‚½Z‘ξ’nζ,s“Ή,–k,5,,,,ƒKƒX,…“Ή,‰Ί…“Ή,“‘εas,,"1,200 ",‚P’ακ,€–h,50 ,100 ,,,,,,,,,,
Z,13220 ,8 ,“‘εa,0 ,22 ,“‘εas,χ‚ª‹u‚S’–Ϊ‚R‚P‚W”Τ‚R‚P,,"185,000 ","180,000 ",2.8 ,120 ,,1,1,Z‘ξ,‚v,2F,,κ”ΚZ‘ξ‚Μ’†‚Ι‹σ’n“™‚ª©‚η‚κ‚ιZ‘ξ’nζ,s“Ή,“,5,,,,ƒKƒX,…“Ή,‰Ί…“Ή,χX“Ή,,440 ,‚P’ακ,,40 ,80 ,,,,,,,,,,
Z,13220 ,8 ,“‘εa,5 ,1 ,“‘εas,“μX‚T’–Ϊ‚X‚T”Τ‚U,,"313,000 ","305,000 ",2.6 ,130 ,,1,2,“X•ά“‹¤“―Z‘ξ,‚r,3F,,¬”„“X•ά“™‚ª‚Ώ•ΐ‚Τ‰w‚Ι‹ί‚Ά‹ί—Χ¤‹Ζ’nζ,“s“Ή,“,20.5,,,,ƒKƒX,…“Ή,‰Ί…“Ή,“‘εas,,270 ,‹ί¤,€–h,80 ,300 ,,,,,,,,,,
Z,13220 ,8 ,“‘εa,5 ,2 ,“‘εas,΄…‚U’–Ϊ‚P‚Q‚T‚V”Τ‚P‚Q,,"176,000 ","172,000 ",2.3 ,263 ,,1,1.5,“X•ά,‚r,3F,,’†‹K–Ν‚Μ“X•άA––±‚ª‘½‚ΆHό¤‹Ζ’nζ,s“Ή,“μ,9,,,,ƒKƒX,…“Ή,‰Ί…“Ή,•‘ ‘εa,,"1,200 ",‹ί¤,€–h,80 ,200 ,,,,,,,,,,
Z,13220 ,8 ,“‘εa,5 ,3 ,“‘εas,πE‚Q’–Ϊ‚Q‚O‚T‚R”Τ‚QO,,"143,000 ","140,000 ",2.1 ,193 ,,1,1.2,“X•ά“Z‘ξ,‚r,2F,,“X•ά“Z‘ξAκ”ΚZ‘ξ“™‚ª‚Ώ•ΐ‚Τ‹ί—Χ¤‹Ζ’nζ,“s“Ή,“μ,9,,‘¤“Ή,“,,…“Ή,‰Ί…“Ή,γ–k‘δ,,"1,400 ",‹ί¤,€–h,80 ,200 ,,,,,,,,,,
Z,13220 ,8 ,“‘εa,9 ,1 ,“‘εas,—§–μ‚R’–Ϊ‚T‚W‚O”Τ‚PO,,"165,000 ","160,000 ",3.1 ,"1,655 ",•s®`,1,1.5,Hκ,,,,’†¬‹K–Ν‚ΜHκA‘qΙ“™‚ª‚Ώ•ΐ‚ΤH‹Ζ’nζ,s“Ή,–k,7,,,,,…“Ή,‰Ί…“Ή,χX“Ή,,900 ,H‹Ζ,€–h,60 ,200 ,,,,,,,,,,
Z,13221 ,8 ,΄£,0 ,1 ,΄£s,ΌR‚Q’–Ϊ‚X‚V‚V”Τ‚R‚PO,ΌR‚Q|‚W|‚U,"303,000 ","295,000 ",2.7 ,173 ,,1,1.2,Z‘ξ,‚k‚r,2F,,κ”ΚZ‘ξ‚Ιƒ}ƒ“ƒVƒ‡ƒ“‚ª¬έ‚·‚ιZ‘ξ’nζ,s“Ή,“μ“,6.3,,,,ƒKƒX,…“Ή,‰Ί…“Ή,΄£,,460 ,‚P’†κ,€–h,60 ,200 ,,,,,*,13221,0 ,3 ,"299,000 ",1.3 
Z,13221 ,8 ,΄£,0 ,2 ,΄£s,’†—Ά‚Q’–Ϊ‚U‚S‚Q”Τ‚Q‚O,,"181,000 ","176,000 ",2.8 ,212 ,,1,1,Z‘ξ,‚v,2F,,’†‹K–Νκ”ΚZ‘ξ‚Μ‘½‚Ά•ªχZ‘ξ’nζ,„“Ή,“,4.5,,,,ƒKƒX,…“Ή,‰Ί…“Ή,H’Γ,,"1,600 ",‚P’ακ,€–h,50 ,100 ,,,,,,,,,,
Z,13221 ,8 ,΄£,0 ,3 ,΄£s,”~‰€‚Q’–Ϊ‚U‚V‚O”Τ‚P‚O,”~‰€‚Q|‚P|‚P‚S,"199,000 ","194,000 ",2.6 ,93 ,,1.2,1,Z‘ξ,‚v,2F,,κ”ΚZ‘ξ‚Μ‚Ω‚©‚ΙƒAƒp[ƒg“™‚ª©‚η‚κ‚ιZ‘ξ’nζ,„“Ή,Ό,5,,,,ƒKƒX,…“Ή,‰Ί…“Ή,H’Γ,,"1,400 ",‚P’†κ,€–h,60 ,200 ,,,,,,,,,,
Z,13221 ,8 ,΄£,0 ,4 ,΄£s,‰Ίh‚Q’–Ϊ‚S‚T‚Q”Τ‚UO,,"135,000 ","131,000 ",3.1 ,150 ,‘δ`,1,2,Z‘ξ,‚v,2F,,¬‹K–Ν‚Θ’α‘wZ‘ξ’c’nA”_’n‚ª‘½‚ΆxOZ‘ξ’nζ,s“Ή,–k“,5,,,,ƒKƒX,…“Ή,‰Ί…“Ή,΄£,,"4,100 ",‚P’ακ,€–h,50 ,100 ,,,,,,,,,,
Z,13221 ,8 ,΄£,0 ,5 ,΄£s,’†—Ά‚R’–Ϊ‚X‚V‚O”Τ‚P‚RO,,"198,000 ","192,000 ",3.1 ,120 ,,1,2,Z‘ξ,‚v,2F,,¬‹K–Ν‚ΜΛZ‘ξ‚ª‚Ώ•ΐ‚ΤZ‘ξ’nζ,s“Ή,“μ,5,,,,ƒKƒX,…“Ή,‰Ί…“Ή,΄£,,"1,500 ",‚P’ακ,€–h,50 ,100 ,,,,,,,,,,
Z,13221 ,8 ,΄£,0 ,6 ,΄£s,³’¬‚Q’–Ϊ‚T‚X‚Q”Τ‚P‚V,³’¬‚Q|‚P‚R|‚T,"250,000 ","243,000 ",2.9 ,133 ,,1,1.2,Z‘ξ,‚v,2F,,¬‹K–Νκ”ΚZ‘ξ‚ª‚Ώ•ΐ‚ΤZ‘ξ’nζ,s“Ή,“μ“,4,,,,ƒKƒX,…“Ή,‰Ί…“Ή,΄£,,750 ,‚P’ακ,€–h,50 ,100 ,,,,,,,,,,
Z,13221 ,8 ,΄£,0 ,7 ,΄£s,–μ‰–‚T’–Ϊ‚Q‚O‚U”Τ‚V,,"207,000 ","201,000 ",3.0 ,212 ,,1.2,1,Z‘ξ,‚v,2F,,’†‹K–Νκ”ΚZ‘ξ‚ª‘½‚ΆόH‹ί‚­‚ΜZ‘ξ’nζ,„“Ή,–k,4,,,,ƒKƒX,…“Ή,‰Ί…“Ή,H’Γ,,630 ,‚P’ακ,€–h,50 ,100 ,,,,,,,,,,
Z,13221 ,8 ,΄£,0 ,8 ,΄£s,’|‹u‚R’–Ϊ‚P‚T‚Q‚R”Τ‚Q‚UO,’|‹u‚R|‚P‚S|‚Q‚R,"170,000 ","165,000 ",3.0 ,121 ,,1,2,Z‘ξ,‚v,2F,,¬‹K–Νκ”ΚZ‘ξ‚ª‚Ώ•ΐ‚ΤΥΓ‚ΘxO‚ΜZ‘ξ’nζ,s“Ή,–k,6,,,,ƒKƒX,…“Ή,‰Ί…“Ή,΄£,,"2,300 ",‚P’ακ,€–h,50 ,100 ,,,,,,,,,,
Z,13221 ,8 ,΄£,0 ,9 ,΄£s,’†΄Λ‚T’–Ϊ‚W‚R”Τ‚P‚V‚S,,"185,000 ","180,000 ",2.8 ,104 ,,1,1.2,Z‘ξ,‚v,2F,,¬‹K–Νκ”ΚZ‘ξ‚ª‚Ώ•ΐ‚ΤxO‚ΜΥΓ‚ΘZ‘ξ’nζ,„“Ή,Ό,5,,,,ƒKƒX,…“Ή,‰Ί…“Ή,΄£,,"1,800 ",‚P’ακ,€–h,50 ,100 ,,,,,,,,,,
Z,13221 ,8 ,΄£,0 ,10 ,΄£s,’†΄Λ‚S’–Ϊ‚X‚R‚P”Τ‚Q‚R,,"182,000 ","176,000 ",3.4 ,115 ,,1.2,1,Z‘ξ,‚v,2F,,¬‹K–Νκ”ΚZ‘ξ‚Μ‚Ω‚©”_’n‚ΰ‘½‚ΆZ‘ξ’nζ,s“Ή,–k“,6,,,,ƒKƒX,…“Ή,‰Ί…“Ή,΄£,,"1,700 ",‚P’ακ,€–h,50 ,100 ,,,,,,,,,,
Z,13221 ,8 ,΄£,0 ,11 ,΄£s,ΌR‚P’–Ϊ‚P‚O‚O‚X”Τ‚R‚W,ΌR‚P|‚R‚U|‚R,"261,000 ","254,000 ",2.8 ,164 ,,1,1.2,Z‘ξ,‚k‚r,2F,,’†‹K–Νκ”ΚZ‘ξAƒAƒp[ƒg“™‚ª¬έ‚·‚ιZ‘ξ’nζ,„“Ή,“μ“,4,,,,ƒKƒX,…“Ή,‰Ί…“Ή,΄£,,500 ,‚P’†κ,€–h,60 ,200 ,,,,,,,,,,
Z,13221 ,8 ,΄£,0 ,12 ,΄£s,‰Ί΄Λ‚T’–Ϊ‚W‚U‚X”Τ‚V,,"151,000 ","147,000 ",2.7 ,100 ,,1,2,Z‘ξ,‚v,2F,,κ”ΚZ‘ξ‚Μ‚Ω‚©”_’n“™‚Μ‹σ’n‚ΰ‘½‚ΆZ‘ξ’nζ,s“Ή,–k,6,,,,ƒKƒX,…“Ή,‰Ί…“Ή,΄£,,"2,800 ",‚P’ακ,€–h,50 ,100 ,,,,,,,,,,
Z,13221 ,8 ,΄£,0 ,13 ,΄£s,’†΄Λ‚Q’–Ϊ‚U‚W‚T”Τ‚Q,,"218,000 ","212,000 ",2.8 ,158 ,,1,1,‹¤“―Z‘ξ,‚k‚r,2F,,Z‘ξAƒAƒp[ƒg‚ª¬έ‚·‚ιX“Ή‰‚Ά‚ΜZ‘ξ’nζ,“s“Ή,“μ“,12,,‘¤“Ή,–k“,ƒKƒX,…“Ή,‰Ί…“Ή,΄£,,"1,200 ",‚Q’†κ,€–h,60 ,200 ,,,,,,,,,,
Z,13221 ,8 ,΄£,0 ,14 ,΄£s,’†—Ά‚P’–Ϊ‚V‚Q‚P”Τ‚R‚R,,"208,000 ","202,000 ",3.0 ,113 ,,1,1.2,Z‘ξ,‚v,2F,,’†¬‹K–Ν‚Μκ”ΚZ‘ξ‚ª‚Ώ•ΐ‚ΤZ‘ξ’nζ,s“Ή,“,5,,,,ƒKƒX,…“Ή,‰Ί…“Ή,΄£,,"1,100 ",‚P’ακ,€–h,50 ,100 ,,,,,,,,,,
Z,13221 ,8 ,΄£,0 ,15 ,΄£s,’†—Ά‚U’–Ϊ‚T‚Q‚W”Τ‚Q‚P,,"175,000 ","171,000 ",2.3 ,129 ,,1,1.2,Z‘ξ,‚v,2F,,’†¬‹K–Νκ”ΚZ‘ξ‚Μ‚Ώ•ΐ‚ΤZ‘ξ’nζ,s“Ή,“μ“,5,,,,ƒKƒX,…“Ή,‰Ί…“Ή,΄£,,"2,300 ",‚P’ακ,€–h,50 ,100 ,,,,,,,,,,
Z,13221 ,8 ,΄£,5 ,1 ,΄£s,ΌR‚P’–Ϊ‚X‚X‚V”Τ‚S,ΌR‚P|‚P‚P|‚P‚Q,"467,000 ","451,000 ",3.5 ,389 ,‘δ`,1,1.5,“X•ά“––±,‚r‚q‚b,5F,1B,¬”„“X•άAωH“X•ά‚Μ‘½‚Ά‰w‘O¤‹Ζ’nζ,s“Ή,“μ“,6,,,,ƒKƒX,…“Ή,‰Ί…“Ή,΄£,,80 ,¤‹Ζ,–h‰Ξ,80 ,400 ,,,,,*,13221,5 ,2 ,"458,000 ",2.0 
Z,13221 ,8 ,΄£,5 ,2 ,΄£s,ΌR‚P’–Ϊ‚X‚W‚T”Τ‚Q,ΌR‚P|‚P‚Q|‚P‚T,"300,000 ","290,000 ",3.4 ,197 ,‘δ`,1,1.2,“X•ά“Z‘ξ,‚q‚b,7F,1B,’†’α‘w‚Μ“X•άA––±“™‚ª‚Ώ•ΐ‚Τ¤‹Ζ’nζ,“s“Ή,Ό,8,,,,ƒKƒX,…“Ή,‰Ί…“Ή,΄£,,270 ,¤‹Ζ,–h‰Ξ,80 ,400 ,,,,,,,,,,
Z,13221 ,8 ,΄£,9 ,1 ,΄£s,®‚ª‹u‚P’–Ϊ‚Q‚T‚Q”Τ‚P,,"163,000 ","158,000 ",3.2 ,"1,077 ",‘δ`,1,1.5,‘qΙ“––±,‚v,2F,,’†¬‹K–Ν‘qΙAHκAZ‘ξA“X•ά‚ª¬έ‚·‚ι’nζ,s“Ή,–kΌ,8,,‘¤“Ή,“μ“,ƒKƒX,…“Ή,‰Ί…“Ή,΄£,,"2,800 ",€H,€–h,60 ,200 ,,,,,,,,,,
Z,13222 ,8 ,“‹v—―•Δ,0 ,1 ,“‹v—―•Δs,w‰€’¬‚Q’–Ϊ‚Q‚U”Τ‚XO,w‰€’¬‚Q|‚P‚T|‚P‚X,"379,000 ","367,000 ",3.3 ,297 ,,1,1,Z‘ξ,‚v,2F,,‘ε’†‹K–Ν‚Μκ”ΚZ‘ξ‚ª‘½‚ΆΥΓ‚ΘZ‘ξ’nζ,s“Ή,“μ“,5.4,,,,ƒKƒX,…“Ή,‰Ί…“Ή,‚Π‚Ξ‚θƒ–‹u,,800 ,‚P’ακ,,40 ,80 ,,,,,,,,,,
Z,13222 ,8 ,“‹v—―•Δ,0 ,2 ,“‹v—―•Δs,•Xμ‘δ‚Q’–Ϊ‚R‚W‚Q”Τ‚Q‚V,•Xμ‘δ‚Q|‚Q‚S|‚P‚P,"247,000 ","240,000 ",2.9 ,208 ,,1.5,1,Z‘ξ,‚v,2F,,’†‹K–Νκ”ΚZ‘ξ‚ª‘½‚Ά‹ζ‰ζ®‘R‚Ζ‚µ‚½Z‘ξ’nζ,s“Ή,–k,6,,,,ƒKƒX,…“Ή,‰Ί…“Ή,“‹v—―•Δ,,"1,000 ",‚P’ακ,,40 ,80 ,,,,,,,,,,
Z,13222 ,8 ,“‹v—―•Δ,0 ,3 ,“‹v—―•Δs,”ª”¦’¬‚Q’–Ϊ‚P‚U‚R”Τ‚P‚V,”ª”¦’¬‚Q|‚P‚P|‚T‚X,"205,000 ","199,000 ",3.0 ,146 ,,1.5,1,Z‘ξ,‚v,2F,,κ”ΚZ‘ξ‚Μ‚Ω‚©ƒAƒp[ƒg“™‚ª©‚η‚κ‚ιZ‘ξ’nζ,s“Ή,“μ,6,,,,ƒKƒX,…“Ή,‰Ί…“Ή,“‹v—―•Δ,,"2,200 ",‚P’†κ,€–h,60 ,200 ,,,,,,,,,,
Z,13222 ,8 ,“‹v—―•Δ,0 ,4 ,“‹v—―•Δs,’†‰›’¬‚P’–Ϊ‚P‚P‚P‚X”Τ‚U‚U,’†‰›’¬‚P|‚P‚Q|‚V,"250,000 ","242,000 ",3.3 ,151 ,,1,1.2,Z‘ξ,‚v,2F,,’†¬‹K–Νκ”ΚZ‘ξ‚Μ‘½‚Άω¬Z‘ξ’nζ,“ΉH,“,4,,,,ƒKƒX,…“Ή,‰Ί…“Ή,“‹v—―•Δ,,"1,000 ",‚P’ακ,,40 ,80 ,,,,,,,,,,
Z,13222 ,8 ,“‹v—―•Δ,0 ,5 ,“‹v—―•Δs,Vμ’¬‚P’–Ϊ‚X‚S”Τ‚P‚X,Vμ’¬‚P|‚P‚Q|‚R,"299,000 ","289,000 ",3.5 ,115 ,,1,1.2,Z‘ξ,‚v,2F,,κ”ΚZ‘ξAƒAƒp[ƒg“™‚ª¬έ‚·‚ιZ‘ξ’nζ,s“Ή,–k,5,,,,ƒKƒX,…“Ή,‰Ί…“Ή,“‹v—―•Δ,,400 ,‚P’ακ,,40 ,80 ,,,,,*,13222,0 ,9 ,"295,000 ",1.4 
Z,13222 ,8 ,“‹v—―•Δ,0 ,6 ,“‹v—―•Δs,“μ‘ς‚Q’–Ϊ‚Q‚X‚V”Τ‚P‚X,“μ‘ς‚Q|‚V|‚S,"233,000 ","226,000 ",3.1 ,231 ,,1,1,Z‘ξ,‚v,3F,,’†‹K–Νκ”ΚZ‘ξ‚ª‘½‚­©‚η‚κ‚ιZ‘ξ’nζ,s“Ή,“μ“,4,,,,ƒKƒX,…“Ή,‰Ί…“Ή,‚Π‚Ξ‚θƒ–‹u,,"1,300 ",‚P’ακ,,40 ,80 ,,,,,,,,,,
Z,13222 ,8 ,“‹v—―•Δ,0 ,7 ,“‹v—―•Δs,σΤ’¬‚R’–Ϊ‚R”Τ‚P‚P,σΤ’¬‚R|‚Q‚U|‚P‚P,"348,000 ","336,000 ",3.6 ,122 ,,1,3,Z‘ξ,‚v,2F,,’†‹K–Νκ”ΚZ‘ξ‚ª‘½‚ΆΒ‹«‚Μ—Η‚ΆZ‘ξ’nζ,s“Ή,“μ“,5.3,,,,ƒKƒX,…“Ή,‰Ί…“Ή,‚Π‚Ξ‚θƒ–‹u,,450 ,‚P’ακ,,40 ,80 ,,,,,,,,,,
Z,13222 ,8 ,“‹v—―•Δ,0 ,8 ,“‹v—―•Δs,–{’¬‚P’–Ϊ‚U‚O‚T”Τ‚V,–{’¬‚P|‚P‚R|‚P‚U,"320,000 ","309,000 ",3.6 ,109 ,,1,1.2,Z‘ξ,‚v,2F,,κ”ΚZ‘ξ‚Μ‚Ω‚©ƒAƒp[ƒg“™‚ΰU©‚³‚κ‚ιZ‘ξ’nζ,„“Ή,“μ,5,,,,ƒKƒX,…“Ή,‰Ί…“Ή,“‹v—―•Δ,,300 ,‚P’ακ,,40 ,80 ,,,,,,,,,,
Z,13222 ,8 ,“‹v—―•Δ,0 ,9 ,“‹v—―•Δs,K’¬‚P’–Ϊ‚V‚X‚V”Τ‚P‚RO,K’¬‚P|‚T|‚P‚T,"244,000 ","236,000 ",3.4 ,132 ,,1,1.2,Z‘ξ,‚v,2F,,κ”ΚZ‘ξAƒAƒp[ƒg“™‚ª¬έ‚·‚ιω¬Z‘ξ’nζ,s“Ή,Ό,5,,,,ƒKƒX,…“Ή,‰Ί…“Ή,“‹v—―•Δ,,950 ,‚P’ακ,,40 ,80 ,,,,,,,,,,
Z,13222 ,8 ,“‹v—―•Δ,0 ,10 ,“‹v—―•Δs,’†‰›’¬‚S’–Ϊ‚P‚U‚T‚W”Τ‚U,’†‰›’¬‚S|‚T|‚U,"208,000 ","202,000 ",3.0 ,231 ,,1,1.2,Z‘ξ,‚v,2F,,’†‹K–Νκ”ΚZ‘ξ‚ª‘½‚Ά‹ζ‰ζ®‘R‚Ζ‚µ‚½Z‘ξ’nζ,s“Ή,“μ“,8,,,,ƒKƒX,…“Ή,‰Ί…“Ή,‚Π‚Ξ‚θƒ–‹u,,"2,300 ",‚P’ακ,,40 ,80 ,,,,,,,,,,
Z,13222 ,8 ,“‹v—―•Δ,0 ,11 ,“‹v—―•Δs,‘O‘ς‚T’–Ϊ‚Q‚X”Τ‚Q,‘O‘ς‚T|‚Q‚X|‚Q‚P,"211,000 ","205,000 ",2.9 ,264 ,,1,1,Z‘ξ,‚v,2F,,’†‹K–Νκ”ΚZ‘ξ‚ª‘½‚Ά‹ζ‰ζ®‘R‚Ζ‚µ‚½Z‘ξ’nζ,s“Ή,“,6,,,,ƒKƒX,…“Ή,‰Ί…“Ή,‰Τ¬‹ΰδ,,"2,000 ",‚P’ακ,€–h,60 ,150 ,,,,,*,13222,0 ,3 ,"207,000 ",1.9 
Z,13222 ,8 ,“‹v—―•Δ,0 ,12 ,“‹v—―•Δs,–φE‚Q’–Ϊ‚Q‚S‚T”Τ‚S,–φE‚Q|‚P‚P|‚Q‚R,"189,000 ","184,000 ",2.7 ,110 ,,1,2,Z‘ξ,‚v,2F,,κ”ΚZ‘ξ‚Μ‚Ω‚©”_’n‚ΰ©‚η‚κ‚ιZ‘ξ’nζ,„“Ή,–k,5,,,,ƒKƒX,…“Ή,‰Ί…“Ή,¬•½,,"1,500 ",‚Q’†κ,€–h,60 ,200 ,,,,,,,,,,
Z,13222 ,8 ,“‹v—―•Δ,0 ,13 ,“‹v—―•Δs,“μ‘ς‚T’–Ϊ‚P‚V‚W‚X”Τ‚W,“μ‘ς‚T|‚P‚R|‚Q,"225,000 ","218,000 ",3.2 ,216 ,,1,1.5,Z‘ξ,‚v,3F,,κ”ΚZ‘ξ‚ª‚Ώ•ΐ‚Τ‹ζ‰ζ®‘R‚Ζ‚µ‚½Z‘ξ’nζ,s“Ή,“,5,,,,ƒKƒX,…“Ή,‰Ί…“Ή,‚Π‚Ξ‚θƒ–‹u,,"1,900 ",‚P’ακ,,40 ,80 ,,,,,,,,,,
Z,13222 ,8 ,“‹v—―•Δ,0 ,14 ,“‹v—―•Δs,“μ’¬‚S’–Ϊ‚P‚W‚Q‚W”Τ‚P‚T,“μ’¬‚S|‚U|‚R,"189,000 ","183,000 ",3.3 ,123 ,,1,1,Z‘ξ,‚v,2F,,¬‹K–Νκ”ΚZ‘ξ‚Μ‘½‚Ά”_’n‚Ι—ΧΪ‚·‚ιZ‘ξ’nζ,s“Ή,–k,5,,,,ƒKƒX,…“Ή,‰Ί…“Ή,“‹v—―•Δ,,"2,400 ",‚P’ακ,,50 ,100 ,,,,,,,,,,
Z,13222 ,8 ,“‹v—―•Δ,0 ,15 ,“‹v—―•Δs,_•σ’¬‚P’–Ϊ‚W‚S”Τ‚P,_•σ’¬‚P|‚P‚P|‚Q‚P,"217,000 ","210,000 ",3.3 ,168 ,,1,2,Z‘ξ,‚v,2F,,’†¬‹K–Νκ”ΚZ‘ξ‚ª‚Ώ•ΐ‚ΤZ‘ξ’nζ,s“Ή,Ό,5,,,,ƒKƒX,…“Ή,‰Ί…“Ή,“‹v—―•Δ,,"1,200 ",‚P’ακ,,40 ,80 ,,,,,,,,,,
Z,13222 ,8 ,“‹v—―•Δ,0 ,16 ,“‹v—―•Δs,‰Ί—Ά‚R’–Ϊ‚W‚O‚W”Τ‚Q‚T,‰Ί—Ά‚R|‚V|‚P‚W,"186,000 ","181,000 ",2.8 ,100 ,,1,2,Z‘ξ,‚v,2F,1B,κ”ΚZ‘ξ‚ª‘½‚ΆZ‘ξ’c’n‚Ι‹ί‚ΆZ‘ξ’nζ,„“Ή,“μ“,4,,,,ƒKƒX,…“Ή,‰Ί…“Ή,¬•½,,"2,200 ",‚P’ακ,€–h,60 ,150 ,,,,,,,,,,
Z,13222 ,8 ,“‹v—―•Δ,0 ,17 ,“‹v—―•Δs,¬R‚R’–Ϊ‚T‚T‚S”Τ‚P‚P,¬R‚R|‚P‚O|‚Q‚S,"242,000 ","235,000 ",3.0 ,115 ,,1,1.2,Z‘ξ,‚v,2F,,’†¬‹K–Ν‚Μκ”ΚZ‘ξ‚ª‘½‚Ά•ªχZ‘ξ’nζ,s“Ή,–k,6,,,,ƒKƒX,…“Ή,‰Ί…“Ή,΄£,,800 ,‚P’ακ,,40 ,80 ,,,,,,,,,,
,13222 ,8 ,“‹v—―•Δ,0 ,18 ,“‹v—―•Δs,‘κR‚V’–Ϊ‚P‚U”Τ‚Q‚S,‘κR‚V|‚P‚U|‚T,"210,000 ",,,165 ,,1,1.5,Z‘ξ,‚v,2F,,κ”ΚZ‘ξ“™‚ª‚Ώ•ΐ‚Τ‹ζ‰ζ®‘R‚Ζ‚µ‚½Z‘ξ’nζ,s“Ή,“μΌ,6,,,,ƒKƒX,…“Ή,‰Ί…“Ή,‰Τ¬‹ΰδ,,"3,100 ",‚P’ακ,€–h,60 ,150 ,,,,,,,,,,
Z,13222 ,8 ,“‹v—―•Δ,0 ,19 ,“‹v—―•Δs,‰Ί—Ά‚U’–Ϊ‚P‚T‚P‚Q”Τ‚X‚O,‰Ί—Ά‚U|‚T|‚R‚Q,"164,000 ","160,000 ",2.5 ,100 ,,1,1,Z‘ξ,‚v,2F,,κ”ΚZ‘ξ‚ª‚Ώ•ΐ‚Τ‹ζ‰ζ®‘R‚Ζ‚µ‚½Z‘ξ’nζ,s“Ή,–kΌ,5,,,,ƒKƒX,…“Ή,‰Ί…“Ή,΄£,,"2,800 ",€H,€–h,60 ,200 ,,,,,,,,,,
Z,13222 ,8 ,“‹v—―•Δ,0 ,20 ,“‹v—―•Δs,‘κR‚T’–Ϊ‚P‚T”Τ‚U,‘κR‚T|‚P‚T|‚T,"217,000 ","211,000 ",2.8 ,264 ,,1,1.2,Z‘ξ,‚v,2F,,’†‹K–Νκ”ΚZ‘ξ‚ª‚Ώ•ΐ‚Τω¬Z‘ξ’nζ,s“Ή,“μΌ,6,,,,ƒKƒX,…“Ή,‰Ί…“Ή,¬•½,,"1,900 ",‚P’ακ,€–h,60 ,150 ,,,,,,,,,,
Z,13222 ,8 ,“‹v—―•Δ,0 ,21 ,“‹v—―•Δs,¬R‚T’–Ϊ‚P‚O‚O‚R”Τ‚W,¬R‚T|‚P|‚R‚V,"232,000 ","226,000 ",2.7 ,106 ,,1,1.5,Z‘ξ,‚v,2F,,’†¬‹K–Νκ”ΚZ‘ξ‚ª‚Ώ•ΐ‚ΤZ‘ξ’nζ,„“Ή,“μ,4.5,,,,ƒKƒX,…“Ή,‰Ί…“Ή,΄£,,"1,300 ",‚P’ακ,,40 ,80 ,,,,,,,,,,
Z,13222 ,8 ,“‹v—―•Δ,0 ,22 ,“‹v—―•Δs,‘O‘ς‚R’–Ϊ‚P‚O‚V‚U”Τ‚T,‘O‘ς‚R|‚P|‚P‚V,"189,000 ","184,000 ",2.7 ,120 ,,1,1.5,Z‘ξ,‚v,2F,,κ”ΚZ‘ξAƒAƒp[ƒg‚Μ‚Ω‚©¬Hκ‚ª¬έ‚·‚ι’nζ,„“Ή,–k,4,,,,ƒKƒX,…“Ή,‰Ί…“Ή,‰Τ¬‹ΰδ,,"2,400 ",€H,€–h,60 ,200 ,,,,,,,,,,
Z,13222 ,8 ,“‹v—―•Δ,5 ,1 ,“‹v—―•Δs,“–{’¬‚U‚T‚T”Τ‚P‚U,“–{’¬‚T|‚P,"415,000 ","401,000 ",3.5 ,165 ,,1,2,“X•ά“Z‘ξ,‚r,4F,,’†‹K–Ν‚Μ“X•άƒrƒ‹‚ª‚Ώ•ΐ‚Τ‰w‘O‚Μω¬¤‹Ζ’nζ,s“Ή,“μΌ,5.7,,,,ƒKƒX,…“Ή,‰Ί…“Ή,“‹v—―•Δ,,160 ,¤‹Ζ,–h‰Ξ,80 ,400 ,,,,,,,,,,
Z,13222 ,8 ,“‹v—―•Δ,5 ,2 ,“‹v—―•Δs,“μ‘ς‚T’–Ϊ‚P‚V‚T‚T”Τ‚T‚R,“μ‘ς‚T|‚R|‚X,"235,000 ","228,000 ",3.1 ,148 ,,1,2.5,f—Γ“Z‘ξ,‚r,3F,,’†’α‘w‚Μ“X•ά“Z‘ξ“™‚ª‚Ώ•ΐ‚Τ‹ί—Χ¤‹Ζ’nζ,s“Ή,–k,8.8,,”w–Κ“Ή,,ƒKƒX,…“Ή,‰Ί…“Ή,‚Π‚Ξ‚θƒ–‹u,,"1,800 ",‹ί¤,€–h,80 ,200 ,,,,,,,,,,
Z,13222 ,8 ,“‹v—―•Δ,5 ,3 ,“‹v—―•Δs,–{’¬‚R’–Ϊ‚W”Τ‚PO,–{’¬‚R|‚W|‚P‚P,"389,000 ","376,000 ",3.5 ,980 ,,1,1.5,“X•ά“––±,‚r,3F,,“X•άA’†‚‘wƒ}ƒ“ƒVƒ‡ƒ““™‚ª¬έ‚·‚ι¤‹Ζ’nζ,“s“Ή,“μ“,16,,‘¤“Ή,–k“,ƒKƒX,…“Ή,‰Ί…“Ή,“‹v—―•Δ,,450 ,‹ί¤,€–h,80 ,300 ,,,,,,,,,,
Z,13222 ,8 ,“‹v—―•Δ,5 ,4 ,“‹v—―•Δs,’†‰›’¬‚T’–Ϊ‚S‚T‚W”Τ‚X,’†‰›’¬‚T|‚P‚R|‚Q‚W,"220,000 ","213,000 ",3.3 ,661 ,‘δ`,1,1,“X•ά,‚r,2F,,“X•άA‹¤“―Z‘ξ“™‚ª©‚η‚κ‚ι“s“Ή‰‚Ά‚Μ¤‹Ζ’nζ,“s“Ή,Ό,16,,,,ƒKƒX,…“Ή,‰Ί…“Ή,“‹v—―•Δ,,"2,200 ",‚Q’†κ,€–h,60 ,200 ,,,,,,,,,,
Z,13222 ,8 ,“‹v—―•Δ,9 ,1 ,“‹v—―•Δs,”ª”¦’¬‚P’–Ϊ‚P‚Q‚U‚T”Τ‚P‚QO,”ª”¦’¬‚P|‚R|‚Q‚Q,"217,000 ","210,000 ",3.3 ,"1,068 ",,1,1.5,Hκ“––±,‚r,3F,,’†¬HκA‘qΙ‚Μ‚Ω‚©Z‘ξ“™‚ª¬έ‚·‚ι’nζ,s“Ή,–k,16,,,,,…“Ή,‰Ί…“Ή,΄£,,"2,100 ",€H,€–h,60 ,200 ,,,,,,,,,,
Z,13223 ,8 ,•‘ ‘ΊR,0 ,1 ,•‘ ‘ΊRs,‘ε“μ‚P’–Ϊ‚P‚T‚W”Τ‚P,,"167,000 ","163,000 ",2.5 ,113 ,‘δ`,1,2,Z‘ξ,‚v,2F,,κ”ΚZ‘ξAƒAƒp[ƒg“™‚ª¬έ‚·‚ιZ‘ξ’nζ,s“Ή,“,5.5,,,,,…“Ή,‰Ί…“Ή,•‘ »μ,,"1,000 ",‚P’†κ,€–h,60 ,200 ,,,,,*,13223,0 ,8 ,"165,000 ",1.2 
Z,13223 ,8 ,•‘ ‘ΊR,0 ,2 ,•‘ ‘ΊRs,–{’¬‚S’–Ϊ‚Q‚X”Τ‚U,,"95,300 ","94,200 ",1.2 ,102 ,,1,2,Z‘ξ,‚v,2F,,ΛZ‘ξ‚Μ‚Ω‚©”_‰ΖZ‘ξ‚ΰ©‚η‚κ‚ιZ‘ξ’nζ,s“Ή,–k“,4.5,,,,,…“Ή,‰Ί…“Ή,•‘ »μ,,"3,600 ",‚P’ακ,,40 ,80 ,,,,,,,,,,
Z,13223 ,8 ,•‘ ‘ΊR,0 ,3 ,•‘ ‘ΊRs,έ‚P’–Ϊ‚R‚T”Τ‚Q,,"101,000 ","98,800 ",2.2 ,256 ,,1,2,Z‘ξ,‚v,2F,,κ”ΚZ‘ξAƒAƒp[ƒg“™‚ª¬έ‚·‚ιZ‘ξ’nζ,s“Ή,“μΌ,4,,,,,…“Ή,‰Ί…“Ή,Ό•—§μ,,"5,100 ",‚P’ακ,,40 ,80 ,,,,,,,,,,
Z,13223 ,8 ,•‘ ‘ΊR,0 ,4 ,•‘ ‘ΊRs,w‰€‚P’–Ϊ‚W‚W”Τ‚P‚Q,,"134,000 ","131,000 ",2.3 ,113 ,,1,1.5,Z‘ξ,‚v,2F,,κ”ΚZ‘ξ‚Μ’†‚Ι”_’n“™‚ΰ©‚η‚κ‚ιZ‘ξ’nζ,s“Ή,–kΌ,6,,,,,…“Ή,‰Ί…“Ή,•‘ »μ,,"2,800 ",‚P’ακ,,40 ,80 ,,,,,,,,,,
Z,13223 ,8 ,•‘ ‘ΊR,0 ,5 ,•‘ ‘ΊRs,‘ε“μ‚Q’–Ϊ‚U‚V”Τ‚R,,"158,000 ","154,000 ",2.6 ,148 ,,1,1,Z‘ξ,‚v,2F,,κ”ΚZ‘ξ‚Μ’†‚Ι‹σ’n“™‚ª©‚η‚κ‚ιZ‘ξ’nζ,s“Ή,“,5.5,,,,ƒKƒX,…“Ή,‰Ί…“Ή,•‘ »μ,,"1,700 ",‚P’ακ,,40 ,80 ,,,,,,,,,,
Z,13223 ,8 ,•‘ ‘ΊR,0 ,6 ,•‘ ‘ΊRs,_–Ύ‚Q’–Ϊ‚P‚P‚U”Τ‚U,,"124,000 ","121,000 ",2.5 ,147 ,,1,2,Z‘ξ,‚v,2F,,κ”ΚZ‘ξ‚ª‚Ώ•ΐ‚Τ‹ζ‰ζ®‘R‚Ζ‚µ‚½Z‘ξ’nζ,s“Ή,“μ,5,,,,,…“Ή,‰Ί…“Ή,γ–k‘δ,,"1,700 ",‚P’ακ,,40 ,80 ,,,,,,,,,,
Z,13223 ,8 ,•‘ ‘ΊR,0 ,7 ,•‘ ‘ΊRs,–{’¬‚Q’–Ϊ‚P‚O‚O”Τ‚R,,"117,000 ","114,000 ",2.6 ,197 ,,1,1.5,Z‘ξ,‚v,2F,,’†‹K–Νκ”ΚZ‘ξ‚ª‚Ώ•ΐ‚ΤZ‘ξ’nζ,„“Ή,“μ“,5,,,,,…“Ή,‰Ί…“Ή,•‘ »μ,,"3,900 ",‚P’ακ,,40 ,80 ,,,,,,,,,,
Z,13223 ,8 ,•‘ ‘ΊR,0 ,8 ,•‘ ‘ΊRs,Oƒc“΅‚P’–Ϊ‚S‚X”Τ‚P‚U,,"126,000 ","123,000 ",2.4 ,209 ,,1,1.2,Z‘ξ,‚v,2F,,’†‹K–Νκ”ΚZ‘ξ‚ª‚Ώ•ΐ‚ΤΒ‹«‚Μ—Η‚ΆZ‘ξ’nζ,s“Ή,“μ,6,,,,ƒKƒX,…“Ή,‰Ί…“Ή,Ό•—§μ,,"3,600 ",‚P’ακ,,40 ,80 ,,,,,,,,,,
Z,13223 ,8 ,•‘ ‘ΊR,0 ,10 ,•‘ ‘ΊRs,‘ε“μ‚T’–Ϊ‚P‚O”Τ‚R,,"170,000 ","166,000 ",2.4 ,117 ,,1,1.5,Z‘ξ,‚v,2F,,¬‹K–Ν‚Μ”„Z‘ξ‚ª‚Ώ•ΐ‚ΤZ‘ξ’nζ,s“Ή,“μ,5,,,,ƒKƒX,…“Ή,‰Ί…“Ή,‹Κμγ…,,"1,200 ",‚P’ακ,,40 ,80 ,,,,,,,,,,
Z,13223 ,8 ,•‘ ‘ΊR,0 ,11 ,•‘ ‘ΊRs,’†΄‚Q’–Ϊ‚P‚O”Τ‚P‚S,,"117,000 ","114,000 ",2.6 ,148 ,,1,1.5,Z‘ξ,‚v,2F,,κ”ΚZ‘ξ‚Μ‚Ω‚©‚ΙAƒAƒp[ƒg‚ΰ©‚η‚κ‚ιZ‘ξ’nζ,s“Ή,“μΌ,5,,,,ƒKƒX,…“Ή,‰Ί…“Ή,Ό•—§μ,,"4,800 ",‚P’ακ,,40 ,80 ,,,,,,,,,,
Z,13223 ,8 ,•‘ ‘ΊR,0 ,12 ,•‘ ‘ΊRs,c–x‚T’–Ϊ‚U‚Q”Τ‚P‚V,,"123,000 ","120,000 ",2.5 ,110 ,,1,1.5,Z‘ξ,‚v,2F,,κ”ΚZ‘ξ‚Μ’†‚Ι‹¤“―Z‘ξ“™‚ΰ©‚η‚κ‚ιZ‘ξ’nζ,s“Ή,–k“,6,,,,,…“Ή,‰Ί…“Ή,Ό•—§μ,,"3,600 ",‚P’ακ,,40 ,80 ,,,,,,,,,,
Z,13223 ,8 ,•‘ ‘ΊR,0 ,13 ,•‘ ‘ΊRs,–{’¬‚P’–Ϊ‚R‚Q”Τ‚Q,,"120,000 ","117,000 ",2.6 ,142 ,,1.2,1,Z‘ξ,‚v,2F,,’†‹K–Νκ”ΚZ‘ξ‚ª‚Ώ•ΐ‚ΤZ‘ξ’nζ,s“Ή,–kΌ,4,,,,,…“Ή,‰Ί…“Ή,•‘ »μ,,"3,400 ",‚P’ακ,,40 ,80 ,,,,,,,,,,
Z,13223 ,8 ,•‘ ‘ΊR,0 ,14 ,•‘ ‘ΊRs,Oƒc“΅‚Q’–Ϊ‚S‚R”Τ‚P‚Q,,"136,000 ","133,000 ",2.3 ,118 ,‘δ`,1,1.5,“X•ά“Z‘ξ,‚v,2F,,κ”ΚZ‘ξ‚Ι“X•ά“™‚ª¬έ‚·‚ι²ό‰‚Ά‚ΜZ‘ξ’nζ,s“Ή,–k,13,,,,,…“Ή,‰Ί…“Ή,Ό•—§μ,,"3,300 ",‚P’†κ,€–h,60 ,200 ,,,,,,,,,,
Z,13223 ,8 ,•‘ ‘ΊR,0 ,15 ,•‘ ‘ΊRs,Ι“ή•½‚U’–Ϊ‚W”Τ‚Q,,"118,000 ","115,000 ",2.6 ,166 ,,1,1.2,Z‘ξ,‚v,2F,,Z‘ξAƒAƒp[ƒg“™‚ΰ©‚η‚κ‚ιZ‘ξ’nζ,s“Ή,–kΌ,3.8,,,,,…“Ή,‰Ί…“Ή,Ό•—§μ,,"2,400 ",‚P’ακ,,40 ,80 ,,,,,,,,,,
Z,13223 ,8 ,•‘ ‘ΊR,0 ,16 ,•‘ ‘ΊRs,_–Ύ‚R’–Ϊ‚P‚P‚U”Τ‚QO,,"121,000 ","118,000 ",2.5 ,99 ,,1,2,Z‘ξ,‚v,2F,,¬‹K–Νκ”ΚZ‘ξ‚Μ’†‚Ι‹σ’n“™‚ª©‚η‚κ‚ιZ‘ξ’nζ,s“Ή,–k,5,,,,,…“Ή,‰Ί…“Ή,γ–k‘δ,,"1,400 ",‚P’ακ,,40 ,80 ,,,,,,,,,,
Z,13223 ,8 ,•‘ ‘ΊR,5 ,1 ,•‘ ‘ΊRs,w‰€‚R’–Ϊ‚T‚O”Τ‚PO,,"165,000 ","162,000 ",1.9 ,125 ,‘δ`,1,1.5,f—Γ,‚r,2F,,¬‹K–Ν¬”„“X•ά‚ª‚Ώ•ΐ‚Τ‹ί—Χ¤‹Ζ’nζ,s“Ή,–k,11,,,,ƒKƒX,…“Ή,‰Ί…“Ή,γ–k‘δ,,"1,300 ",‹ί¤,€–h,80 ,200 ,,,,,,,,,,
Z,13223 ,8 ,•‘ ‘ΊR,5 ,2 ,•‘ ‘ΊRs,–{’¬‚P’–Ϊ‚U”Τ‚R,,"144,000 ","141,000 ",2.1 ,105 ,,1,2,“X•ά“Z‘ξ,‚r,3F,,¬”„“X•ά“™‚ª‚Ώ•ΐ‚ΤX“Ή‰‚Ά‚ΜHό¤‹Ζ’nζ,“s“Ή,–k“,8.5,,,,ƒKƒX,…“Ή,‰Ί…“Ή,•‘ »μ,,"3,600 ",‹ί¤,€–h,80 ,300 ,,,,,,,,,,
Z,13223 ,8 ,•‘ ‘ΊR,9 ,1 ,•‘ ‘ΊRs,Ι“ή•½‚P’–Ϊ‚V‚P”Τ‚P,,"139,000 ","133,000 ",4.5 ,"1,464 ",‘δ`,1,1.5,Hκ,,,,’†¬‹K–Ν‚ΜHκA–‹Ζ‚ª‘½‚ΆH‹Ζ’nζ,s“Ή,“μ,10,,,,,…“Ή,‰Ί…“Ή,Ό•—§μ,,"2,300 ",H‹Ζ,€–h,60 ,200 ,,,,,,,,,,
Z,13224 ,8 ,‘½–€,0 ,1 ,‘½–€s,χƒP‹u‚P’–Ϊ‚T‚V”Τ‚U,,"273,000 ","258,000 ",5.8 ,227 ,,1,1.5,Z‘ξ,‚k‚r,2F,,’†‹K–Νκ”ΚZ‘ξ‚ª‘½‚ΆΥΓ‚ΘZ‘ξ’nζ,s“Ή,“μ,4.4,,,,ƒKƒX,…“Ή,‰Ί…“Ή,ΉΦχƒ–‹u,,500 ,‚P’ακ,,40 ,80 ,,,,,,,,,,
Z,13224 ,8 ,‘½–€,0 ,2 ,‘½–€s,”nψ‘ς‚Q’–Ϊ‚P‚R”Τ‚P‚T,,"203,000 ","197,000 ",3.0 ,299 ,,1,1.5,‹¤“―Z‘ξ,‚k‚r,2F,,’†‘wƒ}ƒ“ƒVƒ‡ƒ“A“X•ά“™‚ª¬έ‚·‚ιZ‘ξ’nζ,“s“Ή,Ό,21,,,,,…“Ή,‰Ί…“Ή,‹‰¤‰iR,,950 ,‚Q’†κ,€–h,60 ,200 ,,,,,,,,,,
Z,13224 ,8 ,‘½–€,0 ,3 ,‘½–€s,‘εa“c‚P‚R‚X”Τ‚P,,"168,000 ","165,000 ",1.8 ,305 ,,1,1.2,Z‘ξ,‚v,2F,,Z‘ξ“™‚Μ‚Ω‚©‹σ’n‚ΰ‘½‚Ά‹ζ‰ζ®—Ο‚ΜZ‘ξ’nζ,s“Ή,Ό,10.5,,,,ƒKƒX,…“Ή,‰Ί…“Ή,ΉΦχƒ–‹u,,"2,000 ",‚Q’†κ,€–h,60 ,200 ,,,,,,,,,,
Z,13224 ,8 ,‘½–€,0 ,4 ,‘½–€s,Aυ›‚P’–Ϊ‚Q‚P”Τ‚U,,"168,000 ","167,000 ",0.6 ,139 ,,1,1.5,Z‘ξ,‚v,2F,,’†‹K–Νκ”ΚZ‘ξ‚ª‘½‚Ά‹u—Λ’n‚ΜZ‘ξ’nζ,s“Ή,“,5,,,,ƒKƒX,…“Ή,‰Ί…“Ή,ΉΦχƒ–‹u,,"1,200 ",‚P’ακ,,40 ,80 ,,,,,,,,,,
Z,13224 ,8 ,‘½–€,0 ,5 ,‘½–€s,—‡‚P’–Ϊ‚Q‚Q”Τ‚V,,"266,000 ","252,000 ",5.6 ,236 ,,1,1,‹¤“―Z‘ξ,‚r,3F,1B,κ”ΚZ‘ξA‹¤“―Z‘ξ“™‚ª¬έ‚·‚ιZ‘ξ’nζ,s“Ή,–kΌ,6,,,,ƒKƒX,…“Ή,‰Ί…“Ή,‹‰¤‘½–€ƒZƒ“ƒ^[,,800 ,‚QZ‹,€–h,60 ,300 ,,,,,,,,,,
Z,13224 ,8 ,‘½–€,0 ,6 ,‘½–€s,κƒm‹{‚P’–Ϊ‚P‚P”Τ‚P‚X,,"253,000 ","243,000 ",4.1 ,188 ,,1,2,Z‘ξ,‚v,2F,,κ”ΚZ‘ξ‚Μ’†‚ΙƒAƒp[ƒg‚Μ¬έ‚·‚ιω¬Z‘ξ’nζ,s“Ή,–k“,5.7,,,,ƒKƒX,…“Ή,‰Ί…“Ή,ΉΦχƒ–‹u,,750 ,‚P’ακ,,40 ,80 ,,,,,,,,,,
Z,13224 ,8 ,‘½–€,0 ,7 ,‘½–€s,’ί–q‚Q’–Ϊ‚Q‚P”Τ‚P‚VO,,"250,000 ","237,000 ",5.5 ,603 ,,1,1,‹¤“―Z‘ξ,‚q‚b,5F,,’†‘w‚Μƒ}ƒ“ƒVƒ‡ƒ“A“X•ά“™‚Μ¬έ‚·‚ιZ‘ξ’nζ,“s“Ή,–kΌ,20,,,,,…“Ή,‰Ί…“Ή,“‚–Ψ“c,,500 ,‚Q’†κ,€–h,60 ,200 ,,,,,,,,,,
Z,13224 ,8 ,‘½–€,0 ,8 ,‘½–€s,κƒm‹{‚S’–Ϊ‚P‚R”Τ‚P‚R,,"305,000 ","293,000 ",4.1 ,211 ,,1.2,1,Z‘ξ,‚v,2F,,’†‹K–Νκ”ΚZ‘ξ‚ª‘½‚Ά‹ζ‰ζ®‘R‚Ζ‚µ‚½Z‘ξ’nζ,s“Ή,“μ,4,,,,ƒKƒX,…“Ή,‰Ί…“Ή,ΉΦχƒ–‹u,,680 ,‚P’ακ,,40 ,80 ,,,,,*,13224,0 ,5 ,"298,000 ",2.3 
Z,13224 ,8 ,‘½–€,0 ,9 ,‘½–€s,ΦΛ‚Q’–Ϊ‚X”Τ‚T,,"283,000 ","269,000 ",5.2 ,118 ,,1,2,Z‘ξ,‚v,2F,,κ”ΚZ‘ξ‚Μ’†‚ΙƒAƒp[ƒg‚ΰ©‚η‚κ‚ιω¬Z‘ξ’nζ,s“Ή,–k“,4,,,,ƒKƒX,…“Ή,‰Ί…“Ή,ΉΦχƒ–‹u,,450 ,‚P’ακ,,40 ,80 ,,,,,,,,,,
Z,13224 ,8 ,‘½–€,0 ,10 ,‘½–€s,ΉƒP‹u‚R’–Ϊ‚Q‚U”Τ‚P‚U,,"129,000 ","128,000 ",0.8 ,123 ,,1.2,1,Z‘ξ,‚k‚r,2F,,κ”ΚZ‘ξ‚ª‚Ώ•ΐ‚Τ‹}XΞ’n‚ΜZ‘ξ’nζ,„“Ή,“μΌ,4,,,,ƒKƒX,…“Ή,‰Ί…“Ή,‹‰¤‰iR,,"1,800 ",‚P’ακ,,40 ,80 ,,,,,,,,,,
Z,13224 ,8 ,‘½–€,0 ,11 ,‘½–€s,z–K‚P’–Ϊ‚Q‚V”Τ‚Q‚T,,"202,000 ","195,000 ",3.6 ,133 ,,1,1.2,Z‘ξ,‚v,2F,,κ”ΚZ‘ξ“™‚ª‚Ώ•ΐ‚Τ‹ζ‰ζ®‘R‚Ζ‚µ‚½Z‘ξ’nζ,s“Ή,“μ,4,,,,ƒKƒX,…“Ή,‰Ί…“Ή,‹‰¤‰iR,,800 ,‚P’ακ,,40 ,80 ,,,,,,,,,,
Z,13224 ,8 ,‘½–€,0 ,12 ,‘½–€s,‘εa“c\O†‚P‚Q‚O‚O”Τ‚R,,"142,000 ","141,000 ",0.7 ,185 ,‘δ`,1,1,‹¤“―Z‘ξ,‚v,2F,,Z‘ξAƒAƒp[ƒg‚Μ‚Ω‚©‹σ’n‚ΰ©‚η‚κ‚ιZ‘ξ’nζ,s“Ή,–k,8.6,,,,,…“Ή,‰Ί…“Ή,ΉΦχƒ–‹u,,"2,700 ",‚P’ακ,,40 ,80 ,,,,,,,,,,
Z,13224 ,8 ,‘½–€,0 ,13 ,‘½–€s,¤“†‚P’–Ϊ‚U‚R‚O”Τ‚Q‚U,,"159,000 ","157,000 ",1.3 ,232 ,,1,1.5,Z‘ξ,‚v,2F,,’†‹K–Νκ”ΚZ‘ξ‚ª‚Ώ•ΐ‚ΤZ‘ξ’nζ,s“Ή,“μ“,6,,,,ƒKƒX,…“Ή,‰Ί…“Ή,‹‰¤‘½–€ƒZƒ“ƒ^[,,"1,600 ",‚P’ακ,,40 ,80 ,,,,,,,,,,
Z,13224 ,8 ,‘½–€,0 ,14 ,‘½–€s,“‚–Ψ“c‚P’–Ϊ‚S‚U”Τ‚P‚S,,"226,000 ","217,000 ",4.1 ,251 ,,1,1,‹¤“―Z‘ξ,‚q‚b,3F,,κ”ΚZ‘ξAƒAƒp[ƒg‚ª‚ ‚ι‹ζ‰ζ®—Ο‚ΜZ‘ξ’nζ,s“Ή,“μ“,10,,,,ƒKƒX,…“Ή,‰Ί…“Ή,“‚–Ψ“c,,400 ,‚Q’†κ,€–h,60 ,200 ,,,,,,,,,,
Z,13224 ,8 ,‘½–€,0 ,15 ,‘½–€s,’ί–q‚T’–Ϊ‚R‚R”Τ‚P‚O,,"203,000 ","196,000 ",3.6 ,200 ,,1,1,Z‘ξ,‚v,2F,,’†‹K–Νκ”ΚZ‘ξ‚ª‘½‚Ά‹ζ‰ζ®‘R‚Ζ‚µ‚½Z‘ξ’nζ,s“Ή,“μΌ,6,,,,ƒKƒX,…“Ή,‰Ί…“Ή,“‚–Ψ“c,,"1,200 ",‚P’ακ,,40 ,80 ,,,,,,,,,,
Z,13224 ,8 ,‘½–€,0 ,16 ,‘½–€s,Aυ›‚S’–Ϊ‚U”Τ‚X,,"129,000 ","129,000 ",0.0 ,200 ,,1.2,1,Z‘ξ,‚v,2F,,’†‹K–Νκ”ΚZ‘ξ‚ª‘½‚Ά–kXΞ‚ΜZ‘ξ’nζ,s“Ή,“μ,4,,,,,…“Ή,‰Ί…“Ή,ΉΦχƒ–‹u,,"2,300 ",‚P’ακ,,40 ,80 ,,,,,,,,,,
Z,13224 ,8 ,‘½–€,0 ,17 ,‘½–€s,‰iR‚U’–Ϊ‚T”Τ‚P‚Q,,"147,000 ","145,000 ",1.4 ,210 ,,1,1,Z‘ξ,‚v,2F,,’†‹K–Νκ”ΚZ‘ξ‚ª‹ζ‰ζ®‘R‚Ζ‚Ώ•ΐ‚ΤZ‘ξ’nζ,s“Ή,“μΌ,6,,,,ƒKƒX,…“Ή,‰Ί…“Ή,‹‰¤‰iR,,"2,100 ",‚P’ακ,,40 ,80 ,,,,,,,,,,
Z,13224 ,8 ,‘½–€,0 ,18 ,‘½–€s,ξ“c‚W‚R‚W”Τ‚P,,"216,000 ","206,000 ",4.9 ,157 ,,1,2.5,Z‘ξ,‚k‚r,2F,,Z‘ξAƒAƒp[ƒg‚ª¬έ‚·‚ι‹ζ‰ζ®—Ο‚ΜZ‘ξ’nζ,s“Ή,“μ“,6,,,,ƒKƒX,…“Ή,‰Ί…“Ή,‹‰¤‘½–€ƒZƒ“ƒ^[,,"1,100 ",‚PZ‹,€–h,60 ,200 ,,,,,*,13224,0 ,14 ,"210,000 ",2.9 
Z,13224 ,8 ,‘½–€,0 ,20 ,‘½–€s,‰iR‚P’–Ϊ‚P‚T”Τ‚S‚S,,"236,000 ","226,000 ",4.4 ,112 ,,1,2,Z‘ξ,‚v,2F,,κ”ΚZ‘ξ“™‚ª‚Ώ•ΐ‚Τ‹ζ‰ζ®‘R‚Ζ‚µ‚½Z‘ξ’nζ,s“Ή,“,6,,,,ƒKƒX,…“Ή,‰Ί…“Ή,‹‰¤‰iR,,500 ,‚Q’†κ,€–h,60 ,200 ,,,,,,,,,,
Z,13224 ,8 ,‘½–€,0 ,21 ,‘½–€s,”nψ‘ς‚P’–Ϊ‚P‚S”Τ‚P‚W,,"215,000 ","205,000 ",4.9 ,132 ,,1,1,Z‘ξ,‚k‚r,2F,,κ”ΚZ‘ξ“™‚ª‚Ώ•ΐ‚Τ‹ζ‰ζ®‘R‚Ζ‚µ‚½Z‘ξ’nζ,s“Ή,“μ“,6,,,,ƒKƒX,…“Ή,‰Ί…“Ή,‹‰¤‰iR,,800 ,‚Q’†κ,€–h,60 ,200 ,,,,,,,,,,
Z,13224 ,8 ,‘½–€,0 ,22 ,‘½–€s,—‡‚R’–Ϊ‚P‚P”Τ‚P‚P,,"207,000 ","200,000 ",3.5 ,183 ,,1,1,‹¤“―Z‘ξ,‚q‚b,3F,,κ”ΚZ‘ξAƒAƒp[ƒg“™‚ª¬έ‚·‚ιZ‘ξ’nζ,s“Ή,“,6,,,,ƒKƒX,…“Ή,‰Ί…“Ή,‹‰¤‘½–€ƒZƒ“ƒ^[,,"1,300 ",‚Q’†κ,€–h,60 ,200 ,,,,,,,,,,
Z,13224 ,8 ,‘½–€,0 ,23 ,‘½–€s,“μ–μ‚Q’–Ϊ‚V”Τ‚R,,"159,000 ","158,000 ",0.6 ,165 ,,1,1,Z‘ξ,‚v,2F,,κ”ΚZ‘ξ‚Μ‚Ω‚©ƒ}ƒ“ƒVƒ‡ƒ“‚ΰ©‚η‚κ‚ιZ‘ξ’nζ,s“Ή,“μ,6,,,,ƒKƒX,…“Ή,‰Ί…“Ή,‹‰¤‘½–€ƒZƒ“ƒ^[,,"2,400 ",‚Q’†κ,€–h,60 ,200 ,,,,,,,,,,
Z,13224 ,8 ,‘½–€,0 ,24 ,‘½–€s,Aυ›‚P’–Ϊ‚V”Τ‚Q‚S,,"162,000 ","160,000 ",1.3 ,143 ,,1.5,1,Z‘ξ,‚v,2F,,κ”ΚZ‘ξ‚Μ’†‚ΙƒAƒp[ƒg‚ΰ¬έ‚·‚ιZ‘ξ’nζ,s“Ή,“,4,,,,ƒKƒX,…“Ή,‰Ί…“Ή,ΉΦχƒ–‹u,,"1,100 ",‚P’ακ,,40 ,80 ,,,,,,,,,,
Z,13224 ,8 ,‘½–€,0 ,25 ,‘½–€s,ΦΛ‚S’–Ϊ‚Q‚V”Τ‚R,,"322,000 ","306,000 ",5.2 ,243 ,,1,1.5,‹¤“―Z‘ξ,‚q‚b,3F,,Z‘ξAƒAƒp[ƒg‚ª¬έ‚·‚ι—•Φ«‚Μ—Η‚ΆZ‘ξ’nζ,s“Ή,Ό,4,,,,ƒKƒX,…“Ή,‰Ί…“Ή,ΉΦχƒ–‹u,,400 ,‚QZ‹,€–h,60 ,200 ,,,,,,,,,,
Z,13224 ,8 ,‘½–€,0 ,26 ,‘½–€s,ΦΛ‚T’–Ϊ‚Q‚T”Τ‚Q‚Q,,"218,000 ","210,000 ",3.8 ,263 ,,1,1.2,Z‘ξ,‚v,2F,,κ”ΚZ‘ξAƒAƒp[ƒg“™‚ª¬έ‚·‚ιω¬Z‘ξ’nζ,“s“Ή,“μ“,10,,,,ƒKƒX,…“Ή,‰Ί…“Ή,ΉΦχƒ–‹u,,850 ,‚Q’†κ,€–h,60 ,200 ,,,,,*,13224,0 ,13 ,"213,000 ",2.3 
Z,13224 ,8 ,‘½–€,0 ,27 ,‘½–€s,Lζ‚P’–Ϊ‚T‚U”Τ‚S,,"179,000 ","178,000 ",0.6 ,108 ,,1,1,Z‘ξ,‚v,2F,,κ”ΚZ‘ξ‚Μ’†‚Ι‹σ’n“™‚ª©‚η‚κ‚ιZ‘ξ’nζ,s“Ή,“μ“,6,,,,ƒKƒX,…“Ή,‰Ί…“Ή,‹‰¤‰iR,,"1,400 ",‚Q’†κ,€–h,60 ,200 ,,,,,,,,,,
Z,13224 ,8 ,‘½–€,0 ,28 ,‘½–€s,χƒP‹u‚S’–Ϊ‚P‚U”Τ‚P,,"163,000 ","160,000 ",1.9 ,224 ,,1,1.5,Z‘ξ,‚v,2F,,’†‹K–Νκ”ΚZ‘ξ‚ª‚Ώ•ΐ‚Τ‹u—Λ’n‚ΜZ‘ξ’nζ,s“Ή,–k,6,,,,ƒKƒX,…“Ή,‰Ί…“Ή,ΉΦχƒ–‹u,,"1,300 ",‚P’ακ,,40 ,80 ,,,,,,,,,,
Z,13224 ,8 ,‘½–€,0 ,29 ,‘½–€s,‘εa“c“ρ\κ†‚P‚W‚U‚X”Τ‚T,,"160,000 ","156,000 ",2.6 ,170 ,‘δ`,1,1,Z‘ξ,‚v,2F,,Z‘ξAƒAƒp[ƒg‚Μ‚Ω‚©’“Τκ‚ΰ©‚η‚κ‚ιZ‘ξ’nζ,s“Ή,“μ,4,,,,ƒKƒX,…“Ή,‰Ί…“Ή,ΉΦχƒ–‹u,,"1,600 ",‚P’ακ,,40 ,80 ,,,,,,,,,,
,13224 ,8 ,‘½–€,0 ,30 ,‘½–€s,Aυ›‚U’–Ϊ‚Q‚X”Τ‚U,,"125,000 ",,,131 ,,1,1.5,Z‘ξ,‚v,2F,,’†¬‹K–Ν‚Μκ”ΚZ‘ξ‚ª‘½‚ΆXΞ’n‚ΜZ‘ξ’nζ,s“Ή,“,6,,,,ƒKƒX,…“Ή,‰Ί…“Ή,‹‰¤‰iR,,"2,400 ",‚P’ακ,,40 ,80 ,,,,,,,,,,
Z,13224 ,8 ,‘½–€,0 ,31 ,‘½–€s,κƒm‹{‚Q’–Ϊ‚Q‚T”Τ‚U,,"264,000 ","253,000 ",4.3 ,138 ,,1,1.2,Z‘ξ,‚v,2F,1B,κ”ΚZ‘ξ‚Μ‚Ω‚©AƒAƒp[ƒg‚ΰ©‚η‚κ‚ιZ‘ξ’nζ,s“Ή,“μΌ,5,,,,ƒKƒX,…“Ή,‰Ί…“Ή,ΉΦχƒ–‹u,,600 ,‚Q’†κ,€–h,50 ,150 ,,,,,,,,,,
Z,13224 ,8 ,‘½–€,0 ,32 ,‘½–€s,‘ε—μ\‹γ†‚P‚R‚T‚S”Τ‚P‚O,,"156,000 ","153,000 ",2.0 ,147 ,,1,1.5,Z‘ξ,‚v,2F,,’†¬‹K–Νκ”ΚZ‘ξ‚ª‘½‚Άέ—‚ΜZ‘ξ’nζ,„“Ή,–k,5,,,,ƒKƒX,…“Ή,‰Ί…“Ή,ΉΦχƒ–‹u,,"2,000 ",‚P’ακ,,40 ,80 ,,,,,,,,,,
Z,13224 ,8 ,‘½–€,5 ,1 ,‘½–€s,ξ“c‚V‚S‚S”Τ‚P,,"236,000 ","225,000 ",4.9 ,366 ,,1,1.2,––±“‹¤“―Z‘ξ,‚r,2F,,ωH“XA––±“™‚ª‘½‚Ά“s“Ή‰‚Ά‚Μ¤‹Ζ’nζ,“s“Ή,–k,30,,,,ƒKƒX,…“Ή,‰Ί…“Ή,‹‰¤‘½–€ƒZƒ“ƒ^[,,"1,200 ",€Z‹,€–h,60 ,200 ,,,,,,,,,,
Z,13224 ,8 ,‘½–€,5 ,2 ,‘½–€s,κƒm‹{‚Q’–Ϊ‚P‚R”Τ‚RO,,"568,000 ","518,000 ",9.7 ,263 ,,1,1.2,“X•ά“‹¤“―Z‘ξ,‚q‚b,15F,,“X•άA––±Aƒ}ƒ“ƒVƒ‡ƒ“‚ª¬έ‚·‚ι¤‹Ζ’nζ,“s“Ή,“μ,28.9,,,,ƒKƒX,…“Ή,‰Ί…“Ή,ΉΦχƒ–‹u,,300 ,¤‹Ζ,–h‰Ξ,80 ,500 ,,,,,,,,,,
Z,13224 ,8 ,‘½–€,5 ,3 ,‘½–€s,‰iR‚P’–Ϊ‚Q”Τ‚P‚R,,"356,000 ","337,000 ",5.6 ,447 ,,1.2,1,“X•ά,‚r,1F,,“X•άAƒ}ƒ“ƒVƒ‡ƒ““™‚ª¬έ‚·‚ι¤‹Ζ’nζ,“s“Ή,–k“,22,,,,ƒKƒX,…“Ή,‰Ί…“Ή,‹‰¤‰iR,,260 ,‹ί¤,€–h,80 ,300 ,,,,,,,,,,
Z,13224 ,8 ,‘½–€,5 ,4 ,‘½–€s,—‡‚P’–Ϊ‚X”Τ‚UO,,"489,000 ","464,000 ",5.4 ,392 ,,1,1,“X•ά,‚r‚q‚b,11F,1B,“X•άƒrƒ‹A’“Τκ“™‚ª¬έ‚·‚ι‰w‘O‚Μ¤‹Ζ’nζ,s“Ή,“μ,6,,”w–Κ“Ή,,ƒKƒX,…“Ή,‰Ί…“Ή,‹‰¤‘½–€ƒZƒ“ƒ^[,‹ίΪ,0 ,¤‹Ζ,–h‰Ξ,80 ,500 ,,,,,,,,,,
Z,13224 ,8 ,‘½–€,5 ,5 ,‘½–€s,ΦΛ‚P’–Ϊ‚P‚P”Τ‚X,,"945,000 ","840,000 ",12.5 ,220 ,‘δ`,2,1,“X•ά“––±,‚r,6F,,’†‚‘w‚Μ“X•άA––±ƒrƒ‹“™‚ª‚Ώ•ΐ‚Τ¤‹Ζ’nζ,“s“Ή,“μ,29,,,,ƒKƒX,…“Ή,‰Ί…“Ή,ΉΦχƒ–‹u,,100 ,¤‹Ζ,–h‰Ξ,80 ,500 ,,,,,*,13224,5 ,2 ,"890,000 ",6.2 
Z,13225 ,8 ,ξι,0 ,1 ,ξιs,‘ε“’·ΐµ†‚Q‚P‚R‚Q”Τ‚Q,,"307,000 ","294,000 ",4.4 ,108 ,,1,1.5,‹¤“―Z‘ξ,‚v,2F,,κ”ΚZ‘ξAƒAƒp[ƒg‚Μ‚Ω‚©‚Ι”_’n‚ΰc‚ιZ‘ξ’nζ,s“Ή,–k“,6,,,,ƒKƒX,…“Ή,‰Ί…“Ή,ξι,,560 ,‚P’ακ,€–h,50 ,100 ,,,,,,,,,,
Z,13225 ,8 ,ξι,0 ,2 ,ξιs,‘ε“’·ΐZ†‚P‚X‚W‚U”Τ‚X,,"284,000 ","275,000 ",3.3 ,115 ,,1,1.5,Z‘ξ,‚v,2F,,κ”ΚZ‘ξ‚Μ‚Ω‚©‚ΙƒAƒp[ƒg“™‚ª©‚η‚κ‚ιZ‘ξ’nζ,s“Ή,–kΌ,5,,,,ƒKƒX,…“Ή,‰Ί…“Ή,ξι’·ΐ,,700 ,‚P’ακ,,40 ,80 ,,,,,,,,,,
Z,13225 ,8 ,ξι,0 ,3 ,ξιs,‘ε–ξ–μϋª•ϋ‚Q‚U‚T‚R”Τ‚P,,"290,000 ","275,000 ",5.5 ,134 ,‘δ`,1.5,1,Z‘ξ,‚r,2F,,κ”ΚZ‘ξ‚Μ‚Ω‚©‚ΙƒAƒp[ƒg“™‚ª©‚η‚κ‚ιZ‘ξ’nζ,s“Ή,–k,6,,,,ƒKƒX,…“Ή,‰Ί…“Ή,‹‰¤‚ζ‚έ‚¤‚θƒ‰ƒ“ƒh,,630 ,‚P’ακ,,40 ,80 ,,,,,,,,,,
Z,13225 ,8 ,ξι,0 ,4 ,ξιs,‘ε‰—§’†Φ‚V‚U‚R”Τ‚P,,"277,000 ","266,000 ",4.1 ,112 ,‘δ`,1,1.2,Z‘ξ,‚v,2F,,¬‹K–Νκ”ΚZ‘ξ‚Μ’†‚Ι”_’n‚ª©‚η‚κ‚ιZ‘ξ’nζ,s“Ή,“,5.3,,,,ƒKƒX,…“Ή,‰Ί…“Ή,–ξ–μϋ,,"1,000 ",‚P’ακ,,40 ,80 ,,,,,,,,,,
Z,13225 ,8 ,ξι,0 ,5 ,ξιs,‘ε‘εΫl†‚S‚S‚O”Τ‚Q,,"270,000 ","260,000 ",3.8 ,117 ,‘δ`,1.2,1,‹¤“―Z‘ξ,‚v,2F,,κ”ΚZ‘ξAƒAƒp[ƒg‚Μ‚Ω‚©‚Ι”_’n‚ΰc‚ιZ‘ξ’nζ,s“Ή,“μ,6,,‘¤“Ή,Ό,ƒKƒX,…“Ή,‰Ί…“Ή,“μ‘½–€,,500 ,‚P’ακ,,40 ,80 ,,,,,,,,,,
Z,13225 ,8 ,ξι,0 ,6 ,ξιs,‘ε“’·ΐµ†‚Q‚P‚Q‚O”Τ‚Q,,"350,000 ","335,000 ",4.5 ,210 ,,1.5,1,‹¤“―Z‘ξ,‚r,3F,,κ”ΚZ‘ξAƒAƒp[ƒg“™‚ª©‚η‚κ‚ιZ‘ξ’nζ,s“Ή,Ό,6,,,,ƒKƒX,…“Ή,‰Ί…“Ή,ξι,,320 ,‚Q’†κ,€–h,50 ,150 ,,,,,,,,,,
Z,13225 ,8 ,ξι,0 ,7 ,ξιs,‘ε•S‘ΊO†‚Q‚T‚P”Τ‚V,,"209,000 ","202,000 ",3.5 ,154 ,,1.2,1,Z‘ξ,‚v,2F,,κ”ΚZ‘ξ‚ª‚Ώ•ΐ‚Τ‚Θ‚©”_’n‚ΰ©‚η‚κ‚ιZ‘ξ’nζ,s“Ή,–k“,4,,,,ƒKƒX,…“Ή,‰Ί…“Ή,ξι,,900 ,‚P’ακ,,40 ,80 ,,,,,,,,,,
Z,13225 ,8 ,ξι,0 ,8 ,ξιs,‘εβ•l”ª†‚T‚R‚X”Τ‚V,,"159,000 ","154,000 ",3.2 ,105 ,,1.5,1,Z‘ξ,‚v,2F,1B,¬‹K–Νκ”ΚZ‘ξ‚Μ‚Ω‚©‚Ι‹σ’n‚ª©‚η‚κ‚ιZ‘ξ’nζ,„“Ή,“,5,,‘¤“Ή,“μ,,…“Ή,‰Ί…“Ή,ξι,,"1,800 ",‚P’ακ,,30 ,60 ,,,,,,,,,,
Z,13225 ,8 ,ξι,0 ,9 ,ξιs,‘ε•S‘Ί\µ†‚P‚U‚Q‚O”Τ‚P‚W,,"303,000 ","293,000 ",3.4 ,132 ,,1.2,1,Z‘ξ,‚v,2F,,κ”ΚZ‘ξ‚Μ‚Ω‚©‚ΙƒAƒp[ƒg‚ΰ©‚η‚κ‚ιZ‘ξ’nζ,s“Ή,–k“,6,,,,ƒKƒX,…“Ή,‰Ί…“Ή,ξι,,280 ,‚P’ακ,€–h,50 ,100 ,,,,,,,,,,
Z,13225 ,8 ,ξι,0 ,10 ,ξιs,‘ε“’·ΐκ†‚R‚Q‚P”Τ‚T,,"310,000 ","299,000 ",3.7 ,138 ,,1,1.5,‹¤“―Z‘ξ,‚v,2F,,Z‘ξAƒAƒp[ƒgA–‹Ζ“™‚ª¬έ‚·‚ιZ‘ξ’nζ,s“Ή,“μΌ,16,,,,ƒKƒX,…“Ή,‰Ί…“Ή,ξι’·ΐ,,580 ,‚Q’†κ,€–h,50 ,150 ,,,,,,,,,,
Z,13225 ,8 ,ξι,0 ,11 ,ξιs,‘ε“’·ΐl†‚P‚Q‚W‚R”Τ‚S,,"315,000 ","300,000 ",5.0 ,118 ,,1.2,1,Z‘ξ,‚k‚r,2F,,κ”ΚZ‘ξAƒAƒp[ƒg“™‚ª©‚η‚κ‚ιZ‘ξ’nζ,s“Ή,–k,7,,‘¤“Ή,“,ƒKƒX,…“Ή,‰Ί…“Ή,ξι’·ΐ,,370 ,‚P’ακ,,40 ,80 ,,,,,*,13225,0 ,12 ,"305,000 ",3.3 
Z,13225 ,8 ,ξι,0 ,12 ,ξιs,‘ε–ξ–μϋΌ—t‚P‚X‚P‚T”Τ‚T‚S,,"298,000 ","289,000 ",3.1 ,105 ,,1,1.5,Z‘ξ,‚k‚r,2F,,κ”ΚZ‘ξ‚ª‚Ώ•ΐ‚Τ‹ζ‰ζ®‘R‚Ζ‚µ‚½Z‘ξ’nζ,s“Ή,–kΌ,6,,,,,…“Ή,‰Ί…“Ή,‹‰¤‚ζ‚έ‚¤‚θƒ‰ƒ“ƒh,,550 ,€H,€–h,60 ,200 ,,,,,,,,,,
Z,13225 ,8 ,ξι,0 ,13 ,ξιs,ό—z‘δ‚P’–Ϊ‚U”Τ‚U,,"247,000 ","240,000 ",2.9 ,202 ,,1,1.2,Z‘ξ,‚v,2F,,κ”ΚZ‘ξ‚ª‚Ώ•ΐ‚Τ‹ζ‰ζ®‘R‚Ζ‚µ‚½Z‘ξ’nζ,s“Ή,“μ“,6,,,,ƒKƒX,…“Ή,‰Ί…“Ή,ξι,,850 ,‚P’ακ,,40 ,80 ,,,,,,,,,,
Z,13225 ,8 ,ξι,0 ,14 ,ξιs,•½”φ‚P’–Ϊ‚P‚V”Τ‚T,,"236,000 ","220,000 ",7.3 ,102 ,,1,1.5,Z‘ξ,‚v,2F,,κ”ΚZ‘ξ“™‚ª‚Ώ•ΐ‚Τ‹ζ‰ζ®—Ο‚ΜZ‘ξ’nζ,s“Ή,–k“,6,,,,ƒKƒX,…“Ή,‰Ί…“Ή,V•S‡ƒ–‹u,,"1,800 ",‚P’ακ,€–h,50 ,100 ,,,,,,,,,,
Z,13225 ,8 ,ξι,0 ,15 ,ξιs,‘ε‘εΫµ†‚V‚X‚P”Τ‚Q,,"272,000 ","264,000 ",3.0 ,100 ,,1,1,Z‘ξ,‚v,2F,,κ”ΚZ‘ξ‚Μ’†‚ΙƒAƒp[ƒg‚ΰ©‚η‚κ‚ιZ‘ξ’nζ,s“Ή,“μΌ,7.2,,,,ƒKƒX,…“Ή,‰Ί…“Ή,“μ‘½–€,,680 ,‚P’ακ,,40 ,80 ,,,,,,,,,,
Z,13225 ,8 ,ξι,0 ,16 ,ξιs,‘ε–ξ–μϋh‚V‚V‚Q”Τ‚SO,,"300,000 ","285,000 ",5.3 ,184 ,‘δ`,1.2,1,Z‘ξ,‚v,2F,,κ”ΚZ‘ξ‚Μ‚Ω‚©‚ΙƒAƒp[ƒg‚ª©‚η‚κ‚ιZ‘ξ’nζ,s“Ή,Ό,4,,,,ƒKƒX,…“Ή,‰Ί…“Ή,–ξ–μϋ,,500 ,‚Q’†κ,€–h,60 ,200 ,,,,,,,,,,
Z,13225 ,8 ,ξι,0 ,17 ,ξιs,α—t‘δ‚S’–Ϊ‚P‚U”Τ‚R,,"251,000 ","240,000 ",4.6 ,191 ,,1.2,1,Z‘ξ,‚v,2F,,’†‹K–Νκ”ΚZ‘ξ‚ª‚Ώ•ΐ‚ΤZ‘ξ’nζ,s“Ή,Ό,10,,,,ƒKƒX,…“Ή,‰Ί…“Ή,α—t‘δ,,"1,300 ",‚P’ακ,,40 ,80 ,,,,,,,,,,
Z,13225 ,8 ,ξι,0 ,18 ,ξιs,‘εβ•ll\“ρ†‚R‚P‚V‚R”Τ‚T,,"178,000 ","167,000 ",6.6 ,154 ,‘δ`,1,1.5,Z‘ξ,‚k‚r,2F,,κ”ΚZ‘ξ‚ª‚Ώ•ΐ‚Τ‹u—Λ’n‚ΜZ‘ξ’nζ,“ΉH,“μ,5,,,,ƒKƒX,…“Ή,‰Ί…“Ή,ξι,,"1,400 ",‚P’ακ,,40 ,80 ,,,,,,,,,,
Z,13225 ,8 ,ξι,0 ,19 ,ξιs,•½”φ‚Q’–Ϊ‚V‚W”Τ‚R,,"210,000 ","202,000 ",4.0 ,244 ,,1,1,Z‘ξ,‚v,2F,,κ”ΚZ‘ξ‚ª‚Ώ•ΐ‚Τ‹ζ‰ζ®‘R‚Ζ‚µ‚½Z‘ξ’nζ,s“Ή,–k“,6,,,,ƒKƒX,…“Ή,‰Ί…“Ή,V•S‡ƒ–‹u,,"2,300 ",‚P’ακ,,40 ,80 ,,,,,,,,,,
Z,13225 ,8 ,ξι,0 ,20 ,ξιs,α—t‘δ‚P’–Ϊ‚S‚U”Τ‚W,,"248,000 ","239,000 ",3.8 ,209 ,,1,1,Z‘ξ,‚k‚r,2F,,κ”ΚZ‘ξ‚ª‚Ώ•ΐ‚Τ‹ζ‰ζ®‘R‚Ζ‚µ‚½Z‘ξ’nζ,s“Ή,–k,6,,,,ƒKƒX,…“Ή,‰Ί…“Ή,α—t‘δ,,900 ,‚P’ακ,,40 ,80 ,,,,,,,,,,
Z,13225 ,8 ,ξι,0 ,21 ,ξιs,ό—z‘δ‚R’–Ϊ‚Q‚P”Τ‚R,,"236,000 ","227,000 ",4.0 ,200 ,,1,1,Z‘ξ,‚v,2F,,κ”ΚZ‘ξ‚ª‚Ώ•ΐ‚Τ‹ζ‰ζ®‘R‚Ζ‚µ‚½Z‘ξ’nζ,s“Ή,“μ“,6,,,,ƒKƒX,…“Ή,‰Ί…“Ή,ξι,,"1,800 ",‚P’ακ,,40 ,80 ,,,,,,,,,,
Z,13225 ,8 ,ξι,0 ,22 ,ξιs,‘ε“’·ΐά†‚P‚V‚P‚X”Τ‚V,,"303,000 ","294,000 ",3.1 ,111 ,,1,1.2,Z‘ξ,‚v,2F,,κ”ΚZ‘ξ‚ª‚Ώ•ΐ‚Τ‹ζ‰ζ®—Ο‚ΜZ‘ξ’nζ,s“Ή,“μ,5,,,,ƒKƒX,…“Ή,‰Ί…“Ή,ξι’·ΐ,,"1,000 ",‚Q’†κ,€–h,50 ,150 ,,,,,,,,,,
,13225 ,8 ,ξι,0 ,23 ,ξιs,‘ε–ξ–μϋ’ΛΛ‚T‚S‚Q”Τ‚P‚R,,"313,000 ",,,83 ,,1,2,Z‘ξ,‚v,2F,,κ”ΚZ‘ξAƒAƒp[ƒg“™‚ª©‚η‚κ‚ιZ‘ξ’nζ,s“Ή,–kΌ,4.5,,,,ƒKƒX,…“Ή,‰Ί…“Ή,–ξ–μϋ,,400 ,€H,€–h,60 ,200 ,,,,,,,,,,
Z,13225 ,8 ,ξι,0 ,24 ,ξιs,‘ε“’·ΐκ†‚Q‚S”Τ‚P‚W,,"245,000 ","235,000 ",4.3 ,90 ,,1,1.5,Z‘ξ,‚v,2F,,κ”ΚZ‘ξ‚Μ‚Ω‚©ƒAƒp[ƒg‚ª©‚η‚κ‚ιZ‘ξ’nζ,“ΉH,–k,4.3,,,,ƒKƒX,…“Ή,‰Ί…“Ή,ξι’·ΐ,,650 ,‚P’ακ,,40 ,80 ,,,,,,,,,,
Z,13225 ,8 ,ξι,0 ,25 ,ξιs,‘ε‰—§ξ‰Χ“‡‚P‚V‚S‚S”Τ‚P‚Q‚R,,"259,000 ","252,000 ",2.8 ,99 ,,1,2,Z‘ξ,‚v,2F,,κ”ΚZ‘ξ‚ª‚Ώ•ΐ‚Τ‘½–€μ‚Ι‹ί‚ΆZ‘ξ’nζ,s“Ή,“μΌ,4.3,,,,ƒKƒX,…“Ή,‰Ί…“Ή,–ξ–μϋ,,620 ,‚P’ακ,€–h,50 ,100 ,,,,,,,,,,
Z,13225 ,8 ,ξι,0 ,26 ,ξιs,‘ε“’·ΐ”ª†‚Q‚S‚P‚W”Τ‚P,i“μR“•”‚TX‹ζ‚U|‚Pj,"307,000 ","298,000 ",3.0 ,120 ,,1,2,Z‘ξ,‚v,2F,,ΛZ‘ξ‚ª‚Ώ•ΐ‚Τ‹ζ‰ζ®‘R‚Ζ‚µ‚½Z‘ξ’nζ,s“Ή,–k“,6,,,,ƒKƒX,…“Ή,‰Ί…“Ή,ξι,,560 ,‚P’ακ,€–h,50 ,100 ,,,,,,,,,,
Z,13225 ,8 ,ξι,5 ,1 ,ξιs,‘ε–ξ–μϋh‚U‚X‚P”Τ‚UO,,"327,000 ","310,000 ",5.5 ,132 ,,1,1.2,“X•ά“Z‘ξ,‚r,3F,,¬‹K–Ν‚Θ“X•ά“Z‘ξ“™‚ª‚Ώ•ΐ‚Τ‹ί—Χ¤‹Ζ’nζ,“s“Ή,“μ“,7.5,,,,ƒKƒX,…“Ή,‰Ί…“Ή,–ξ–μϋ,,200 ,‹ί¤,€–h,80 ,200 ,,,,,,,,,,
Z,13225 ,8 ,ξι,5 ,2 ,ξιs,‘ε‘εΫ”ª†‚P‚O‚R‚O”Τ‚P,i‚Q‚QX‹ζ‘ε‘εΫ‚P‚O‚R‚O”Τ‚Pj,"318,000 ","310,000 ",2.6 ,121 ,‘δ`,1.5,1,“X•ά“‹¤“―Z‘ξ,‚q‚b,4F,,’†’α‘w“X•ά“Z‘ξA‹¤“―Z‘ξ‚ª‘½‚Ά‹ί—Χ¤‹Ζ’nζ,“s“Ή,“μ,28,,,,ƒKƒX,…“Ή,‰Ί…“Ή,“μ‘½–€,,150 ,‹ί¤,€–h,80 ,300 ,,,,,*,13225,5 ,2 ,"313,000 ",1.6 
Z,13225 ,8 ,ξι,5 ,3 ,ξιs,ό—z‘δ‚R’–Ϊ‚V”Τ‚Q,,"254,000 ","246,000 ",3.3 ,840 ,‘δ`,1,1.2,“X•ά,‚r,1F,,‘ε‹K–ΝƒX[ƒp[A‹βs“™‚ª©‚η‚κ‚ι‹ί—Χ¤‹Ζ’nζ,s“Ή,–kΌ,20,,”w–Κ“Ή,,ƒKƒX,…“Ή,‰Ί…“Ή,ξι,,"1,400 ",‹ί¤,€–h,80 ,200 ,,,,,,,,,,
Z,13227 ,8 ,‰H‘Ί,0 ,1 ,‰H‘Ίs,‰H’†‚R’–Ϊ‚Q‚U‚R‚W”Τ‚Q‚R,‰H’†‚R|‚P‚O|‚P‚Q,"138,000 ","136,000 ",1.5 ,115 ,,1,1.5,Z‘ξ,‚v,2F,,κ”ΚZ‘ξ‚Μ’†‚ΙƒAƒp[ƒg“™‚ª©‚η‚κ‚ιZ‘ξ’nζ,s“Ή,–k“,5,,,,,…“Ή,‰Ί…“Ή,‰H‘Ί,,"1,100 ",‚P’ακ,,40 ,80 ,,,,,,,,,,
Z,13227 ,8 ,‰H‘Ί,0 ,2 ,‰H‘Ίs,¬μ‘δ‚T’–Ϊ‚Q‚O”Τ‚Q,,"200,000 ","198,000 ",1.0 ,165 ,,1,1.5,Z‘ξ,‚v,2F,,κ”ΚZ‘ξAƒAƒp[ƒg“™‚ª©‚η‚κ‚ιZ‘ξ’nζ,s“Ή,–k“,6,,,,ƒKƒX,…“Ή,‰Ί…“Ή,¬μ,,350 ,‚Q’†κ,€–h,60 ,200 ,,,,,,,,,,
Z,13227 ,8 ,‰H‘Ί,0 ,3 ,‰H‘Ίs,•xm©•½‚P’–Ϊ‚W”Τ‚P‚T,,"153,000 ","151,000 ",1.3 ,137 ,,1,1,Z‘ξ,‚k‚r,2F,,κ”ΚZ‘ξ‚Μ‚Ω‚©ƒAƒp[ƒg‚ª©‚η‚κ‚ιZ‘ξ’nζ,s“Ή,–kΌ,6,,,,,…“Ή,‰Ί…“Ή,‰H‘Ί,,"1,500 ",‚P’†κ,€–h,60 ,200 ,,,,,,,,,,
Z,13227 ,8 ,‰H‘Ί,0 ,4 ,‰H‘Ίs,‰HΌ‚R’–Ϊ‚P‚V‚V‚S”Τ‚U,‰HΌ‚R|‚R|‚Q‚W,"140,000 ","138,000 ",1.4 ,150 ,,1.2,1,Z‘ξ,‚v,2F,,’†¬‹K–Νκ”ΚZ‘ξ‚ª‘½‚Άω¬Z‘ξ’nζ,s“Ή,“μ,4,,,,,…“Ή,‰Ί…“Ή,¬μ,,950 ,‚P’ακ,,40 ,80 ,,,,,,,,,,
Z,13227 ,8 ,‰H‘Ί,0 ,5 ,‰H‘Ίs,μθ‚R’–Ϊ‚X‚R”Τ‚R,μθ‚R|‚X|‚Q,"137,000 ","135,000 ",1.5 ,149 ,‘δ`,1,1.2,Z‘ξ,‚v,2F,,κ”ΚZ‘ξ‚Μ’†‚ΙƒAƒp[ƒg‚ª©‚η‚κ‚ιω¬Z‘ξ’nζ,s“Ή,–k“,4.5,,,,,…“Ή,‰Ί…“Ή,‰H‘Ί,,"1,200 ",‚P’ακ,,40 ,80 ,,,,,,,,,,
Z,13227 ,8 ,‰H‘Ί,0 ,6 ,‰H‘Ίs,‰H’†‚P’–Ϊ‚Q‚V‚X‚R”Τ‚R‚W,‰H’†‚P|‚W|‚W,"150,000 ","148,000 ",1.4 ,125 ,,1,1,Z‘ξ,‚v,2F,,’†¬‹K–Ν‚Μκ”ΚZ‘ξ‚ª‚Ώ•ΐ‚ΤZ‘ξ’nζ,s“Ή,–kΌ,5,,,,,…“Ή,‰Ί…“Ή,‰H‘Ί,,"1,000 ",‚P’ακ,,40 ,80 ,,,,,,,,,,
Z,13227 ,8 ,‰H‘Ί,0 ,7 ,‰H‘Ίs,—Ξƒ–‹u‚T’–Ϊ‚P‚O”Τ‚S‚O,,"180,000 ","178,000 ",1.1 ,134 ,,1,1.5,Z‘ξ,‚k‚r,2F,,¬‹K–Νκ”ΚZ‘ξ‚ª‘½‚Ά‹ζ‰ζ®‘R‚Ζ‚µ‚½Z‘ξ’nζ,s“Ή,–k“,6,,,,ƒKƒX,…“Ή,‰Ί…“Ή,‰H‘Ί,,"1,200 ",‚P’ακ,€–h,50 ,100 ,,,,,,,,,,
Z,13227 ,8 ,‰H‘Ί,0 ,8 ,‰H‘Ίs,‘o—t’¬‚Q’–Ϊ‚P‚P‚X‚V”Τ‚P‚X,‘o—t’¬‚Q|‚P‚R|‚R‚W,"128,000 ","126,000 ",1.6 ,116 ,,1,1,Z‘ξ,‚v,2F,,¬‹K–Νκ”ΚZ‘ξ‚ª‚Ώ•ΐ‚ΤZ‘ξ’nζ,„“Ή,“μ,4,,,,,…“Ή,‰Ί…“Ή,•¶,,"2,300 ",‚P’ακ,,40 ,80 ,,,,,,,,,,
Z,13227 ,8 ,‰H‘Ί,0 ,9 ,‰H‘Ίs,‰H‹Κμ•‚U‚X‚O”Τ‚U‚Q,,"89,000 ","88,200 ",0.9 ,165 ,,1,1,Z‘ξ,‚v,2F,,κ”ΚZ‘ξ‚ª‘½‚Ά‹ζ‰ζ®‘R‚Ζ‚µ‚½Z‘ξ’nζ,s“Ή,“μΌ,6,,,,,…“Ή,‰Ί…“Ή,‰H‘Ί,,"1,200 ",‚P’ακ,,40 ,80 ,,,,,,,,,,
Z,13227 ,8 ,‰H‘Ί,5 ,1 ,‰H‘Ίs,—Ξƒ–‹u‚P’–Ϊ‚P‚S”Τ‚S,,"191,000 ","188,000 ",1.6 ,196 ,,1,1.5,“X•ά“––±,‚r,3F,,“X•ά‚Ζ––±“™‚ª©‚η‚κ‚ιXH‰‚Ά‚Μ¤‹Ζ’nζ,s“Ή,“μΌ,16,,,,,…“Ή,‰Ί…“Ή,‰H‘Ί,,650 ,‹ί¤,€–h,80 ,300 ,,,,,*,13227,5 ,1 ,"189,000 ",1.1 
Z,13227 ,8 ,‰H‘Ί,9 ,1 ,‰H‘Ίs,‰h’¬‚R’–Ϊ‚T”Τ‚PO,,"136,000 ","124,000 ",9.7 ,"106,398 ",,1.5,1,HκA––±“‘qΙ“™,,,,‘ε‹K–ΝHκA–‹Ζ“™‚ª‘½‚Ά“ΰ—¤^H‹Ζ’c’n,s“Ή,“μ“,16,,l•ϋH,,ƒKƒX,…“Ή,‰Ί…“Ή,¬μ,,"2,400 ",Hκ,€–h,60 ,200 ,,,,,,,,,,
Z,13228 ,8 ,‚ ‚«‚ι–μ,0 ,1 ,‚ ‚«‚ι–μs,“ρ‹{X‚P‚P‚R‚R”Τ‚S‚O,,"129,000 ","129,000 ",0.0 ,134 ,,1,2,Z‘ξ,‚v,2F,,’†¬‹K–Νκ”ΚZ‘ξ‚ª‚Ώ•ΐ‚ΤZ‘ξ’nζ,„“Ή,–kΌ,4,,,,,…“Ή,‰Ί…“Ή,“H—―,,250 ,‚P’ακ,€–h,50 ,80 ,,,,,,,,,,
Z,13228 ,8 ,‚ ‚«‚ι–μ,0 ,2 ,‚ ‚«‚ι–μs,‘‰Τ‰HƒP“c‚Q‚X‚P‚X”Τ‚S,,"93,000 ","92,800 ",0.2 ,132 ,,1,1.2,Z‘ξ,‚v,2F,,κ”ΚZ‘ξ‚Μ’†‚Ι‹σ’n“™‚ª©‚η‚κ‚ιZ‘ξ’nζ,s“Ή,–k,5,,,,,…“Ή,‰Ί…“Ή,Hμ,,"2,300 ",‚P’ακ,,40 ,80 ,,,,,,,,,,
Z,13228 ,8 ,‚ ‚«‚ι–μ,0 ,3 ,‚ ‚«‚ι–μs,ψ“cΓƒm‹½‚U‚P‚R”Τ‚T,,"95,000 ","94,700 ",0.3 ,168 ,,1,2,Z‘ξ,‚v,2F,,’†¬‹K–Ν‚Μκ”ΚZ‘ξ‚ª‘½‚ΆZ‘ξ’nζ,s“Ή,“μ“,5,,,,,…“Ή,‰Ί…“Ή,•‘ ψ“c,,"1,000 ",‚P’ακ,,40 ,80 ,,,,,,,,,,
Z,13228 ,8 ,‚ ‚«‚ι–μ,0 ,4 ,‚ ‚«‚ι–μs,‰JΤΰV“c‚S‚P‚T”Τ‚P‚T,,"124,000 ","123,000 ",0.8 ,132 ,,1,1.2,Z‘ξ,‚v,2F,,κ”ΚZ‘ξ‚ª‘½‚Ά‚β‚β‹ζ‰ζ®‘R‚Ζ‚µ‚½Z‘ξ’nζ,„“Ή,Ό,6,,,,,…“Ή,‰Ί…“Ή,Hμ,,680 ,‚P’ακ,€–h,50 ,80 ,,,,,*,13228,0 ,3 ,"123,000 ",0.8 
Z,13228 ,8 ,‚ ‚«‚ι–μ,0 ,5 ,‚ ‚«‚ι–μs,¬μ“‚P’–Ϊ‚P‚R”Τ‚T,,"103,000 ","102,000 ",1.0 ,183 ,,1,1.2,Z‘ξ,‚k‚r,2F,,’†‹K–Νκ”ΚZ‘ξ‚ª‘½‚Ά‹ζ‰ζ®‘R‚Ζ‚µ‚½Z‘ξ’nζ,s“Ή,“,6,,,,ƒKƒX,…“Ή,‰Ί…“Ή,”q“‡,,"1,800 ",‚P’ακ,€–h,50 ,100 ,,,,,,,,,,
Z,13228 ,8 ,‚ ‚«‚ι–μ,0 ,6 ,‚ ‚«‚ι–μs,•½‘ςΌ•½‚U‚O‚O”Τ‚P‚Q,,"111,000 ","111,000 ",0.0 ,125 ,‘δ`,1,2,Z‘ξ,‚v,2F,,¬‹K–ΝZ‘ξ‚Μ’†‚Ι”_‰ΖZ‘ξ“™‚ΰ©‚η‚κ‚ιZ‘ξ’nζ,s“Ή,“μ“,5.5,,,,,…“Ή,‰Ί…“Ή,“H—―,,850 ,‚P’ακ,,40 ,80 ,,,,,,,,,,
Z,13228 ,8 ,‚ ‚«‚ι–μ,0 ,7 ,‚ ‚«‚ι–μs,Hμ‚U’–Ϊ‚P‚S”Τ‚R,,"158,000 ","157,000 ",0.6 ,163 ,,1,1.5,Z‘ξ,‚v,2F,,’†‹K–ΝZ‘ξ‚ª‚Ώ•ΐ‚Τ‹ζ‰ζ®—Ο‚ΜZ‘ξ’nζ,s“Ή,“,6,,,,,…“Ή,‰Ί…“Ή,Hμ,,650 ,‚P’ακ,€–h,50 ,100 ,,,,,,,,,,
Z,13228 ,8 ,‚ ‚«‚ι–μ,0 ,8 ,‚ ‚«‚ι–μs,£Λ‰ª“V_‘O‚R‚X‚S”Τ‚T,,"100,000 ","99,800 ",0.2 ,132 ,,1,2,Z‘ξ,‚v,2F,,κ”ΚZ‘ξ‚Μ‚Ω‚©‚Ι”¨“™‚ª©‚η‚κ‚ιZ‘ξ’nζ,s“Ή,–kΌ,4,,,,,…“Ή,‰Ί…“Ή,Hμ,,"1,100 ",‚P’ακ,,40 ,80 ,,,,,,,,,,
Z,13228 ,8 ,‚ ‚«‚ι–μ,0 ,9 ,‚ ‚«‚ι–μs,–μ•Σ‘ξ’n•‚Q‚R‚V”Τ‚T,,"116,000 ","116,000 ",0.0 ,128 ,,1,1.2,Z‘ξ,‚v,2F,,’†¬‹K–Ν‚Μκ”ΚZ‘ξ‚ª‘½‚ΆZ‘ξ’nζ,s“Ή,Ό,4,,,,,…“Ή,‰Ί…“Ή,“H—―,,680 ,‚P’ακ,,40 ,80 ,,,,,,,,,,
Z,13228 ,8 ,‚ ‚«‚ι–μ,0 ,10 ,‚ ‚«‚ι–μs,Hμ‚Q’–Ϊ‚P‚V”Τ‚V,,"169,000 ","168,000 ",0.6 ,199 ,,1.2,1,Z‘ξ,‚v,2F,,κ”ΚZ‘ξ‚ª©‚η‚κ‚ι‹ζ‰ζ®—Ο‚ΜZ‘ξ’nζ,s“Ή,Ό,6,,,,ƒKƒX,…“Ή,‰Ί…“Ή,Hμ,,400 ,‚Q’†κ,€–h,60 ,150 ,,,,,,,,,,
Z,13228 ,8 ,‚ ‚«‚ι–μ,0 ,11 ,‚ ‚«‚ι–μs,H—―‚S’–Ϊ‚W”Τ‚P‚X,,"129,000 ","127,000 ",1.6 ,147 ,,1,2.5,Z‘ξ,‚v,2F,,κ”ΚZ‘ξ‚ª©‚η‚κ‚ι‹ζ‰ζ®—Ο‚έ‚ΜZ‘ξ’nζ,s“Ή,–k,6,,,,ƒKƒX,…“Ή,‰Ί…“Ή,“H—―,,"1,200 ",‚P’ακ,€–h,50 ,100 ,,,,,,,,,,
Z,13228 ,8 ,‚ ‚«‚ι–μ,0 ,12 ,‚ ‚«‚ι–μs,‘‰ΤRƒm_‚Q‚P‚O‚O”Τ‚S‚S,,"70,100 ","70,100 ",0.0 ,196 ,,1,1,Z‘ξ,‚v,2F,,’†‹K–Νκ”ΚZ‘ξ‚ª‘½‚Ά‹u—Λ’n‚ΜZ‘ξ’nζ,s“Ή,“μ,5,,,,ƒKƒX,…“Ή,‰Ί…“Ή,‰H‘Ί,,"2,200 ",‚P’ακ,,40 ,80 ,,,,,,,,,,
Z,13228 ,8 ,‚ ‚«‚ι–μ,0 ,13 ,‚ ‚«‚ι–μs,Ι“ή–kΙ“ή‘O‚X‚O‚R”Τ‚X,,"112,000 ","111,000 ",0.9 ,129 ,,1,1,Z‘ξ,‚v,2F,,¬‹K–Νκ”ΚZ‘ξ‚ª‚Ώ•ΐ‚ΤZ‘ξ’nζ,s“Ή,“μ,4.5,,,,,…“Ή,‰Ί…“Ή,•‘ ‘Λ,,400 ,‚P’ακ,,40 ,80 ,,,,,,,,,,
Z,13228 ,8 ,‚ ‚«‚ι–μ,0 ,14 ,‚ ‚«‚ι–μs,Ϊ’J’Η΄‚P‚S‚Q”Τ‚P‚UO,,"85,000 ","85,000 ",0.0 ,109 ,,1.2,1,Z‘ξ,‚v,2F,,κ”ΚZ‘ξ“™‚Μ’†‚Ι‹σ’n‚ª©‚η‚κ‚ιZ‘ξ’nζ,s“Ή,“μΌ,4.5,,,,,…“Ή,‰Ί…“Ή,•‘ ά“ϊs,,450 ,‚P’ακ,,40 ,80 ,,,,,,,,,,
Z,13228 ,8 ,‚ ‚«‚ι–μ,0 ,15 ,‚ ‚«‚ι–μs,Λ‘qΌΛ‘q‚T‚Q‚T”Τ‚R,,"35,000 ","35,000 ",0.0 ,309 ,,1.5,1,Z‘ξ,‚v,2F,,’†‹K–Νκ”ΚZ‘ξA”_‰ΖZ‘ξ“™‚ª©‚η‚κ‚ιZ‘ξ’nζ,s“Ή,–kΌ,4.7,,,,,…“Ή,‰Ί…“Ή,•‘ ά“ϊs,,"2,800 ",,,40 ,80 ,,’²‹ζ,,,,,,,,
,13228 ,8 ,‚ ‚«‚ι–μ,0 ,16 ,‚ ‚«‚ι–μs,‚”φ‹΄–{‚P‚W‚T”Τ‚S,,"66,800 ",,,121 ,,1,1.2,Z‘ξ,‚v,2F,,κ”ΚZ‘ξ‚Μ‚Ω‚©‚Ι‹σ’n“™‚ª©‚η‚κ‚ιZ‘ξ’nζ,s“Ή,“μ“,4.5,,,,,…“Ή,‰Ί…“Ή,•‘ ά“ϊs,,"1,200 ",‚P’ακ,,40 ,80 ,,,,,,,,,,
Z,13228 ,8 ,‚ ‚«‚ι–μ,0 ,17 ,‚ ‚«‚ι–μs,—―΄’†‘Ί‚V‚U‚P”Τ‚W,,"70,700 ","70,700 ",0.0 ,119 ,,1,1.2,Z‘ξ,‚v,2F,,¬‹K–Νκ”ΚZ‘ξ‚ª‚Ώ•ΐ‚ΤZ‘ξ’nζ,s“Ή,Ό,4.5,,,,,…“Ή,‰Ί…“Ή,•‘ ά“ϊs,,700 ,‚P’ακ,,40 ,80 ,,,,,,,,,,
Z,13228 ,8 ,‚ ‚«‚ι–μ,0 ,18 ,‚ ‚«‚ι–μs,Ι“ήVh‚P‚P‚R‚Q”Τ‚T,,"91,900 ","91,900 ",0.0 ,239 ,,1,1.5,Z‘ξ,‚v,2F,,’†‹K–Νκ”ΚZ‘ξ‚Μ‚Ω‚©‚Ι“X•ά‚ΰ©‚η‚κ‚ιZ‘ξ’nζ,“s“Ή,–k,22,,‘¤“Ή,Ό,,…“Ή,‰Ί…“Ή,•‘ ‘Λ,,"1,100 ",‚P’†κ,€–h,60 ,200 ,,,,,,,,,,
Z,13228 ,8 ,‚ ‚«‚ι–μ,0 ,19 ,‚ ‚«‚ι–μs,‘‰Τ¬‹{‹v•Ϋ‚Q‚V‚Q‚O”Τ‚RO,,"60,200 ","60,200 ",0.0 ,325 ,‘δ`,1.5,1,Z‘ξ,‚v,2F,,’†‹K–Νκ”ΚZ‘ξA”_‰ΖZ‘ξ‚ª©‚η‚κ‚ιZ‘ξ’nζ,s“Ή,–k“,4,,,,,…“Ή,‰Ί…“Ή,Hμ,,"2,200 ",,,40 ,80 ,,’²‹ζ,,,,,,,,
Z,13228 ,8 ,‚ ‚«‚ι–μ,0 ,20 ,‚ ‚«‚ι–μs,¬a“c–kƒm‘O‚P‚S‚O”Τ‚W,,"51,500 ","51,500 ",0.0 ,135 ,,1,1.5,Z‘ξ,‚v,2F,,κ”ΚZ‘ξ‚ª‚Ώ•ΐ‚ΤAHμ‰‚Ά‚ΜZ‘ξ’nζ,s“Ή,–k“,7,,,,,…“Ή,‰Ί…“Ή,•‘ ά“ϊs,,"1,500 ",,,40 ,80 ,,’²‹ζ,,,,,,,,
Z,13228 ,8 ,‚ ‚«‚ι–μ,0 ,21 ,‚ ‚«‚ι–μs,R“cγ•ª‚X‚T‚U”Τ‚V,,"90,000 ","90,000 ",0.0 ,132 ,,1,2,Z‘ξ,‚v,2F,,κ”ΚZ‘ξ‚Μ’†‚Ι‹σ’n“™‚ª©‚η‚κ‚ιZ‘ξ’nζ,s“Ή,–k,5.5,,,,,…“Ή,‰Ί…“Ή,•‘ ‘Λ,,840 ,‚P’ακ,,40 ,80 ,,,,,,,,,,
Z,13228 ,8 ,‚ ‚«‚ι–μ,0 ,22 ,‚ ‚«‚ι–μs,΄¬‹{‚P’–Ϊ‚R”Τ‚Q‚Q,,"113,000 ","112,000 ",0.9 ,120 ,,1,2,Z‘ξ,‚v,2F,,κ”ΚZ‘ξ‚ª‚Ώ•ΐ‚Τ‹ζ‰ζ®—Ο‚έ‚ΜZ‘ξ’nζ,s“Ή,–k,6,,,,ƒKƒX,…“Ή,‰Ί…“Ή,Hμ,,"1,500 ",‚P’ακ,€–h,50 ,100 ,,,,,,,,,,
Z,13228 ,8 ,‚ ‚«‚ι–μ,0 ,23 ,‚ ‚«‚ι–μs,‘‰Τά—§‰Ίƒ^‚R‚U‚V‚O”Τ‚Q‚U‚Q,,"112,000 ","111,000 ",0.9 ,120 ,,1,1.5,Z‘ξ,‚v,2F,,κ”ΚZ‘ξ‚ª‚Ώ•ΐ‚Τ‹ζ‰ζ®‘R‚Ζ‚µ‚½Z‘ξ’nζ,s“Ή,–k,5,,,,ƒKƒX,…“Ή,‰Ί…“Ή,•¶,,"1,700 ",,,40 ,80 ,,’²‹ζ,,,,,,,,
Z,13228 ,8 ,‚ ‚«‚ι–μ,5 ,1 ,‚ ‚«‚ι–μs,Hμ‚Q’–Ϊ‚V”Τ‚S,,"222,000 ","222,000 ",0.0 ,220 ,,1,1.2,“X•άA––±“Z‘ξ,‚r,3F,,’†‘w‚Μ“X•άA––±ƒrƒ‹‚ª‚Ώ•ΐ‚Τ‰w‘O¤‹Ζ’nζ,s“Ή,“,30,,,,ƒKƒX,…“Ή,‰Ί…“Ή,Hμ,,150 ,‹ί¤,–h‰Ξ,80 ,400 ,,,,,,,,,,
Z,13228 ,8 ,‚ ‚«‚ι–μ,5 ,2 ,‚ ‚«‚ι–μs,¬μ“‚R’–Ϊ‚X”Τ‚P‚R,,"118,000 ","117,000 ",0.9 ,207 ,,1,1.5,“X•άA––±“Z‘ξ,‚r,3F,,“X•ά‚Ζ‰c‹Ζ“™‚ª©‚η‚κ‚ιHό¤‹Ζ’nζ,“s“Ή,“μ,29,,,,,…“Ή,‰Ί…“Ή,”q“‡,,"1,900 ",€Z‹,€–h,60 ,200 ,,,,,,,,,,
Z,13228 ,8 ,‚ ‚«‚ι–μ,9 ,1 ,‚ ‚«‚ι–μs,•½‘ς“‚P’–Ϊ‚R”Τ‚R,,"88,000 ","83,200 ",5.8 ,576 ,,1.5,1,Hκ,,,,HκAκ”ΚZ‘ξ‚Μ‚Ω‚©‚Ι‹σ’n‚ª©‚η‚κ‚ιH‹Ζ’nζ,s“Ή,“μΌ,8,,,,,…“Ή,‰Ί…“Ή,“H—―,,"1,100 ",€H,€–h,60 ,200 ,,,,,,,,,,
Z,13229 ,8 ,Ό“‹,0 ,1 ,Ό“‹s,“c–³’¬‚S’–Ϊ‚P‚V‚R‚W”Τ‚P‚S,“c–³’¬‚S|‚W|‚P‚Q,"408,000 ","391,000 ",4.3 ,179 ,,1,1.2,Z‘ξ,‚k‚r,2F,,κ”ΚZ‘ξAƒAƒp[ƒgA––±‚ª¬έ‚·‚ιZ‘ξ’nζ,s“Ή,–kΌ,4,,,,ƒKƒX,…“Ή,‰Ί…“Ή,“c–³,,530 ,‚PZ‹,€–h,60 ,200 ,,,,,*,13229,0 ,2 ,"398,000 ",2.5 
Z,13229 ,8 ,Ό“‹,0 ,2 ,Ό“‹s,“μ’¬‚T’–Ϊ‚S‚V‚V”Τ‚X,“μ’¬‚T|‚P‚W|‚P‚P,"357,000 ","343,000 ",4.1 ,173 ,,1.2,1,Z‘ξ,‚v,2F,,’†‹K–Νκ”ΚZ‘ξ‚ª‚Ώ•ΐ‚Τω¬Z‘ξ’nζ,s“Ή,“μΌ,3.6,,,,ƒKƒX,…“Ή,‰Ί…“Ή,“c–³,,550 ,‚P’ακ,€–h,50 ,100 ,,,,,,,,,,
Z,13229 ,8 ,Ό“‹,0 ,3 ,Ό“‹s,ς’¬‚P’–Ϊ‚P‚S‚V‚U”Τ‚T‚T,ς’¬‚P|‚V|‚S,"288,000 ","281,000 ",2.5 ,115 ,,1,1,Z‘ξ,‚v,2F,,κ”ΚZ‘ξ‚ª‚Ώ•ΐ‚Τω¬‚ΜZ‘ξ’nζ,s“Ή,“,4,,,,ƒKƒX,…“Ή,‰Ί…“Ή,Ό•–φ‘ς,,"1,300 ",‚P’ακ,,40 ,80 ,,,,,,,,,,
Z,13229 ,8 ,Ό“‹,0 ,4 ,Ό“‹s,—Ξ’¬‚Q’–Ϊ‚Q‚S‚X‚S”Τ‚R‚Q,—Ξ’¬‚Q|‚P‚U|‚U,"266,000 ","259,000 ",2.7 ,140 ,,1,1,Z‘ξ,‚v,2F,,κ”ΚZ‘ξ‚ª‚Ώ•ΐ‚Τω¬Z‘ξ’nζ,„“Ή,–kΌ,4,,,,ƒKƒX,…“Ή,‰Ί…“Ή,‚Π‚Ξ‚θƒ–‹u,,"1,800 ",‚P’ακ,,40 ,80 ,,,,,,,,,,
Z,13229 ,8 ,Ό“‹,0 ,5 ,Ό“‹s,•xm’¬‚Q’–Ϊ‚W‚T‚U”Τ‚U,•xm’¬‚Q|‚U|‚Q‚V,"307,000 ","296,000 ",3.7 ,136 ,,1,1.2,Z‘ξ,‚v,2F,,’†¬‹K–Νκ”ΚZ‘ξ‚Μ‚Ω‚©”_’n‚ΰ©‚η‚κ‚ιZ‘ξ’nζ,„“Ή,Ό,4,,,,ƒKƒX,…“Ή,‰Ί…“Ή,“•©,,950 ,‚P’ακ,€–h,50 ,100 ,,,,,,,,,,
Z,13229 ,8 ,Ό“‹,0 ,6 ,Ό“‹s,–k΄’¬‚P’–Ϊ‚Q‚V‚S‚V”Τ‚T‚Q,–k΄’¬‚P|‚R‚O|‚V,"300,000 ","293,000 ",2.4 ,147 ,,1,1.2,Z‘ξ,‚v,2F,,’†‹K–Νκ”ΚZ‘ξ‚ª‘½‚Άω¬Z‘ξ’nζ,„“Ή,–k,4.5,,,,ƒKƒX,…“Ή,‰Ί…“Ή,“c–³,,"1,200 ",‚P’ακ,,40 ,80 ,,,,,,,,,,
Z,13229 ,8 ,Ό“‹,0 ,7 ,Ό“‹s,‚Π‚Ξ‚θ‚ª‹u‚P’–Ϊ‚P‚T‚U‚W”Τ‚P‚Q,‚Π‚Ξ‚θ‚ª‹u‚P|‚X|‚P‚T,"414,000 ","395,000 ",4.8 ,193 ,‘δ`,1,1,Z‘ξ,‚v,2F,,’†‹K–Νκ”ΚZ‘ξ‚ª‘½‚Ά‰w‚Ι‹ί‚ΆΥΓ‚ΘZ‘ξ’nζ,s“Ή,“μ,5.5,,,,ƒKƒX,…“Ή,‰Ί…“Ή,‚Π‚Ξ‚θƒ–‹u,,550 ,‚P’ακ,€–h,50 ,100 ,,,,,,,,,,
Z,13229 ,8 ,Ό“‹,0 ,8 ,Ό“‹s,“c–³’¬‚V’–Ϊ‚P‚X‚R‚R”Τ‚P‚V,“c–³’¬‚V|‚P‚U|‚Q‚T,"324,000 ","313,000 ",3.5 ,110 ,,1,1,Z‘ξ,‚k‚r,2F,,κ”ΚZ‘ξ“™‚ª‚Ώ•ΐ‚ΤΥΓ‚ΘZ‘ξ’nζ,„“Ή,“,4.5,,,,ƒKƒX,…“Ή,‰Ί…“Ή,“c–³,,930 ,‚P’ακ,,40 ,80 ,,,,,,,,,,
Z,13229 ,8 ,Ό“‹,0 ,9 ,Ό“‹s,“•©‚T’–Ϊ‚R”Τ‚S‚XO,“•©‚T|‚W|‚P‚R,"331,000 ","319,000 ",3.8 ,194 ,,1,1.5,Z‘ξ,‚v,2F,1B,’†‹K–Νκ”ΚZ‘ξ‚ª‘½‚Ά‹ζ‰ζ®‘R‚Ζ‚µ‚½Z‘ξ’nζ,s“Ή,“μ,4.5,,,,ƒKƒX,…“Ή,‰Ί…“Ή,“•©,,950 ,‚P’ακ,€–h,50 ,100 ,,,,,,,,,,
Z,13229 ,8 ,Ό“‹,0 ,10 ,Ό“‹s,ό‘δ’¬‚R’–Ϊ‚X‚W‚R”Τ‚V‚R,ό‘δ’¬‚R|‚S|‚W‚R,"324,000 ","312,000 ",3.8 ,127 ,,1,1,Z‘ξ,‚v,2F,,κ”ΚZ‘ξ‚ª‚Ώ•ΐ‚Τ‹ζ‰ζ®‘R‚Ζ‚µ‚½Z‘ξ’nζ,s“Ή,“μ,5,,,,ƒKƒX,…“Ή,‰Ί…“Ή,“c–³,,"1,200 ",‚P’ακ,,40 ,80 ,,,,,,,,,,
Z,13229 ,8 ,Ό“‹,0 ,11 ,Ό“‹s,V’¬‚U’–Ϊ‚U‚U‚P”Τ‚V,V’¬‚U|‚Q|‚Q‚Q,"345,000 ","333,000 ",3.6 ,127 ,,1,1,Z‘ξ,‚v,2F,,’†¬‹K–Νκ”ΚZ‘ξ‚ª‚Ώ•ΐ‚ΤΥΓ‚ΘZ‘ξ’nζ,s“Ή,“μ,5,,,,ƒKƒX,…“Ή,‰Ί…“Ή,•‘ ‹«,,"2,100 ",‚P’ακ,,40 ,80 ,,,,,,,,,,
Z,13229 ,8 ,Ό“‹,0 ,13 ,Ό“‹s,Ό΄’¬‚S’–Ϊ‚Q‚R‚W‚R”Τ‚T‚O,Ό΄’¬‚S|‚W|‚P‚Q,"245,000 ","236,000 ",3.8 ,123 ,,1,1,Z‘ξ,‚v,3F,,κ”ΚZ‘ξ‚ª‚Ώ•ΐ‚Τω¬‚ΜZ‘ξ’nζ,„“Ή,“μ“,4,,,,ƒKƒX,…“Ή,‰Ί…“Ή,“c–³,,"2,000 ",‚P’ακ,,40 ,80 ,,,,,,,,,,
Z,13229 ,8 ,Ό“‹,0 ,14 ,Ό“‹s,’JΛ’¬‚R’–Ϊ‚R‚P‚S‚O”Τ‚Q‚S,’JΛ’¬‚R|‚Q‚Q|‚U,"378,000 ","363,000 ",4.1 ,146 ,,1,1.5,Z‘ξ,‚k‚r,2F,,κ”ΚZ‘ξAƒAƒp[ƒg“™‚ª‘½‚ΆZ‘ξ’nζ,„“Ή,–k,4,,,,ƒKƒX,…“Ή,‰Ί…“Ή,‚Π‚Ξ‚θƒ–‹u,,470 ,‚P’ακ,€–h,50 ,100 ,,,,,,,,,,
Z,13229 ,8 ,Ό“‹,0 ,15 ,Ό“‹s,‚Π‚Ξ‚θ‚ª‹u–k‚P’–Ϊ‚Q‚T‚Q‚V”Τ‚S‚U,‚Π‚Ξ‚θ‚ª‹u–k‚P|‚V|‚S,"351,000 ","336,000 ",4.5 ,67 ,,1,1.2,Z‘ξ,‚v,2F,,¬‹K–Νκ”ΚZ‘ξ‚ª‘½‚Ά—•Φ«‚Μ—Η‚ΆZ‘ξ’nζ,„“Ή,“,4,,,,ƒKƒX,…“Ή,‰Ί…“Ή,‚Π‚Ξ‚θƒ–‹u,,650 ,‚Q’†κ,€–h,60 ,200 ,,,,,,,,,,
,13229 ,8 ,Ό“‹,0 ,16 ,Ό“‹s,–k’¬‚Q’–Ϊ‚P‚Q‚W‚U”Τ‚R‚O,–k’¬‚Q|‚U|‚P‚V,"255,000 ",,,128 ,,1,1.2,Z‘ξ,‚v,2F,,¬‹K–ΝZ‘ξ‚Μ‚Ώ•ΐ‚ΤΥΓ‚ΘZ‘ξ’nζ,s“Ή,–k,5,,,,ƒKƒX,…“Ή,‰Ί…“Ή,‚Π‚Ξ‚θƒ–‹u,,"1,600 ",‚P’ακ,,40 ,80 ,,,,,,,,,,
Z,13229 ,8 ,Ό“‹,0 ,17 ,Ό“‹s,“•©‚R’–Ϊ‚U‚Q‚T”Τ‚P‚W,“•©‚R|‚Q|‚P‚X,"423,000 ","408,000 ",3.7 ,396 ,,1,2,Z‘ξ,‚q‚b,2F,,’†‹K–Νκ”ΚZ‘ξ‚ª‘½‚ΆΥΓ‚ΘZ‘ξ’nζ,s“Ή,“μ,5.5,,,,ƒKƒX,…“Ή,‰Ί…“Ή,“•©,,280 ,‚P’†κ,€–h,50 ,150 ,,,,,,,,,,
Z,13229 ,8 ,Ό“‹,0 ,18 ,Ό“‹s,•Ϋ’J’¬‚Q’–Ϊ‚P‚O‚S‚W”Τ‚Q‚V,•Ϋ’J’¬‚Q|‚S|‚P‚P,"360,000 ","347,000 ",3.7 ,154 ,,1.2,1,Z‘ξ,‚v,2F,,κ”ΚZ‘ξ‚Μ‚Ω‚©ƒAƒp[ƒg“™‚ª©‚η‚κ‚ιZ‘ξ’nζ,s“Ή,“μ,5.9,,,,ƒKƒX,…“Ή,‰Ί…“Ή,Ό•–φ‘ς,,480 ,‚P’ακ,€–h,50 ,100 ,,,,,,,,,,
Z,13229 ,8 ,Ό“‹,0 ,19 ,Ό“‹s,’†’¬‚P’–Ϊ‚P‚W‚V‚Q”Τ‚U,’†’¬‚P|‚P‚O|‚Q‚O,"292,000 ","284,000 ",2.8 ,112 ,,1,2,Z‘ξ,‚v,2F,,¬‹K–Νκ”ΚZ‘ξ‚ª‘½‚ΆΥΓ‚ΘZ‘ξ’nζ,s“Ή,Ό,4,,,,ƒKƒX,…“Ή,‰Ί…“Ή,•Ϋ’J,,"1,500 ",‚P’ακ,€–h,50 ,100 ,,,,,,,,,,
Z,13229 ,8 ,Ό“‹,0 ,20 ,Ό“‹s,ς’¬‚S’–Ϊ‚Q‚Q‚R‚V”Τ‚S,ς’¬‚S|‚T|‚R,"265,000 ","256,000 ",3.5 ,161 ,,1.2,1,Z‘ξ,‚v,2F,,’†¬‹K–Ν‚Μκ”ΚZ‘ξAƒAƒp[ƒg‚ª‘½‚ΆZ‘ξ’nζ,s“Ή,Ό,4.5,,,,ƒKƒX,…“Ή,‰Ί…“Ή,‚Π‚Ξ‚θƒ–‹u,,"1,500 ",‚P’ακ,,40 ,80 ,,,,,*,13229,0 ,4 ,"261,000 ",1.5 
,13229 ,8 ,Ό“‹,0 ,21 ,Ό“‹s,‰Ί•Ϋ’J‚Q’–Ϊ‚V‚X‚T”Τ‚Q‚Q,‰Ί•Ϋ’J‚Q|‚W|‚R‚Q,"322,000 ",,,126 ,,1,1.5,Z‘ξ,‚k‚r,2F,,’†¬‹K–Ν‚Μκ”ΚZ‘ξ“™‚ª‚Ώ•ΐ‚ΤZ‘ξ’nζ,„“Ή,“μ,5,,,,ƒKƒX,…“Ή,‰Ί…“Ή,•Ϋ’J,,950 ,‚P’†κ,€–h,50 ,150 ,,,,,,,,,,
Z,13229 ,8 ,Ό“‹,0 ,22 ,Ό“‹s,“’¬‚P’–Ϊ‚P‚X‚Q”Τ‚R‚P,“’¬‚P|‚T|‚P‚O,"347,000 ","335,000 ",3.6 ,173 ,,1,1,‹¤“―Z‘ξ,‚k‚r,2F,,κ”ΚZ‘ξ‚Μ‚Ω‚©‚ΙƒAƒp[ƒg“™‚ª©‚η‚κ‚ιZ‘ξ’nζ,„“Ή,–k“,4.5,,,,ƒKƒX,…“Ή,‰Ί…“Ή,•Ϋ’J,,750 ,‚P’ακ,,40 ,80 ,,,,,,,,,,
Z,13229 ,8 ,Ό“‹,0 ,23 ,Ό“‹s,•xm’¬‚U’–Ϊ‚T‚U‚O”Τ‚P‚O,•xm’¬‚U|‚S|‚P‚R,"335,000 ","323,000 ",3.7 ,208 ,‘δ`,1,2,Z‘ξ,‚k‚r,1F,,κ”ΚZ‘ξ‚Μ‚Ω‚©‚ΙƒAƒp[ƒg‚ª©‚η‚κ‚ιZ‘ξ’nζ,s“Ή,–k“,4,,,,ƒKƒX,…“Ή,‰Ί…“Ή,“•©,,510 ,‚P’ακ,€–h,50 ,100 ,,,,,,,,,,
Z,13229 ,8 ,Ό“‹,0 ,24 ,Ό“‹s,–φ‘ς‚T’–Ϊ‚T‚X”Τ‚P‚T,–φ‘ς‚T|‚P‚R|‚Q‚O,"308,000 ","297,000 ",3.7 ,198 ,,1,1.2,Z‘ξ,‚k‚r,2F,,κ”ΚZ‘ξ‚Μ‚Ω‚©ƒAƒp[ƒg“™‚ΰ©‚η‚κ‚ιZ‘ξ’nζ,s“Ή,Ό,5.3,,,,ƒKƒX,…“Ή,‰Ί…“Ή,Ό•–φ‘ς,,850 ,€H,€–h,60 ,200 ,,,,,,,,,,
Z,13229 ,8 ,Ό“‹,0 ,25 ,Ό“‹s,•Ϋ’J’¬‚U’–Ϊ‚P‚P‚Q‚O”Τ‚V‚O,•Ϋ’J’¬‚U|‚P‚T|‚S,"328,000 ","314,000 ",4.5 ,116 ,,1.2,1,Z‘ξ,‚v,2F,,κ”ΚZ‘ξ‚Μ‚Ω‚©ƒAƒp[ƒg‚ª©‚η‚κ‚ιZ‘ξ’nζ,„“Ή,“μ,4,,,,ƒKƒX,…“Ή,‰Ί…“Ή,Ό•–φ‘ς,,680 ,‚P’†κ,€–h,50 ,150 ,,,,,,,,,,
Z,13229 ,8 ,Ό“‹,0 ,26 ,Ό“‹s,“μ’¬‚R’–Ϊ‚U‚W‚R”Τ‚R‚V,“μ’¬‚R|‚P‚S|‚P‚R,"348,000 ","336,000 ",3.6 ,204 ,‘δ`,1,1,Z‘ξ,‚k‚r,2F,,’†‹K–Νκ”ΚZ‘ξ‚ª‚Ώ•ΐ‚ΤΥΓ‚ΘZ‘ξ’nζ,s“Ή,“μΌ,6,,,,ƒKƒX,…“Ή,‰Ί…“Ή,“c–³,,850 ,‚P’ακ,,40 ,80 ,,,,,,,,,,
Z,13229 ,8 ,Ό“‹,0 ,27 ,Ό“‹s,Ε‹v•Ϋ’¬‚R’–Ϊ‚Q‚O‚W‚R”Τ‚P‚S,Ε‹v•Ϋ’¬‚R|‚P‚X|‚Q‚T,"305,000 ","292,000 ",4.5 ,114 ,,1.2,1,Z‘ξ,‚v,2F,,κ”ΚZ‘ξ‚ª‚Ώ•ΐ‚Τ‹ζ‰ζ®‘R‚Ζ‚µ‚½Z‘ξ’nζ,s“Ή,Ό,5,,,,ƒKƒX,…“Ή,‰Ί…“Ή,‰Τ¬‹ΰδ,,"1,100 ",‚P’ακ,,40 ,80 ,,,,,,,,,,
Z,13229 ,8 ,Ό“‹,0 ,28 ,Ό“‹s,“•©‚P’–Ϊ‚T‚U‚T”Τ‚P‚Q‚U,“•©‚P|‚P‚V|‚Q‚Q,"357,000 ","344,000 ",3.8 ,165 ,,1,1.2,Z‘ξ,‚v,2F,,κ”ΚZ‘ξ“™‚ª‚Ώ•ΐ‚Τω¬Z‘ξ’nζ,s“Ή,Ό,4.4,,,,ƒKƒX,…“Ή,‰Ί…“Ή,“•©,,530 ,‚P’ακ,€–h,50 ,100 ,,,,,,,,,,
Z,13229 ,8 ,Ό“‹,0 ,29 ,Ό“‹s,Z‹g’¬‚Q’–Ϊ‚Q‚U‚U‚O”Τ‚P,Z‹g’¬‚Q|‚U|‚P‚U,"327,000 ","312,000 ",4.8 ,116 ,,1,2,Z‘ξ,‚v,2F,,κ”ΚZ‘ξ‚Μ‚Ω‚©‚ΙƒAƒp[ƒg“™‚ª©‚η‚κ‚ιZ‘ξ’nζ,s“Ή,–k,4,,,,ƒKƒX,…“Ή,‰Ί…“Ή,‚Π‚Ξ‚θƒ–‹u,,700 ,‚P’ακ,,40 ,80 ,,,,,,,,,,
Z,13229 ,8 ,Ό“‹,0 ,30 ,Ό“‹s,‰Ί•Ϋ’J‚R’–Ϊ‚X‚Q‚V”Τ‚T,‰Ί•Ϋ’J‚R|‚P‚O|‚Q‚U,"317,000 ","305,000 ",3.9 ,138 ,‘δ`,1.2,1,Z‘ξ,‚v,2F,,’†¬‹K–Νκ”ΚZ‘ξ‚ª‘½‚Άω¬Z‘ξ’nζ,s“Ή,“μ,4,,,,ƒKƒX,…“Ή,‰Ί…“Ή,•Ϋ’J,,700 ,‚P’ακ,€–h,50 ,100 ,,,,,,,,,,
Z,13229 ,8 ,Ό“‹,5 ,1 ,Ό“‹s,“c–³’¬‚S’–Ϊ‚S‚O‚R”Τ‚S‚O,“c–³’¬‚S|‚Q‚W|‚P‚S,"1,040,000 ","940,000 ",10.6 ,156 ,•s®`,1,1.5,“X•ά“––±,‚r,5F,1B,’†‹K–Ν‚Μ“X•άƒrƒ‹“™‚ª‚Ώ•ΐ‚Τ‰w‘O‚Μ¤‹Ζ’nζ,s“Ή,“μ“,16,,‘¤“Ή,“μΌ,ƒKƒX,…“Ή,‰Ί…“Ή,“c–³,,210 ,¤‹Ζ,–h‰Ξ,80 ,500 ,,,,,*,13229,5 ,1 ,"972,000 ",7.0 
Z,13229 ,8 ,Ό“‹,5 ,2 ,Ό“‹s,’JΛ’¬‚R’–Ϊ‚R‚O‚T‚P”Τ‚R‚SO,’JΛ’¬‚R|‚X|‚S,"358,000 ","342,000 ",4.7 ,290 ,,1,1.2,f—Γ“––±,‚r,2F,,“X•άA––±‚Μ‚Ω‚©Z‘ξ“™‚ª¬έ‚·‚ι¤‹Ζ’nζ,“s“Ή,Ό,12,,,,ƒKƒX,…“Ή,‰Ί…“Ή,‚Π‚Ξ‚θƒ–‹u,,840 ,‹ί¤,–h‰Ξ,80 ,400 ,,,,,,,,,,
Z,13229 ,8 ,Ό“‹,5 ,3 ,Ό“‹s,“c–³’¬‚P’–Ϊ‚Q‚V‚Q‚W”Τ‚V,“c–³’¬‚P|‚Q|‚Q‚X,"382,000 ","365,000 ",4.7 ,497 ,‘δ`,1,1.2,––±,‚q‚b,3F,,––±Aƒ}ƒ“ƒVƒ‡ƒ““™‚ª‚Ώ•ΐ‚ΤHό¤‹Ζ’nζ,“s“Ή,“μΌ,25,,,,ƒKƒX,…“Ή,‰Ί…“Ή,“c–³,,700 ,‹ί¤,€–h,80 ,300 ,,,,,,,,,,
Z,13229 ,8 ,Ό“‹,5 ,4 ,Ό“‹s,“’¬‚R’–Ϊ‚Q‚X‚S”Τ‚P‚X,“’¬‚R|‚P‚S|‚Q‚T,"607,000 ","568,000 ",6.9 ,92 ,,1,3,“X•ά“––±,‚q‚b,5F,,ωH“XA¬”„“X•ά“™‚ª‘½‚Ά‰w‘O‚Μ¤‹Ζ’nζ,“s“Ή,“μ,6.6,,,,ƒKƒX,…“Ή,‰Ί…“Ή,•Ϋ’J,,180 ,¤‹Ζ,–h‰Ξ,80 ,400 ,,,,,,,,,,
Z,13229 ,8 ,Ό“‹,5 ,5 ,Ό“‹s,•Ϋ’J’¬‚R’–Ϊ‚S‚S‚P”Τ‚P‚O,•Ϋ’J’¬‚R|‚P‚P|‚Q‚U,"447,000 ","427,000 ",4.7 ,77 ,•s®`,1,2,“X•ά“Z‘ξ,‚r,3F,,’α‘w‚Μ¬”„“X•ά“™‚ª‚Ώ•ΐ‚Τ‰w‘O¤‹Ζ’nζ,“s“Ή,–k,4.9,,,,ƒKƒX,…“Ή,‰Ί…“Ή,Ό•–φ‘ς,,100 ,¤‹Ζ,–h‰Ξ,80 ,400 ,,,,,,,,,,
Z,13229 ,8 ,Ό“‹,5 ,6 ,Ό“‹s,‚Π‚Ξ‚θ‚ª‹u‚P’–Ϊ‚P‚T‚T‚V”Τ‚Q‚R,‚Π‚Ξ‚θ‚ª‹u‚P|‚R|‚T,"637,000 ","598,000 ",6.5 ,157 ,,1,2,“X•ά“––±,‚q‚b,3F,1B,¬”„“X•άA“X•ά“––±ƒrƒ‹“™‚ª‘½‚Ά¤‹Ζ’nζ,“s“Ή,“μ“,7.3,,,,ƒKƒX,…“Ή,‰Ί…“Ή,‚Π‚Ξ‚θƒ–‹u,,210 ,¤‹Ζ,–h‰Ξ,80 ,500 ,,,,,,,,,,
Z,13229 ,8 ,Ό“‹,5 ,7 ,Ό“‹s,V’¬‚Q’–Ϊ‚Q‚W‚R”Τ‚QO,V’¬‚Q|‚S|‚P,"349,000 ","333,000 ",4.8 ,92 ,,1,1,––±A‘qΙ“Z‘ξ,‚r,3F,1B,––±‚Ζ“X•ά“™‚ª©‚η‚κ‚ι“s“Ή‰‚Ά‚Μ¤‹Ζ’nζ,“s“Ή,“,16,,,,ƒKƒX,…“Ή,‰Ί…“Ή,•‘ ‹«,,"1,400 ",‹ί¤,€–h,80 ,300 ,,,,,,,,,,
Z,13229 ,8 ,Ό“‹,5 ,8 ,Ό“‹s,•xm’¬‚S’–Ϊ‚V‚W‚T”Τ‚T‚V,•xm’¬‚S|‚P|‚W,"374,000 ","357,000 ",4.8 ,250 ,,1,2.5,––±“‹¤“―Z‘ξ,‚q‚b,5F,1B,‹¤“―Z‘ξ‚Μ‚Ω‚©“X•ά“™‚ª¬έ‚·‚ιHό¤‹Ζ’nζ,“s“Ή,–k,16,,,,ƒKƒX,…“Ή,‰Ί…“Ή,“•©,,560 ,€Z‹,€–h,60 ,200 ,,,,,,,,,,
Z,13229 ,8 ,Ό“‹,5 ,9 ,Ό“‹s,‚Π‚Ξ‚θ‚ª‹u–k‚R’–Ϊ‚Q‚T‚U‚T”Τ‚Q‚VO,‚Π‚Ξ‚θ‚ª‹u–k‚R|‚T|‚Q‚V,"605,000 ","560,000 ",8.0 ,246 ,•s®`,1,1.2,“X•ά,‚r,3F,,“X•άAκ”ΚZ‘ξ“™‚ª¬έ‚·‚ι‰w‚Ι‹ί‚Ά¤‹Ζ’nζ,s“Ή,“μ“,16,,,,ƒKƒX,…“Ή,‰Ί…“Ή,‚Π‚Ξ‚θƒ–‹u,,210 ,‹ί¤,–h‰Ξ,80 ,200 ,,,,,,,,,,
Z,13303 ,8 ,“‹•δ,0 ,1 ,Ό‘½–€S•δ’¬,‘ε“aƒP’J‹·R•½‚W‚W‚S”Τ‚R,,"95,400 ","93,600 ",1.9 ,207 ,,1,1.5,Z‘ξ,‚v,2F,,κ”ΚZ‘ξ‚Ζ”_‰ΖZ‘ξ‚ª¬έ‚·‚ιZ‘ξ’nζ,’¬“Ή,“μ“,4,,,,,…“Ή,‰Ί…“Ή,” ªƒPθ,,"1,600 ",‚P’ακ,,40 ,80 ,,,,,,,,,,
Z,13303 ,8 ,“‹•δ,0 ,2 ,Ό‘½–€S•δ’¬,‚ή‚³‚µ–μ‚Q’–Ϊ‚Q‚O”Τ‚Q,,"119,000 ","117,000 ",1.7 ,162 ,,1,1.5,Z‘ξ,‚v,2F,,κ”ΚZ‘ξ‚ª‚Ώ•ΐ‚Τ‹ζ‰ζ®‘R‚Ζ‚µ‚½Z‘ξ’nζ,’¬“Ή,–k“,5,,,,,…“Ή,‰Ί…“Ή,“•¶,,"1,800 ",‚P’ακ,€–h,40 ,80 ,,,,,,,,,,
Z,13303 ,8 ,“‹•δ,0 ,3 ,Ό‘½–€S•δ’¬,‘ε” ªƒPθh“‚Q‚R‚U‚T”Τ‚S,,"111,000 ","109,000 ",1.8 ,93 ,,1,1.5,Z‘ξ,‚v,2F,,κ”ΚZ‘ξ‚Μ‚Ω‚©‚Ι‹σ’n‚ª©‚η‚κ‚ιω¬Z‘ξ’nζ,’¬“Ή,–kΌ,4,,,,,…“Ή,‰Ί…“Ή,” ªƒPθ,,700 ,‚P’ακ,,40 ,80 ,,,,,*,13303,0 ,1 ,"110,000 ",0.9 
Z,13303 ,8 ,“‹•δ,0 ,4 ,Ό‘½–€S•δ’¬,’·‰ª‚S’–Ϊ‚Q‚O”Τ‚Q‚U,,"114,000 ","112,000 ",1.8 ,123 ,,1,1.2,Z‘ξ,‚v,2F,,κ”ΚZ‘ξ“™‚ª‚Ώ•ΐ‚Τ‹ζ‰ζ®‘R‚Ζ‚µ‚½Z‘ξ’nζ,’¬“Ή,“μ“,6,,,,,…“Ή,‰Ί…“Ή,” ªƒPθ,,"2,200 ",‚P’ακ,€–h,50 ,100 ,,,,,,,,,,
Z,13303 ,8 ,“‹•δ,0 ,5 ,Ό‘½–€S•δ’¬,‘ε’·‰ª’·’J•”’†•½‚R‚U‚Q”Τ‚Q‚O,,"53,300 ","53,100 ",0.4 ,238 ,,1,2.5,Z‘ξ,‚v,2F,,κ”ΚZ‘ξ‚ª©‚η‚κ‚ι”_’n‚Μ‘½‚ΆZ‘ξ’nζ,’¬“Ή,“μ“,6.4,,,,,…“Ή,‰Ί…“Ή,” ªƒPθ,,"2,700 ",,,40 ,80 ,,’²‹ζ,,,,,,,,
Z,13303 ,8 ,“‹•δ,0 ,6 ,Ό‘½–€S•δ’¬,‘ε” ªƒPθ‹·R‚P‚U‚P”Τ‚S,,"122,000 ","120,000 ",1.7 ,164 ,,1,2,Z‘ξ,‚v,2F,,’†‹K–Νκ”ΚZ‘ξ‚Μ‚Ω‚©‚Ι‹σ’n‚ª©‚η‚κ‚ιZ‘ξ’nζ,’¬“Ή,“μ,5.5,,,,,…“Ή,‰Ί…“Ή,” ªƒPθ,,240 ,‚PZ‹,€–h,60 ,200 ,,,,,,,,,,
Z,13303 ,8 ,“‹•δ,0 ,7 ,Ό‘½–€S•δ’¬,‘ε‚ª‚ª‰Ί‚P‚T‚W”Τ‚V,,"66,800 ","65,200 ",2.5 ,114 ,‘δ`,1,1.5,Z‘ξ,‚v,2F,,κ”ΚZ‘ξ‚Ζ”_‰ΖZ‘ξ“™‚ª©‚η‚κ‚ιω¬Z‘ξ’nζ,’¬“Ή,–k“,4.5,,,,,…“Ή,‰Ί…“Ή,” ªƒPθ,,"2,300 ",‚P’ακ,,40 ,80 ,,,,,,,,,,
Z,13303 ,8 ,“‹•δ,0 ,8 ,Ό‘½–€S•δ’¬,‘ε” ªƒPθ’r‰τ‚θ‚T‚Q‚O”Τ‚W,,"94,000 ","92,300 ",1.8 ,175 ,,1,2,Z‘ξ,‚v,2F,,κ”ΚZ‘ξ‚Μ‚Ω‚©ƒAƒp[ƒg“™‚ª‚ΒZ‘ξ’nζ,’¬“Ή,“,4,,,,,…“Ή,‰Ί…“Ή,” ªƒPθ,,700 ,‚P’ακ,,40 ,80 ,,,,,,,,,,
Z,13303 ,8 ,“‹•δ,0 ,9 ,Ό‘½–€S•δ’¬,‘ε“ρ–{–Ψ“μ’·“c‚P‚O‚R‚S”Τ‚P‚P,,"63,800 ","62,300 ",2.4 ,144 ,,1,2.5,Z‘ξ,‚v,2F,,κ”ΚZ‘ξ‚Ζ”_‰ΖZ‘ξ“™‚ª¬έ‚·‚ιω¬Z‘ξ’nζ,’¬“Ή,“μ,4,,,,,…“Ή,‰Ί…“Ή,” ªƒPθ,,"2,800 ",‚P’ακ,,40 ,80 ,,,,,,,,,,
Z,13303 ,8 ,“‹•δ,0 ,10 ,Ό‘½–€S•δ’¬,” ªƒPθ“Ό΄‚R‚P”Τ‚S,,"112,000 ","110,000 ",1.8 ,165 ,,1,2,Z‘ξ,‚v,2F,,’†¬‹K–Νκ”ΚZ‘ξ‚ª‘½‚Ά‹ζ‰ζ®‘R‚Ζ‚µ‚½Z‘ξ’nζ,’¬“Ή,–k“,6,,,,,…“Ή,‰Ί…“Ή,” ªƒPθ,,"1,100 ",‚P’ακ,€–h,50 ,100 ,,,,,,,,,,
Z,13303 ,8 ,“‹•δ,0 ,11 ,Ό‘½–€S•δ’¬,“μ•½‚Q’–Ϊ‚R‚W”Τ‚W,,"115,000 ","113,000 ",1.8 ,193 ,,1,1.5,Z‘ξ,‚v,2F,,κ”ΚZ‘ξ‚Μ‚Ω‚©‚ΙƒAƒp[ƒg“™‚ª©‚η‚κ‚ιZ‘ξ’nζ,’¬“Ή,“μ“,6,,,,,…“Ή,‰Ί…“Ή,” ªƒPθ,,"1,200 ",‚P’ακ,€–h,50 ,100 ,,,,,,,,,,
Z,13303 ,8 ,“‹•δ,5 ,1 ,Ό‘½–€S•δ’¬,‘ε” ªƒPθ‹·R‚P‚W‚W”Τ‚U,,"122,000 ","120,000 ",1.7 ,257 ,,1,1.5,“X•ά“––±,‚v,2F,,¬”„“X•άAωH“X•ά“™‚ª‚Ώ•ΐ‚Τ‹ί—Χ¤‹Ζ’nζ,’¬“Ή,–kΌ,8,,,,,…“Ή,‰Ί…“Ή,” ªƒPθ,,360 ,‹ί¤,€–h,80 ,200 ,,,,,,,,,,
Z,13303 ,8 ,“‹•δ,5 ,2 ,Ό‘½–€S•δ’¬,‘ε” ªƒPθ‹·R‚Q‚X‚T”Τ‚S,,"138,000 ","135,000 ",2.2 ,267 ,,1,1.5,“X•ά“‹¤“―Z‘ξ,‚q‚b,3F,,¬‹K–Ν¬”„“X•ά“™‚ª‘½‚Ά‰w‘O¤‹Ζ’nζ,“s“Ή,–k“,0,‰w‘OLκ,‘¤“Ή,“μ“,,…“Ή,‰Ί…“Ή,” ªƒPθ,‰w‘OLκΪ–Κ,0 ,¤‹Ζ,–h‰Ξ,80 ,400 ,,,,,,,,,,
Z,13303 ,8 ,“‹•δ,9 ,1 ,Ό‘½–€S•δ’¬,’·‰ª‚Q’–Ϊ‚V”Τ‚T,,"97,000 ","92,000 ",5.4 ,"1,483 ",,1,1,––±“‘qΙ,‚r,2F,,’†‹K–ΝHκA‘qΙ“™‚ª‘½‚Ά“ΰ—¤^H‹Ζ’nζ,’¬“Ή,–k,12,,,,,…“Ή,‰Ί…“Ή,” ªƒPθ,,"2,100 ",Hκ,€–h,60 ,200 ,,,,,,,,,,
Z,13303 ,8 ,“‹•δ,13 ,1 ,Ό‘½–€S•δ’¬,‘ε” ªƒPθ•‘ –μ‚X‚U‚V”Τ,,"3,840 ","3,840 ",0.0 ,"4,826 ",,0,0,R—ΡiG–Ψ—Ρj,,,,G–Ψ‚π’†S‚Ζ‚·‚ιsX’n‚Ι‹ί‚Ά•½’R—Ρ’nζ,’¬“Ή,–k“,3.6,,”w–Κ“Ή,,,,,” ªƒPθ,,"2,700 ",,,0 ,0 ,,’²‹ζ,’nXv,,,,,,,
Z,13305 ,8 ,“ϊ‚Μo,0 ,1 ,Ό‘½–€S“ϊ‚Μo’¬,‘ε‘ε‹v–μ—‡‚P‚P‚O”Τ‚P‚S,,"67,600 ","67,600 ",0.0 ,135 ,,1,1.5,Z‘ξ,‚v,2F,,¬‹K–Ν‚Μκ”ΚZ‘ξ‚ª‚Ώ•ΐ‚ΤZ‘ξ’nζ,’¬“Ή,“,4.5,,,,,…“Ή,‰Ί…“Ή,•‘ ‘Λ,,"1,800 ",‚P’ακ,,40 ,80 ,,,,,,,,,,
Z,13305 ,8 ,“ϊ‚Μo,0 ,2 ,Ό‘½–€S“ϊ‚Μo’¬,‘ε•½δO‹g–μ‰Ί•½δ‚P‚O‚T‚W”Τ‚P,,"81,200 ","80,900 ",0.4 ,132 ,,1,1,Z‘ξ,‚v,2F,,’†‹K–Νκ”ΚZ‘ξ‚ª‘½‚Ά‹ζ‰ζ®‘R‚Ζ‚µ‚½Z‘ξ’nζ,’¬“Ή,“,5,,,,ƒKƒX,…“Ή,‰Ί…“Ή,•‘ ψ“c,,"1,500 ",‚P’ακ,,40 ,80 ,,,,,,,,,,
Z,13305 ,8 ,“ϊ‚Μo,0 ,3 ,Ό‘½–€S“ϊ‚Μo’¬,‘ε•½δ“–{h‚Q‚O‚Q‚S”Τ‚V,,"99,800 ","99,600 ",0.2 ,114 ,,1,1.5,Z‘ξ,‚v,2F,,κ”ΚZ‘ξ‚Μ‚Ω‚©ƒAƒp[ƒg‚ª©‚η‚κ‚ιZ‘ξ’nζ,’¬“Ή,–k,6.5,,,,,…“Ή,‰Ί…“Ή,•‘ ‘Λ,,850 ,‚Q’ακ,,50 ,100 ,,,,,,,,,,
Z,13305 ,8 ,“ϊ‚Μo,0 ,4 ,Ό‘½–€S“ϊ‚Μo’¬,‘ε•½δO‹g–μχ–Ψ‚Q‚O‚X”Τ‚R,,"130,000 ","129,000 ",0.8 ,125 ,,1,1.2,Z‘ξ,‚v,2F,,κ”ΚZ‘ξ‚ª‚Ώ•ΐ‚Τ‹ζ‰ζ®—Ο‚έ‚ΜZ‘ξ’nζ,’¬“Ή,–k,6,,,,ƒKƒX,…“Ή,‰Ί…“Ή,•‘ ψ“c,,980 ,‚P’ακ,€–h,50 ,100 ,,,,,,,,,,
Z,13305 ,8 ,“ϊ‚Μo,0 ,5 ,Ό‘½–€S“ϊ‚Μo’¬,‘ε‘ε‹v–μE‚W‚V‚R”Τ‚Q‚T,,"61,500 ","61,500 ",0.0 ,132 ,,1,1,Z‘ξ,‚v,2F,,¬‹K–Νκ”ΚZ‘ξ‚ª‚Ώ•ΐ‚ΤZ‘ξ’nζ,’¬“Ή,Ό,6,,,,,…“Ή,‰Ί…“Ή,•‘ ‘Λ,,"2,600 ",‚P’ακ,,40 ,80 ,,,,,,,,,,
Z,13305 ,8 ,“ϊ‚Μo,0 ,6 ,Ό‘½–€S“ϊ‚Μo’¬,‘ε•½δO‹g–μ΄–V‚U‚W‚U”Τ‚P‚Q,,"92,600 ","91,900 ",0.8 ,128 ,,1.5,1,Z‘ξ,‚v,2F,,κ”ΚZ‘ξA“X•ά“™‚ª¬έ‚·‚ι“s“Ή‰‚Ά‚ΜZ‘ξ’nζ,“s“Ή,–k,18,,,,,…“Ή,‰Ί…“Ή,•‘ ψ“c,,"1,500 ",‚PZ‹,€–h,60 ,200 ,,,,,,,,,,
Z,13305 ,8 ,“ϊ‚Μo,9 ,1 ,Ό‘½–€S“ϊ‚Μo’¬,‘ε•½δO‹g–μ‰Ί΄‚R‚T”Τ‚UO,,"121,000 ","114,000 ",6.1 ,"2,376 ",,1,1,‘qΙ“––±,‚r,2F,,’†‹K–Ν‚ΜHκ‚Ζ‘qΙ‚ª‘½‚­A‚h‚b‚Ι‹ί‚ΆH‹Ζ’nζ,’¬“Ή,–k,8,,,,,…“Ή,‰Ί…“Ή,Hμ,,"1,200 ",H‹Ζ,€–h,60 ,200 ,,,,,,,,,,
Z,13305 ,8 ,“ϊ‚Μo,13 ,1 ,Ό‘½–€S“ϊ‚Μo’¬,‘ε•½δ’Jƒm“ό‚S‚O‚T‚Q”Τ‚P,,"2,060 ","2,070 ",-0.5 ,"6,978 ",‘δ`,0,0,R—ΡiG–Ψ—Ρj,,,,sX‰»‹ζζ‚ΜZ‘ξ’n‚Ι‹ίΪ‚·‚ιG–Ψ—Ρ‚Μ‘½‚Ά’nζ,“ΉH,,0,,,,,…“Ή,‰Ί…“Ή,Hμ,,"2,300 ",,,0 ,0 ,,’²‹ζ,’nXv,,,,,,,
Z,13361 ,8 ,“‹‘ε“‡,0 ,1 ,‘ε“‡’¬,³’¬‚S’–Ϊ‚S”Τ‚X,,"12,500 ","12,600 ",-0.8 ,282 ,,1,1.2,Z‘ξ,‚v,2F,,’†‹K–ΝΛZ‘ξ‚Μ‚Ω‚©‚Ι“X•ά‚ΰU©‚·‚ιZ‘ξ’nζ,’¬“Ή,“,6,,,,,…“Ή,,’¬–πκ‘O’β,,400 ,‚PZ‹,€–h,60 ,200 ,,i“sj,,,,,,,,
Z,13361 ,8 ,“‹‘ε“‡,0 ,2 ,‘ε“‡’¬,·–Ψ’n‰Ί΄‚P‚O‚P‚R”Τ‚S‚R,,"5,800 ","5,800 ",0.0 ,203 ,,2,1,Z‘ξ,‚v,1F,,κ”ΚZ‘ξ“™‚ª‚Ώ•ΐ‚Τω¬Z‘ξ’nζ,’¬“Ή,“μ,3.5,,‘¤“Ή,“,,…“Ή,,‰Ί’n’β,,100 ,,,70 ,200 ,,i“sj,,,,,,,,
Z,13361 ,8 ,“‹‘ε“‡,5 ,1 ,‘ε“‡’¬,³’¬‚P’–Ϊ‚X”Τ‚S,,"38,600 ","39,000 ",-1.0 ,130 ,,1.5,1,“X•ά“Z‘ξ,‚q‚b,4F,,“yY“X“™‚ª‘½‚Ά³’¬`‘O‚Μ¤‹Ζ’nζ,“s“Ή,Ό,0,‰w‘OLκ,,,,…“Ή,,³’¬`,‹ίΪ,0 ,¤‹Ζ,€–h,80 ,400 ,,i“sj,,,,,,,,
Z,13363 ,8 ,V“‡,0 ,1 ,V“‡‘Ί,–{‘Ί‚P’–Ϊ‚S‚R‚R”Τ,–{‘Ί‚P|‚R|‚T,"7,200 ","7,200 ",0.0 ,646 ,,1.2,1,Z‘ξ,‚a,1F,,‘Ί‚Μ’†S‹ί‚­‚Μ’†‹K–Νκ”ΚZ‘ξ‚ª‘½‚ΆZ‘ξ’nζ,‘Ί“Ή,“μ,5,,,,,…“Ή,‰Ί…“Ή,V“‡`,,"1,400 ",,,70 ,200 ,,i“sj,,,,,,,,
Z,13363 ,8 ,V“‡,0 ,2 ,V“‡‘Ί,α‹½‚Q‚S”Τ‚P,α‹½‚R|‚S,"5,400 ","5,400 ",0.0 ,440 ,,1.2,1,Z‘ξ,‚q‚b,1F,,κ”ΚZ‘ξ‚Μ‚Ω‚©‚Ι“X•ά“™‚ΰ©‚η‚κ‚ιZ‘ξ’nζ,“s“Ή,“,6,,‘¤“Ή,–k,,…“Ή,‰Ί…“Ή,V“‡`,,"9,100 ",,,70 ,200 ,,i“sj,,,,,,,,
Z,13363 ,8 ,V“‡,5 ,1 ,V“‡‘Ί,–{‘Ί‚P’–Ϊ‚Q‚R‚W”Τ,–{‘Ί‚P|‚V|‚P‚P,"8,600 ","8,600 ",0.0 ,739 ,,1.2,1,“X•ά“Z‘ξ,‚q‚b,2F,,ωH“XA“X•ά“™‚ª©‚η‚κ‚ι‘Ί–πκ‚Ι‹ί‚Ά¤‹Ζ’nζ,‘Ί“Ή,“μ,6,,‘¤“Ή,Ό,,…“Ή,‰Ί…“Ή,V“‡`,,"1,600 ",,,70 ,200 ,,i“sj,,,,,,,,
Z,13364 ,8 ,_’Γ“‡,0 ,1 ,_’Γ“‡‘Ί,‚X‚X‚T”Τ,,"7,600 ","7,600 ",0.0 ,224 ,,1,1.2,Z‘ξ,‚v,2F,,κ”ΚZ‘ξ‚Μ‚Ω‚©–―hA“X•ά“™‚ª¬έ‚·‚ιZ‘ξ’nζ,‘Ί“Ή,“μ,2.2,,,,,…“Ή,‰Ί…“Ή,ƒzƒeƒ‹_’ΓΩ‘O,,500 ,,,70 ,200 ,,i“sj,,,,,,,,
Z,13364 ,8 ,_’Γ“‡,0 ,2 ,_’Γ“‡‘Ί,‚Q‚W‚S”Τ,,"6,500 ","6,500 ",0.0 ,239 ,,1.2,1,Z‘ξ,‚v,2F,,κ”ΚZ‘ξ‚Μ‚Ω‚©Π‘ξ“™‚ΰ©‚η‚κ‚ιZ‘ξ’nζ,‘Ί“Ή,“μ“,4,,,,,…“Ή,‰Ί…“Ή,_’Γ“‡`,,"1,300 ",,,70 ,200 ,,i“sj,,‘—§φ(•’Κj,,,,,,
Z,13364 ,8 ,_’Γ“‡,5 ,1 ,_’Γ“‡‘Ί,‚W‚S‚P”Τ,,"9,500 ","9,500 ",0.0 ,203 ,,1.5,1,“X•ά“Z‘ξ,‚q‚b,2F,,¬‹K–Ν¬”„“X•άA–―h“™‚Μ‚Ώ•ΐ‚Τ‹ί—Χ¤‹Ζ’nζ,‘Ί“Ή,Ό,3.5,,,,,…“Ή,‰Ί…“Ή,ƒzƒeƒ‹_’ΓΩ‘O,,550 ,,,70 ,200 ,,i“sj,,,,,,,,
Z,13381 ,8 ,“‹O‘ξ,0 ,1 ,O‘ξ‘Ί,_’…‚Q‚P‚W”Τ‚P,,"9,800 ","9,800 ",0.0 ,417 ,•s®`,1,1,Z‘ξ,‚v,2F,,κ”ΚZ‘ξ‚Μ‚Ω‚©“X•ά‚ΰ©‚η‚κ‚ιZ‘ξ’nζ,“s“Ή,“μ,10.3,,,,,…“Ή,,Δκ’β,,180 ,,,70 ,200 ,,i“sj,,,,,,,,
Z,13381 ,8 ,“‹O‘ξ,0 ,2 ,O‘ξ‘Ί,ΆΓ‚Q‚O‚T‚S”Τ‚PO,,"8,000 ","8,000 ",0.0 ,408 ,,1.2,1,Z‘ξ,‚v,1F,,κ”ΚZ‘ξ‚Μ‚Ω‚©‹σ’n“™‚ª©‚η‚κ‚ιZ‘ξ’nζ,‘Ί“Ή,“μ,5.2,,,,,…“Ή,,Kƒ–•l’β,,60 ,,,70 ,200 ,,i“sj,,‘—§φ(•’Κj,,,,,,
Z,13381 ,8 ,“‹O‘ξ,5 ,1 ,O‘ξ‘Ί,ΆΓ‚U‚X‚P”Τ‚P,,"10,900 ","10,900 ",0.0 ,514 ,,2,1,“X•ά“Z‘ξ,‚v,2F,,“yY“XA¬”„“X•άAωH“X“™‚ª‘½‚Ά‹ί—Χ¤‹Ζ’nζ,“s“Ή,“,9.7,,,,,…“Ή,,Kƒ–•l`“όϋ’β,,130 ,,,70 ,200 ,,i“sj,,‘—§φ(•’Κj,,,,,,
Z,13401 ,8 ,”ªδ,0 ,1 ,”ªδ’¬,‘ε‰κ‹½‚Q‚Q‚W‚S”Τ,,"11,900 ","12,000 ",-0.8 ,932 ,,1,1.2,Z‘ξ,‚v,1F,,κ”ΚZ‘ξ‚Μ‚Ω‚©‰Ζ‘°—Ύ‚ΰ©‚η‚κ‚ιω¬Z‘ξ’nζ,’¬“Ή,“μΌ,5,,,,,…“Ή,,Ω”»‘O’β,,270 ,,,70 ,200 ,,i“sj,,,,,,,,
Z,13401 ,8 ,”ªδ,0 ,2 ,”ªδ’¬,’†”V‹½‚P‚U‚W‚Q”Τ,,"5,800 ","5,800 ",0.0 ,"1,055 ",,1,1,Z‘ξ,‚v,1F,,κ”ΚZ‘ξ‚ª‘½‚Ά“μό‚«ΙXΞ‚ΜZ‘ξ’nζ,’¬“Ή,Ό,6,,,,,…“Ή,,’†”V‹½o’£‘O’β,,120 ,,,70 ,200 ,,i“sj,,,,,,,,
Z,13401 ,8 ,”ªδ,5 ,1 ,”ªδ’¬,Oª‚R‚S‚X”Τ‚P,,"30,000 ","30,200 ",-0.7 ,586 ,•s®`,1,1.2,“X•ά“Z‘ξ,‚k‚r,3F,,ωH“XA¬”„“X•ά“™‚ª‚ ‚ι“s“Ή‰‚Ά‚Μ¤‹Ζ’nζ,“s“Ή,“,13.5,,,,,…“Ή,,Oªo’£’β,‹ίΪ,0 ,,,70 ,200 ,,i“sj,,,,,,,,
Z,13421 ,8 ,¬}΄,0 ,1 ,¬}΄‘Ί,•ƒ“‡Ό’¬‚Q‚U”Τ‚P‚R,,"58,000 ","58,000 ",0.0 ,234 ,,1,2,Z‘ξ,‚r,2F,,κ”ΚZ‘ξE–―h“™‚ª¬έ‚·‚ιZ‘ξ’nζ,‘Ί“Ή,“μ“,5.7,,,,,…“Ή,‰Ί…“Ή,‘Ί–πκ‘O,,140 ,,,70 ,200 ,,i“sj,,,,,,,,
Z,13421 ,8 ,¬}΄,0 ,2 ,¬}΄‘Ί,•ƒ“‡‰‘Ί‚Q‚R”Τ‚U,,"23,600 ","23,600 ",0.0 ,263 ,,1,1.5,Z‘ξ,‚q‚b,2F,,’†‹K–Νκ”ΚZ‘ξ‚ª‚Ώ•ΐ‚ΤZ‘ξ’nζ,‘Ί“Ή,“,6,,‘¤“Ή,–k,,…“Ή,‰Ί…“Ή,‰‘Ί,,230 ,,,70 ,200 ,,i“sj,,,,,,,,
Z,13421 ,8 ,¬}΄,5 ,1 ,¬}΄‘Ί,•ƒ“‡“’¬‚Q‚O”Τ‚W,,"75,000 ","75,000 ",0.0 ,184 ,,1,3,γ‰@A––±“‹¤“―Z‘ξ,‚r,3F,,ƒX[ƒp[‚Ζ“yY•¨“X“™‚ª‘½‚Ά“s“Ή‰‚Ά‚Μ¤‹Ζ’nζ,“s“Ή,“μ,17,,,,,…“Ή,‰Ί…“Ή,Β“”‘δ“όϋ,,50 ,,,70 ,200 ,,i“sj,,,,,,,,
,,,,,,,,,,,,,,,,,,,,,,,,,,,,,,,,,,,,,,,,,,,,,,
