6’n‰Ώ’²Έ’n“_ƒf[ƒ^κ——,,,,,,,,,,,,,,,,,,,,,,,,,,,,,,,,,,,,,,,,,,,,,,,,,
p‘±’n“_,“s“Ή•{§s‹ζ’¬‘ΊƒR[ƒh,‘ΞΫ”Nia—οj,ξ€’n–Ό,ξ€’n”Τ†i—p“rj,ξ€’n”Τ†iA”Τj,“s•ª—ή’n‹ζ‚P,“s•ª—ή’n‹ζ‚Q,‹ζs’¬‘Ί–Ό,’n”Τ,Z‹•\¦,“–”N‰Ώii‰~j,‘O”N‰Ώii‰~j,‘Ξ‘O”N•Ο“®—¦i“j,’nΟi‡uj,`σ‹ζ•ª,Τϋi”δ—¦j,‰si”δ—¦j,——p‚Μ»‹µ,\‘Ά,’nγK,’n‰ΊK,ό•Σ‚Μ“y’n‚Μ——p‚Μ»‹µ,‘O–Κ“ΉH‹ζ•ª,‘O–Κ“ΉH‚Μ•ϋΚ,‘O–Κ“ΉH‚Μ•υ(m),‘O–Κ“ΉH‚Μ‰w‘O‹ζ•ª,‘¤“Ή‹ζ•ª,‘¤“Ή•ϋΚ,ƒKƒX,…“Ή,‰Ί…“Ή,ε—vπ’Κ{έ,π’Κ{έ‚Ζ‚Μ‹ίΪ‹ζ•ª,π’Κ{έ‚ά‚Ε‚Μ“ΉH‹——£imj,—p“r‹ζ•ª,–h‰Ξ’nζ,w’θ•Α—¦i“j,w’θ—eΟ—¦i“j,„‘—eΟ—¦l—¶‹ζ•ª,‚“x’n‹ζ,‹ζζ‹ζ•ª,X—Ρ–@,φ‰€–@,φ‰€–@•’Κ“Α•Κ,‹¤’Κ’n“_‹ζ•ª,‘O‰ρ’n‰Ώφ¦“s“Ή•{§s‹ζ’¬‘ΊƒR[ƒh,‘O‰ρ’n‰Ώφ¦”Τ†i—p“rj,‘O‰ρ’n‰Ώφ¦”Τ†iA”Τj,‘O‰ρ‰Ώφ¦‰Ώii‰~j
›,13101 ,6 ,η‘γ“c,0 ,1 ,‹ζ•”,“sS‚T‹ζ,η‘γ“c‹ζ,Z”Τ’¬‚U”Τ‚PO,,"4,620,000 ","4,390,000 ",5.2 ,"2,266 ",,1,1,‹¤“―Z‘ξ,SRC,10F,1B,’†‚‘wƒ}ƒ“ƒVƒ‡ƒ“A––±“™‚ª¬έ‚·‚ιZ‘ξ’nζ,‹ζ“Ή,–kΌ,15,,,,ƒKƒX,…“Ή,‰Ί…“Ή,lƒc’J,,330 ,‚QZ‹,–h‰Ξ,60 ,400 ,,,,,,,*,13101 ,0 ,3 ,"4,390,000 "
›,13101 ,6 ,η‘γ“c,0 ,2 ,‹ζ•”,“sS‚T‹ζ,η‘γ“c‹ζ,O”Τ’¬‚X”Τ‚S,,"3,580,000 ","3,250,000 ",10.2 ,"2,422 ",•s®`,1,2.5,‹¤“―Z‘ξ,RC,13F,2B,’†‚‘w‚Μ‹¤“―Z‘ξ‚ª‘½‚ΆZ‘ξ’nζ,‹ζ“Ή,“μ“,8,,,,ƒKƒX,…“Ή,‰Ί…“Ή,”Ό‘ –ε,,370 ,‚PZ‹,–h‰Ξ,60 ,400 ,,,,,,,,,,,
›,13101 ,6 ,η‘γ“c,0 ,3 ,‹ζ•”,“sS‚T‹ζ,η‘γ“c‹ζ,“ρ”Τ’¬‚P‚Q”Τ‚P‚O,,"2,650,000 ","2,410,000 ",10.0 ,436 ,,1,1,Z‘ξ,W,2F,,ƒ}ƒ“ƒVƒ‡ƒ“AZ‘ξA––±“™‚ª¬έ‚·‚ιZ‘ξ’nζ,‹ζ“Ή,–kΌ,7.5,,,,ƒKƒX,…“Ή,‰Ί…“Ή,’¬,,190 ,‚QZ‹,–h‰Ξ,60 ,400 ,,,,,,,,,,,
›,13101 ,6 ,η‘γ“c,0 ,4 ,‹ζ•”,“sS‚T‹ζ,η‘γ“c‹ζ,’¬“ρ’–Ϊ‚P‚O”Τ‚SO,,"2,990,000 ","2,720,000 ",9.9 ,227 ,,1,1,‹¤“―Z‘ξ,RC,6F,,’†‚‘wƒ}ƒ“ƒVƒ‡ƒ“A––±“™‚ª¬έ‚·‚ιZ‘ξ’nζ,‹ζ“Ή,Ό,8,,,,ƒKƒX,…“Ή,‰Ί…“Ή,”Ό‘ –ε,,160 ,‚QZ‹,–h‰Ξ,60 ,400 ,,,,,,,,,,,
›,13101 ,6 ,η‘γ“c,5 ,1 ,‹ζ•”,“sS‚T‹ζ,η‘γ“c‹ζ,Ϋ‚Μ“ΰO’–Ϊ‚Q”ΤO,Ϋ‚Μ“ΰ‚R|‚R|‚P,"27,000,000 ","26,800,000 ",0.7 ,"9,827 ",,1,1.2,––±A“X•ά“’“Τκ“™,SRC,9F,4B,‘ε‹K–Ν‚Θ‚‘w––±ƒrƒ‹‚ª‚Ώ•ΐ‚Τ¤‹Ζ’nζ,“s“Ή,–k,36,,l•ϋH,,ƒKƒX,…“Ή,‰Ί…“Ή,“‹,,480 ,¤‹Ζ,–h‰Ξ,80 ,"1,300 ",,,,,,,*,13101 ,5 ,19 ,"26,900,000 "
›,13101 ,6 ,η‘γ“c,5 ,2 ,‹ζ•”,“sS‚T‹ζ,η‘γ“c‹ζ,‹γ’i“μO’–Ϊ‚P‚V”Τ‚P‚W,‹γ’i“μ‚R|‚Q|‚P‚T,"2,390,000 ","2,060,000 ",16.0 ,86 ,,1,1.5,“X•ά“––±,RC,7F,,’†‘w“X•ά“––±‚ª‘½‚Ά²ό“ΉH”wγ‚Μ¤‹Ζ’nζ,‹ζ“Ή,“μ“,11,,”w–Κ“Ή,,ƒKƒX,…“Ή,‰Ί…“Ή,“s‰csƒ–’J,,520 ,¤‹Ζ,–h‰Ξ,80 ,500 ,,,,,,,,,,,
›,13101 ,6 ,η‘γ“c,5 ,3 ,‹ζ•”,“sS‚T‹ζ,η‘γ“c‹ζ,‰ΰ‚ªΦO’–Ϊ‚T‚R”Τ‚QO,‰ΰ‚ªΦ‚R|‚V|‚P,"7,970,000 ","7,450,000 ",7.0 ,"1,896 ",,1,3.5,––±,S,17F,1B,‚‘w‚Μ––±‚ª‚Ώ•ΐ‚Τ―φ’΅‚Μ‘½‚Ά¤‹Ζ’nζ,“s“Ή,–k,44,,l•ϋH,,ƒKƒX,…“Ή,‰Ί…“Ή,—­’rR‰¤,,270 ,¤‹Ζ,–h‰Ξ,80 ,700 ,,,,,,,,,,,
›,13101 ,6 ,η‘γ“c,5 ,4 ,‹ζ•”,“sS‚T‹ζ,η‘γ“c‹ζ,O_“cl’–Ϊ‚P‚O‚O”ΤO,O_“c‚S|‚P|‚P,"12,800,000 ","11,600,000 ",10.3 ,"1,028 ",,1,1.2,“X•ά,SRC,7F,1B,’†‚‘w“X•άƒrƒ‹‚π’†S‚Ζ‚·‚ι”Ι‰Ψ‚Θ¤‹Ζ’nζ,“s“Ή,Ό,37,,l•ϋH,,ƒKƒX,…“Ή,‰Ί…“Ή,H—t΄,,250 ,¤‹Ζ,–h‰Ξ,80 ,700 ,,,,,,,,,,,
›,13101 ,6 ,η‘γ“c,5 ,5 ,‹ζ•”,“sS‚T‹ζ,η‘γ“c‹ζ,“ΰ_“cκ’–Ϊ‚U”Τ‚PO,“ΰ_“c‚P|‚P‚T|‚P‚O,"4,600,000 ","4,100,000 ",12.2 ,349 ,,1,1.5,“X•άA––±“ρhΙ,RC,9F,2B,’†‚‘w‚Μ“X•ά“––±ƒrƒ‹‚ª‚Ώ•ΐ‚Τ¤‹Ζ’nζ,‹ζ“Ή,–k,22,,O•ϋH,,ƒKƒX,…“Ή,‰Ί…“Ή,¬μ’¬,,250 ,¤‹Ζ,–h‰Ξ,80 ,600 ,,,,,,,,,,,
›,13101 ,6 ,η‘γ“c,5 ,6 ,‹ζ•”,“sS‚T‹ζ,η‘γ“c‹ζ,β–{’¬κ’–Ϊ‚S‚S”Τ‚X,β–{’¬‚P|‚R|‚S,"2,610,000 ","2,290,000 ",14.0 ,95 ,,1,1.2,“X•άA––±“Z‘ξ,SRC,8F,,’†‚‘w‚Μ“X•άA––±ƒrƒ‹‚ª‚Ώ•ΐ‚Τ¤‹Ζ’nζ,‹ζ“Ή,–kΌ,22,,,,ƒKƒX,…“Ή,‰Ί…“Ή,_“c,,500 ,¤‹Ζ,–h‰Ξ,80 ,600 ,,,,,,,,,,,
›,13101 ,6 ,η‘γ“c,5 ,7 ,‹ζ•”,“sS‚T‹ζ,η‘γ“c‹ζ,β–{’¬O’–Ϊ‚X”Τ‚R,β–{’¬‚R|‚V|‚P‚R,"1,630,000 ","1,410,000 ",15.6 ,182 ,,1.2,1,“X•άA––±“Z‘ξ,RC,5F,,‰µ”„“X•άA––±“™‚ª¬έ‚·‚ι¤‹Ζ’nζ,‹ζ“Ή,–k“,8,,,,ƒKƒX,…“Ή,‰Ί…“Ή,β–{’¬,,240 ,¤‹Ζ,–h‰Ξ,80 ,500 ,,,,,,,,,,,
›,13101 ,6 ,η‘γ“c,5 ,8 ,‹ζ•”,“sS‚T‹ζ,η‘γ“c‹ζ,_“c{“c’¬κ’–Ϊ‚Q‚U”Τ‚Q,,"5,900,000 ","5,340,000 ",10.5 ,114 ,,1,1.5,“X•άA––±“Z‘ξ,SRC,10F,,‚‘w‚Μ“X•ά“––±ƒrƒ‹‚ª‚Ώ•ΐ‚Τ¤‹Ζ’nζ,‘“Ή,–k“,27,,,,ƒKƒX,…“Ή,‰Ί…“Ή,_“c,,70 ,¤‹Ζ,–h‰Ξ,80 ,800 ,,,,,,,,,,,
›,13101 ,6 ,η‘γ“c,5 ,9 ,‹ζ•”,“sS‚T‹ζ,η‘γ“c‹ζ,_“c{“c’¬“ρ’–Ϊ‚P‚R”Τ‚P‚Q,,"2,710,000 ","2,370,000 ",14.3 ,186 ,,1,1.5,“X•ά“––±,SRC,8F,2B,‚‘w‚Μ––±ƒrƒ‹‚ª‚Ώ•ΐ‚Τ¤‹Ζ’nζ,‹ζ“Ή,–k,15,,‘¤“Ή,“,ƒKƒX,…“Ή,‰Ί…“Ή,H—t΄,,130 ,¤‹Ζ,–h‰Ξ,80 ,800 ,,,,,,,,,,,
›,13101 ,6 ,η‘γ“c,5 ,10 ,‹ζ•”,“sS‚T‹ζ,η‘γ“c‹ζ,O_“cO’–Ϊ‚P‚O”Τ‚PO,O_“c‚R|‚P‚S|‚X,"7,700,000 ","7,000,000 ",10.0 ,165 ,,1,1,“X•ά“––±,SRC,8F,2B,’†‚‘w‚Μ“X•άA––±ƒrƒ‹‚ª‚Ώ•ΐ‚Τ¤‹Ζ’nζ,“s“Ή,“,36,,,,ƒKƒX,…“Ή,‰Ί…“Ή,H—t΄,,390 ,¤‹Ζ,–h‰Ξ,80 ,700 ,,,,,,,,,,,
›,13101 ,6 ,η‘γ“c,5 ,11 ,‹ζ•”,“sS‚T‹ζ,η‘γ“c‹ζ,Ό_“cκ’–Ϊ‚S”Τ‚QO,Ό_“c‚P|‚R|‚U,"4,680,000 ","4,220,000 ",10.9 ,206 ,,1,1.5,––±,SRC,9F,,’†‚‘w‚Μ“X•ά“––±ƒrƒ‹“™‚ª‚Ώ•ΐ‚Τ¤‹Ζ’nζ,“s“Ή,“μΌ,27,,‘¤“Ή,–kΌ,ƒKƒX,…“Ή,‰Ί…“Ή,…“Ή‹΄,,340 ,¤‹Ζ,–h‰Ξ,80 ,700 ,,,,,,,,,,,
›,13101 ,6 ,η‘γ“c,5 ,12 ,‹ζ•”,“sS‚T‹ζ,η‘γ“c‹ζ,“ΰ_“c“ρ’–Ϊ‚Q‚R”Τ‚U,“ΰ_“c‚Q|‚P‚P|‚U,"5,260,000 ","4,780,000 ",10.0 ,194 ,,1,2,––±AZ‘ξ“’“Τκ“™,SRC,8F,1B,’†‚‘w‚Μ“X•άA––±ƒrƒ‹‚ª‚Ώ•ΐ‚Τ¤‹Ζ’nζ,“s“Ή,Ό,22,,,,ƒKƒX,…“Ή,‰Ί…“Ή,_“c,,320 ,¤‹Ζ,–h‰Ξ,80 ,700 ,,,,,,,,,,,
›,13101 ,6 ,η‘γ“c,5 ,13 ,‹ζ•”,“sS‚T‹ζ,η‘γ“c‹ζ,_“cx‰Ν‘δκ’–Ϊ‚W”Τ‚RO,,"5,480,000 ","5,000,000 ",9.6 ,122 ,,1,1.5,“X•άA––±“Z‘ξ,RC,6F,,‘εwA“X•ά“––±ƒrƒ‹“™‚ª‚Ώ•ΐ‚Τ¤‹Ζ’nζ,‹ζ“Ή,–kΌ,22,,,,ƒKƒX,…“Ή,‰Ί…“Ή,δ’ƒƒm…,,240 ,¤‹Ζ,–h‰Ξ,80 ,600 ,,,,,,,,,,,
›,13101 ,6 ,η‘γ“c,5 ,14 ,‹ζ•”,“sS‚T‹ζ,η‘γ“c‹ζ,_“c”ό‘q’¬‚P‚O”Τ‚P,,"2,500,000 ","2,190,000 ",14.2 ,514 ,,2,1,––±,SRC,7F,1B,’†‚‘w‚Μ“X•άA––±ƒrƒ‹“™‚ª‚Ώ•ΐ‚Τ¤‹Ζ’nζ,‹ζ“Ή,–kΌ,11,,”w–Κ“Ή,,ƒKƒX,…“Ή,‰Ί…“Ή,_“c,,450 ,¤‹Ζ,–h‰Ξ,80 ,600 ,,,,,,,,,,,
›,13101 ,6 ,η‘γ“c,5 ,15 ,‹ζ•”,“sS‚T‹ζ,η‘γ“c‹ζ,_“c¬μ’¬O’–Ϊ‚U”Τ‚TO,,"6,560,000 ","6,090,000 ",7.7 ,222 ,,1,2,“X•ά“Z‘ξ,S,8F,1B,ε‚Ι’†‚‘w‚ΜƒXƒ|[ƒc—p•i“X‚ª‚Ώ•ΐ‚Τ¤‹Ζ’nζ,“s“Ή,“μΌ,36,,,,ƒKƒX,…“Ή,‰Ί…“Ή,¬μ’¬,,300 ,¤‹Ζ,–h‰Ξ,80 ,700 ,,,,,,,,,,,
›,13101 ,6 ,η‘γ“c,5 ,16 ,‹ζ•”,“sS‚T‹ζ,η‘γ“c‹ζ,_“caς’¬‚P”Τ‚Q‚X‚Q,,"1,570,000 ","1,360,000 ",15.4 ,120 ,,1,2,‘qΙA––±“Z‘ξ,RC,6F,,’†‘w––±A‹¤“―Z‘ξA“X•ά‚ª¬έ‚·‚ι¤‹Ζ’nζ,‹ζ“Ή,“μ,7,,,,ƒKƒX,…“Ή,‰Ί…“Ή,H—t΄,,300 ,¤‹Ζ,–h‰Ξ,80 ,500 ,,,,,,,,,,,
›,13101 ,6 ,η‘γ“c,5 ,17 ,‹ζ•”,“sS‚T‹ζ,η‘γ“c‹ζ,_“cx‰Ν‘δ“ρ’–Ϊ‚P”Τ‚S‚V,,"2,800,000 ","2,410,000 ",16.2 ,438 ,,1,1,––±,SRC,7F,1B,’†‚‘w‚Μ––±‚Μ‚Ω‚©wZA•a‰@‚ΰ‚ ‚ι¤‹Ζ’nζ,‹ζ“Ή,–kΌ,8,,,,ƒKƒX,…“Ή,‰Ί…“Ή,δ’ƒƒm…,,190 ,¤‹Ζ,–h‰Ξ,80 ,500 ,,,,,,,*,13101 ,5 ,26 ,"2,600,000 "
›,13101 ,6 ,η‘γ“c,5 ,18 ,‹ζ•”,“sS‚T‹ζ,η‘γ“c‹ζ,’¬l’–Ϊ‚S”Τ‚Q,,"6,950,000 ","6,500,000 ",6.9 ,380 ,,1,2,––±,SRC,9F,1B,’†‚‘w‚Μ“X•άA––±ƒrƒ‹‚ª‚Ώ•ΐ‚Τ¤‹Ζ’nζ,‘“Ή,“μ,33,,”w–Κ“Ή,,ƒKƒX,…“Ή,‰Ί…“Ή,’¬,,200 ,¤‹Ζ,–h‰Ξ,80 ,800 ,,,,,,,*,13101 ,5 ,29 ,"6,720,000 "
›,13101 ,6 ,η‘γ“c,5 ,19 ,‹ζ•”,“sS‚T‹ζ,η‘γ“c‹ζ,”Ή’¬‚T”Τ‚P‚SO,”Ή’¬‚R|‚P‚X,"3,390,000 ","3,080,000 ",10.1 ,131 ,,1,1.5,“X•ά“––±,SRC,9F,,’†‚‘w‚Μ“X•ά“––±ƒrƒ‹“™‚ª‚Ώ•ΐ‚Τ¤‹Ζ’nζ,‹ζ“Ή,Ό,16,,,,ƒKƒX,…“Ή,‰Ί…“Ή,”Ό‘ –ε,,180 ,¤‹Ζ,–h‰Ξ,80 ,600 ,,,,,,,,,,,
›,13101 ,6 ,η‘γ“c,5 ,20 ,‹ζ•”,“sS‚T‹ζ,η‘γ“c‹ζ,•xm©“ρ’–Ϊ‚Q”Τ‚SO,•xm©‚Q|‚Q|‚U,"2,890,000 ","2,580,000 ",12.0 ,297 ,,1,2,“X•άA––±“Z‘ξ,RC,5F,,’†‘w‚Μ“X•άA––±ƒrƒ‹‚ª‚Ώ•ΐ‚Τ¤‹Ζ’nζ,‹ζ“Ή,“μΌ,11,,,,ƒKƒX,…“Ή,‰Ί…“Ή,”Ρ“c‹΄,,160 ,¤‹Ζ,–h‰Ξ,80 ,500 ,,,,,,,,,,,
›,13101 ,6 ,η‘γ“c,5 ,21 ,‹ζ•”,“sS‚T‹ζ,η‘γ“c‹ζ,”Ρ“c‹΄“ρ’–Ϊ‚Q‚O”Τ‚P,”Ρ“c‹΄‚Q|‚P‚O|‚U,"1,890,000 ","1,650,000 ",14.5 ,203 ,,1,3,––±“μ‹Ζ,RC,5F,,’†¬‹K–Ν‚Μ––±ƒrƒ‹‚ª‘½‚­‚Ώ•ΐ‚Τ¤‹Ζ’nζ,‹ζ“Ή,–kΌ,8,,‘¤“Ή,“μΌ,ƒKƒX,…“Ή,‰Ί…“Ή,”Ρ“c‹΄,,160 ,¤‹Ζ,–h‰Ξ,80 ,500 ,,,,,,,,,,,
›,13101 ,6 ,η‘γ“c,5 ,22 ,‹ζ•”,“sS‚T‹ζ,η‘γ“c‹ζ,_“c•xR’¬‚Q‚Q”Τ‚PO,,"2,850,000 ","2,500,000 ",14.0 ,179 ,,1,1,“X•ά“––±,SRC,9F,,’†‚‘w‚Μ“X•άA––±ƒrƒ‹‚ª‚Ώ•ΐ‚Τ¤‹Ζ’nζ,‹ζ“Ή,–kΌ,22,,,,ƒKƒX,…“Ή,‰Ί…“Ή,_“c,,230 ,¤‹Ζ,–h‰Ξ,80 ,600 ,,,,,,,,,,,
›,13101 ,6 ,η‘γ“c,5 ,23 ,‹ζ•”,“sS‚T‹ζ,η‘γ“c‹ζ,_“c_•Ϋ’¬“ρ’–Ϊ‚Q‚O”Τ‚QO,,"1,790,000 ","1,560,000 ",14.7 ,661 ,,1.2,1,“X•άA––±“‹¤“―Z‘ξ“™,RC,7F,,’†‚‘w‚Μ“X•άA––±ƒrƒ‹“™‚ª‚Ώ•ΐ‚Τ¤‹Ζ’nζ,‹ζ“Ή,–k“,6,,,,ƒKƒX,…“Ή,‰Ί…“Ή,_•Ϋ’¬,,150 ,¤‹Ζ,–h‰Ξ,80 ,500 ,,,,,,,,,,,
›,13101 ,6 ,η‘γ“c,5 ,24 ,‹ζ•”,“sS‚T‹ζ,η‘γ“c‹ζ,‘εθ’¬κ’–Ϊ‚T”Τ‚R‚XO,‘εθ’¬‚P|‚W|‚P,"25,700,000 ","25,500,000 ",0.8 ,"3,783 ",,1,1.5,“db‹ΗΙA––±““X•ά“™,SRC,23F,4B,‚‘w‚Μ–{Πƒrƒ‹“™‚Μ‚Ώ•ΐ‚Τ‹Ζ–±¤‹Ζ’nζ,“s“Ή,Ό,36,,‘¤“Ή,“μ,ƒKƒX,…“Ή,‰Ί…“Ή,‘εθ’¬,‹ίΪ,,¤‹Ζ,–h‰Ξ,80 ,"1,300 ",,,,,,,,,,,
›,13101 ,6 ,η‘γ“c,5 ,25 ,‹ζ•”,“sS‚T‹ζ,η‘γ“c‹ζ,_“c¬μ’¬κ’–Ϊ‚P”Τ‚PO,,"6,400,000 ","5,820,000 ",10.0 ,817 ,•s®`,1,1.5,‹βs“––±,S,8F,1B,’†‚‘w‚Μ“X•ά“––±‚Μ‚Ώ•ΐ‚Τ¤‹Ζ’nζ,“s“Ή,–kΌ,36,,O•ϋH,,ƒKƒX,…“Ή,‰Ί…“Ή,’WH’¬,‹ίΪ,,¤‹Ζ,–h‰Ξ,80 ,800 ,,,,,,,*,13101 ,5 ,7 ,"6,040,000 "
›,13101 ,6 ,η‘γ“c,5 ,26 ,‹ζ•”,“sS‚T‹ζ,η‘γ“c‹ζ,_“ci’¬“ρ’–Ϊ‚P‚S”Τ‚P,,"1,850,000 ","1,600,000 ",15.6 ,136 ,,1.2,1,––±Aμ‹Ζ“Z‘ξ,RC,5F,2B,’†‘w‚Μ––±A’α‘w‚Μ“X•ά“™‚ª¬έ‚·‚ι¤‹Ζ’nζ,‹ζ“Ή,“μΌ,8,,,,ƒKƒX,…“Ή,‰Ί…“Ή,’WH’¬,,210 ,¤‹Ζ,–h‰Ξ,80 ,600 ,,,,,,,,,,,
›,13101 ,6 ,η‘γ“c,5 ,27 ,‹ζ•”,“sS‚T‹ζ,η‘γ“c‹ζ,_“cΌ‰i’¬‚P‚R”Τ,,"4,000,000 ","3,620,000 ",10.5 ,235 ,,1,1,“X•άA––±“‘qΙ,SRC,9F,1B,’†‚‘w‚Μ“X•άA––±ƒrƒ‹‚ª‚Ώ•ΐ‚Τ¤‹Ζ’nζ,‘“Ή,“,44,,‘¤“Ή,“μ,ƒKƒX,…“Ή,‰Ί…“Ή,H—t΄,,140 ,¤‹Ζ,–h‰Ξ,80 ,800 ,,,,,,,,,,,
›,13101 ,6 ,η‘γ“c,5 ,28 ,‹ζ•”,“sS‚T‹ζ,η‘γ“c‹ζ,“_“cκ’–Ϊ‚W”Τ‚S‚R,“_“c‚P|‚P‚S|‚S,"877,000 ","776,000 ",13.0 ,58 ,,1,1.5,“X•άA‘qΙ“Z‘ξ,S,4F,,’†‘w‚Μ“X•ά“Z‘ξ“™‚ª‘½‚ΆΧXH‰‚Ά‚Μ¤‹Ζ’nζ,‹ζ“Ή,–kΌ,4,,”w–Κ“Ή,,ƒKƒX,…“Ή,‰Ί…“Ή,”n‹ς‰΅R,,190 ,¤‹Ζ,–h‰Ξ,80 ,600 ,,,,,,,,,,,
›,13102 ,6 ,’†‰›,0 ,1 ,‹ζ•”,“sS‚T‹ζ,’†‰›‹ζ,’Οκ’–Ϊ‚Q‚O”Τ‚PO,’Ο‚P|‚T|‚V,"1,180,000 ","1,050,000 ",12.4 ,73 ,,1.2,1,Z‘ξ,LS,2F,,¬‹K–Ν‚Θκ”ΚZ‘ξ“™‚ª–§W‚·‚ιω¬Z‘ξ’nζ,‹ζ“Ή,“μ,10,,,,ƒKƒX,…“Ή,‰Ί…“Ή,“‡,,420 ,‚QZ‹,–h‰Ξ,80 ,400 ,,,,,,,,,,,
›,13102 ,6 ,’†‰›,0 ,2 ,‹ζ•”,“sS‚T‹ζ,’†‰›‹ζ,“‡O’–Ϊ‚Q‚T‚O‚R”Τ,“‡‚R|‚Q‚T|‚R,"1,610,000 ","1,430,000 ",12.6 ,558 ,,1,1,‹¤“―Z‘ξ,RC,9F,,’†‚‘w‚Μƒ}ƒ“ƒVƒ‡ƒ“AZ‘ξ“™‚ª¬έ‚·‚ιZ‘ξ’nζ,‹ζ“Ή,“μ“,10.9,,,,ƒKƒX,…“Ή,‰Ί…“Ή,‚Η‚«,,500 ,‚QZ‹,–h‰Ξ,80 ,400 ,,,,,,,*,13102 ,0 ,4 ,"1,500,000 "
›,13102 ,6 ,’†‰›,0 ,3 ,‹ζ•”,“sS‚T‹ζ,’†‰›‹ζ,°Cά’–Ϊ‚P”Τ‚S,°C‚T|‚P|‚X,"1,300,000 ","1,160,000 ",12.1 ,"4,158 ",,1.2,1,‹¤“―Z‘ξ“’“Τκ,SRC,20F,,‚‘wƒ}ƒ“ƒVƒ‡ƒ“‚ª‚Ώ•ΐ‚ΤZ‘ξ’nζ,‹ζ“Ή,“μ“,20,,O•ϋH,,ƒKƒX,…“Ή,‰Ί…“Ή,‚Η‚«,,900 ,¤‹Ζ,–h‰Ξ,80 ,500 ,,,,,,,*,13102 ,0 ,8 ,"1,220,000 "
›,13102 ,6 ,’†‰›,0 ,4 ,‹ζ•”,“sS‚T‹ζ,’†‰›‹ζ,‚Η‚«ά’–Ϊ‚P‚O‚O‚S”Τ,‚Η‚«‚T|‚P‚O|‚U,"1,830,000 ","1,630,000 ",12.3 ,919 ,,1,1.5,“X•ά“‹¤“―Z‘ξ,SRC,8F,1B,’†‚‘w‚Μ“X•ά“‹¤“―Z‘ξ“™‚ª‚Ώ•ΐ‚ΤZ‘ξ’nζ,‹ζ“Ή,“μ“,36.4,,‘¤“Ή,–k“,ƒKƒX,…“Ή,‰Ί…“Ή,‚Η‚«,,570 ,‚PZ‹,–h‰Ξ,60 ,400 ,,,,,,,,,,,
›,13102 ,6 ,’†‰›,5 ,1 ,‹ζ•”,“sS‚T‹ζ,’†‰›‹ζ,“ϊ–{‹΄”n‹ς’¬κ’–Ϊ‚P”Τ‚P‚SO,“ϊ–{‹΄”n‹ς’¬‚P|‚S|‚P‚V,"3,190,000 ","2,960,000 ",7.8 ,339 ,•s®`,2,1,“X•ά“‹¤“―Z‘ξ,RC,15F,,’†‚‘w‚Μ“X•ά“‹¤“―Z‘ξ“™‚ª‚Ώ•ΐ‚Τ¤‹Ζ’nζ,‘“Ή,“μ“,27,,,,ƒKƒX,…“Ή,‰Ί…“Ή,”n‹ς’¬,‹ίΪ,,¤‹Ζ,–h‰Ξ,80 ,700 ,,,,,,,,,,,
›,13102 ,6 ,’†‰›,5 ,2 ,‹ζ•”,“sS‚T‹ζ,’†‰›‹ζ,“‡O’–Ϊ‚P‚O‚O‚X”ΤO,“‡‚R|‚P‚O|‚S,"2,580,000 ","2,330,000 ",10.7 ,84 ,,1,1.2,“X•άA––±“‹¤“―Z‘ξ,RC,5F,,‚‘wƒ}ƒ“ƒVƒ‡ƒ“‚Ζ’α‘w“X•ά‚ª¬έ‚·‚ι¤‹Ζ’nζ,“s“Ή,“μ“,36,,,,ƒKƒX,…“Ή,‰Ί…“Ή,“‡,,200 ,¤‹Ζ,–h‰Ξ,80 ,600 ,,,,,,,,,,,
›,13102 ,6 ,’†‰›,5 ,3 ,‹ζ•”,“sS‚T‹ζ,’†‰›‹ζ,“ϊ–{‹΄–x—―’¬κ’–Ϊ‚P”Τ‚Q‚Q,“ϊ–{‹΄–x—―’¬‚P|‚Q|‚P‚T,"2,580,000 ","2,270,000 ",13.7 ,268 ,,1,3,“X•άA––±“’“Τκ,SRC,8F,1B,’†¬‹K–Ν‚Μ“X•ά“––±ƒrƒ‹‚ª‘½‚Ά¤‹Ζ’nζ,‹ζ“Ή,“μ,16,,,,ƒKƒX,…“Ή,‰Ί…“Ή,¬“`”n’¬,,400 ,¤‹Ζ,–h‰Ξ,80 ,600 ,,,,,,,,,,,
›,13102 ,6 ,’†‰›,5 ,4 ,‹ζ•”,“sS‚T‹ζ,’†‰›‹ζ,“ϊ–{‹΄–{’¬l’–Ϊ‚P‚T”Τ‚R,“ϊ–{‹΄–{’¬‚S|‚P|‚P‚P,"6,300,000 ","5,870,000 ",7.3 ,330 ,,1,1,––±“’“Τκ,SRC,9F,1B,‚‘w‚Μ“X•άA––±ƒrƒ‹‚ª‘½‚Άω¬¤‹Ζ’nζ,‘“Ή,“μ“,27,,,,ƒKƒX,…“Ή,‰Ί…“Ή,V“ϊ–{‹΄,‹ίΪ,,¤‹Ζ,–h‰Ξ,80 ,800 ,,,,,,,*,13102 ,5 ,16 ,"6,100,000 "
›,13102 ,6 ,’†‰›,5 ,5 ,‹ζ•”,“sS‚T‹ζ,’†‰›‹ζ,‹βΐµ’–Ϊ‚T”Τ‚QO,,"8,320,000 ","7,890,000 ",5.4 ,159 ,,1.5,1,’z’†,,,,’†‚‘w‚Μ“X•άA––±‚ª‘½‚Ά¤‹Ζ’nζ,‹ζ“Ή,–kΌ,13,,,,ƒKƒX,…“Ή,‰Ί…“Ή,‹βΐ,,400 ,¤‹Ζ,–h‰Ξ,80 ,700 ,,,,,,,*,13102 ,5 ,54 ,"8,000,000 "
›,13102 ,6 ,’†‰›,5 ,6 ,‹ζ•”,“sS‚T‹ζ,’†‰›‹ζ,“ϊ–{‹΄κ’¬“ρ’–Ϊ‚T”Τ‚X,“ϊ–{‹΄κ’¬‚Q|‚P‚P|‚W,"4,450,000 ","4,150,000 ",7.2 ,154 ,,1,1.2,––±,S,9F,,‚‘w‚Μ“X•ά“––±ƒrƒ‹‚ª’†S‚Μ¤‹Ζ’nζ,“s“Ή,–kΌ,33,,,,ƒKƒX,…“Ή,‰Ί…“Ή,κ’¬,‹ίΪ,,¤‹Ζ,–h‰Ξ,80 ,700 ,,,,,,,,,,,
›,13102 ,6 ,’†‰›,5 ,7 ,‹ζ•”,“sS‚T‹ζ,’†‰›‹ζ,“ϊ–{‹΄“ρ’–Ϊ‚R”Τ‚WO,“ϊ–{‹΄‚Q|‚R|‚P‚W,"10,500,000 ","9,750,000 ",7.7 ,278 ,,1,1.5,“X•ά,S,8F,1B,’†‚‘w‚Μ“X•άA––±ƒrƒ‹‚ª‚Ώ•ΐ‚Τ¤‹Ζ’nζ,‹ζ“Ή,“μΌ,15,,,,ƒKƒX,…“Ή,‰Ί…“Ή,“ϊ–{‹΄,,150 ,¤‹Ζ,–h‰Ξ,80 ,700 ,,,,,,,,,,,
›,13102 ,6 ,’†‰›,5 ,8 ,‹ζ•”,“sS‚T‹ζ,’†‰›‹ζ,‹‹΄“ρ’–Ϊ‚S”Τ‚TO,‹‹΄‚Q|‚S|‚P‚T,"15,700,000 ","15,300,000 ",2.6 ,"1,169 ",•s®`,1,1.5,––±“’“Τκ,SRC,13F,2B,‚‘w‚Μ“X•άA––±ƒrƒ‹‚ª‚Ώ•ΐ‚Τ¤‹Ζ’nζ,‹ζ“Ή,“μΌ,33,,”w–Κ“Ή,,ƒKƒX,…“Ή,‰Ί…“Ή,‹‹΄,‹ίΪ,,¤‹Ζ,–h‰Ξ,80 ,800 ,,,,,,,,,,,
›,13102 ,6 ,’†‰›,5 ,9 ,‹ζ•”,“sS‚T‹ζ,’†‰›‹ζ,V•xκ’–Ϊ‚T”Τ‚P,V•x‚P|‚X|‚P,"2,570,000 ","2,300,000 ",11.7 ,207 ,,1,1.2,“X•ά“––±,S,8F,,––±ƒrƒ‹“™‚Μ‚Ω‚©‹¤“―Z‘ξ‚ΰ‚Ώ•ΐ‚Τ¤‹Ζ’nζ,‹ζ“Ή,–kΌ,18,,‘¤“Ή,–k“,ƒKƒX,…“Ή,‰Ί…“Ή,V•x’¬,,190 ,¤‹Ζ,–h‰Ξ,80 ,600 ,,,,,,,*,13102 ,5 ,14 ,"2,430,000 "
›,13102 ,6 ,’†‰›,5 ,10 ,‹ζ•”,“sS‚T‹ζ,’†‰›‹ζ,’z’nO’–Ϊ‚X‚O‚R”Τ‚P,’z’n‚R|‚X|‚P‚O,"3,090,000 ","2,650,000 ",16.6 ,257 ,,1,2.5,“X•ά“––±,SRC,10F,,’†‚‘w“X•ά“––±“™‚ª‘½‚Ά²ό‰‚Ά‚Μ¤‹Ζ’nζ,“s“Ή,–kΌ,33,,‘¤“Ή,–k“,ƒKƒX,…“Ή,‰Ί…“Ή,’z’n,‹ίΪ,,¤‹Ζ,–h‰Ξ,80 ,700 ,,,,,,,,,,,
›,13102 ,6 ,’†‰›,5 ,11 ,‹ζ•”,“sS‚T‹ζ,’†‰›‹ζ,“ϊ–{‹΄” θ’¬‚R‚T”Τ‚Q,“ϊ–{‹΄” θ’¬‚R‚T|‚R,"1,180,000 ","1,040,000 ",13.5 ,169 ,,1,2,––±,RC,7F,1B,’†‚‘w––±Aƒ}ƒ“ƒVƒ‡ƒ““™‚ª¬έ‚·‚ι¤‹Ζ’nζ,‹ζ“Ή,–kΌ,6,,,,ƒKƒX,…“Ή,‰Ί…“Ή,…“V‹{‘O,,250 ,¤‹Ζ,–h‰Ξ,80 ,500 ,,,,,,,,,,,
›,13102 ,6 ,’†‰›,5 ,12 ,‹ζ•”,“sS‚T‹ζ,’†‰›‹ζ,”ª’–x“ρ’–Ϊ‚U”Τ‚P‚S,”ª’–x‚Q|‚Q‚P|‚P‚P,"2,300,000 ","2,060,000 ",11.7 ,171 ,,1,1.2,“X•ά“––±,RC,9F,1B,’†‚‘w‚Μ“X•άA––±ƒrƒ‹“™‚ª‘½‚Ά¤‹Ζ’nζ,‹ζ“Ή,–kΌ,11,,,,ƒKƒX,…“Ή,‰Ί…“Ή,”ª’–x,,100 ,¤‹Ζ,–h‰Ξ,80 ,700 ,,,,,,,,,,,
›,13102 ,6 ,’†‰›,5 ,13 ,‹ζ•”,“sS‚T‹ζ,’†‰›‹ζ,‹βΐ“ρ’–Ϊ‚Q”Τ‚P‚XO,‹βΐ‚Q|‚U|‚V,"42,100,000 ","40,100,000 ",5.0 ,353 ,,1,1,“X•ά“––±,RC,8F,1B,’†‚‘w‚Μ“X•άA“X•ά“––±‚ª‚Ώ•ΐ‚Τ¤‹Ζ’nζ,‘“Ή,“μ“,27,,,,ƒKƒX,…“Ή,‰Ί…“Ή,‹βΐκ’–Ϊ,‹ίΪ,,¤‹Ζ,–h‰Ξ,80 ,800 ,,,,,,,*,13102 ,5 ,29 ,"40,900,000 "
›,13102 ,6 ,’†‰›,5 ,14 ,‹ζ•”,“sS‚T‹ζ,’†‰›‹ζ,‹βΐZ’–Ϊ‚S”Τ‚P‚RO,‹βΐ‚U|‚W|‚R,"30,000,000 ","28,800,000 ",4.2 ,260 ,,1,1.2,“X•ά,S,10F,1B,‚‘w‚Μ“X•άA“X•ά“––±“™‚ª‚Ώ•ΐ‚Τ¤‹Ζ’nζ,‹ζ“Ή,–k“,14.5,,‘¤“Ή,“μ“,ƒKƒX,…“Ή,‰Ί…“Ή,‹βΐ,,150 ,¤‹Ζ,–h‰Ξ,80 ,700 ,,,,,,,*,13102 ,5 ,2 ,"29,300,000 "
›,13102 ,6 ,’†‰›,5 ,15 ,‹ζ•”,“sS‚T‹ζ,’†‰›‹ζ,‹βΐµ’–Ϊ‚P‚O‚Q”Τ‚P‚XO,‹βΐ‚V|‚R|‚P‚S,"6,210,000 ","6,030,000 ",3.0 ,84 ,,1,1.2,“X•ά,S,10F,1B,’†‚‘w‚ΜωH“X•ά‚ª‚Ώ•ΐ‚Τ¤‹Ζ’nζ,‹ζ“Ή,–kΌ,8,,,,ƒKƒX,…“Ή,‰Ί…“Ή,‹βΐ,,360 ,¤‹Ζ,–h‰Ξ,80 ,800 ,,,,,,,,,,,
›,13102 ,6 ,’†‰›,5 ,16 ,‹ζ•”,“sS‚T‹ζ,’†‰›‹ζ,‹‹΄“ρ’–Ϊ‚U”Τ‚Q‚W,‹‹΄‚Q|‚U|‚P‚S,"3,230,000 ","2,880,000 ",12.2 ,308 ,,1,1.5,“X•ά“––±,RC,6F,,’†‚‘w‚Μ“X•άA––±ƒrƒ‹‚ª‚Ώ•ΐ‚Τ¤‹Ζ’nζ,‹ζ“Ή,“μΌ,8,,,,ƒKƒX,…“Ή,‰Ί…“Ή,‹‹΄,,120 ,¤‹Ζ,–h‰Ξ,80 ,700 ,,,,,,,,,,,
›,13102 ,6 ,’†‰›,5 ,17 ,‹ζ•”,“sS‚T‹ζ,’†‰›‹ζ,‹βΐ“ρ’–Ϊ‚Q‚O‚R”Τ‚P‚V,‹βΐ‚Q|‚P‚Q|‚P‚S,"8,460,000 ","7,830,000 ",8.0 ,319 ,,1,1.2,––±,SRC,10F,1B,‚‘w‚Μ“X•άA––±ƒrƒ‹‚ª‚Ώ•ΐ‚Τ¤‹Ζ’nζ,“s“Ή,–kΌ,44,,,,ƒKƒX,…“Ή,‰Ί…“Ή,“‹βΐ,,120 ,¤‹Ζ,–h‰Ξ,80 ,800 ,,,,,,,,,,,
›,13102 ,6 ,’†‰›,5 ,18 ,‹ζ•”,“sS‚T‹ζ,’†‰›‹ζ,”ªdF“ρ’–Ϊ‚P‚O”Τ‚P‚Q,”ªdF‚Q|‚P‚O|‚T,"3,200,000 ","2,760,000 ",15.9 ,167 ,,1,2.5,“X•ά“––±,RC,5F,,’†¬‹K–Ν‚Μ––±ƒrƒ‹‚ª‚Ώ•ΐ‚Τ¤‹Ζ’nζ,‹ζ“Ή,–k“,6,,,,ƒKƒX,…“Ή,‰Ί…“Ή,‹‹΄,,220 ,¤‹Ζ,–h‰Ξ,80 ,800 ,,,,,,,,,,,
›,13102 ,6 ,’†‰›,5 ,19 ,‹ζ•”,“sS‚T‹ζ,’†‰›‹ζ,“ϊ–{‹΄ak’¬κ’–Ϊ‚Q‚U”Τ‚P‚OO,“ϊ–{‹΄ak’¬‚P|‚Q‚U|‚U,"1,650,000 ","1,450,000 ",13.8 ,117 ,,1.2,1,––±,SRC,7F,,’†‚‘w––±ƒrƒ‹A’α‘w“X•ά‚ª¬έ‚·‚ι¤‹Ζ’nζ,‹ζ“Ή,–k“,11,,,,ƒKƒX,…“Ή,‰Ί…“Ή,…“V‹{‘O,,210 ,¤‹Ζ,–h‰Ξ,80 ,500 ,,,,,,,,,,,
›,13102 ,6 ,’†‰›,5 ,20 ,‹ζ•”,“sS‚T‹ζ,’†‰›‹ζ,“ϊ–{‹΄l`’¬“ρ’–Ϊ‚Q‚P”Τ‚P‚O,“ϊ–{‹΄l`’¬‚Q|‚Q‚P|‚P‚O,"2,150,000 ","1,890,000 ",13.8 ,147 ,,1,2,“X•άA––±“Z‘ξ,S,7F,,’†‚‘w‚Μ“X•άA––±ƒrƒ‹“™‚ª‘½‚Ά¤‹Ζ’nζ,‹ζ“Ή,“μ“,15,,,,ƒKƒX,…“Ή,‰Ί…“Ή,l`’¬,,160 ,¤‹Ζ,–h‰Ξ,80 ,500 ,,,,,,,*,13102 ,5 ,20 ,"2,000,000 "
›,13102 ,6 ,’†‰›,5 ,21 ,‹ζ•”,“sS‚T‹ζ,’†‰›‹ζ,’z’nµ’–Ϊ‚R”Τ‚P‚S,’z’n‚V|‚P‚O|‚P‚P,"1,990,000 ","1,710,000 ",16.4 ,133 ,,1,1.5,“X•ά“––±,RC,6F,1B,’†‚‘w“X•ά“––±‚β‹¤“―Z‘ξ“™‚ª‘½‚Ά¤‹Ζ’nζ,‹ζ“Ή,–kΌ,15,,,,ƒKƒX,…“Ή,‰Ί…“Ή,’z’n,,400 ,¤‹Ζ,–h‰Ξ,80 ,500 ,,,,,,,,,,,
›,13102 ,6 ,’†‰›,5 ,22 ,‹ζ•”,“sS‚T‹ζ,’†‰›‹ζ,““ϊ–{‹΄“ρ’–Ϊ‚P‚Q”Τ‚Q‚RO,““ϊ–{‹΄‚Q|‚Q‚R|‚S,"1,250,000 ","1,110,000 ",12.6 ,94 ,,1,1.5,––±,RC,6F,1B,’†‘w––±ƒrƒ‹‚β‹¤“―Z‘ξ‚ª‚Ώ•ΐ‚Τ¤‹Ζ’nζ,‹ζ“Ή,“μ,8,,,,ƒKƒX,…“Ή,‰Ί…“Ή,““ϊ–{‹΄,,250 ,¤‹Ζ,–h‰Ξ,80 ,500 ,,,,,,,,,,,
›,13102 ,6 ,’†‰›,5 ,23 ,‹ζ•”,“sS‚T‹ζ,’†‰›‹ζ,–©κ’–Ϊ‚P‚U”Τ‚Q,–©‚P|‚Q|‚V,"1,480,000 ","1,330,000 ",11.3 ,127 ,,1,2,“X•ά“––±,SRC,8F,,’†‚‘w‚Μ“X•ά“––±ƒrƒ‹‚ª’†S‚Μ¤‹Ζ’nζ,‹ζ“Ή,“μ,15,,”w–Κ“Ή,,ƒKƒX,…“Ή,‰Ί…“Ή,”ª’–x,,250 ,¤‹Ζ,–h‰Ξ,80 ,500 ,,,,,,,,,,,
›,13102 ,6 ,’†‰›,5 ,24 ,‹ζ•”,“sS‚T‹ζ,’†‰›‹ζ,°CO’–Ϊ‚P‚O‚U”Τ,°C‚R|‚T|‚P,"1,540,000 ","1,510,000 ",2.0 ,"1,882 ",,1.5,1,––±,S,11F,1B,‚‘w‚Μ––±ƒrƒ‹“™‚ª‚Ώ•ΐ‚Τ¤‹Ζ’nζ,‹ζ“Ή,–kΌ,20,,l•ϋH,,ƒKƒX,…“Ή,‰Ί…“Ή,‚Η‚«,,560 ,‚PZ‹,–h‰Ξ,60 ,400 ,,,,,,,,,,,
›,13102 ,6 ,’†‰›,5 ,25 ,‹ζ•”,“sS‚T‹ζ,’†‰›‹ζ,“ϊ–{‹΄–{’¬“ρ’–Ϊ‚Q”Τ‚QO,“ϊ–{‹΄–{’¬‚Q|‚U|‚R,"3,530,000 ","3,210,000 ",10.0 ,499 ,,1,1.2,––±,SRC,9F,2B,‚‘w‚Μ––±ƒrƒ‹“™‚ª‚Ώ•ΐ‚Τ’†S“I¤‹Ζ’nζ,“s“Ή,Ό,44,,”w–Κ“Ή,,ƒKƒX,…“Ή,‰Ί…“Ή,O‰z‘O,,270 ,¤‹Ζ,–h‰Ξ,80 ,800 ,,,,,,,,,,,
›,13102 ,6 ,’†‰›,5 ,26 ,‹ζ•”,“sS‚T‹ζ,’†‰›‹ζ,“ϊ–{‹΄•l’¬“ρ’–Ϊ‚T‚S”Τ‚P,“ϊ–{‹΄•l’¬‚Q|‚Q‚S|‚W,"1,890,000 ","1,690,000 ",11.8 ,144 ,,2,1,“X•ά“‹¤“―Z‘ξ,SRC,10F,,’†‚‘w“X•ά“‹¤“―Z‘ξA’†‘w“X•ά‚ª‘½‚Ά¤‹Ζ’nζ,“s“Ή,“μ“,27,,‘¤“Ή,–k“,ƒKƒX,…“Ή,‰Ί…“Ή,•l’¬,,260 ,¤‹Ζ,–h‰Ξ,80 ,700 ,,,,,,,,,,,
›,13102 ,6 ,’†‰›,5 ,27 ,‹ζ•”,“sS‚T‹ζ,’†‰›‹ζ,‹βΐµ’–Ϊ‚Q‚O‚T”Τ‚P‚S,‹βΐ‚V|‚P‚U|‚V,"3,650,000 ","3,180,000 ",14.8 ,605 ,,1,1.5,“X•ά“––±,SRC,8F,2B,’†‚‘w‚Μ“X•ά“––±“™‚ª‚Ώ•ΐ‚Τ¤‹Ζ’nζ,‹ζ“Ή,“μ“,11,,,,ƒKƒX,…“Ή,‰Ί…“Ή,“‹βΐ,,280 ,¤‹Ζ,–h‰Ξ,80 ,700 ,,,,,,,,,,,
›,13103 ,6 ,`,0 ,1 ,‹ζ•”,“sS‚T‹ζ,`‹ζ,‚—ΦO’–Ϊ‚Q”Τ‚W‚P,‚—Φ‚R|‚T|‚P‚Q,"1,600,000 ","1,460,000 ",9.6 ,408 ,,1,1.2,––±A‹¤“―Z‘ξ“ΤΙ,RC,3F,,’†’α‘w‹¤“―Z‘ξAΛZ‘ξ“™‚ª¬έ‚·‚ιZ‘ξ’nζ,‹ζ“Ή,“,5.3,,,,ƒKƒX,…“Ή,‰Ί…“Ή,‚—Φ‘δ,,240 ,‚PZ‹,€–h,60 ,300 ,,‚“x,,,,,,,,,
›,13103 ,6 ,`,0 ,2 ,‹ζ•”,“sS‚T‹ζ,`‹ζ,”’‹ΰ‘δά’–Ϊ‚Q‚T‚X”Τ‚P‚T,”’‹ΰ‘δ‚T|‚T|‚P‚S,"1,700,000 ","1,550,000 ",9.7 ,175 ,,1,2,Z‘ξ,RC,3F,1B,’†’α‘wƒ}ƒ“ƒVƒ‡ƒ“AΒlZ‘ξ‚ª¬έ‚·‚ιZ‘ξ’nζ,‹ζ“Ή,–kΌ,7.2,,,,ƒKƒX,…“Ή,‰Ί…“Ή,”’‹ΰ‘δ,,640 ,‚P’†κ,€–h,60 ,300 ,,‚“x,,,,,,,,,
›,13103 ,6 ,`,0 ,3 ,‹ζ•”,“sS‚T‹ζ,`‹ζ,Ό–ƒ•zO’–Ϊ‚S”Τ‚Q‚P,Ό–ƒ•z‚R|‚P‚T|‚W,"2,080,000 ","1,910,000 ",8.9 ,321 ,,1,1,‹¤“―Z‘ξ,S,3F,,κ”ΚZ‘ξA‹¤“―Z‘ξ‚ª¬έ‚·‚ιΥΓ‚ΘZ‘ξ’nζ,‹ζ“Ή,“,5.5,,,,ƒKƒX,…“Ή,‰Ί…“Ή,L”φ,,660 ,‚P’†κ,€–h,60 ,200 ,,‚“x,,,,,,,,,
›,13103 ,6 ,`,0 ,4 ,‹ζ•”,“sS‚T‹ζ,`‹ζ,“μΒRl’–Ϊ‚S‚W‚V”Τ,“μΒR‚S|‚Q‚U|‚P‚W,"2,200,000 ","2,030,000 ",8.4 ,183 ,,1,1,––±“Z‘ξ,RC,3F,1B,Z‘ξA––±“™‚ª¬έ‚·‚ιZ‘ξ’nζ,‹ζ“Ή,–kΌ,5.3,,,,ƒKƒX,…“Ή,‰Ί…“Ή,•\Q“Ή,,560 ,‚P’†κ,€–h,60 ,300 ,,‚“x,,,,,,,,,
›,13103 ,6 ,`,0 ,5 ,‹ζ•”,“sS‚T‹ζ,`‹ζ,“μΒRµ’–Ϊ‚Q‚V‚S”Τ,“μΒR‚V|‚P‚R|‚T,"1,900,000 ","1,740,000 ",9.2 ,652 ,,1,1.5,‹¤“―Z‘ξ,RC,5F,,‹¤“―Z‘ξ‚ª‚Ώ•ΐ‚Τ’†‚ΙΛZ‘ξ‚ΰc‚ιZ‘ξ’nζ,‹ζ“Ή,–k“,5.6,,,,ƒKƒX,…“Ή,‰Ί…“Ή,L”φ,,900 ,‚P’†κ,€–h,60 ,200 ,,‚“x,,,,,,,,,
›,13103 ,6 ,`,0 ,6 ,‹ζ•”,“sS‚T‹ζ,`‹ζ,Z–{–Ψά’–Ϊ‚R‚U‚V”Τ‚P,Z–{–Ψ‚T|‚P‚R|‚P,"2,650,000 ","2,430,000 ",9.1 ,365 ,,1,1.5,‹¤“―Z‘ξ,RC,4F,1B,ƒ}ƒ“ƒVƒ‡ƒ“‚Ι‘εgΩ“™‚ΰ©‚η‚κ‚ιΥΓ‚ΘZ‘ξ’nζ,‹ζ“Ή,–k,8.5,,‘¤“Ή,Ό,ƒKƒX,…“Ή,‰Ί…“Ή,–ƒ•z\”Τ,,400 ,‚Q’†κ,€–h,60 ,300 ,,‚“x,,,,,*,13103 ,0 ,2 ,"2,500,000 "
›,13103 ,6 ,`,0 ,7 ,‹ζ•”,“sS‚T‹ζ,`‹ζ,“–ƒ•zO’–Ϊ‚S”Τ‚Q‚RO,,"1,780,000 ","1,620,000 ",9.9 ,159 ,,1.2,1,‹σ’n,,,,ƒ}ƒ“ƒVƒ‡ƒ“‚Μ‚Ω‚©‚Ι––±“™‚ΰ¬έ‚·‚ιZ‘ξ’nζ,‹ζ“Ή,“,6,,,,ƒKƒX,…“Ή,‰Ί…“Ή,–ƒ•z\”Τ,,160 ,‚PZ‹,€–h,60 ,300 ,,‚“x,,,,,,,,,
›,13103 ,6 ,`,0 ,8 ,‹ζ•”,“sS‚T‹ζ,`‹ζ,‚—Φκ’–Ϊ‚V‚O‚P”Τ‚U‚P,‚—Φ‚P|‚X|‚T,"1,740,000 ","1,580,000 ",10.1 ,150 ,,1,1.2,Z‘ξ,W,2F,,’†‹K–Νκ”ΚZ‘ξ‚ª‘½‚Ά‹ζ‰ζ®‘R‚Ζ‚µ‚½Z‘ξ’nζ,‹ζ“Ή,“μ,6.5,,,,ƒKƒX,…“Ή,‰Ί…“Ή,”’‹ΰ‚—Φ,,250 ,‚P’†κ,€–h,60 ,300 ,,‚“x,,,,,*,13103 ,0 ,9 ,"1,640,000 "
›,13103 ,6 ,`,0 ,9 ,‹ζ•”,“sS‚T‹ζ,`‹ζ,Ε‰Yl’–Ϊ‚P”Τ‚R‚S,Ε‰Y‚S|‚T|‚P‚U,"1,920,000 ","1,730,000 ",11.0 ,371 ,,1,2,‹¤“―Z‘ξ,RC,9F,,‚‘w‹¤“―Z‘ξ‚Μ‚Ω‚©––±ƒrƒ‹“™‚ª¬έ‚·‚ι’nζ,‹ζ“Ή,“,10.9,,,,ƒKƒX,…“Ή,‰Ί…“Ή,“c’¬,,840 ,€H,–h‰Ξ,60 ,400 ,,,,,,,,,,,
›,13103 ,6 ,`,0 ,10 ,‹ζ•”,“sS‚T‹ζ,`‹ζ,Τβκ’–Ϊ‚P‚S‚Q‚S”Τ‚P,Τβ‚P|‚P‚S|‚P‚P,"5,560,000 ","5,240,000 ",6.1 ,"1,053 ",,1,2,‹¤“―Z‘ξ,RC,10F,1B,ƒ}ƒ“ƒVƒ‡ƒ“‚Ι‘εgΩAƒzƒeƒ‹‚ΰ©‚η‚κ‚ιZ‘ξ’nζ,‹ζ“Ή,“μ“,8.5,,,,ƒKƒX,…“Ή,‰Ί…“Ή,—­’rR‰¤,,420 ,‚QZ‹,–h‰Ξ,60 ,400 ,,,,,,,*,13103 ,0 ,4 ,"5,350,000 "
›,13103 ,6 ,`,5 ,1 ,‹ζ•”,“sS‚T‹ζ,`‹ζ,Υƒm–εκ’–Ϊ‚P‚O‚T”ΤO,Υƒm–ε‚P|‚P|‚Q‚P,"15,000,000 ","14,500,000 ",3.4 ,989 ,•s®`,1,1.5,“X•ά“––±,SRC,9F,3B,‚‘w‚Μ“X•άA––±‚ª‘½‚Ά¤‹Ζ’nζ,“s“Ή,“μΌ,33,,”w–Κ“Ή,,ƒKƒX,…“Ή,‰Ί…“Ή,Υƒm–ε,‹ίΪ,,¤‹Ζ,–h‰Ξ,80 ,800 ,,,,,,,,,,,
,13103 ,6 ,`,5 ,2 ,‹ζ•”,“sS‚T‹ζ,`‹ζ,“μΒRά’–Ϊ‚S‚X‚T”Τ,“μΒR‚T|‚P‚R|‚P,"9,210,000 ",,,230 ,,1,1.5,“X•ά“––±,S,10F,,‚‘w“X•ά“––±ƒrƒ‹“™‚Μ‘½‚Ά¤‹Ζ’nζ,‹ζ“Ή,–k“,16.3,,‘¤“Ή,–kΌ,ƒKƒX,…“Ή,‰Ί…“Ή,•\Q“Ή,,390 ,¤‹Ζ,–h‰Ξ,80 ,600 ,,‚“x,,,,,,,,,
›,13103 ,6 ,`,5 ,3 ,‹ζ•”,“sS‚T‹ζ,`‹ζ,Υƒm–εκ’–Ϊ‚Q‚Q‚S”Τ‚V,Υƒm–ε‚P|‚P‚U|‚W,"5,340,000 ","4,880,000 ",9.4 ,150 ,,1,1.5,––±,SRC,7F,1B,’†‚‘w‚Μ“X•ά“––±ƒrƒ‹“™‚ª‚Ώ•ΐ‚Τ¤‹Ζ’nζ,‹ζ“Ή,“μ“,11,,,,ƒKƒX,…“Ή,‰Ί…“Ή,Υƒm–εƒqƒ‹ƒY,‹ίΪ,,¤‹Ζ,–h‰Ξ,80 ,700 ,,,,,,,,,,,
›,13103 ,6 ,`,5 ,4 ,‹ζ•”,“sS‚T‹ζ,`‹ζ,‚—Φ“ρ’–Ϊ‚P”Τ‚X,‚—Φ‚Q|‚P‚X|‚P‚X,"4,650,000 ","4,250,000 ",9.4 ,737 ,,1,2,––±,S,8F,1B,‚‘w‚Μ“X•ά“––±ƒrƒ‹“™‚ª‚Ώ•ΐ‚Τ¤‹Ζ’nζ,‘“Ή,–kΌ,33,,,,ƒKƒX,…“Ή,‰Ί…“Ή,ςx›,‹ίΪ,,¤‹Ζ,–h‰Ξ,80 ,600 ,,,,,,,*,13103 ,5 ,10 ,"4,380,000 "
›,13103 ,6 ,`,5 ,5 ,‹ζ•”,“sS‚T‹ζ,`‹ζ,V‹΄κ’–Ϊ‚P‚O‚R”Τ‚S,V‹΄‚P|‚P‚W|‚P‚U,"14,300,000 ","13,700,000 ",4.4 ,"1,176 ",,1.2,1,“X•άA––±“’“Τκ,SRC,9F,3B,‚‘w‚Μ“X•ά“––±‚ª‚Ώ•ΐ‚Τ¤‹Ζ’nζ,“s“Ή,“μΌ,33,,,,ƒKƒX,…“Ή,‰Ί…“Ή,“ΰK’¬,‹ίΪ,,¤‹Ζ,–h‰Ξ,80 ,800 ,,,,,,,*,13103 ,5 ,1 ,"14,000,000 "
›,13103 ,6 ,`,5 ,6 ,‹ζ•”,“sS‚T‹ζ,`‹ζ,`“μ“ρ’–Ϊ‚V”Τ‚PO,`“μ‚Q|‚P‚R|‚R‚V,"4,640,000 ","4,270,000 ",8.7 ,"2,479 ",,1.2,1,––±,SRC,8F,1B,’†‚‘w‚Μ––±ƒrƒ‹‚ª‘½‚Ά¤‹Ζ’nζ,“s“Ή,Ό,27,,,,ƒKƒX,…“Ή,‰Ί…“Ή,•iμ,,380 ,¤‹Ζ,–h‰Ξ,80 ,600 ,,,,,,,,,,,
›,13103 ,6 ,`,5 ,7 ,‹ζ•”,“sS‚T‹ζ,`‹ζ,•lΌ’¬κ’–Ϊ‚P‚Q‚T”Τ‚P‚OO,•lΌ’¬‚P|‚R‚O|‚P‚P,"7,000,000 ","6,380,000 ",9.7 ,271 ,,1,2,“X•ά,S,10F,1B,‚‘w‚Μ“X•άA––±ƒrƒ‹‚ª‘½‚Ά‰w‘O‚Μ¤‹Ζ’nζ,‹ζ“Ή,“μ,27,,‘¤“Ή,Ό,ƒKƒX,…“Ή,‰Ί…“Ή,•lΌ’¬,,110 ,¤‹Ζ,–h‰Ξ,80 ,700 ,,,,,,,,,,,
›,13103 ,6 ,`,5 ,8 ,‹ζ•”,“sS‚T‹ζ,`‹ζ,V‹΄ά’–Ϊ‚Q”Τ‚RO,V‹΄‚T|‚P‚S|‚S,"5,610,000 ","5,100,000 ",10.0 ,259 ,•s®`,1,2,––±“’“Τκ,RC,9F,1B,’†‚‘w‚Μ––±ƒrƒ‹‚ª‚Ώ•ΐ‚Τ¤‹Ζ’nζ,‘“Ή,“μ“,36,,”w–Κ“Ή,,ƒKƒX,…“Ή,‰Ί…“Ή,V‹΄,,480 ,¤‹Ζ,–h‰Ξ,80 ,700 ,,,,,,,,,,,
›,13103 ,6 ,`,5 ,9 ,‹ζ•”,“sS‚T‹ζ,`‹ζ,ΌV‹΄O’–Ϊ‚P‚O‚S”Τ‚PO,,"7,700,000 ","7,000,000 ",10.0 ,"1,237 ",,1,2.5,’z’†,,,,‚‘w‚Μ“X•άA––±ƒrƒ‹“™‚ª‚Ώ•ΐ‚Τ¤‹Ζ’nζ,“s“Ή,“μ“,33,,l•ϋH,,ƒKƒX,…“Ή,‰Ί…“Ή,δ¬–ε,,100 ,¤‹Ζ,–h‰Ξ,80 ,700 ,,,,,,,,,,,
›,13103 ,6 ,`,5 ,10 ,‹ζ•”,“sS‚T‹ζ,`‹ζ,Εά’–Ϊ‚R”Τ‚P‚R,Ε‚T|‚P‚R|‚P‚R,"4,270,000 ","3,890,000 ",9.8 ,178 ,,1,1.5,“X•άA––±“‹¤“―Z‘ξ“™,SRC,8F,1B,’†‚‘w‚Μ“X•ά“––±ƒrƒ‹‚ª‚Ώ•ΐ‚Τ¤‹Ζ’nζ,‘“Ή,Ό,30,,,,ƒKƒX,…“Ή,‰Ί…“Ή,O“c,,390 ,¤‹Ζ,–h‰Ξ,80 ,600 ,,,,,,,,,,,
›,13103 ,6 ,`,5 ,11 ,‹ζ•”,“sS‚T‹ζ,`‹ζ,Τβκ’–Ϊ‚P‚P‚O‚Q”Τ‚T,Τβ‚P|‚P‚P|‚Q‚W,"8,500,000 ","7,800,000 ",9.0 ,510 ,‘δ`,1,1.2,“X•ά“––±,SRC,10F,,‚‘w‚Μ“X•ά“––±“™‚ª‚Ώ•ΐ‚Τ¤‹Ζ’nζ,“s“Ή,–kΌ,40,,‘¤“Ή,“μΌ,ƒKƒX,…“Ή,‰Ί…“Ή,—­’rR‰¤,‹ίΪ,,¤‹Ζ,–h‰Ξ,80 ,700 ,,,,,,,,,,,
›,13103 ,6 ,`,5 ,12 ,‹ζ•”,“sS‚T‹ζ,`‹ζ,Τβ”ª’–Ϊ‚R‚R‚P”Τ‚S,Τβ‚W|‚P‚P|‚R‚V,"5,080,000 ","4,640,000 ",9.5 ,670 ,,1,1,––±,SRC,7F,1B,’†‚‘w‚Μ“X•άA––±ƒrƒ‹‚ª‘½‚Ά¤‹Ζ’nζ,“s“Ή,Ό,18,,,,ƒKƒX,…“Ή,‰Ί…“Ή,”T–Ψβ,,130 ,¤‹Ζ,–h‰Ξ,80 ,500 ,,,,,,,,,,,
›,13103 ,6 ,`,5 ,13 ,‹ζ•”,“sS‚T‹ζ,`‹ζ,–ƒ•z‘δO’–Ϊ‚T”Τ‚XO,–ƒ•z‘δ‚R|‚S|‚P‚O,"3,870,000 ","3,530,000 ",9.6 ,199 ,,1,2.5,“X•άA––±“Z‘ξ,SRC,7F,1B,‚‘w‚Μ“X•ά“––±“™‚ª‚Ώ•ΐ‚Τ¤‹Ζ’nζ,“s“Ή,–k,18.3,,,,ƒKƒX,…“Ή,‰Ί…“Ή,Z–{–Ψκ’–Ϊ,,450 ,¤‹Ζ,–h‰Ξ,80 ,500 ,,,,,,,*,13103 ,5 ,44 ,"3,660,000 "
›,13103 ,6 ,`,5 ,14 ,‹ζ•”,“sS‚T‹ζ,`‹ζ,–kΒRO’–Ϊ‚R‚R”Τ‚Q,–kΒR‚R|‚T|‚R‚O,"29,000,000 ","27,800,000 ",4.3 ,465 ,,1,1.5,“X•άA––±“’“Τκ,S,9F,2B,‚‘w“X•άƒrƒ‹“™‚ª‚Ώ•ΐ‚Τ”Ι‰Ψ‚Θ¤‹Ζ’nζ,“s“Ή,“μΌ,36,,,,ƒKƒX,…“Ή,‰Ί…“Ή,•\Q“Ή,,50 ,¤‹Ζ,–h‰Ξ,80 ,600 ,,‚“x,,,,,,,,,
›,13103 ,6 ,`,5 ,15 ,‹ζ•”,“sS‚T‹ζ,`‹ζ,“μΒR“ρ’–Ϊ‚R‚U‚U”Τ,“μΒR‚Q|‚P‚S|‚P‚T,"2,960,000 ","2,660,000 ",11.3 ,168 ,,1,1.2,“X•άA––±“Z‘ξ,RC,4F,1B,’†‚‘w‚Μ“X•ά“––±ƒrƒ‹“™‚ª‚Ώ•ΐ‚Τ¤‹Ζ’nζ,‹ζ“Ή,“μΌ,9,,,,ƒKƒX,…“Ή,‰Ί…“Ή,O‰‘‘O,,180 ,‹ί¤,–h‰Ξ,80 ,400 ,,‚“x,,,,,,,,,
›,13103 ,6 ,`,5 ,16 ,‹ζ•”,“sS‚T‹ζ,`‹ζ,Ό–ƒ•zO’–Ϊ‚Q‚R”Τ‚Q‚RO,Ό–ƒ•z‚R|‚P|‚P‚W,"3,720,000 ","3,390,000 ",9.7 ,113 ,,1,1,“X•άA––±“‹¤“―Z‘ξ“™,SRC,7F,1B,’†‚‘w‚Μ“X•άA––±ƒrƒ‹“™‚ª‚Ώ•ΐ‚Τ¤‹Ζ’nζ,“s“Ή,–k,40,,,,ƒKƒX,…“Ή,‰Ί…“Ή,Z–{–Ψ,,300 ,¤‹Ζ,–h‰Ξ,80 ,600 ,,‚“x,,,,,,,,,
›,13103 ,6 ,`,5 ,17 ,‹ζ•”,“sS‚T‹ζ,`‹ζ,Z–{–ΨZ’–Ϊ‚R‚P‚P”Τ‚Q,Z–{–Ψ‚U|‚P|‚T,"5,080,000 ","4,660,000 ",9.0 ,67 ,,1.2,1,“X•άA––±“Z‘ξ,RC,5F,1B,¬‹K–Ν‚Θ’†‘w‚Μ“X•άA––±ƒrƒ‹‚ª‘½‚Ά¤‹Ζ’nζ,‹ζ“Ή,–k“,11,,,,ƒKƒX,…“Ή,‰Ί…“Ή,Z–{–Ψ,,90 ,¤‹Ζ,–h‰Ξ,80 ,500 ,,,,,,,,,,,
›,13103 ,6 ,`,5 ,18 ,‹ζ•”,“sS‚T‹ζ,`‹ζ,Τβ“ρ’–Ϊ‚P‚R‚O‚P”Τ‚TO,Τβ‚Q|‚P‚R|‚Q‚R,"5,510,000 ","5,040,000 ",9.3 ,129 ,,1.2,1,“X•ά“––±,SRC,7F,1B,’†‚‘w‚Μ“X•άƒrƒ‹“™‚ª‚Ώ•ΐ‚Τ”Ι‰Ψ‚Θ¤‹Ζ’nζ,“s“Ή,–k,15,,,,ƒKƒX,…“Ή,‰Ί…“Ή,Τβ,,90 ,¤‹Ζ,–h‰Ξ,80 ,600 ,,,,,,,*,13103 ,5 ,7 ,"5,220,000 "
›,13103 ,6 ,`,5 ,19 ,‹ζ•”,“sS‚T‹ζ,`‹ζ,“–ƒ•zκ’–Ϊ‚P‚U”Τ‚U,“–ƒ•z‚P|‚P‚U|‚X,"1,800,000 ","1,660,000 ",8.4 ,89 ,,1,1.5,Z‘ξA“X•ά“‹¤“―Z‘ξ,RC,5F,,¬‹K–Ν‚Μ“X•ά“‹¤“―Z‘ξ“™‚ª‘½‚­‘¶‚·‚ι¤‹Ζ’nζ,‹ζ“Ή,Ό,9.7,,,,ƒKƒX,…“Ή,‰Ί…“Ή,Τ‰H‹΄,,300 ,‹ί¤,–h‰Ξ,80 ,400 ,,,,,,,,,,,
›,13103 ,6 ,`,5 ,20 ,‹ζ•”,“sS‚T‹ζ,`‹ζ,–ƒ•z\”Τ“ρ’–Ϊ‚T”Τ‚QO,–ƒ•z\”Τ‚Q|‚T|‚R,"3,760,000 ","3,390,000 ",10.9 ,101 ,,1,2.5,“X•άA––±“Z‘ξ,S,10F,,“X•ά“––±A‹¤“―Z‘ξ‚ª‚Ώ•ΐ‚Τ¤‹Ζ’nζ,‹ζ“Ή,–k“,12,,,,ƒKƒX,…“Ή,‰Ί…“Ή,–ƒ•z\”Τ,,90 ,¤‹Ζ,–h‰Ξ,80 ,500 ,,‚“x,,,,,,,,,
›,13103 ,6 ,`,5 ,21 ,‹ζ•”,“sS‚T‹ζ,`‹ζ,³–ƒ•zO’–Ϊ‚Q‚V”Τ‚PO,³–ƒ•z‚R|‚P|‚R‚W,"2,980,000 ","2,710,000 ",10.0 ,327 ,,1.2,1,“X•άA––±“‹¤“―Z‘ξ,SRC,7F,1B,‹¤“―Z‘ξA“X•ά“––±ƒrƒ‹‚ª‚Ώ•ΐ‚Τ¤‹Ζ’nζ,‹ζ“Ή,–kΌ,12,,‘¤“Ή,–k“,ƒKƒX,…“Ή,‰Ί…“Ή,Z–{–Ψ,,410 ,‹ί¤,–h‰Ξ,80 ,400 ,,‚“x,,,,,,,,,
›,13103 ,6 ,`,5 ,22 ,‹ζ•”,“sS‚T‹ζ,`‹ζ,“μ–ƒ•zά’–Ϊ‚U‚U”Τ‚P,“μ–ƒ•z‚T|‚P‚T|‚Q‚T,"4,170,000 ","3,800,000 ",9.7 ,671 ,‘δ`,2,1,“X•ά“‹¤“―Z‘ξ,SRC,8F,1B,’†‚‘w‚Μ“X•ά“––±“™‚ª‚Ώ•ΐ‚Τ¤‹Ζ’nζ,“s“Ή,Ό,25,,,,ƒKƒX,…“Ή,‰Ί…“Ή,L”φ,,80 ,¤‹Ζ,–h‰Ξ,80 ,500 ,,‚“x,,,,,,,,,
›,13103 ,6 ,`,5 ,23 ,‹ζ•”,“sS‚T‹ζ,`‹ζ,Ε‘ε–ε“ρ’–Ϊ‚Q‚O‚P”Τ‚PO,Ε‘ε–ε‚Q|‚P‚P|‚P,"2,820,000 ","2,560,000 ",10.2 ,400 ,,1.2,1,––±“ΤΙ,SRC,8F,,’†‚‘w‚Μ––±ƒrƒ‹‚ª‚Ώ•ΐ‚Τ¤‹Ζ’nζ,‹ζ“Ή,–k,11,,‘¤“Ή,“,ƒKƒX,…“Ή,‰Ί…“Ή,‘ε–ε,,220 ,¤‹Ζ,–h‰Ξ,80 ,600 ,,,,,,,*,13103 ,5 ,12 ,"2,680,000 "
›,13103 ,6 ,`,5 ,24 ,‹ζ•”,“sS‚T‹ζ,`‹ζ,“–ƒ•zκ’–Ϊ‚P‚O”Τ‚P‚R,“–ƒ•z‚P|‚P‚O|‚P‚Q,"3,770,000 ","3,430,000 ",9.9 ,157 ,,1,2,––±AZ‘ξ“ΤΙ,SRC,9F,,‚‘w––±Aƒ}ƒ“ƒVƒ‡ƒ““™‚ª¬έ‚·‚ι¤‹Ζ’nζ,‘“Ή,“μΌ,30,,,,ƒKƒX,…“Ή,‰Ί…“Ή,Τ‰H‹΄,,260 ,¤‹Ζ,–h‰Ξ,80 ,600 ,,,,,,,,,,,
›,13103 ,6 ,`,5 ,25 ,‹ζ•”,“sS‚T‹ζ,`‹ζ,‚—Φκ’–Ϊ‚V‚P”Τ‚P,‚—Φ‚P|‚Q‚P|‚R,"1,900,000 ","1,690,000 ",12.4 ,105 ,,1,1,“X•ά“‹¤“―Z‘ξ,S,4F,,“X•άAƒ}ƒ“ƒVƒ‡ƒ““™‚ª¬έ‚·‚ι’nζ,‹ζ“Ή,“μ“,13,,,,ƒKƒX,…“Ή,‰Ί…“Ή,”’‹ΰ‚—Φ,,500 ,‹ί¤,–h‰Ξ,80 ,400 ,,‚“x,,,,,,,,,
›,13103 ,6 ,`,5 ,26 ,‹ζ•”,“sS‚T‹ζ,`‹ζ,Ό–ƒ•zl’–Ϊ‚P‚V‚U”Τ‚U‚RO,Ό–ƒ•z‚S|‚P‚W|‚P‚U,"2,680,000 ","2,480,000 ",8.1 ,162 ,,1.5,1,“X•ά“‹¤“―Z‘ξ,RC,6F,,’†‘w‚Μ“X•ά“‹¤“―Z‘ξ“™‚ª‚Ώ•ΐ‚Τ‹ί—Χ¤‹Ζ’nζ,‹ζ“Ή,–kΌ,7.6,,‘¤“Ή,“μΌ,ƒKƒX,…“Ή,‰Ί…“Ή,L”φ,,900 ,‹ί¤,–h‰Ξ,80 ,400 ,,‚“x,,,,,,,,,
›,13103 ,6 ,`,5 ,27 ,‹ζ•”,“sS‚T‹ζ,`‹ζ,ΌV‹΄“ρ’–Ϊ‚P‚Q‚R”Τ‚PO,ΌV‹΄‚Q|‚R‚T|‚Q,"7,800,000 ","7,200,000 ",8.3 ,383 ,•s®`,1,1.5,“X•άA––±“’“Τκ,S,12F,,’†‚‘w‚Μ“X•ά“––±“™‚ª¬έ‚·‚ι¤‹Ζ’nζ,“s“Ή,–k“,40,,‘¤“Ή,“μ“,ƒKƒX,…“Ή,‰Ί…“Ή,Υƒm–εƒqƒ‹ƒY,,410 ,¤‹Ζ,–h‰Ξ,80 ,600 ,,,,,,,,,,,
›,13103 ,6 ,`,9 ,1 ,‹ζ•”,“sS‚T‹ζ,`‹ζ,`“μά’–Ϊ‚S”Τ‚S,`“μ‚T|‚S|‚R‚U,"625,000 ","600,000 ",4.2 ,"2,095 ",,1,1.5,‘qΙ“––±,SRC,6F,,—¬’Κ‹Ζ–±{έ‚ªWΟ‚·‚ιH‹Ζ’nζ,“s“Ή,Ό,40,,,,ƒKƒX,…“Ή,‰Ί…“Ή,•iμ,,"2,000 ",€H,–h‰Ξ,60 ,400 ,,,,,,,,,,,
›,13104 ,6 ,Vh,0 ,1 ,‹ζ•”,“sS‚T‹ζ,Vh‹ζ,s’Jb—Η’¬‚R‚T”Τ‚QO,s’Jb—Η’¬‚P|‚T,"1,200,000 ","1,130,000 ",6.2 ,219 ,‘δ`,1,1.2,Z‘ξ,W,2F,,’†‹K–Νκ”ΚZ‘ξ‚Ιƒ}ƒ“ƒVƒ‡ƒ“‚ΰ¬έ‚·‚ιZ‘ξ’nζ,‹ζ“Ή,“μ,5.7,,,,ƒKƒX,…“Ή,‰Ί…“Ή,‹–φ’¬,,230 ,‚P’†κ,€–h,60 ,300 ,,‚“x,,,,,,,,,
›,13104 ,6 ,Vh,0 ,2 ,‹ζ•”,“sS‚T‹ζ,Vh‹ζ,Vhµ’–Ϊ‚X‚R”Τ‚Q‚QO,Vh‚V|‚Q‚Q|‚P‚X,"817,000 ","710,000 ",15.1 ,95 ,‘δ`,1,1,Z‘ξ,RC,3F,,κ”ΚZ‘ξA‹¤“―Z‘ξ“™‚ª¬έ‚·‚ιZ‘ξ’nζ,‹ζ“Ή,“,3.2,,,,ƒKƒX,…“Ή,‰Ί…“Ή,“Vh,,440 ,‚P’†κ,€–h,60 ,300 ,,‚“x,,,,,,,,,
›,13104 ,6 ,Vh,0 ,3 ,‹ζ•”,“sS‚T‹ζ,Vh‹ζ,•Sl’¬“ρ’–Ϊ‚R‚R‚O”Τ‚S,•Sl’¬‚Q|‚Q‚O|‚Q‚P,"835,000 ","764,000 ",9.3 ,112 ,,1,1,f—Γ“Z‘ξ,RC,3F,,’†‘w‚Μ“X•ά“‹¤“―Z‘ξ‚ª‘½‚ΆZ‘ξ’nζ,‹ζ“Ή,“,3.6,,,,ƒKƒX,…“Ή,‰Ί…“Ή,‘ε‹v•Ϋ,,240 ,‚PZ‹,€–h,60 ,300 ,,‚“x,,,,,,,,,
›,13104 ,6 ,Vh,0 ,4 ,‹ζ•”,“sS‚T‹ζ,Vh‹ζ,‚“c”nκO’–Ϊ‚R‚O‚X”Τ‚X,‚“c”nκ‚R|‚Q‚O|‚W,"713,000 ","670,000 ",6.4 ,102 ,,1,1.5,‹¤“―Z‘ξ,RC,3F,1B,¬‹K–Νκ”ΚZ‘ξA‹¤“―Z‘ξ“™‚ª‚Ώ•ΐ‚ΤZ‘ξ’nζ,‹ζ“Ή,–k,3.7,,,,ƒKƒX,…“Ή,‰Ί…“Ή,‚“c”nκ,,650 ,‚P’†κ,€–h,60 ,300 ,,‚“x,,,,,,,,,
›,13104 ,6 ,Vh,0 ,5 ,‹ζ•”,“sS‚T‹ζ,Vh‹ζ,γ—‡O’–Ϊ‚W‚R‚O”Τ‚Q‚SO,γ—‡‚R|‚Q‚O|‚P‚T,"614,000 ","578,000 ",6.2 ,84 ,,1,1.5,‹¤“―Z‘ξ,W,2F,,’†¬‹K–Νκ”ΚZ‘ξAƒAƒp[ƒg‚ª¬έ‚·‚ιZ‘ξ’nζ,‹ζ“Ή,Ό,2.6,,,,ƒKƒX,…“Ή,‰Ί…“Ή,“s‰c’†δ,,400 ,‚PZ‹,€–h,60 ,300 ,,‚“x,,,,,,,,,
›,13104 ,6 ,Vh,0 ,6 ,‹ζ•”,“sS‚T‹ζ,Vh‹ζ,“μ‰|’¬‚V‚O”Τ‚Q,,"780,000 ","706,000 ",10.5 ,117 ,,1,1.5,’z’†,,,,κ”ΚZ‘ξAƒAƒp[ƒg“™‚ª‘½‚Ά]‘O‚©‚η‚ΜZ‘ξ’nζ,‹ζ“Ή,–k“,3.1,,,,ƒKƒX,…“Ή,‰Ί…“Ή,‹–φ’¬,,450 ,‚P’†κ,€–h,60 ,300 ,,‚“x,,,,,,,,,
›,13104 ,6 ,Vh,0 ,7 ,‹ζ•”,“sS‚T‹ζ,Vh‹ζ,’†—‡O’–Ϊ‚P‚T‚W‚U”Τ‚S,’†—‡‚R|‚Q‚U|‚P‚W,"642,000 ","610,000 ",5.2 ,204 ,,1,1,Z‘ξ,W,2F,,’†‹K–Ν‚Μκ”ΚZ‘ξ‚ª‘½‚ΆZ‘ξ’nζ,‹ζ“Ή,“,3.5,,,,ƒKƒX,…“Ή,‰Ί…“Ή,—‡“μ’·θ,,350 ,‚P’ακ,€–h,50 ,100 ,,‚“x,,,,,,,,,
›,13104 ,6 ,Vh,0 ,8 ,‹ζ•”,“sS‚T‹ζ,Vh‹ζ,–kVh“ρ’–Ϊ‚S‚T‚W”Τ‚P‚R,–kVh‚Q|‚P‚Q|‚T,"710,000 ","666,000 ",6.6 ,132 ,‘δ`,1,1.5,‹¤“―Z‘ξ,S,3F,,’†¬‹K–ΝZ‘ξAƒAƒp[ƒg“™‚ª¬έ‚·‚ιZ‘ξ’nζ,‹ζ“Ή,–kΌ,4,,,,ƒKƒX,…“Ή,‰Ί…“Ή,’†–μβγ,,700 ,‚PZ‹,€–h,60 ,300 ,,‚“x,,,,,,,,,
›,13104 ,6 ,Vh,0 ,9 ,‹ζ•”,“sS‚T‹ζ,Vh‹ζ,‚“c”nκκ’–Ϊ‚P‚W‚Q”Τ‚R‚QO,‚“c”nκ‚P|‚Q‚P|‚Q‚P,"860,000 ","807,000 ",6.6 ,205 ,,1,1,‹¤“―Z‘ξ,W,3F,,’†‹K–Νκ”ΚZ‘ξAƒAƒp[ƒg“™‚ª¬έ‚·‚ιZ‘ξ’nζ,‹ζ“Ή,–k,3.7,,,,ƒKƒX,…“Ή,‰Ί…“Ή,‚“c”nκ,,390 ,‚P’†κ,€–h,60 ,300 ,,‚“x,,,,,*,13104 ,0 ,17 ,"835,000 "
›,13104 ,6 ,Vh,0 ,10 ,‹ζ•”,“sS‚T‹ζ,Vh‹ζ,ΛRκ’–Ϊ‚S‚R”Τ‚Q‚U‚O,ΛR‚P|‚V|‚S,"800,000 ","731,000 ",9.4 ,99 ,,1,1.2,Z‘ξ,S,3F,,¬‹K–ΝZ‘ξAƒAƒp[ƒg“™‚ª¬έ‚·‚ιZ‘ξ’nζ,‹ζ“Ή,“μΌ,4,,,,ƒKƒX,…“Ή,‰Ί…“Ή,αΌ‰Ν“c,,480 ,‚P’†κ,€–h,60 ,300 ,,‚“x,,,,,,,,,
›,13104 ,6 ,Vh,0 ,11 ,‹ζ•”,“sS‚T‹ζ,Vh‹ζ,s’J‘D‰Ν΄’¬‚P‚X”Τ‚WO,,"1,510,000 ","1,290,000 ",17.1 ,"1,438 ",,1,1.5,‹¤“―Z‘ξ,RC,5F,1B,’†‘wƒ}ƒ“ƒVƒ‡ƒ“‚ª‚Ώ•ΐ‚ΤΒ‹«‚Μ—Η‚ΆZ‘ξ’nζ,‹ζ“Ή,“μΌ,4.9,,,,ƒKƒX,…“Ή,‰Ί…“Ή,”Ρ“c‹΄,,680 ,‚PZ‹,€–h,60 ,300 ,,‚“x,,,,,,,,,
›,13104 ,6 ,Vh,0 ,12 ,‹ζ•”,“sS‚T‹ζ,Vh‹ζ,‘ε‹’¬‚U”Τ‚W,,"1,030,000 ","972,000 ",6.0 ,201 ,,1,1.5,Z‘ξ,W,2F,,’†‹K–Νκ”ΚZ‘ξAƒ}ƒ“ƒVƒ‡ƒ“‚ª¬έ‚·‚ιZ‘ξ’nζ,‹ζ“Ή,–k,3.7,,,,ƒKƒX,…“Ή,‰Ί…“Ή,l’JO’–Ϊ,,300 ,‚P’†κ,€–h,60 ,300 ,,‚“x,,,,,*,13104 ,0 ,4 ,"1,000,000 "
›,13104 ,6 ,Vh,5 ,1 ,‹ζ•”,“sS‚T‹ζ,Vh‹ζ,‰Μ•‘κ’¬κ’–Ϊ‚P‚W”Τ‚P‚PO,‰Μ•‘κ’¬‚P|‚P‚W|‚X,"7,980,000 ","7,450,000 ",7.1 ,178 ,,1,1.5,“X•ά,SRC,12F,1B,’†‚‘w‚ΜωH“XA—V‹Zκ‚ª‘½‚Ά½yX‚Μ¤‹Ζ’nζ,‹ζ“Ή,“,18,,”w–Κ“Ή,,ƒKƒX,…“Ή,‰Ί…“Ή,Vh,,340 ,¤‹Ζ,–h‰Ξ,80 ,900 ,,,,,,,,,,,
›,13104 ,6 ,Vh,5 ,2 ,‹ζ•”,“sS‚T‹ζ,Vh‹ζ,VhO’–Ϊ‚W‚O‚Q”Τ‚UO,Vh‚R|‚P‚W|‚T,"17,700,000 ","16,700,000 ",6.0 ,488 ,,1.2,1,“X•ά,SRC,10F,2B,’†‚‘w‚Μ“X•άƒrƒ‹‚ª‚Ώ•ΐ‚Τ”Ι‰Ψ‚Θ¤‹Ζ’nζ,‹ζ“Ή,–kΌ,22,,‘¤“Ή,–k“,ƒKƒX,…“Ή,‰Ί…“Ή,Vh,,200 ,¤‹Ζ,–h‰Ξ,80 ,900 ,,,,,,,,,,,
›,13104 ,6 ,Vh,5 ,3 ,‹ζ•”,“sS‚T‹ζ,Vh‹ζ,VhO’–Ϊ‚P‚O‚Q”Τ‚P‚OO,Vh‚R|‚R‚R|‚P‚O,"11,500,000 ","10,400,000 ",10.6 ,322 ,,1.2,1,––±A“X•ά“€κ,SRC,8F,2B,’†‚‘w‚Μ“X•άƒrƒ‹“™‚ª‘½‚Ά”Ι‰Ψ‚Θ¤‹Ζ’nζ,‹ζ“Ή,–k,15,,‘¤“Ή,“,ƒKƒX,…“Ή,‰Ί…“Ή,VhO’–Ϊ,,120 ,¤‹Ζ,–h‰Ξ,80 ,800 ,,,,,,,,,,,
›,13104 ,6 ,Vh,5 ,4 ,‹ζ•”,“sS‚T‹ζ,Vh‹ζ,ΌVhκ’–Ϊ‚P‚W”Τ‚Q,ΌVh‚P|‚P‚W|‚Q,"21,400,000 ","20,300,000 ",5.4 ,235 ,‘δ`,1,1,“X•ά“––±,SRC,9F,3B,‚‘w‚Μ“X•ά“––±ƒrƒ‹‚ª‚Ώ•ΐ‚Τ‚“x¤‹Ζ’nζ,“s“Ή,“,36,,,,ƒKƒX,…“Ή,‰Ί…“Ή,Vh,,170 ,¤‹Ζ,–h‰Ξ,80 ,"1,000 ",,,,,,,,,,,
›,13104 ,6 ,Vh,5 ,5 ,‹ζ•”,“sS‚T‹ζ,Vh‹ζ,—gκ’¬‚R”Τ‚SO,—gκ’¬‚Q|‚P‚X,"2,500,000 ","2,240,000 ",11.6 ,127 ,‘δ`,1,1.5,––±AZ‘ξ““X•ά,SRC,8F,,’†‚‘w‚Μ“X•άA––±ƒrƒ‹‚ª‚Ώ•ΐ‚Τ¤‹Ζ’nζ,“s“Ή,–k,16,,,,ƒKƒX,…“Ή,‰Ί…“Ή,”Ρ“c‹΄,,200 ,¤‹Ζ,–h‰Ξ,80 ,500 ,,‚“x,,,,,,,,,
›,13104 ,6 ,Vh,5 ,6 ,‹ζ•”,“sS‚T‹ζ,Vh‹ζ,s’J–φ’¬‚Q‚S”Τ‚R,,"1,970,000 ","1,700,000 ",15.9 ,160 ,,1,3,‹¤“―Z‘ξ,RC,11F,,‚‘wƒ}ƒ“ƒVƒ‡ƒ“A’†’α‘w“X•ά‚ª¬έ‚·‚ι¤‹Ζ’nζ,“s“Ή,Ό,27,,,,ƒKƒX,…“Ή,‰Ί…“Ή,‹–φ’¬,,50 ,¤‹Ζ,–h‰Ξ,80 ,500 ,,‚“x,,,,,,,,,
›,13104 ,6 ,Vh,5 ,7 ,‹ζ•”,“sS‚T‹ζ,Vh‹ζ,‰Μ•‘κ’¬“ρ’–Ϊ‚S‚R‚T”Τ‚P‚T,‰Μ•‘κ’¬‚Q|‚P‚X|‚P‚R,"2,510,000 ","2,240,000 ",12.1 ,188 ,,1,2,––±,SRC,9F,1B,’†‚‘w‚Μ––±A‹¤“―Z‘ξ“™‚ª¬έ‚·‚ι¤‹Ζ’nζ,“s“Ή,–k,30,,,,ƒKƒX,…“Ή,‰Ί…“Ή,“Vh,,200 ,¤‹Ζ,–h‰Ξ,80 ,600 ,,,,,,,,,,,
›,13104 ,6 ,Vh,5 ,8 ,‹ζ•”,“sS‚T‹ζ,Vh‹ζ,‚“c”nκl’–Ϊ‚P‚T‚R”Τ‚WO,‚“c”nκ‚S|‚W|‚S,"4,000,000 ","3,680,000 ",8.7 ,277 ,,1,1.5,“X•ά“––±,SRC,10F,,‹ΰ—Z‹@ΦA’†‚‘wƒrƒ‹‚ª‚Ώ•ΐ‚Τ‰w‘O¤‹Ζ’nζ,“s“Ή,–k,16,,‘¤“Ή,Ό,ƒKƒX,…“Ή,‰Ί…“Ή,‚“c”nκ,,80 ,¤‹Ζ,–h‰Ξ,80 ,700 ,,‚“x,,,,,,,,,
›,13104 ,6 ,Vh,5 ,9 ,‹ζ•”,“sS‚T‹ζ,Vh‹ζ,Vhκ’–Ϊ‚S”Τ‚TO,Vh‚P|‚S|‚P‚Q,"4,400,000 ","4,030,000 ",9.2 ,484 ,,1,1.2,––±,S,9F,,’†‚‘w‚Μ––±ƒrƒ‹“™‚ª‚Ώ•ΐ‚Τ¤‹Ζ’nζ,‹ζ“Ή,–k,22,,”w–Κ“Ή,,ƒKƒX,…“Ή,‰Ί…“Ή,Vhδ‰‘‘O,‹ίΪ,,¤‹Ζ,–h‰Ξ,80 ,700 ,,,,,,,,,,,
›,13104 ,6 ,Vh,5 ,10 ,‹ζ•”,“sS‚T‹ζ,Vh‹ζ,VhO’–Ϊ‚T”Τ‚QO,Vh‚R|‚T|‚S,"19,400,000 ","18,400,000 ",5.4 ,972 ,,1.5,1,“X•ά,S,9F,2B,’†‚‘w“X•άƒrƒ‹“™‚ª‚Ώ•ΐ‚Τ”Ι‰Ψ‚Θ¤‹Ζ’nζ,“s“Ή,–kΌ,22,,”w–Κ“Ή,,ƒKƒX,…“Ή,‰Ί…“Ή,VhO’–Ϊ,‹ίΪ,,¤‹Ζ,–h‰Ξ,80 ,800 ,,,,,,,*,13104 ,5 ,15 ,"18,700,000 "
›,13104 ,6 ,Vh,5 ,11 ,‹ζ•”,“sS‚T‹ζ,Vh‹ζ,‚“c”nκ“ρ’–Ϊ‚P‚S‚O”Τ‚P‚RO,‚“c”nκ‚Q|‚W|‚S,"2,550,000 ","2,280,000 ",11.8 ,204 ,,1,1.5,“X•άA––±“Z‘ξ,SRC,6F,2B,’†‚‘w‚Μ“X•ά“––±“™‚ª‚Ώ•ΐ‚Τ¤‹Ζ’nζ,“s“Ή,“μ,22,,,,ƒKƒX,…“Ή,‰Ί…“Ή,‚“c”nκ,,450 ,¤‹Ζ,–h‰Ξ,80 ,600 ,,‚“x,,,,,*,13104 ,5 ,6 ,"2,400,000 "
›,13104 ,6 ,Vh,5 ,12 ,‹ζ•”,“sS‚T‹ζ,Vh‹ζ,’†—‡κ’–Ϊ‚P‚W‚T‚X”Τ‚XO,’†—‡‚P|‚P‚V|‚W,"925,000 ","855,000 ",8.2 ,130 ,‘δ`,1,1.5,“X•ά“‹¤“―Z‘ξ,RC,7F,,’†’α‘w‚Μ“X•ά“‹¤“―Z‘ξ“™‚ª‚Ώ•ΐ‚Τ¤‹Ζ’nζ,‹ζ“Ή,–k,7.2,,,,ƒKƒX,…“Ή,‰Ί…“Ή,Ό•’†δ,,150 ,¤‹Ζ,–h‰Ξ,80 ,400 ,,‚“x,,,,,,,,,
›,13104 ,6 ,Vh,5 ,13 ,‹ζ•”,“sS‚T‹ζ,Vh‹ζ,ΌVh“ρ’–Ϊ‚U”Τ,ΌVh‚Q|‚U|‚P,"13,400,000 ","12,900,000 ",3.9 ,"14,445 ",,1,1.5,––±A“X•ά“φ‰ο“°“™,S,52F,4B,‚‘w“X•ά“––±ƒrƒ‹‚ª‚Ώ•ΐ‚Τ’†S“I¤‹Ζ’nζ,“s“Ή,“μ,40,,l•ϋH,,ƒKƒX,…“Ή,‰Ί…“Ή,Vh,,640 ,¤‹Ζ,–h‰Ξ,80 ,"1,000 ",,,,,,,*,13104 ,5 ,9 ,"13,000,000 "
›,13104 ,6 ,Vh,5 ,14 ,‹ζ•”,“sS‚T‹ζ,Vh‹ζ,R’¬‚R‚R‚Q”Τ‚P‚OO,,"1,930,000 ","1,620,000 ",19.1 ,296 ,,1,1,“X•ά“‹¤“―Z‘ξ,RC,12F,,’†‚‘w‚Μ“X•ά•tƒ}ƒ“ƒVƒ‡ƒ““™‚ª‚Ώ•ΐ‚Τ¤‹Ζ’nζ,‹ζ“Ή,“,22.5,,‘¤“Ή,–k,ƒKƒX,…“Ή,‰Ί…“Ή,]Λμ‹΄,,230 ,¤‹Ζ,–h‰Ξ,80 ,500 ,,‚“x,,,,,,,,,
›,13104 ,6 ,Vh,5 ,15 ,‹ζ•”,“sS‚T‹ζ,Vh‹ζ,l’JO’–Ϊ‚P”Τ‚W,,"4,750,000 ","4,270,000 ",11.2 ,533 ,,1,1.5,––±,SRC,8F,2B,’†‚‘w‚Μ“X•άA––±ƒrƒ‹‚ª‚Ώ•ΐ‚Τ¤‹Ζ’nζ,‘“Ή,–k,40,,”w–Κ“Ή,,ƒKƒX,…“Ή,‰Ί…“Ή,l’JO’–Ϊ,,140 ,¤‹Ζ,–h‰Ξ,80 ,700 ,,‚“x,,,,,*,13104 ,5 ,8 ,"4,500,000 "
›,13104 ,6 ,Vh,5 ,16 ,‹ζ•”,“sS‚T‹ζ,Vh‹ζ,ΌVhO’–Ϊ‚P‚S‚P”Τ‚RO,ΌVh‚R|‚Q|‚T,"6,720,000 ","6,350,000 ",5.8 ,808 ,,1,2.5,––±,SRC,9F,1B,’†‚‘w‚Μ––±ƒrƒ‹‚ª‚Ώ•ΐ‚Τ¤‹Ζ’nζ,‘“Ή,“μ“,40,,,,ƒKƒX,…“Ή,‰Ί…“Ή,Vh,,640 ,¤‹Ζ,–h‰Ξ,80 ,800 ,,,,,,,,,,,
›,13104 ,6 ,Vh,5 ,17 ,‹ζ•”,“sS‚T‹ζ,Vh‹ζ,–kVhκ’–Ϊ‚R‚T‚R”Τ‚U‚P,–kVh‚P|‚P‚Q|‚P‚Q,"1,230,000 ","1,120,000 ",9.8 ,177 ,,1,2,––±“Z‘ξ,SRC,8F,,“X•άA––±A‹¤“―Z‘ξ“™‚ª¬έ‚·‚ι¤‹Ζ’nζ,“s“Ή,–k,11,,,,ƒKƒX,…“Ή,‰Ί…“Ή,‘ε‹v•Ϋ,,270 ,‹ί¤,–h‰Ξ,80 ,400 ,,‚“x,,,,,*,13104 ,5 ,40 ,"1,170,000 "
›,13104 ,6 ,Vh,5 ,18 ,‹ζ•”,“sS‚T‹ζ,Vh‹ζ,Ό‘ξ“c“ρ’–Ϊ‚U‚U‚O”Τ‚SO,Ό‘ξ“c‚Q|‚Q‚O|‚T,"2,100,000 ","1,810,000 ",16.0 ,529 ,•s®`,1,1,“X•ά“‹¤“―Z‘ξ,SRC,13F,1B,’†‚‘w‚Μ“X•ά“‹¤“―Z‘ξ“™‚ª‘½‚ΆHό¤‹Ζ’nζ,“s“Ή,Ό,22,,”w–Κ“Ή,,ƒKƒX,…“Ή,‰Ί…“Ή,Ό‘ξ“c,‹ίΪ,,¤‹Ζ,–h‰Ξ,80 ,600 ,,‚“x,,,,,,,,,
›,13104 ,6 ,Vh,5 ,19 ,‹ζ•”,“sS‚T‹ζ,Vh‹ζ,αΌ’¬‚P‚P‚O”Τ‚R,αΌ’¬‚R‚R|‚X,"1,750,000 ","1,580,000 ",10.8 ,236 ,,1,1.5,“X•άA––±“‹¤“―Z‘ξ,SRC,11F,1B,’†’α‘w“X•άA‚‘wƒ}ƒ“ƒVƒ‡ƒ“‚ª¬έ‚·‚ι¤‹Ζ’nζ,“s“Ή,“μ,15,,‘¤“Ή,Ό,ƒKƒX,…“Ή,‰Ί…“Ή,αΌ‰Ν“c,,300 ,¤‹Ζ,–h‰Ξ,80 ,500 ,,‚“x,,,,,*,13104 ,5 ,13 ,"1,650,000 "
›,13104 ,6 ,Vh,5 ,20 ,‹ζ•”,“sS‚T‹ζ,Vh‹ζ,Vhά’–Ϊ‚P‚O‚P‚V”Τ,Vh‚T|‚P‚T|‚U,"3,740,000 ","3,400,000 ",10.0 ,348 ,,1,1,“X•ά“‹¤“―Z‘ξ,SRC,11F,,’†‚‘w‚Μ––±A‹¤“―Z‘ξ“™‚ª‚Ώ•ΐ‚Τ¤‹Ζ’nζ,“s“Ή,Ό,35,,,,ƒKƒX,…“Ή,‰Ί…“Ή,VhO’–Ϊ,,420 ,¤‹Ζ,–h‰Ξ,80 ,800 ,,,,,,,,,,,
›,13104 ,6 ,Vh,5 ,21 ,‹ζ•”,“sS‚T‹ζ,Vh‹ζ,Vhκ’–Ϊ‚R‚S”Τ‚P‚W,Vh‚P|‚R‚S|‚P‚T,"2,850,000 ","2,520,000 ",13.1 ,216 ,,1,1.5,“X•ά“––±,SRC,10F,1B,’†‚‘w‚Μ“X•άA––±“™‚ª‚Ώ•ΐ‚ΤHό¤‹Ζ’nζ,“s“Ή,–k,32.5,,,,ƒKƒX,…“Ή,‰Ί…“Ή,Vhδ‰‘‘O,,370 ,¤‹Ζ,–h‰Ξ,80 ,700 ,,,,,,,,,,,
›,13104 ,6 ,Vh,5 ,22 ,‹ζ•”,“sS‚T‹ζ,Vh‹ζ,–kVhκ’–Ϊ‚R‚T‚P”Τ‚Q‚Q,–kVh‚P|‚V|‚Q‚O,"2,890,000 ","2,610,000 ",10.7 ,84 ,,1,1.5,––±,SRC,9F,,’†‚‘w––±A“X•ά‹¤“―Z‘ξ‚ª‚Ώ•ΐ‚Τ¤‹Ζ’nζ,‹ζ“Ή,–k“,16,,,,ƒKƒX,…“Ή,‰Ί…“Ή,‘ε‹v•Ϋ,,200 ,¤‹Ζ,–h‰Ξ,80 ,600 ,,‚“x,,,,,,,,,
›,13104 ,6 ,Vh,5 ,23 ,‹ζ•”,“sS‚T‹ζ,Vh‹ζ,ΌVhµ’–Ϊ‚P‚P‚W”Τ‚P‚P,ΌVh‚V|‚P‚W|‚P‚X,"1,780,000 ","1,490,000 ",19.5 ,200 ,,1,2.5,“X•άA––±“Z‘ξ,RC,5F,,’†‚‘w‚Μ“X•ά“––±ƒrƒ‹“™‚ª‚Ώ•ΐ‚Τ¤‹Ζ’nζ,‹ζ“Ή,“,6.3,,,,ƒKƒX,…“Ή,‰Ί…“Ή,Vh,,650 ,¤‹Ζ,–h‰Ξ,80 ,600 ,,,,,,,,,,,
›,13104 ,6 ,Vh,5 ,24 ,‹ζ•”,“sS‚T‹ζ,Vh‹ζ,ΌVhµ’–Ϊ‚P‚Q‚Q”Τ‚PO,ΌVh‚V|‚Q‚P|‚Q‚Q,"5,940,000 ","5,650,000 ",5.1 ,574 ,,1,1.5,“X•ά“––±,SRC,10F,1B,’†‚‘w‚Μ“X•άA––±ƒrƒ‹‚ª‚Ώ•ΐ‚Τ¤‹Ζ’nζ,“s“Ή,“μΌ,30,,‘¤“Ή,“μ“,ƒKƒX,…“Ή,‰Ί…“Ή,ΌVh,,190 ,¤‹Ζ,–h‰Ξ,80 ,700 ,,,,,,,,,,,
›,13104 ,6 ,Vh,5 ,25 ,‹ζ•”,“sS‚T‹ζ,Vh‹ζ,ΌVhά’–Ϊ‚T‚R‚P”Τ‚R,ΌVh‚T|‚V|‚P,"2,580,000 ","2,350,000 ",9.8 ,102 ,,1,1.2,––±,S,9F,1B,’†‚‘w‚Μ––±Aƒ}ƒ“ƒVƒ‡ƒ“‚ª‚Ώ•ΐ‚Τ¤‹Ζ’nζ,“s“Ή,“,25,,‘¤“Ή,–k,ƒKƒX,…“Ή,‰Ί…“Ή,ΌVhά’–Ϊ,,390 ,¤‹Ζ,–h‰Ξ,80 ,700 ,,‚“x,,,,,,,,,
›,13104 ,6 ,Vh,5 ,26 ,‹ζ•”,“sS‚T‹ζ,Vh‹ζ,Vhκ’–Ϊ‚R‚P”Τ‚Q‚W,Vh‚P|‚R‚P|‚P‚U,"1,820,000 ","1,670,000 ",9.0 ,113 ,,1,1.5,“X•άA––±“Z‘ξ,RC,6F,1B,’†‚‘w‚Μ“X•άA––±“™‚ª‚Ώ•ΐ‚Τ¤‹Ζ’nζ,‹ζ“Ή,“,8,,,,ƒKƒX,…“Ή,‰Ί…“Ή,Vhδ‰‘‘O,,200 ,¤‹Ζ,–h‰Ξ,80 ,600 ,,,,,,,*,13104 ,5 ,22 ,"1,750,000 "
›,13104 ,6 ,Vh,5 ,27 ,‹ζ•”,“sS‚T‹ζ,Vh‹ζ,’†—‡“ρ’–Ϊ‚P‚P‚P‚R”Τ‚S,’†—‡‚Q|‚W|‚X,"1,150,000 ","956,000 ",20.3 ,193 ,‘δ`,1,1.5,––±“‹¤“―Z‘ξ,SRC,10F,1B,’†‚‘w‚Μ“X•ά“‹¤“―Z‘ξ‚ª‘½‚ΆHό¤‹Ζ’nζ,“s“Ή,“μ,25,,”w–Κ“Ή,,ƒKƒX,…“Ή,‰Ί…“Ή,‰Ί—‡,,230 ,‹ί¤,–h‰Ξ,80 ,400 ,,‚“x,,,,,,,,,
›,13104 ,6 ,Vh,5 ,28 ,‹ζ•”,“sS‚T‹ζ,Vh‹ζ,“ά¬’¬‚P‚T”Τ‚PO,“ά¬’¬‚R|‚Q‚W,"1,300,000 ","1,110,000 ",17.1 ,661 ,,1,1.5,––±,RC,5F,1B,––±A‹¤“―Z‘ξ“™‚ª¬έ‚·‚ι’nζ,‹ζ“Ή,“μ,8,,,,ƒKƒX,…“Ή,‰Ί…“Ή,”Ρ“c‹΄,,630 ,€H,€–h,60 ,300 ,,‚“x,,,,,,,,,
›,13104 ,6 ,Vh,5 ,29 ,‹ζ•”,“sS‚T‹ζ,Vh‹ζ,•Sl’¬κ’–Ϊ‚U‚P”Τ‚TO,•Sl’¬‚P|‚S|‚P‚T,"3,560,000 ","3,110,000 ",14.5 ,350 ,,1,1.5,“X•ά“ƒzƒeƒ‹,S,8F,,ωH“X•άA¬”„“X•ά“™‚ª‚Ώ•ΐ‚Τ”Ι‰Ψ‚Θ¤‹Ζ’nζ,“s“Ή,–k,16,,,,ƒKƒX,…“Ή,‰Ί…“Ή,V‘ε‹v•Ϋ,,150 ,¤‹Ζ,–h‰Ξ,80 ,500 ,,‚“x,,,,,,,,,
›,13105 ,6 ,•¶‹,0 ,1 ,‹ζ•”,‚»‚Μ‘Ό‹ζ,•¶‹‹ζ,–{‹ξκ’–Ϊ‚P‚P”Τ‚P‚P‚T,–{‹ξ‚P|‚P‚U|‚T,"1,120,000 ","1,040,000 ",7.7 ,175 ,,1.2,1,Z‘ξ,W,2F,,’†‹K–ΝZ‘ξ‚ª‘½‚ΆΥΓ‚ΘZ‘ξ’nζ,‹ζ“Ή,Ό,5.4,,,,ƒKƒX,…“Ή,‰Ί…“Ή,–{‹ξ,,460 ,‚P’†κ,€–h,60 ,200 ,,‚“x,,,,,,,,,
›,13105 ,6 ,•¶‹,0 ,2 ,‹ζ•”,‚»‚Μ‘Ό‹ζ,•¶‹‹ζ,Ό•Πκ’–Ϊ‚P‚O”Τ‚Q‚V‚Q,Ό•Π‚P|‚P‚P|‚T,"1,350,000 ","1,240,000 ",8.9 ,153 ,,1,2.5,Z‘ξ,LS,2F,,’†‹K–Νκ”ΚZ‘ξ‚ª‘½‚Ά‚‘δ‚ΜZ‘ξ’nζ,‹ζ“Ή,“μ,5.4,,,,ƒKƒX,…“Ή,‰Ί…“Ή,t“ϊ,,460 ,‚P’ακ,€–h,60 ,150 ,,‚“x,,,,,*,13105 ,0 ,2 ,"1,280,000 "
›,13105 ,6 ,•¶‹,0 ,3 ,‹ζ•”,‚»‚Μ‘Ό‹ζ,•¶‹‹ζ,–{‹ξά’–Ϊ‚T‚U”Τ‚X,–{‹ξ‚T|‚T‚U|‚P‚P,"857,000 ","795,000 ",7.8 ,91 ,,1.2,1,Z‘ξ,W,2F,,κ”ΚZ‘ξ‚Μ‚Ω‚©‚ΙA‹¤“―Z‘ξ‚ª‚έ‚η‚κ‚ιZ‘ξ’nζ,‹ζ“Ή,“μ“,4.2,,,,ƒKƒX,…“Ή,‰Ί…“Ή,‹ξ,,470 ,‹ί¤,€–h,80 ,300 ,,‚“x,,,,,,,,,
›,13105 ,6 ,•¶‹,0 ,4 ,‹ζ•”,‚»‚Μ‘Ό‹ζ,•¶‹‹ζ,η‘Κ–Ψκ’–Ϊ‚T‚O”Τ‚P‚P‚R,η‘Κ–Ψ‚P|‚P‚P|‚W,"1,140,000 ","1,060,000 ",7.5 ,163 ,‘δ`,1,1.2,Z‘ξ,RC,3F,,’†‹K–Ν‚Μκ”ΚZ‘ξ‚ª‘½‚ΆΥΓ‚ΘZ‘ξ’nζ,‹ζ“Ή,–kΌ,6.5,,,,ƒKƒX,…“Ή,‰Ί…“Ή,η‘Κ–Ψ,,550 ,‚P’†κ,€–h,60 ,200 ,,‚“x,,,,,,,,,
›,13105 ,6 ,•¶‹,0 ,5 ,‹ζ•”,‚»‚Μ‘Ό‹ζ,•¶‹‹ζ,”’Rl’–Ϊ‚R‚P‚O”Τ‚R‚Q,”’R‚S|‚Q‚W|‚P‚W,"1,100,000 ","1,020,000 ",7.8 ,99 ,,1.2,1,Z‘ξ,W,2F,,’†¬‹K–Ν‚ΜZ‘ξ‚ª‘½‚Ά—•Φ«‚Μ—Η‚ΆZ‘ξ’nζ,‹ζ“Ή,“μ“,4.7,,,,ƒKƒX,…“Ή,‰Ί…“Ή,”’R,,400 ,‚P’ακ,€–h,60 ,150 ,,‚“x,,,,,*,13105 ,0 ,7 ,"1,050,000 "
›,13105 ,6 ,•¶‹,0 ,6 ,‹ζ•”,‚»‚Μ‘Ό‹ζ,•¶‹‹ζ,–{‹½ά’–Ϊ‚R‚W‚Q”Τ‚V‚X,–{‹½‚T|‚P‚S|‚T,"1,120,000 ","1,020,000 ",9.8 ,125 ,,1,2,Z‘ξ,W,3F,,κ”ΚZ‘ξA‹¤“―Z‘ξ“™‚ª‚Ώ•ΐ‚ΤZ‘ξ’nζ,„“Ή,“μ,4,,,,ƒKƒX,…“Ή,‰Ί…“Ή,–{‹½O’–Ϊ,,600 ,‚PZ‹,€–h,60 ,300 ,,‚“x,,,,,,,,,
›,13105 ,6 ,•¶‹,0 ,7 ,‹ζ•”,‚»‚Μ‘Ό‹ζ,•¶‹‹ζ,¬Ξμά’–Ϊ‚P‚V”Τ‚P‚Q,¬Ξμ‚T|‚P‚V|‚P‚Q,"1,150,000 ","1,050,000 ",9.5 ,327 ,,1,1,‹¤“―Z‘ξAZ‘ξ“––±,RC,4F,1B,κ”ΚZ‘ξA’†‘w‹¤“―Z‘ξ“™‚ª¬έ‚·‚ιZ‘ξ’nζ,‹ζ“Ή,“μ“,8,,,,ƒKƒX,…“Ή,‰Ί…“Ή,δª‰Χ’J,,310 ,‚Q’†κ,€–h,60 ,300 ,,‚“x,,,,,*,13105 ,0 ,10 ,"1,090,000 "
›,13105 ,6 ,•¶‹,5 ,1 ,‹ζ•”,‚»‚Μ‘Ό‹ζ,•¶‹‹ζ,Φϋκ’–Ϊ‚S‚S”Τ‚P‚U,Φϋ‚P|‚S‚S|‚T,"1,590,000 ","1,420,000 ",12.0 ,122 ,,1,2,––±A“X•ά“‹¤“―Z‘ξ,RC,5F,,––±ƒrƒ‹A‹¤“―Z‘ξ“™‚ª‚Ώ•ΐ‚Τ¤‹Ζ’nζ,“s“Ή,–k,35,,,,ƒKƒX,…“Ή,‰Ί…“Ή,]Λμ‹΄,,230 ,¤‹Ζ,–h‰Ξ,80 ,500 ,,‚“x,,,,,,,,,
›,13105 ,6 ,•¶‹,5 ,2 ,‹ζ•”,‚»‚Μ‘Ό‹ζ,•¶‹‹ζ,¬Ξμκ’–Ϊ‚Q”Τ‚TO,¬Ξμ‚P|‚R|‚Q‚P,"3,250,000 ","2,850,000 ",14.0 ,778 ,,2,1,“X•ά“––±,SRC,8F,,‚‘w––±ƒrƒ‹A“X•ά“‹¤“―Z‘ξ‚ª‘½‚Ά¤‹Ζ’nζ,“s“Ή,“,40,,‘¤“Ή,–k,ƒKƒX,…“Ή,‰Ί…“Ή,t“ϊ,‹ίΪ,,¤‹Ζ,–h‰Ξ,80 ,600 ,,,,,,,*,13105 ,5 ,5 ,"3,050,000 "
›,13105 ,6 ,•¶‹,5 ,3 ,‹ζ•”,‚»‚Μ‘Ό‹ζ,•¶‹‹ζ,‘ε’ΛO’–Ϊ‚T”Τ‚R,‘ε’Λ‚R|‚T|‚Q,"1,740,000 ","1,560,000 ",11.5 ,105 ,,1,2,“X•άA––±“‹¤“―Z‘ξ,SRC,8F,1B,’†‚‘w‚Μ“X•ά•tƒ}ƒ“ƒVƒ‡ƒ“‚ª‘½‚Ά¤‹Ζ’nζ,‘“Ή,“μΌ,27,,,,ƒKƒX,…“Ή,‰Ί…“Ή,δª‰Χ’J,,310 ,¤‹Ζ,–h‰Ξ,80 ,600 ,,‚“x,,,,,,,,,
›,13105 ,6 ,•¶‹,5 ,4 ,‹ζ•”,‚»‚Μ‘Ό‹ζ,•¶‹‹ζ,–{‹ξά’–Ϊ‚S”Τ‚V,–{‹ξ‚T|‚S|‚U,"1,690,000 ","1,520,000 ",11.2 ,339 ,,1,1,“X•ά“‹¤“―Z‘ξ,SRC,12F,,’†‚‘wƒ}ƒ“ƒVƒ‡ƒ“A’α‘w“X•ά‚ª¬έ‚·‚ι¤‹Ζ’nζ,“s“Ή,–kΌ,25,,,,ƒKƒX,…“Ή,‰Ί…“Ή,‹ξ,,550 ,¤‹Ζ,–h‰Ξ,80 ,600 ,,‚“x,,,,,,,,,
›,13105 ,6 ,•¶‹,5 ,5 ,‹ζ•”,‚»‚Μ‘Ό‹ζ,•¶‹‹ζ,–{‹½l’–Ϊ‚R‚O‚S”Τ‚RO,–{‹½‚S|‚P|‚R,"2,800,000 ","2,500,000 ",12.0 ,159 ,,1,2.5,“X•άA––±“Z‘ξ,SRC,9F,1B,’†‚‘w‚Μ“X•ά“––±ƒrƒ‹“™‚ª‚Ώ•ΐ‚Τ¤‹Ζ’nζ,‘“Ή,Ό,22,,,,ƒKƒX,…“Ή,‰Ί…“Ή,–{‹½O’–Ϊ,,120 ,¤‹Ζ,–h‰Ξ,80 ,600 ,,‚“x,,,,,,,,,
›,13105 ,6 ,•¶‹,5 ,6 ,‹ζ•”,‚»‚Μ‘Ό‹ζ,•¶‹‹ζ,“’“‡κ’–Ϊ‚R‚O‚S”Τ‚R,“’“‡‚P|‚P‚P|‚P‚O,"2,060,000 ","1,860,000 ",10.8 ,129 ,,1,1.5,“X•άA––±“‹¤“―Z‘ξ,RC,8F,1B,’†‚‘w––±ƒrƒ‹A‹¤“―Z‘ξ‚ª‚Ώ•ΐ‚Τ¤‹Ζ’nζ,‹ζ“Ή,–k,26.9,,,,ƒKƒX,…“Ή,‰Ί…“Ή,δ’ƒƒm…,,450 ,¤‹Ζ,–h‰Ξ,80 ,600 ,,‚“x,,,,,,,,,
›,13105 ,6 ,•¶‹,5 ,7 ,‹ζ•”,‚»‚Μ‘Ό‹ζ,•¶‹‹ζ,η‘Κ–ΨO’–Ϊ‚S‚Q”Τ‚P‚T,η‘Κ–Ψ‚R|‚S‚O|‚Q,"1,670,000 ","1,490,000 ",12.1 ,471 ,,1,2,“X•ά“‹¤“―Z‘ξ,SRC,11F,,’†‚‘w‚Μ“X•ά•tƒ}ƒ“ƒVƒ‡ƒ“‚ª‘½‚Ά¤‹Ζ’nζ,“s“Ή,Ό,16.4,,,,ƒKƒX,…“Ή,‰Ί…“Ή,η‘Κ–Ψ,‹ίΪ,,¤‹Ζ,–h‰Ξ,80 ,500 ,,‚“x,,,,,*,13105 ,5 ,9 ,"1,570,000 "
›,13105 ,6 ,•¶‹,5 ,8 ,‹ζ•”,‚»‚Μ‘Ό‹ζ,•¶‹‹ζ,–{‹ξ“ρ’–Ϊ‚Q‚W”Τ‚W‚U,–{‹ξ‚Q|‚X|‚T,"1,300,000 ","1,170,000 ",11.1 ,92 ,,1,2,––±“Z‘ξ,RC,4F,1B,¬”„“X•άA’†¬––±ƒrƒ‹‚ª‚Ώ•ΐ‚Τ¤‹Ζ’nζ,‘“Ή,“μΌ,17,,,,ƒKƒX,…“Ή,‰Ί…“Ή,ηΞ,,130 ,‹ί¤,–h‰Ξ,80 ,400 ,,‚“x,,,,,,,,,
›,13105 ,6 ,•¶‹,5 ,9 ,‹ζ•”,‚»‚Μ‘Ό‹ζ,•¶‹‹ζ,¬Ξμά’–Ϊ‚R”Τ‚Q‚Q,¬Ξμ‚T|‚R|‚S,"2,090,000 ","1,890,000 ",10.6 ,143 ,,1,2,“X•ά“––±,S,9F,,‚‘w“X•ά•t––±A‹¤“―Z‘ξ‚ª‚Ώ•ΐ‚Τ¤‹Ζ’nζ,‘“Ή,“μΌ,27,,,,ƒKƒX,…“Ή,‰Ί…“Ή,δª‰Χ’J,,220 ,¤‹Ζ,–h‰Ξ,80 ,600 ,,‚“x,,,,,,,,,
›,13105 ,6 ,•¶‹,5 ,10 ,‹ζ•”,‚»‚Μ‘Ό‹ζ,•¶‹‹ζ,”’Rκ’–Ϊ‚X‚O”Τ‚U,”’R‚P|‚R‚R|‚Q‚U,"1,910,000 ","1,710,000 ",11.7 ,143 ,,1,1,“X•ά“‹¤“―Z‘ξ,SRC,10F,,’†¬‹K–Ν‚Μ“X•ά“‹¤“―Z‘ξ“™‚ª‚Ώ•ΐ‚Τ¤‹Ζ’nζ,“s“Ή,–kΌ,16.4,,,,ƒKƒX,…“Ή,‰Ί…“Ή,”’R,,80 ,¤‹Ζ,–h‰Ξ,80 ,600 ,,‚“x,,,,,,,,,
›,13105 ,6 ,•¶‹,5 ,11 ,‹ζ•”,‚»‚Μ‘Ό‹ζ,•¶‹‹ζ,¬Ξμά’–Ϊ‚R‚R”Τ‚P‚U,¬Ξμ‚T|‚R‚R|‚U,"1,170,000 ","1,050,000 ",11.4 ,127 ,,1,1.5,“X•ά“‹¤“―Z‘ξ,S,3F,,“X•ά“‹¤“―Z‘ξA–‹Ζ“™‚ª¬έ‚·‚ι¤‹Ζ’nζ,“s“Ή,–k“,19,,,,ƒKƒX,…“Ή,‰Ί…“Ή,δª‰Χ’J,,560 ,€H,–h‰Ξ,60 ,400 ,,‚“x,,,,,,,,,
›,13106 ,6 ,‘δ“,0 ,1 ,‹ζ•”,‚»‚Μ‘Ό‹ζ,‘δ“‹ζ,γ–μχ–Ψκ’–Ϊ‚P‚U”Τ‚U,γ–μχ–Ψ‚P|‚P|‚T,"975,000 ","919,000 ",6.1 ,147 ,,1,1.5,Z‘ξ,W,2F,,’†‹K–Νκ”ΚZ‘ξ‚ª‘½‚Ά”δr“IΥΓ‚ΘZ‘ξ’nζ,‹ζ“Ή,–kΌ,5.3,,,,ƒKƒX,…“Ή,‰Ί…“Ή,ις’J,,640 ,‚P’†κ,€–h,60 ,300 ,,‚“x,,,,,*,13106 ,0 ,4 ,"947,000 "
›,13106 ,6 ,‘δ“,0 ,2 ,‹ζ•”,‚»‚Μ‘Ό‹ζ,‘δ“‹ζ,ªέά’–Ϊ‚W‚P”Τ‚T,ªέ‚T|‚P‚P|‚S,"675,000 ","630,000 ",7.1 ,104 ,,1,2.5,Z‘ξ,S,3F,,κ”ΚZ‘ξ‚Μ’†‚Ι–‹Ζ‚ΰ©‚η‚κ‚ιZ‘ξ’nζ,‹ζ“Ή,“μΌ,3.6,,,,ƒKƒX,…“Ή,‰Ί…“Ή,Oƒm—Φ,,620 ,‚PZ‹,€–h,60 ,300 ,,‚“x,,,,,,,,,
›,13106 ,6 ,‘δ“,0 ,3 ,‹ζ•”,‚»‚Μ‘Ό‹ζ,‘δ“‹ζ,’J’†O’–Ϊ‚P‚Q‚O”Τ‚P,’J’†‚R|‚P‚Q|‚W,"575,000 ","530,000 ",8.5 ,61 ,,1,1.5,Z‘ξ,W,3F,,’α‘wZ‘ξ‚ª‚Ώ•ΐ‚Τ’J’†‹βΐ‚Ι‹ί‚ΆZ‘ξ’nζ,‹ζ“Ή,Ό,2.9,,,,ƒKƒX,…“Ή,‰Ί…“Ή,η‘Κ–Ψ,,400 ,‚PZ‹,€–h,60 ,300 ,,‚“x,,,,,,,,,
›,13106 ,6 ,‘δ“,5 ,1 ,‹ζ•”,‚»‚Μ‘Ό‹ζ,‘δ“‹ζ,σ‘κ’–Ϊ‚P‚V”Τ‚X,σ‘‚P|‚Q‚X|‚U,"3,030,000 ","2,540,000 ",19.3 ,113 ,,1,2,“X•ά“‹¤“―Z‘ξ,SRC,8F,,’†‚‘w‚Μ“X•άƒrƒ‹“™‚ª‚Ώ•ΐ‚Τ”Ι‰Ψ‚Θ¤‹Ζ’nζ,‹ζ“Ή,Ό,15,,,,ƒKƒX,…“Ή,‰Ί…“Ή,σ‘,,350 ,¤‹Ζ,–h‰Ξ,80 ,600 ,,,,,,,,,,,
›,13106 ,6 ,‘δ“,5 ,2 ,‹ζ•”,‚»‚Μ‘Ό‹ζ,‘δ“‹ζ,³σ‘κ’–Ϊ‚S‚U”Τ‚Q,³σ‘‚P|‚U|‚P‚Q,"1,430,000 ","1,280,000 ",11.7 ,168 ,,1,3,––±,SRC,8F,,’†‚‘w‚Μ––±Aƒ}ƒ“ƒVƒ‡ƒ“‚ª‚Ώ•ΐ‚Τ¤‹Ζ’nζ,‹ζ“Ή,Ό,22,,,,ƒKƒX,…“Ή,‰Ί…“Ή,Vδ“k’¬,,110 ,¤‹Ζ,–h‰Ξ,80 ,600 ,,,,,,,,,,,
›,13106 ,6 ,‘δ“,5 ,3 ,‹ζ•”,‚»‚Μ‘Ό‹ζ,‘δ“‹ζ,υκ’–Ϊ‚W”Τ‚V,υ‚P|‚P‚S|‚W,"788,000 ","718,000 ",9.7 ,100 ,,1,2,––±A‘qΙ“Z‘ξ,RC,5F,,––±Aμ‹ΖAZ‘ξ“™‚ª¬έ‚·‚ι¤‹Ζ’nζ,‹ζ“Ή,–k,6,,,,ƒKƒX,…“Ή,‰Ί…“Ή,“c΄’¬,,300 ,¤‹Ζ,–h‰Ξ,80 ,500 ,,,,,,,,,,,
›,13106 ,6 ,‘δ“,5 ,4 ,‹ζ•”,‚»‚Μ‘Ό‹ζ,‘δ“‹ζ,σ‘µ’–Ϊ‚T‚P”Τ‚Q,σ‘‚V|‚Q|‚V,"887,000 ","796,000 ",11.4 ,132 ,‘δ`,1,2.5,“X•άA––±“Z‘ξ“™,RC,5F,,–‹Ζƒrƒ‹Aƒ}ƒ“ƒVƒ‡ƒ““™‚ª¬έ‚·‚ι¤‹Ζ’nζ,“s“Ή,Ό,25,,,,ƒKƒX,…“Ή,‰Ί…“Ή,σ‘,,740 ,¤‹Ζ,–h‰Ξ,80 ,500 ,,‚“x,,,,,,,,,
›,13106 ,6 ,‘δ“,5 ,5 ,‹ζ•”,‚»‚Μ‘Ό‹ζ,‘δ“‹ζ,‹ξ`κ’–Ϊ‚T”Τ‚T,‹ξ`‚P|‚S|‚P‚T,"1,620,000 ","1,460,000 ",11.0 ,219 ,‘δ`,1,1.5,––±“ΤΙ,SRC,6F,,’†‚‘w‚Μ“X•ά“––±ƒrƒ‹“™‚ª‚Ώ•ΐ‚Τ¤‹Ζ’nζ,‘“Ή,“μ“,27,,”w–Κ“Ή,,ƒKƒX,…“Ή,‰Ί…“Ή,σ‘,,190 ,¤‹Ζ,–h‰Ξ,80 ,700 ,,,,,,,,,,,
›,13106 ,6 ,‘δ“,5 ,6 ,‹ζ•”,‚»‚Μ‘Ό‹ζ,‘δ“‹ζ,σ‘ά’–Ϊ‚V‚V”Τ‚P‚T,σ‘‚T|‚R‚V|‚U,"701,000 ","631,000 ",11.1 ,79 ,,1,1.5,“X•ά“Z‘ξ,S,4F,,ωH“XA’†‚‘w‚Μ‹¤“―Z‘ξ“™‚Μ¬έ‚·‚ι¤‹Ζ’nζ,‹ζ“Ή,–kΌ,15,,,,ƒKƒX,…“Ή,‰Ί…“Ή,‚Β‚­‚ΞƒGƒNƒXƒvƒƒXσ‘,,960 ,¤‹Ζ,–h‰Ξ,80 ,500 ,,,,,,,*,13106 ,5 ,34 ,"660,000 "
›,13106 ,6 ,‘δ“,5 ,7 ,‹ζ•”,‚»‚Μ‘Ό‹ζ,‘δ“‹ζ,Oƒm—Φκ’–Ϊ‚P‚W‚P”Τ‚PO,Oƒm—Φ‚P|‚Q‚W|‚P‚O,"1,250,000 ","1,100,000 ",13.6 ,412 ,•s®`,1,2,“X•άA––±“ΤΙ,SRC,8F,1B,––±A“X•άAƒ}ƒ“ƒVƒ‡ƒ““™‚ª‚Ώ•ΐ‚Τ¤‹Ζ’nζ,‘“Ή,–kΌ,33,,”w–Κ“Ή,,ƒKƒX,…“Ή,‰Ί…“Ή,Oƒm—Φ,,60 ,¤‹Ζ,–h‰Ξ,80 ,700 ,,,,,,,,,,,
›,13106 ,6 ,‘δ“,5 ,8 ,‹ζ•”,‚»‚Μ‘Ό‹ζ,‘δ“‹ζ,σ‘‹΄κ’–Ϊ‚Q‚Q”Τ‚Q,σ‘‹΄‚P|‚P‚W|‚P‚O,"3,160,000 ","2,870,000 ",10.1 ,198 ,,1,3,“X•ά“––±,SRC,9F,,‚‘w‚Μ“X•άƒrƒ‹‚ª‚Ώ•ΐ‚Τ‰w‘O‚Μ¤‹Ζ’nζ,‘“Ή,“μ“,33,,,,ƒKƒX,…“Ή,‰Ί…“Ή,σ‘‹΄,‹ίΪ,,¤‹Ζ,–h‰Ξ,80 ,700 ,,,,,,,*,13106 ,5 ,7 ,"3,000,000 "
›,13106 ,6 ,‘δ“,5 ,9 ,‹ζ•”,‚»‚Μ‘Ό‹ζ,‘δ“‹ζ,γ–μά’–Ϊ‚V‚U”Τ‚Q,γ–μ‚T|‚P‚T|‚P‚R,"3,180,000 ","2,890,000 ",10.0 ,136 ,,1,1.5,“X•άA‘qΙ“––±,SRC,9F,,’†‚‘w‚Μ“X•άA––±“™‚ª‚Ώ•ΐ‚Τ¤‹Ζ’nζ,‘“Ή,“,44,,,,ƒKƒX,…“Ή,‰Ί…“Ή,’‡δ“k’¬,‹ίΪ,,¤‹Ζ,–h‰Ξ,80 ,800 ,,,,,,,,,,,
›,13106 ,6 ,‘δ“,5 ,10 ,‹ζ•”,‚»‚Μ‘Ό‹ζ,‘δ“‹ζ,Ό‚ª’JO’–Ϊ‚S‚O‚O”Τ‚Q,Ό‚ª’J‚R|‚P‚P|‚R,"788,000 ","718,000 ",9.7 ,119 ,,1,2,“X•ά“Z‘ξ,S,4F,,’†¬‹K–Ν‚Μ–‹ΖAZ‘ξ“™‚ª¬έ‚·‚ι¤‹Ζ’nζ,‹ζ“Ή,“μ,6,,,,ƒKƒX,…“Ή,‰Ί…“Ή,“ό’J,,620 ,¤‹Ζ,–h‰Ξ,80 ,500 ,,,,,,,,,,,
›,13106 ,6 ,‘δ“,5 ,11 ,‹ζ•”,‚»‚Μ‘Ό‹ζ,‘δ“‹ζ,“γ–μO’–Ϊ‚P‚T‚R”Τ,“γ–μ‚R|‚R‚V|‚X,"2,590,000 ","2,360,000 ",9.7 ,261 ,,1,1.5,“X•άA––±“Z‘ξ,SRC,9F,,‚‘w“X•ά“––±A’α‘w“X•ά“™¬έ‚·‚ι¤‹Ζ’nζ,“s“Ή,–k,33,,,,ƒKƒX,…“Ή,‰Ί…“Ή,γ–μ,,330 ,¤‹Ζ,–h‰Ξ,80 ,700 ,,,,,,,,,,,
›,13106 ,6 ,‘δ“,5 ,12 ,‹ζ•”,‚»‚Μ‘Ό‹ζ,‘δ“‹ζ,–φ‹΄κ’–Ϊ‚Q‚R”Τ‚S,–φ‹΄‚P|‚U|‚Q,"1,150,000 ","1,020,000 ",12.7 ,122 ,,1,2,––±“‹¤“―Z‘ξ,RC,6F,,’†‚‘w‚Μ––±A“X•άAZ‘ξ‚ª¬έ‚·‚ι¤‹Ζ’nζ,‹ζ“Ή,“μΌ,11,,,,ƒKƒX,…“Ή,‰Ί…“Ή,σ‘‹΄,,250 ,¤‹Ζ,–h‰Ξ,80 ,500 ,,,,,,,,,,,
›,13106 ,6 ,‘δ“,5 ,13 ,‹ζ•”,‚»‚Μ‘Ό‹ζ,‘δ“‹ζ,σ‘‹΄κ’–Ϊ‚R‚O”Τ‚W,σ‘‹΄‚P|‚R‚S|‚P‚O,"1,180,000 ","1,040,000 ",13.5 ,151 ,,1,2,f—Γ“––±,SRC,8F,,’†‚‘w‚Μ“X•ά“––±ƒrƒ‹“™‚ª‚Ώ•ΐ‚Τ¤‹Ζ’nζ,‹ζ“Ή,“,10.9,,,,ƒKƒX,…“Ή,‰Ί…“Ή,σ‘‹΄,,190 ,¤‹Ζ,–h‰Ξ,80 ,500 ,,,,,,,,,,,
›,13106 ,6 ,‘δ“,5 ,14 ,‹ζ•”,‚»‚Μ‘Ό‹ζ,‘δ“‹ζ,ªέO’–Ϊ‚P‚P‚U”Τ‚R,ªέ‚R|‚U|‚R,"1,010,000 ","905,000 ",11.6 ,68 ,‘δ`,1.2,1,“X•ά“‹¤“―Z‘ξ,RC,7F,,’†‚‘w‚Μ“X•ά––±•Ή—pZ‘ξ‚ª‚Ώ•ΐ‚Τ¤‹Ζ’nζ,“s“Ή,“μΌ,35,,,,ƒKƒX,…“Ή,‰Ί…“Ή,ις’J,,290 ,¤‹Ζ,–h‰Ξ,80 ,600 ,,,,,,,,,,,
›,13106 ,6 ,‘δ“,5 ,15 ,‹ζ•”,‚»‚Μ‘Ό‹ζ,‘δ“‹ζ,΄μ“ρ’–Ϊ‚Q”Τ‚U,΄μ‚Q|‚Q|‚U,"498,000 ","455,000 ",9.5 ,155 ,,1,4,μ‹ΖA‘qΙ“‹¤“―Z‘ξ,RC,5F,,¬‹K–Ν‚Μeν¬”„“X•ά‚ª‚Ώ•ΐ‚Τ¤‹Ζ’nζ,‹ζ“Ή,“μ,15,,”w–Κ“Ή,,ƒKƒX,…“Ή,‰Ί…“Ή,“μηZ,,900 ,‹ί¤,–h‰Ξ,80 ,400 ,,,,,,,,,,,
›,13106 ,6 ,‘δ“,5 ,16 ,‹ζ•”,‚»‚Μ‘Ό‹ζ,‘δ“‹ζ,‰Ί’Jκ’–Ϊ‚P‚R‚P”Τ‚PO,‰Ί’J‚P|‚S|‚P‚O,"1,470,000 ","1,330,000 ",10.5 ,227 ,,1,2,––±“Z‘ξ,SRC,10F,,’†‚‘w‚Μ––±ƒrƒ‹“™‚ª‚Ώ•ΐ‚Τ¤‹Ζ’nζ,‘“Ή,“μ“,44,,,,ƒKƒX,…“Ή,‰Ί…“Ή,“ό’J,,230 ,¤‹Ζ,–h‰Ξ,80 ,700 ,,,,,,,,,,,
›,13106 ,6 ,‘δ“,5 ,17 ,‹ζ•”,‚»‚Μ‘Ό‹ζ,‘δ“‹ζ,Όσ‘“ρ’–Ϊ‚U‚U”Τ‚Q,Όσ‘‚Q|‚P‚R|‚P‚O,"2,300,000 ","1,840,000 ",25.0 ,110 ,,1,3.5,“X•ά“‹¤“―Z‘ξ,SRC,7F,,’†‚‘w‚Μ“X•άAƒ}ƒ“ƒVƒ‡ƒ““™‚ª‚Ώ•ΐ‚Τ¤‹Ζ’nζ,“s“Ή,“,33,,,,ƒKƒX,…“Ή,‰Ί…“Ή,‚Β‚­‚ΞƒGƒNƒXƒvƒƒXσ‘,,160 ,¤‹Ζ,–h‰Ξ,80 ,700 ,,,,,,,*,13106 ,5 ,5 ,"2,050,000 "
›,13106 ,6 ,‘δ“,5 ,18 ,‹ζ•”,‚»‚Μ‘Ό‹ζ,‘δ“‹ζ,γ–μZ’–Ϊ‚P‚O‚X”Τ‚P,γ–μ‚U|‚P‚S|‚V,"10,900,000 ","10,000,000 ",9.0 ,166 ,,1,2,“X•ά,SRC,8F,1B,’†‚‘w‚Μ“X•άƒrƒ‹“™‚ª‚Ώ•ΐ‚Τ‰w‘O‚Μ¤‹Ζ’nζ,‘“Ή,–k,39,,‘¤“Ή,“,ƒKƒX,…“Ή,‰Ί…“Ή,γ–μ,,130 ,¤‹Ζ,–h‰Ξ,80 ,800 ,,,,,,,,,,,
›,13106 ,6 ,‘δ“,5 ,19 ,‹ζ•”,‚»‚Μ‘Ό‹ζ,‘δ“‹ζ,“σ‘“ρ’–Ϊ‚R‚R”Τ‚Q‚T,“σ‘‚Q|‚P‚V|‚P‚U,"526,000 ","474,000 ",11.0 ,105 ,,1,2,“X•ά“‹¤“―Z‘ξ,S,5F,,’α‘w“X•άA–‹ΖA‹¤“―Z‘ξ‚ª¬έ‚·‚ι¤‹Ζ’nζ,“s“Ή,“,22,,,,ƒKƒX,…“Ή,‰Ί…“Ή,“μηZ,,850 ,¤‹Ζ,–h‰Ξ,80 ,500 ,,‚“x,,,,,,,,,
›,13106 ,6 ,‘δ“,5 ,20 ,‹ζ•”,‚»‚Μ‘Ό‹ζ,‘δ“‹ζ,‰Ί’JO’–Ϊ‚S”Τ‚RO,‰Ί’J‚R|‚P‚S|‚S,"945,000 ","855,000 ",10.5 ,152 ,,1,1,“X•άA––±“‹¤“―Z‘ξ,SRC,9F,,’†‚‘w––±Aƒ}ƒ“ƒVƒ‡ƒ““™‚ª¬έ‚·‚ι¤‹Ζ’nζ,‹ζ“Ή,–kΌ,17.1,,,,ƒKƒX,…“Ή,‰Ί…“Ή,Oƒm—Φ,,480 ,¤‹Ζ,–h‰Ξ,80 ,500 ,,,,,,,,,,,
›,13106 ,6 ,‘δ“,5 ,21 ,‹ζ•”,‚»‚Μ‘Ό‹ζ,‘δ“‹ζ,O‹Ψ“ρ’–Ϊ‚R”Τ‚TO,O‹Ψ‚Q|‚Q‚S|‚W,"1,410,000 ","1,280,000 ",10.2 ,186 ,,2,1,––±,S,9F,,’†‚‘w––±Aƒ}ƒ“ƒVƒ‡ƒ““™‚ª‚Ώ•ΐ‚Τ¤‹Ζ’nζ,“s“Ή,–k,22,,,,ƒKƒX,…“Ή,‰Ί…“Ή,Vδ“k’¬,,360 ,¤‹Ζ,–h‰Ξ,80 ,600 ,,,,,,,*,13106 ,5 ,17 ,"1,340,000 "
›,13106 ,6 ,‘δ“,5 ,22 ,‹ζ•”,‚»‚Μ‘Ό‹ζ,‘δ“‹ζ,“γ–μκ’–Ϊ‚P‚T”Τ‚P‚R,“γ–μ‚P|‚V|‚P‚R,"1,520,000 ","1,380,000 ",10.1 ,151 ,,1,2,“X•άA––±“Z‘ξ“™,RC,8F,,’†‚‘w‚Μ“X•άA––±ƒrƒ‹“™‚ª‚Ώ•ΐ‚Τ¤‹Ζ’nζ,‹ζ“Ή,“,11,,,,ƒKƒX,…“Ή,‰Ί…“Ή,’‡δ“k’¬,,400 ,¤‹Ζ,–h‰Ξ,80 ,500 ,,,,,,,*,13106 ,5 ,26 ,"1,440,000 "
›,13106 ,6 ,‘δ“,5 ,23 ,‹ζ•”,‚»‚Μ‘Ό‹ζ,‘δ“‹ζ,σ‘κ’–Ϊ‚V”Τ‚P‚X,σ‘‚P|‚R‚O|‚P‚P,"1,580,000 ","1,330,000 ",18.8 ,78 ,,1,2.5,“X•άA––±“Z‘ξ,RC,5F,,’†’α‘w‚Μ“X•ά“Z‘ξ“™‚ª‚Ώ•ΐ‚Τ”Ι‰Ψ‚Θ¤‹Ζ’nζ,‹ζ“Ή,–k,5.5,,”w–Κ“Ή,,ƒKƒX,…“Ή,‰Ί…“Ή,σ‘,,230 ,¤‹Ζ,–h‰Ξ,80 ,600 ,,,,,,,,,,,
›,13106 ,6 ,‘δ“,5 ,24 ,‹ζ•”,‚»‚Μ‘Ό‹ζ,‘δ“‹ζ,σ‘κ’–Ϊ‚T‚U”Τ‚Q,σ‘‚P|‚X|‚Q,"3,450,000 ","2,890,000 ",19.4 ,136 ,,1,2,“X•άA––±“Z‘ξ,S,4F,,’†‚‘w‚Μ“X•ά“Z‘ξ“™‚ª‚Ώ•ΐ‚Τ¤‹Ζ’nζ,‹ζ“Ή,“μ,27,,,,ƒKƒX,…“Ή,‰Ί…“Ή,“c΄’¬,,270 ,¤‹Ζ,–h‰Ξ,80 ,700 ,,,,,,,,,,,
›,13107 ,6 ,–n“c,0 ,1 ,‹ζ•”,‚»‚Μ‘Ό‹ζ,–n“c‹ζ,—§‰Τκ’–Ϊ‚P‚T”Τ‚S,—§‰Τ‚P|‚Q‚T|‚Q,"372,000 ","351,000 ",6.0 ,88 ,,1,1.5,Z‘ξ“‘qΙ,S,3F,,¬‹K–Ν‚Μκ”ΚZ‘ξ‚ª–§W‚·‚ιόH‚Ι‹ί‚ΆZ‘ξ’nζ,„“Ή,–k,4,,,,ƒKƒX,…“Ή,‰Ί…“Ή,“‚ ‚Έ‚ά,,350 ,‚PZ‹,–h‰Ξ,60 ,300 ,,‚“x,,,,,,,,,
›,13107 ,6 ,–n“c,0 ,2 ,‹ζ•”,‚»‚Μ‘Ό‹ζ,–n“c‹ζ,‹eμO’–Ϊ‚T”Τ‚Q‚Q,‹eμ‚R|‚P‚S|‚T,"660,000 ","599,000 ",10.2 ,215 ,,1,2,‹¤“―Z‘ξ,RC,7F,,ƒ}ƒ“ƒVƒ‡ƒ“A–‹ΖAZ‘ξ“™‚Μ¬έ‚·‚ι’nζ,‹ζ“Ή,Ό,11,,,,ƒKƒX,…“Ή,‰Ί…“Ή,‹eμ,,250 ,€H,–h‰Ξ,60 ,300 ,,‚“x,,,,,,,,,
›,13107 ,6 ,–n“c,0 ,3 ,‹ζ•”,‚»‚Μ‘Ό‹ζ,–n“c‹ζ,‰γO’–Ϊ‚V‚U”Τ‚P‚R,‰γ‚R|‚P‚W|‚X,"476,000 ","436,000 ",9.2 ,143 ,,1,3,‹¤“―Z‘ξ,S,3F,,Z‘ξA‹¤“―Z‘ξ‚Μ‚Ω‚©‚Ι“X•ά‚ΰ©‚η‚κ‚ιZ‘ξ’nζ,‹ζ“Ή,“μΌ,5.2,,,,ƒKƒX,…“Ή,‰Ί…“Ή,‰γ,,590 ,€H,€–h,80 ,200 ,,‚“x,,,,,,,,,
›,13107 ,6 ,–n“c,0 ,4 ,‹ζ•”,‚»‚Μ‘Ό‹ζ,–n“c‹ζ,ό“‡O’–Ϊ‚P‚V”Τ‚TO,ό“‡‚R|‚P‚S|‚U,"575,000 ","527,000 ",9.1 ,127 ,,1,1.2,––±Aμ‹Ζ“‹¤“―Z‘ξ,RC,4F,,Z‘ξAƒ}ƒ“ƒVƒ‡ƒ“A–‹Ζ“™‚ª¬έ‚·‚ιZ‘ξ’nζ,‹ζ“Ή,–k“,8,,,,ƒKƒX,…“Ή,‰Ί…“Ή,‚Ζ‚¤‚«‚ε‚¤ƒXƒJƒCƒcƒ[,,480 ,€H,–h‰Ξ,60 ,300 ,,‚“x,,,,,*,13107 ,0 ,1 ,"544,000 "
›,13107 ,6 ,–n“c,0 ,5 ,‹ζ•”,‚»‚Μ‘Ό‹ζ,–n“c‹ζ,“ό“‡O’–Ϊ‚Q‚O‚W”Τ‚W,“ό“‡‚R|‚P‚U|‚P‚V,"426,000 ","395,000 ",7.8 ,155 ,,1,1.5,––±“Z‘ξ,S,3F,,Z‘ξA––±A¬Hκ‚ª¬έ‚·‚ιZ‘ξ’nζ,‹ζ“Ή,“μΌ,4.4,,,,ƒKƒX,…“Ή,‰Ί…“Ή,“ό“‡,,600 ,€H,€–h,80 ,200 ,,‚“x,,,,,,,,,
›,13107 ,6 ,–n“c,5 ,1 ,‹ζ•”,‚»‚Μ‘Ό‹ζ,–n“c‹ζ,—Ξκ’–Ϊ‚P‚X”Τ‚Q,—Ξ‚P|‚Q‚W|‚S,"1,220,000 ","1,100,000 ",10.9 ,181 ,,1,1,“X•ά“‹¤“―Z‘ξ,RC,5F,,’†‚‘w‚Μ“X•ά“‹¤“―Z‘ξ“™‚ª‚Ώ•ΐ‚Τ¤‹Ζ’nζ,“s“Ή,Ό,25,,,,ƒKƒX,…“Ή,‰Ί…“Ή,“s‰c—Ό‘,‹ίΪ,,¤‹Ζ,–h‰Ξ,80 ,600 ,,‚“x,,,,,,,,,
›,13107 ,6 ,–n“c,5 ,2 ,‹ζ•”,‚»‚Μ‘Ό‹ζ,–n“c‹ζ,—Ξκ’–Ϊ‚X”Τ‚P‚R,—Ξ‚P|‚Q‚Q|‚T,"722,000 ","663,000 ",8.9 ,267 ,,1,1.5,––±“‹¤“―Z‘ξ,RC,6F,,’†‹K–Ν‚Μ––±“‹¤“―Z‘ξ‚ª‚Ώ•ΐ‚Τ¤‹Ζ’nζ,‹ζ“Ή,–k,6,,,,ƒKƒX,…“Ή,‰Ί…“Ή,“s‰c—Ό‘,,250 ,¤‹Ζ,–h‰Ξ,80 ,400 ,,,,,,,,,,,
›,13107 ,6 ,–n“c,5 ,3 ,‹ζ•”,‚»‚Μ‘Ό‹ζ,–n“c‹ζ,ηΞO’–Ϊ‚W”Τ‚T,ηΞ‚R|‚P‚Q|‚U,"890,000 ","808,000 ",10.1 ,104 ,,1,2.5,––±,RC,6F,,“X•ά“ƒ}ƒ“ƒVƒ‡ƒ“‚Ζ––±ƒrƒ‹‚ª‘½‚Ά¤‹Ζ’nζ,“s“Ή,“,25,,,,ƒKƒX,…“Ή,‰Ί…“Ή,X‰Ί,,230 ,¤‹Ζ,–h‰Ξ,80 ,500 ,,‚“x,,,,,,,,,
›,13107 ,6 ,–n“c,5 ,4 ,‹ζ•”,‚»‚Μ‘Ό‹ζ,–n“c‹ζ,•¶‰Τκ’–Ϊ‚R‚T”Τ‚R,•¶‰Τ‚P|‚Q|‚Q,"543,000 ","499,000 ",8.8 ,93 ,,1,2,––±“Z‘ξ,S,3F,,“ϊ—p•i“XAωH“X“™‚ª‚Ώ•ΐ‚Τ‹ί—Χ¤‹Ζ’nζ,‹ζ“Ή,–kΌ,14.5,,,,ƒKƒX,…“Ή,‰Ί…“Ή,‰γ,,600 ,‹ί¤,–h‰Ξ,80 ,300 ,,‚“x,,,,,,,,,
›,13107 ,6 ,–n“c,5 ,5 ,‹ζ•”,‚»‚Μ‘Ό‹ζ,–n“c‹ζ,]“‹΄κ’–Ϊ‚T”Τ‚V,]“‹΄‚P|‚P‚P|‚W,"1,500,000 ","1,330,000 ",12.8 ,172 ,,1,1.5,“X•ά“––±,SRC,10F,,’†‚‘w‚Μ’†‹K–Ν––±ƒrƒ‹“™‚ª‚Ώ•ΐ‚Τ¤‹Ζ’nζ,‘“Ή,“μ,40,,,,ƒKƒX,…“Ή,‰Ί…“Ή,‹Ρ…’¬,,400 ,¤‹Ζ,–h‰Ξ,80 ,700 ,,,,,,,,,,,
›,13107 ,6 ,–n“c,5 ,6 ,‹ζ•”,‚»‚Μ‘Ό‹ζ,–n“c‹ζ,“‹ξ`O’–Ϊ‚X”Τ‚V,“‹ξ`‚R|‚P‚W|‚W,"860,000 ","781,000 ",10.1 ,164 ,,1,2.5,“X•άA––±“‹¤“―Z‘ξ,SRC,10F,,“X•ά•tƒ}ƒ“ƒVƒ‡ƒ“A––±“™‚ª¬έ‚·‚ι¤‹Ζ’nζ,“s“Ή,“,22,,,,ƒKƒX,…“Ή,‰Ί…“Ή,–{αΘ‹΄,,190 ,¤‹Ζ,–h‰Ξ,80 ,500 ,,‚“x,,,,,,,,,
›,13107 ,6 ,–n“c,5 ,7 ,‹ζ•”,‚»‚Μ‘Ό‹ζ,–n“c‹ζ,•¶‰ΤO’–Ϊ‚P‚Q‚U”Τ‚R‚RO,•¶‰Τ‚R|‚Q‚R|‚X,"558,000 ","516,000 ",8.1 ,132 ,,1,1,“X•ά“‹¤“―Z‘ξ,RC,7F,,“X•άA‹¤“―Z‘ξ“™‚ª‚Ώ•ΐ‚Τ¤‹Ζ’nζ,“s“Ή,“μ“,22,,,,ƒKƒX,…“Ή,‰Ί…“Ή,¬‘Ίδ,,80 ,¤‹Ζ,–h‰Ξ,80 ,400 ,,‚“x,,,,,,,,,
›,13107 ,6 ,–n“c,5 ,8 ,‹ζ•”,‚»‚Μ‘Ό‹ζ,–n“c‹ζ,“ό“‡“ρ’–Ϊ‚R‚U”Τ‚Q,“ό“‡‚Q|‚P‚P|‚P‚U,"581,000 ","538,000 ",8.0 ,161 ,‘δ`,1.5,1,“X•ά“‹¤“―Z‘ξ,S,4F,,“X•άA‰c‹ΖAƒ}ƒ“ƒVƒ‡ƒ““™‚ª¬έ‚·‚ι¤‹Ζ’nζ,‹ζ“Ή,“μ“,18,,,,ƒKƒX,…“Ή,‰Ί…“Ή,‰gM,,350 ,¤‹Ζ,–h‰Ξ,80 ,400 ,,‚“x,,,,,,,,,
›,13107 ,6 ,–n“c,5 ,9 ,‹ζ•”,‚»‚Μ‘Ό‹ζ,–n“c‹ζ,Ξ΄“ρ’–Ϊ‚P”Τ‚R,Ξ΄‚Q|‚P‚V|‚P‚S,"754,000 ","695,000 ",8.5 ,92 ,,1,2.5,“X•ά“Z‘ξ,RC,5F,,“X•ά“ƒ}ƒ“ƒVƒ‡ƒ“A“X•ά“Z‘ξ‚ª‘½‚Ά¤‹Ζ’nζ,“s“Ή,“μ,22,,,,ƒKƒX,…“Ή,‰Ί…“Ή,“s‰c—Ό‘,,580 ,¤‹Ζ,–h‰Ξ,80 ,500 ,,‚“x,,,,,,,,,
›,13107 ,6 ,–n“c,5 ,10 ,‹ζ•”,‚»‚Μ‘Ό‹ζ,–n“c‹ζ,‹“‡O’–Ϊ‚U‚Q”Τ‚Q‚S,‹“‡‚R|‚Q‚O|‚P‚O,"525,000 ","485,000 ",8.2 ,71 ,,1,3,“X•ά“Z‘ξ,S,3F,,“X•άA“X•ά“‹¤“―Z‘ξ“™‚ª‘½‚Ά¤‹Ζ’nζ,“s“Ή,–k“,22,,,,ƒKƒX,…“Ή,‰Ί…“Ή,‹¬‰gM,,600 ,¤‹Ζ,–h‰Ξ,80 ,400 ,,‚“x,,,,,,,,,
›,13107 ,6 ,–n“c,5 ,11 ,‹ζ•”,‚»‚Μ‘Ό‹ζ,–n“c‹ζ,“ό“‡“ρ’–Ϊ‚P‚P‚V”Τ‚RO,“ό“‡‚Q|‚R‚S|‚R,"635,000 ","580,000 ",9.5 ,177 ,,1,1.2,“X•ά“‹¤“―Z‘ξ,SRC,11F,,“X•άA“X•ά“‹¤“―Z‘ξ“™‚ª‚Ώ•ΐ‚Τ¤‹Ζ’nζ,‘“Ή,–kΌ,22,,,,ƒKƒX,…“Ή,‰Ί…“Ή,‰gM,,350 ,¤‹Ζ,–h‰Ξ,80 ,500 ,,‚“x,,,,,,,,,
›,13107 ,6 ,–n“c,5 ,12 ,‹ζ•”,‚»‚Μ‘Ό‹ζ,–n“c‹ζ,“ό“‡ά’–Ϊ‚Q‚Q‚T”Τ‚RO,“ό“‡‚T|‚R|‚U,"483,000 ","447,000 ",8.1 ,272 ,,1,1.5,“X•ά“‹¤“―Z‘ξ,S,3F,,“X•ά“‹¤“―Z‘ξA“X•ά“™‚ª‚Ώ•ΐ‚Τ‹ί—Χ¤‹Ζ’nζ,‹ζ“Ή,–k,5.6,,,,ƒKƒX,…“Ή,‰Ί…“Ή,“ό“‡,,50 ,‹ί¤,€–h,80 ,300 ,,‚“x,,,,,,,,,
›,13107 ,6 ,–n“c,5 ,13 ,‹ζ•”,‚»‚Μ‘Ό‹ζ,–n“c‹ζ,‰΅μl’–Ϊ‚P”Τ‚P‚VO,‰΅μ‚S|‚W|‚Q,"801,000 ","731,000 ",9.6 ,107 ,,1,2,“X•ά“‹¤“―Z‘ξ,S,7F,,––±A“X•ά“‹¤“―Z‘ξ“™‚ª¬έ‚·‚ι¤‹Ζ’nζ,“s“Ή,Ό,22,,,,ƒKƒX,…“Ή,‰Ί…“Ή,‰γ,,380 ,¤‹Ζ,–h‰Ξ,80 ,500 ,,‚“x,,,,,*,13107 ,5 ,7 ,"763,000 "
›,13107 ,6 ,–n“c,5 ,14 ,‹ζ•”,‚»‚Μ‘Ό‹ζ,–n“c‹ζ,‹Ζ•½κ’–Ϊ‚T”Τ‚QO,‹Ζ•½‚P|‚P‚W|‚P‚Q,"1,240,000 ","1,120,000 ",10.7 ,314 ,,1.5,1,“X•ά“‹¤“―Z‘ξ,SRC,10F,,“s“Ή‰‚Ά‚Ι“X•ά“‹¤“―Z‘ξ“™‚ª‚Ώ•ΐ‚Τ¤‹Ζ’nζ,“s“Ή,“μ,33,,,,ƒKƒX,…“Ή,‰Ί…“Ή,‚Ζ‚¤‚«‚ε‚¤ƒXƒJƒCƒcƒ[,,350 ,¤‹Ζ,–h‰Ξ,80 ,500 ,,‚“x,,,,,,,,,
›,13108 ,6 ,]“,0 ,1 ,‹ζ•”,‚»‚Μ‘Ό‹ζ,]“‹ζ,“»”ª’–Ϊ‚Q‚Q‚Q‚O”Τ‚P‚P‚P,“»‚W|‚W|‚P‚R,"417,000 ","399,000 ",4.5 ,63 ,,1,1.5,Z‘ξ,LS,3F,,¬‹K–Νκ”ΚZ‘ξ‚ª‚Ώ•ΐ‚ΤZ‘ξ’nζ,„“Ή,“μ,4,,,,ƒKƒX,…“Ή,‰Ί…“Ή,“μ»’¬,,"1,100 ",‚PZ‹,€–h,60 ,300 ,,‚“x,,,,,,,,,
›,13108 ,6 ,]“,0 ,2 ,‹ζ•”,‚»‚Μ‘Ό‹ζ,]“‹ζ,Z‹g“ρ’–Ϊ‚P‚Q”Τ‚R‚P,Z‹g‚Q|‚Q‚V|‚Q,"650,000 ","598,000 ",8.7 ,94 ,,1,1.5,Z‘ξ“ΤΙ,S,3F,,κ”ΚZ‘ξ‚Μ‚Ω‚©‹¤“―Z‘ξ‚ΰ©‚η‚κ‚ιZ‘ξ’nζ,‹ζ“Ή,“μ,5,,,,ƒKƒX,…“Ή,‰Ί…“Ή,Z‹g,,100 ,‚PZ‹,€–h,60 ,300 ,,‚“x,,,,,,,,,
›,13108 ,6 ,]“,0 ,3 ,‹ζ•”,‚»‚Μ‘Ό‹ζ,]“‹ζ,‘ε“‡ά’–Ϊ‚Q‚P‚T”Τ‚S‚P,‘ε“‡‚T|‚Q‚W|‚P‚W,"480,000 ","450,000 ",6.7 ,55 ,,1,1.5,––±“Z‘ξ,S,3F,,κ”ΚZ‘ξAƒAƒp[ƒg“™‚ª¬έ‚·‚ιZ‘ξ’nζ,‹ζ“Ή,“μ,5.6,,,,ƒKƒX,…“Ή,‰Ί…“Ή,‘ε“‡,,380 ,‚PZ‹,€–h,60 ,300 ,,‚“x,,,,,,,,,
›,13108 ,6 ,]“,0 ,4 ,‹ζ•”,‚»‚Μ‘Ό‹ζ,]“‹ζ,“μ»“ρ’–Ϊ‚S‚R”Τ‚Q‚W,“μ»‚Q|‚P‚U|‚U,"494,000 ","461,000 ",7.2 ,47 ,,1,2,Z‘ξ,W,2F,,¬‹K–Νκ”ΚZ‘ξ‚ª‚Ώ•ΐ‚ΤZ‘ξ’nζ,“ΉH,–k“,3.6,,,,ƒKƒX,…“Ή,‰Ί…“Ή,“—z’¬,,900 ,‚PZ‹,€–h,60 ,300 ,,‚“x,,,,,*,13108 ,0 ,7 ,"476,000 "
›,13108 ,6 ,]“,0 ,5 ,‹ζ•”,‚»‚Μ‘Ό‹ζ,]“‹ζ,“μ»O’–Ϊ‚P‚P”Τ‚S‚X,“μ»‚R|‚W|‚Q‚U,"534,000 ","498,000 ",7.2 ,90 ,,1,2,Z‘ξ,S,3F,,κ”ΚZ‘ξ‚Μ’†‚Ι“X•ά“™‚ª©‚η‚κ‚ιZ‘ξ’nζ,„“Ή,“μ“,5.9,,,,ƒKƒX,…“Ή,‰Ί…“Ή,“μ»’¬,,330 ,‚PZ‹,€–h,60 ,300 ,,‚“x,,,,,,,,,
›,13108 ,6 ,]“,0 ,6 ,‹ζ•”,‚»‚Μ‘Ό‹ζ,]“‹ζ,—L–Ύκ’–Ϊ‚P‚O‚U”Τ‚RO,—L–Ύ‚P|‚R|‚P‚V,"870,000 ","770,000 ",13.0 ,"3,345 ",,1,1.5,f—Γ“‹¤“―Z‘ξ,RC,9F,,’†‚‘w‚Μ‹¤“―Z‘ξA‘qΙ“™‚ª¬έ‚·‚ιZ‘ξ’nζ,‹ζ“Ή,“μ“,25,,,,ƒKƒX,…“Ή,‰Ί…“Ή,—L–ΎƒeƒjƒX‚ΜX,,240 ,€H,€–h,60 ,300 ,,,,,,,,,,,
›,13108 ,6 ,]“,0 ,7 ,‹ζ•”,‚»‚Μ‘Ό‹ζ,]“‹ζ,‘ε“‡O’–Ϊ‚W‚O”Τ‚P‚O,‘ε“‡‚R|‚R|‚V,"490,000 ","460,000 ",6.5 ,131 ,,1,2.5,Z‘ξ“ΤΙ,S,3F,,¬HκAκ”ΚZ‘ξAƒAƒp[ƒg‚ª¬έ‚·‚ιZ‘ξ’nζ,„“Ή,–k,3.8,,,,ƒKƒX,…“Ή,‰Ί…“Ή,Ό‘ε“‡,,320 ,€H,€–h,60 ,300 ,,‚“x,,,,,,,,,
›,13108 ,6 ,]“,0 ,8 ,‹ζ•”,‚»‚Μ‘Ό‹ζ,]“‹ζ,“—zά’–Ϊ‚Q‚W”Τ‚V,,"710,000 ","644,000 ",10.2 ,296 ,,1,2,‹σ’n,,,,Z‘ξA‹¤“―Z‘ξA––±“™‚ª¬έ‚·‚ιZ‘ξ’nζ,‹ζ“Ή,–k,8,,,,ƒKƒX,…“Ή,‰Ί…“Ή,“—z’¬,,370 ,€H,€–h,60 ,300 ,,‚“x,,,,,,,,,
›,13108 ,6 ,]“,0 ,9 ,‹ζ•”,‚»‚Μ‘Ό‹ζ,]“‹ζ,‰]“ρ’–Ϊ‚Q‚P”Τ‚S,‰]‚Q|‚X|‚S,"695,000 ","640,000 ",8.6 ,148 ,,1,2,‹¤“―Z‘ξ,S,3F,,ƒ}ƒ“ƒVƒ‡ƒ“AƒAƒp[ƒg“™‚ª¬έ‚·‚ιZ‘ξ’nζ,‹ζ“Ή,–k,6,,,,ƒKƒX,…“Ή,‰Ί…“Ή,Z‹g,,90 ,€H,€–h,60 ,300 ,,‚“x,,,,,,,,,
›,13108 ,6 ,]“,0 ,10 ,‹ζ•”,‚»‚Μ‘Ό‹ζ,]“‹ζ,“μ»κ’–Ϊ‚Q‚W‚P”Τ‚QO,“μ»‚P|‚R|‚P‚V,"515,000 ","481,000 ",7.1 ,98 ,,1,1.2,Z‘ξ,S,3F,,κ”ΚZ‘ξA‹¤“―Z‘ξA‘qΙ“™‚Μ¬έ‚·‚ιZ‘ξ’nζ,‹ζ“Ή,“,11,,,,ƒKƒX,…“Ή,‰Ί…“Ή,“—z’¬,,"1,300 ",€H,€–h,60 ,300 ,,‚“x,,,,,,,,,
›,13108 ,6 ,]“,0 ,11 ,‹ζ•”,‚»‚Μ‘Ό‹ζ,]“‹ζ,“»O’–Ϊ‚S‚Q”Τ‚Q,“»‚R|‚P‚U|‚Q‚V,"528,000 ","492,000 ",7.3 ,349 ,,1,3,“X•ά“‹¤“―Z‘ξ,SRC,11F,,’†‚‘w‹¤“―Z‘ξAμ‹Ζκ“™‚ª¬έ‚·‚ιZ‘ξ’nζ,“s“Ή,“,20,,,,ƒKƒX,…“Ή,‰Ί…“Ή,“‘ε“‡,,"1,100 ",€H,–h‰Ξ,60 ,400 ,,,,,,,,,,,
›,13108 ,6 ,]“,0 ,12 ,‹ζ•”,‚»‚Μ‘Ό‹ζ,]“‹ζ,‹TΛµ’–Ϊ‚R”Τ‚UO,‹TΛ‚V|‚R|‚T,"508,000 ","475,000 ",6.9 ,94 ,,1,1.5,Z‘ξ“ΤΙ,S,3F,,κ”ΚZ‘ξA‹¤“―Z‘ξA–‹Ζ“™‚ª¬έ‚·‚ι’nζ,‹ζ“Ή,–k,6,,,,ƒKƒX,…“Ή,‰Ί…“Ή,‹TΛ,,750 ,€H,€–h,60 ,300 ,,‚“x,,,,,,,,,
›,13108 ,6 ,]“,0 ,13 ,‹ζ•”,‚»‚Μ‘Ό‹ζ,]“‹ζ,‰i‘γ“ρ’–Ϊ‚T‚W”Τ‚T,‰i‘γ‚Q|‚Q‚P|‚Q,"694,000 ","629,000 ",10.3 ,75 ,,1.5,1,Z‘ξ,S,3F,,ΛZ‘ξ‚Μ‘ΌZ‘ξ“–‹Ζ“™‚ª¬έ‚·‚ιZ‘ξ’nζ,‹ζ“Ή,–kΌ,6,,,,ƒKƒX,…“Ή,‰Ί…“Ή,–ε‘O’‡’¬,,320 ,€H,€–h,60 ,300 ,,‚“x,,,,,,,,,
›,13108 ,6 ,]“,0 ,14 ,‹ζ•”,‚»‚Μ‘Ό‹ζ,]“‹ζ,“‰_“ρ’–Ϊ‚P‚Q”Τ‚R‚T,“‰_‚Q|‚U|‚P‚X,"890,000 ","815,000 ",9.2 ,"3,741 ",‘δ`,1,1,‹¤“―Z‘ξ,SRC,14F,,‚‘wƒ}ƒ“ƒVƒ‡ƒ“A“X•άA–‹Ζ“™‚ª‚Ώ•ΐ‚Τ’nζ,“s“Ή,“,40,,O•ϋH,,ƒKƒX,…“Ή,‰Ί…“Ή,“‰_,,180 ,€H,–h‰Ξ,60 ,400 ,,,,,,,,,,,
›,13108 ,6 ,]“,5 ,1 ,‹ζ•”,‚»‚Μ‘Ό‹ζ,]“‹ζ,‹TΛµ’–Ϊ‚U‚S”Τ‚P‚O,‹TΛ‚V|‚S‚P|‚P‚P,"778,000 ","714,000 ",9.0 ,259 ,,1,2.5,f—Γ“‹¤“―Z‘ξ,SRC,9F,,––±“‹¤“―Z‘ξA‰c‹Ζ“™‚ª¬έ‚·‚ι¤‹Ζ’nζ,‘“Ή,–k,30,,,,ƒKƒX,…“Ή,‰Ί…“Ή,‹TΛ,,900 ,¤‹Ζ,–h‰Ξ,80 ,500 ,,,,,,,,,,,
›,13108 ,6 ,]“,5 ,2 ,‹ζ•”,‚»‚Μ‘Ό‹ζ,]“‹ζ,‹TΛ“ρ’–Ϊ‚Q‚W”Τ‚Q,‹TΛ‚Q|‚Q‚W|‚Q,"810,000 ","740,000 ",9.5 ,273 ,,1,2.5,––±,RC,5F,,––±A‰c‹ΖA“X•ά“™‚ª‚Ώ•ΐ‚Τ¤‹Ζ’nζ,‹ζ“Ή,Ό,7.8,,,,ƒKƒX,…“Ή,‰Ί…“Ή,‹TΛ,,350 ,¤‹Ζ,–h‰Ξ,80 ,500 ,,,,,,,,,,,
›,13108 ,6 ,]“,5 ,3 ,‹ζ•”,‚»‚Μ‘Ό‹ζ,]“‹ζ,‘ε“‡κ’–Ϊ‚Q‚T‚U”Τ‚T,‘ε“‡‚P|‚R‚R|‚P‚T,"883,000 ","810,000 ",9.0 ,105 ,,1,2,f—Γ“Z‘ξ,RC,4F,,’†‚‘w‚Μ“X•ά“ƒ}ƒ“ƒVƒ‡ƒ““™‚ª‚Ώ•ΐ‚Τ¤‹Ζ’nζ,“s“Ή,“,22,,,,ƒKƒX,…“Ή,‰Ί…“Ή,Ό‘ε“‡,,100 ,¤‹Ζ,–h‰Ξ,80 ,500 ,,,,,,,,,,,
›,13108 ,6 ,]“,5 ,4 ,‹ζ•”,‚»‚Μ‘Ό‹ζ,]“‹ζ,–k»l’–Ϊ‚P‚R‚V‚O”Τ‚P‚V,–k»‚S|‚Q‚S|‚S,"660,000 ","615,000 ",7.3 ,79 ,,1,2,“X•ά“Z‘ξ,S,3F,,¬‹K–Ν‚Μ¬”„“X•ά“™‚ª‚Ώ•ΐ‚Τ‹ί—Χ¤‹Ζ’nζ,‹ζ“Ή,–k,5.5,,,,ƒKƒX,…“Ή,‰Ί…“Ή,‘ε“‡,,"1,400 ",‹ί¤,€–h,80 ,300 ,,‚“x,,,,,,,,,
›,13108 ,6 ,]“,5 ,5 ,‹ζ•”,‚»‚Μ‘Ό‹ζ,]“‹ζ,–ε‘O’‡’¬“ρ’–Ϊ‚P”Τ‚QO,–ε‘O’‡’¬‚Q|‚T|‚P‚P,"2,450,000 ","2,210,000 ",10.9 ,317 ,,1,2.5,“X•ά“––±,SRC,6F,,’†‚‘w“X•άA––±ƒrƒ‹‚ª‘½‚­‚Ώ•ΐ‚Τ¤‹Ζ’nζ,“s“Ή,“μΌ,33,,”w–Κ“Ή,,ƒKƒX,…“Ή,‰Ί…“Ή,–ε‘O’‡’¬,‹ίΪ,,¤‹Ζ,–h‰Ξ,80 ,600 ,,,,,,,,,,,
›,13108 ,6 ,]“,5 ,6 ,‹ζ•”,‚»‚Μ‘Ό‹ζ,]“‹ζ,‹TΛl’–Ϊ‚P‚Q‚Q”Τ,‹TΛ‚S|‚P‚V|‚Q‚U,"630,000 ","578,000 ",9.0 ,142 ,,1,2,“X•άA––±“Z‘ξ,S,3F,,“X•ά“‹¤“―Z‘ξA––±“™‚ª¬έ‚·‚ι¤‹Ζ’nζ,‹ζ“Ή,“μ,7.3,,,,ƒKƒX,…“Ή,‰Ί…“Ή,‹TΛ,,470 ,‹ί¤,€–h,80 ,300 ,,‚“x,,,,,,,,,
›,13108 ,6 ,]“,5 ,7 ,‹ζ•”,‚»‚Μ‘Ό‹ζ,]“‹ζ,ξ‹΄O’–Ϊ‚P”Τ‚V,ξ‹΄‚R|‚P‚T|‚P‚O,"700,000 ","648,000 ",8.0 ,78 ,,1,1.5,“X•ά“‹¤“―Z‘ξ,S,5F,,’†‘w‚Μ“X•ά“‹¤“―Z‘ξ“™‚ª‚Ώ•ΐ‚Τ¤‹Ζ’nζ,“s“Ή,“μ,22,,,,ƒKƒX,…“Ή,‰Ί…“Ή,Z‹g,,580 ,¤‹Ζ,–h‰Ξ,80 ,400 ,,,,,,,,,,,
›,13108 ,6 ,]“,5 ,8 ,‹ζ•”,‚»‚Μ‘Ό‹ζ,]“‹ζ,‹TΛκ’–Ϊ‚W”Τ‚P‚SO,‹TΛ‚P|‚W|‚S,"1,030,000 ","925,000 ",11.4 ,209 ,,1,1.5,“X•ά“––±,SRC,8F,,ƒ}ƒ“ƒVƒ‡ƒ“A––±ƒrƒ‹‚Μ‚Ώ•ΐ‚Τ¤‹Ζ’nζ,‘“Ή,–k,40,,,,ƒKƒX,…“Ή,‰Ί…“Ή,‹TΛ,,500 ,¤‹Ζ,–h‰Ξ,80 ,700 ,,,,,,,*,13108 ,5 ,10 ,"970,000 "
›,13108 ,6 ,]“,5 ,9 ,‹ζ•”,‚»‚Μ‘Ό‹ζ,]“‹ζ,‹TΛ“ρ’–Ϊ‚V”Τ‚P‚U,‹TΛ‚Q|‚V|‚V,"765,000 ","698,000 ",9.6 ,103 ,,1,2,“X•ά“‹¤“―Z‘ξ,S,5F,,ωH“XA“X•ά“‹¤“―Z‘ξ“™‚ª‚Ώ•ΐ‚Τ¤‹Ζ’nζ,“s“Ή,–k,27,,,,ƒKƒX,…“Ή,‰Ί…“Ή,‹TΛ,,950 ,¤‹Ζ,–h‰Ξ,80 ,500 ,,,,,,,,,,,
›,13108 ,6 ,]“,5 ,10 ,‹ζ•”,‚»‚Μ‘Ό‹ζ,]“‹ζ,“—zά’–Ϊ‚P‚W”Τ‚Q‚O,“—z‚T|‚P‚U|‚R,"626,000 ","585,000 ",7.0 ,66 ,,1,2,––±“‹¤“―Z‘ξ,S,4F,,’†‘w“X•άA––±“‹¤“―Z‘ξ‚Μ‘½‚Ά‹ί—Χ¤‹Ζ’nζ,‹ζ“Ή,Ό,15,,,,ƒKƒX,…“Ή,‰Ί…“Ή,–Ψκ,,470 ,‹ί¤,€–h,80 ,300 ,,‚“x,,,,,,,,,
›,13108 ,6 ,]“,5 ,11 ,‹ζ•”,‚»‚Μ‘Ό‹ζ,]“‹ζ,•x‰ªκ’–Ϊ‚P‚Q”Τ‚R‚W,•x‰ª‚P|‚Q‚U|‚P‚R,"1,630,000 ","1,460,000 ",11.6 ,198 ,,1,1.5,“X•ά“‹¤“―Z‘ξ,SRC,9F,,‚‘w“X•ά“Z‘ξA’α‘w“X•ά“™‚ª¬έ‚·‚ι¤‹Ζ’nζ,“s“Ή,–k“,33,,,,ƒKƒX,…“Ή,‰Ί…“Ή,–ε‘O’‡’¬,,280 ,¤‹Ζ,–h‰Ξ,80 ,600 ,,,,,,,,,,,
,13108 ,6 ,]“,9 ,1 ,‹ζ•”,‚»‚Μ‘Ό‹ζ,]“‹ζ,V»κ’–Ϊ‚U‚R‚P”Τ‚P‚UO,V»‚P|‚P‚R|‚X,"475,000 ",,,"9,917 ",,1,2.5,‘qΙA––±“μ‹Ζ,S,5F,,’†‘w‚Μ‘qΙ“™‚ª‚Ώ•ΐ‚Τ—¬’Κ‹Ζ–±’nζ,‹ζ“Ή,–k,22,,,,ƒKƒX,…“Ή,‰Ί…“Ή,’ª©,,600 ,Hκ,€–h,60 ,200 ,,,,,,,,,,,
›,13108 ,6 ,]“,9 ,2 ,‹ζ•”,‚»‚Μ‘Ό‹ζ,]“‹ζ,V–Ψκl’–Ϊ‚P‚Q”Τ‚P‚Q,V–Ψκ‚S|‚R|‚P‚V,"380,000 ","335,000 ",13.4 ,"4,695 ",,1,1.5,‘qΙ“––±,S,4F,,’†¬‹K–Ν‚ΜHκA‘qΙ“™‚ª‚Ώ•ΐ‚ΤH‹Ζ’nζ,“ΉH,Ό,12,,,,ƒKƒX,…“Ή,‰Ί…“Ή,V–Ψκ,,"1,300 ",Hκ,€–h,60 ,200 ,,,,,,,,,,,
›,13108 ,6 ,]“,9 ,3 ,‹ζ•”,‚»‚Μ‘Ό‹ζ,]“‹ζ,“‰_“ρ’–Ϊ‚X”Τ‚S‚Q,“‰_‚Q|‚P‚S|‚P‚X,"556,000 ","505,000 ",10.1 ,"5,400 ",,1,2,––±“‘qΙ,S,5F,,‘ε‹K–Ν‘qΙAHκ“™‚ª‚Ώ•ΐ‚Τ—ΥCH‹Ζ’nζ,“ΉH,“,15,,,,ƒKƒX,…“Ή,‰Ί…“Ή,“‰_,,400 ,€H,€–h,60 ,200 ,,,,,,,*,13108 ,9 ,2 ,"515,000 "
›,13109 ,6 ,•iμ,0 ,1 ,‹ζ•”,‚»‚Μ‘Ό‹ζ,•iμ‹ζ,‰`΄“ρ’–Ϊ‚Q‚R‚S”Τ‚P‚S,‰`΄‚Q|‚P‚P|‚W,"794,000 ","734,000 ",8.2 ,144 ,,1,1.2,Z‘ξ,S,3F,,κ”ΚZ‘ξ‚ΖƒAƒp[ƒg“™‚ª¬έ‚·‚ιω¬Z‘ξ’nζ,‹ζ“Ή,“μΌ,3.8,,,,ƒKƒX,…“Ή,‰Ί…“Ή,Λ‰z‹βΐ,,550 ,‚PZ‹,€–h,60 ,300 ,,‚“x,,,,,,,,,
›,13109 ,6 ,•iμ,0 ,2 ,‹ζ•”,‚»‚Μ‘Ό‹ζ,•iμ‹ζ,γ‘εθ“ρ’–Ϊ‚Q‚V‚O”Τ‚V‚O,γ‘εθ‚Q|‚U|‚P‚Q,"1,390,000 ","1,270,000 ",9.4 ,248 ,‘δ`,1,1.5,Z‘ξ,RC,2F,1B,κ”ΚZ‘ξAƒ}ƒ“ƒVƒ‡ƒ“‚ª‚Ώ•ΐ‚ΤRθ‚ΜZ‘ξ’nζ,‹ζ“Ή,“,6,,,,ƒKƒX,…“Ή,‰Ί…“Ή,–Ϊ•,,680 ,‚P’ακ,€–h,60 ,150 ,,‚“x,,,,,*,13109 ,0 ,7 ,"1,300,000 "
›,13109 ,6 ,•iμ,0 ,3 ,‹ζ•”,‚»‚Μ‘Ό‹ζ,•iμ‹ζ,“‘εδO’–Ϊ‚U‚V‚P”Τ‚S‚P,“‘εδ‚R|‚R|‚W,"778,000 ","718,000 ",8.4 ,108 ,,1,1,Z‘ξ,W,3F,,κ”ΚZ‘ξ‚Μ’†‚Ι‹¤“―Z‘ξ‚ª©‚η‚κ‚ιZ‘ξ’nζ,‹ζ“Ή,“μΌ,3.4,,,,ƒKƒX,…“Ή,‰Ί…“Ή,‘εδ’¬,,490 ,‚P’†κ,€–h,60 ,200 ,,‚“x,,,,,,,,,
›,13109 ,6 ,•iμ,0 ,4 ,‹ζ•”,‚»‚Μ‘Ό‹ζ,•iμ‹ζ,–L’¬O’–Ϊ‚Q‚W‚R”Τ‚R,–L’¬‚R|‚S|‚P‚V,"780,000 ","718,000 ",8.6 ,121 ,,1,1.2,Z‘ξ,W,2F,,’†¬‹K–Νκ”ΚZ‘ξ‚Μ‚Ω‚©‹¤“―Z‘ξ‚ΰ‘½‚ΆZ‘ξ’nζ,‹ζ“Ή,Ό,4.4,,,,ƒKƒX,…“Ή,‰Ί…“Ή,Λ‰zφ‰€,,270 ,‚PZ‹,–h‰Ξ,60 ,200 ,,‚“x,,,,,,,,,
›,13109 ,6 ,•iμ,0 ,5 ,‹ζ•”,‚»‚Μ‘Ό‹ζ,•iμ‹ζ,Ό’†‰„“ρ’–Ϊ‚Q‚T‚T”Τ‚T,Ό’†‰„‚Q|‚X|‚P,"800,000 ","736,000 ",8.7 ,74 ,,1,1,‹¤“―Z‘ξ,S,3F,1B,κ”ΚZ‘ξA¬‹K–Ν‹¤“―Z‘ξ‚ª‚Ώ•ΐ‚ΤZ‘ξ’nζ,‹ζ“Ή,–k,4.2,,,,ƒKƒX,…“Ή,‰Ί…“Ή,‰`΄’†‰„,,310 ,‚PZ‹,€–h,60 ,200 ,,‚“x,,,,,*,13109 ,0 ,8 ,"760,000 "
›,13109 ,6 ,•iμ,0 ,6 ,‹ζ•”,‚»‚Μ‘Ό‹ζ,•iμ‹ζ,ψ‚Μ‘δZ’–Ϊ‚P‚O‚W‚R”Τ‚P‚W,ψ‚Μ‘δ‚U|‚P‚X|‚S,"900,000 ","824,000 ",9.2 ,132 ,,1,2,Z‘ξ,W,2F,,’†‹K–Νκ”ΚZ‘ξ‚Μ‘½‚ΆΥΓ‚ΘZ‘ξ’nζ,‹ζ“Ή,–k,5.3,,,,ƒKƒX,…“Ή,‰Ί…“Ή,τ‘«,,540 ,‚P’ακ,€–h,50 ,100 ,,‚“x,,,,,,,,,
›,13109 ,6 ,•iμ,0 ,7 ,‹ζ•”,‚»‚Μ‘Ό‹ζ,•iμ‹ζ,“ά”½“cO’–Ϊ‚P‚X‚P”Τ‚S‚R‚X,“ά”½“c‚R|‚X|‚S,"1,380,000 ","1,260,000 ",9.5 ,276 ,,1,2,Z‘ξ“ΤΙ,RC,3F,1B,’†‹K–Νκ”ΚZ‘ξ“™‚ª‘½‚Ά‚‘δ‚Μ’–Ό‚ΘZ‘ξ’nζ,‹ζ“Ή,–k,5.4,,,,ƒKƒX,…“Ή,‰Ί…“Ή,‚—Φ‘δ,,500 ,‚P’ακ,€–h,60 ,150 ,,‚“x,,,,,,,,,
›,13109 ,6 ,•iμ,0 ,8 ,‹ζ•”,‚»‚Μ‘Ό‹ζ,•iμ‹ζ,–k•iμά’–Ϊ‚U‚Q‚W”Τ‚QO,–k•iμ‚T|‚X|‚Q‚W,"1,430,000 ","1,280,000 ",11.7 ,"1,353 ",,1,2,‹¤“―Z‘ξ,SRC,11F,,‚‘wƒ}ƒ“ƒVƒ‡ƒ“‚ª‘½‚­©‚η‚κ‚ιZ‘ξ’nζ,‹ζ“Ή,“μΌ,8.7,,,,ƒKƒX,…“Ή,‰Ί…“Ή,‘εθ,,530 ,€H,€–h,60 ,300 ,,,,,,,,,,,
›,13109 ,6 ,•iμ,0 ,9 ,‹ζ•”,‚»‚Μ‘Ό‹ζ,•iμ‹ζ,“μ‘εδl’–Ϊ‚P‚U‚R‚X”Τ‚P‚T,“μ‘εδ‚S|‚P‚Q|‚V,"742,000 ","682,000 ",8.8 ,71 ,,1,2,Z‘ξ,W,3F,,κ”ΚZ‘ξA‹¤“―Z‘ξ‚ª‚Ώ•ΐ‚ΤZ‘ξ’nζ,‹ζ“Ή,–k,4.4,,,,ƒKƒX,…“Ή,‰Ί…“Ή,—§‰ομ,,460 ,€H,€–h,60 ,200 ,,‚“x,,,,,,,,,
›,13109 ,6 ,•iμ,0 ,10 ,‹ζ•”,‚»‚Μ‘Ό‹ζ,•iμ‹ζ,•½’ΛO’–Ϊ‚V‚V‚R”Τ‚S‚R,•½’Λ‚R|‚W|‚P‚P,"794,000 ","731,000 ",8.6 ,87 ,,1,2,Z‘ξ,W,2F,,¬‹K–ΝZ‘ξAƒAƒp[ƒgA¬Hκ‚ª¬έ‚·‚ι’nζ,„“Ή,“μΌ,4.4,,,,ƒKƒX,…“Ή,‰Ί…“Ή,Λ‰z‹βΐ,,430 ,€H,€–h,60 ,200 ,,‚“x,,,,,,,,,
›,13109 ,6 ,•iμ,0 ,11 ,‹ζ•”,‚»‚Μ‘Ό‹ζ,•iμ‹ζ,Όά”½“cl’–Ϊ‚W‚P‚W”Τ‚P‚O,Όά”½“c‚S|‚Q‚O|‚S,"847,000 ","779,000 ",8.7 ,69 ,,1,1.5,Z‘ξ,W,3F,,’†¬‹K–ΝZ‘ξAƒAƒp[ƒg“™‚ª¬έ‚·‚ιZ‘ξ’nζ,‹ζ“Ή,–k,5.4,,,,ƒKƒX,…“Ή,‰Ί…“Ή,•s“®‘O,,680 ,‚PZ‹,–h‰Ξ,60 ,200 ,,‚“x,,,,,,,,,
›,13109 ,6 ,•iμ,5 ,1 ,‹ζ•”,‚»‚Μ‘Ό‹ζ,•iμ‹ζ,¬RZ’–Ϊ‚R‚V‚S”Τ‚P,¬R‚U|‚T|‚U,"1,060,000 ","960,000 ",10.4 ,110 ,,1,3,“X•άA––±“‹¤“―Z‘ξ,RC,5F,1B,’†‘w“X•ά•Ή—pZ‘ξ‚π’†S‚Ζ‚·‚ι‰w‘O‹ί—Χ¤‹Ζ’nζ,‹ζ“Ή,“μ“,6,,,,ƒKƒX,…“Ή,‰Ί…“Ή,Ό¬R,,130 ,¤‹Ζ,–h‰Ξ,80 ,400 ,,,,,,,,,,,
›,13109 ,6 ,•iμ,5 ,2 ,‹ζ•”,‚»‚Μ‘Ό‹ζ,•iμ‹ζ,ψ‚Μ‘δO’–Ϊ‚X‚U‚S”Τ‚T,ψ‚Μ‘δ‚R|‚P‚S|‚Q,"1,060,000 ","970,000 ",9.3 ,86 ,,1,3,“X•ά“Z‘ξ,S,3F,,ωH“XA¬”„“X•ά“™‚ΜW‚ά‚ι‰w‘O‚Μ¤‹Ζ’nζ,‹ζ“Ή,Ό,4.7,,,,ƒKƒX,…“Ή,‰Ί…“Ή,ψ‚Μ‘δ,,60 ,‹ί¤,–h‰Ξ,80 ,400 ,,,,,,,,,,,
›,13109 ,6 ,•iμ,5 ,3 ,‹ζ•”,‚»‚Μ‘Ό‹ζ,•iμ‹ζ,Όά”½“cά’–Ϊ‚S‚W‚S”Τ‚S,Όά”½“c‚T|‚P‚P|‚P‚R,"1,110,000 ","1,020,000 ",8.8 ,104 ,,1,1.5,“X•ά“Z‘ξ,RC,4F,,ωH“XA“X•ά“Z‘ξ“™‚ª‚Ώ•ΐ‚Τ‰w‘O‚Μ¤‹Ζ’nζ,‹ζ“Ή,–kΌ,7.1,,,,ƒKƒX,…“Ή,‰Ί…“Ή,•s“®‘O,,70 ,‹ί¤,€–h,80 ,300 ,,‚“x,,,,,,,,,
›,13109 ,6 ,•iμ,5 ,4 ,‹ζ•”,‚»‚Μ‘Ό‹ζ,•iμ‹ζ,’†‰„“ρ’–Ϊ‚Q‚X‚S”Τ‚TO,,"1,080,000 ","960,000 ",12.5 ,230 ,‘δ`,1.5,1,‹σ’n,,,,¬”„“X•ά“Z‘ξ“™‚ª‚Ώ•ΐ‚Τ‰w‘O‚Μ‹ί—Χ¤‹Ζ’nζ,‹ζ“Ή,“,6.2,,,,ƒKƒX,…“Ή,‰Ί…“Ή,‰`΄’†‰„,,70 ,‹ί¤,–h‰Ξ,80 ,400 ,,,,,,,,,,,
›,13109 ,6 ,•iμ,5 ,5 ,‹ζ•”,‚»‚Μ‘Ό‹ζ,•iμ‹ζ,Λ‰zά’–Ϊ‚P‚O”Τ‚S,Λ‰z‚T|‚T|‚P‚T,"1,100,000 ","1,000,000 ",10.0 ,127 ,,1.2,1,“X•ά“‹¤“―Z‘ξ,RC,4F,,’†’α‘w‚Μ“X•άA‹¤“―Z‘ξ‚ª‘½‚Ά¤‹Ζ’nζ,“s“Ή,–k,20,,‘¤“Ή,Ό,ƒKƒX,…“Ή,‰Ί…“Ή,Λ‰zφ‰€,,230 ,‹ί¤,–h‰Ξ,80 ,400 ,,‚“x,,,,,,,,,
›,13109 ,6 ,•iμ,5 ,6 ,‹ζ•”,‚»‚Μ‘Ό‹ζ,•iμ‹ζ,‘εθ“ρ’–Ϊ‚Q‚R‚T”Τ‚Q,‘εθ‚Q|‚U|‚P‚R,"1,100,000 ","998,000 ",10.2 ,182 ,,1,2,“X•ά“‹¤“―Z‘ξ,S,3F,,’†’α‘w‚Μ“X•ά“‹¤“―Z‘ξ‚ª‚Ώ•ΐ‚Τ‹ί—Χ¤‹Ζ’nζ,‹ζ“Ή,“μ,11,,,,ƒKƒX,…“Ή,‰Ί…“Ή,‘εθ,,500 ,‹ί¤,€–h,80 ,300 ,,‚“x,,,,,,,,,
›,13109 ,6 ,•iμ,5 ,7 ,‹ζ•”,‚»‚Μ‘Ό‹ζ,•iμ‹ζ,“μ•iμO’–Ϊ‚S‚R‚S”Τ‚PO,“μ•iμ‚R|‚T|‚T,"1,190,000 ","1,100,000 ",8.2 ,141 ,,1,2,“X•ά“‹¤“―Z‘ξ,S,3F,,ωH“XA¬”„“X•ά“™‚ªA‚½‚ρ‚·‚ι‰w‘O‚Μ¤‹Ζ’nζ,“s“Ή,–kΌ,16,,,,ƒKƒX,…“Ή,‰Ί…“Ή,Β•¨‰΅’,,130 ,‹ί¤,–h‰Ξ,80 ,300 ,,‚“x,,,,,,,,,
›,13109 ,6 ,•iμ,5 ,8 ,‹ζ•”,‚»‚Μ‘Ό‹ζ,•iμ‹ζ,’†‰„ά’–Ϊ‚X‚S‚T”Τ‚T,’†‰„‚T|‚Q|‚W,"1,070,000 ","990,000 ",8.1 ,80 ,,1,2,“X•ά“––±,RC,3F,,’†’α‘w‚Μeν“X•ά“™‚ª‚Ώ•ΐ‚Τ‰w‘O‚Μ¤‹Ζ’nζ,‹ζ“Ή,“μ,6.8,,,,ƒKƒX,…“Ή,‰Ί…“Ή,‰`΄’¬,,120 ,‹ί¤,–h‰Ξ,80 ,400 ,,,,,,,,,,,
›,13109 ,6 ,•iμ,5 ,9 ,‹ζ•”,‚»‚Μ‘Ό‹ζ,•iμ‹ζ,Λ‰zO’–Ϊ‚W‚U‚S”Τ‚P‚O,Λ‰z‚R|‚T|‚P‚X,"1,450,000 ","1,320,000 ",9.8 ,230 ,‘δ`,1.5,1,“X•ά“‹¤“―Z‘ξ,SRC,9F,1B,’†‚‘w“X•ά“‹¤“―Z‘ξ‚ª‘½‚Ά‘“Ή‰‚Ά‚Μ¤‹Ζ’nζ,‘“Ή,Ό,25,,‘¤“Ή,“μ,ƒKƒX,…“Ή,‰Ί…“Ή,Λ‰z,‹ίΪ,,¤‹Ζ,–h‰Ξ,80 ,500 ,,,,,,,,,,,
›,13109 ,6 ,•iμ,5 ,10 ,‹ζ•”,‚»‚Μ‘Ό‹ζ,•iμ‹ζ,γ‘εθ“ρ’–Ϊ‚T‚U‚P”Τ‚P,γ‘εθ‚Q|‚P‚R|‚R‚T,"4,400,000 ","3,970,000 ",10.8 ,275 ,,1,1.5,“X•ά“‹¤“―Z‘ξ,SRC,9F,1B,’†‚‘w‚Μ“X•άA––±A‹¤“―Z‘ξ‚Μ‘½‚Ά¤‹Ζ’nζ,“s“Ή,“μ,30,,‘¤“Ή,Ό,ƒKƒX,…“Ή,‰Ί…“Ή,–Ϊ•,,200 ,¤‹Ζ,–h‰Ξ,80 ,600 ,,,,,,,*,13109 ,5 ,4 ,"4,100,000 "
›,13109 ,6 ,•iμ,5 ,11 ,‹ζ•”,‚»‚Μ‘Ό‹ζ,•iμ‹ζ,“•iμO’–Ϊ‚S‚Q”Τ‚Q,“•iμ‚R|‚Q‚P|‚P‚O,"1,080,000 ","980,000 ",10.2 ,925 ,•s®`,1.5,1,“X•ά“––±,SRC,7F,,’†‚‘w‚Μ“X•άA––±Aƒ}ƒ“ƒVƒ‡ƒ“‚ª‘½‚Ά’nζ,‘“Ή,“,25,,‘¤“Ή,“μ,ƒKƒX,…“Ή,‰Ί…“Ή,•iμƒV[ƒTƒCƒh,,530 ,€H,€–h,60 ,300 ,,‚“x,,,,,,,,,
›,13109 ,6 ,•iμ,5 ,12 ,‹ζ•”,‚»‚Μ‘Ό‹ζ,•iμ‹ζ,•½’Λ“ρ’–Ϊ‚U‚U‚O”Τ‚Q,•½’Λ‚Q|‚P‚U|‚R,"1,230,000 ","1,100,000 ",11.8 ,148 ,,1,2,“X•ά“‹βs,S,3F,,¬”„“X•άAωH“X“™‚ª‚Ώ•ΐ‚Τ‰w‘O‚Μ¤‹Ζ’nζ,‹ζ“Ή,“μ,6.5,,,,ƒKƒX,…“Ή,‰Ί…“Ή,Λ‰z‹βΐ,‹ίΪ,,‹ί¤,€–h,80 ,300 ,,‚“x,,,,,*,13109 ,5 ,9 ,"1,160,000 "
›,13110 ,6 ,–Ϊ•,0 ,1 ,‹ζ•”,‚»‚Μ‘Ό‹ζ,–Ϊ•‹ζ,©—R‚ª‹u“ρ’–Ϊ‚P‚Q‚R”Τ‚W,©—R‚ª‹u‚Q|‚P‚W|‚Q‚U,"1,340,000 ","1,200,000 ",11.7 ,308 ,,1,1,Z‘ξ,RC,2F,,’†‹K–ΝΘγ‚Μκ”ΚZ‘ξ‚ª‘½‚ΆΥΓ‚ΘZ‘ξ’nζ,‹ζ“Ή,–k,5.4,,,,ƒKƒX,…“Ή,‰Ί…“Ή,©—R‚ª‹u,,500 ,‚P’ακ,€–h,50 ,100 ,,‚“x,,,,,*,13110 ,0 ,6 ,"1,280,000 "
›,13110 ,6 ,–Ϊ•,0 ,2 ,‹ζ•”,‚»‚Μ‘Ό‹ζ,–Ϊ•‹ζ,‰Ί–Ϊ•O’–Ϊ‚U‚U‚R”Τ‚P‚P,‰Ί–Ϊ•‚R|‚T|‚Q‚Q,"896,000 ","820,000 ",9.3 ,95 ,,1,2.5,Z‘ξ,S,4F,,’†¬‹K–Νκ”ΚZ‘ξAƒAƒp[ƒg‚ª¬έ‚·‚ιZ‘ξ’nζ,‹ζ“Ή,–kΌ,4.9,,,,ƒKƒX,…“Ή,‰Ί…“Ή,–Ϊ•,,760 ,‚P’†κ,€–h,60 ,200 ,,‚“x,,,,,,,,,
›,13110 ,6 ,–Ϊ•,0 ,3 ,‹ζ•”,‚»‚Μ‘Ό‹ζ,–Ϊ•‹ζ,”θ•¶’Jκ’–Ϊ‚V”Τ‚Q‚R,”θ•¶’J‚P|‚P‚Q|‚Q‚O,"880,000 ","803,000 ",9.6 ,281 ,‘δ`,1,1,‹¤“―Z‘ξ,RC,4F,,’†’α‘w‹¤“―Z‘ξAκ”ΚZ‘ξ‚ª‚Ώ•ΐ‚ΤZ‘ξ’nζ,‹ζ“Ή,–kΌ,11,,,,ƒKƒX,…“Ή,‰Ί…“Ή,w|‘εw,,"1,200 ",‚PZ‹,€–h,60 ,200 ,,‚“x,,,,,,,,,
›,13110 ,6 ,–Ϊ•,0 ,4 ,‹ζ•”,‚»‚Μ‘Ό‹ζ,–Ϊ•‹ζ,”θ•¶’JZ’–Ϊ‚P‚Q‚T”Τ‚W,”θ•¶’J‚U|‚W|‚P‚Q,"1,010,000 ","910,000 ",11.0 ,132 ,,1,1.5,Z‘ξ,W,2F,,’†‹K–Νκ”ΚZ‘ξ‚ª‘½‚Άω¬Z‘ξ’nζ,‹ζ“Ή,Ό,5.2,,,,ƒKƒX,…“Ή,‰Ί…“Ή,w|‘εw,,500 ,‚P’ακ,€–h,60 ,150 ,,‚“x,,,,,,,,,
›,13110 ,6 ,–Ϊ•,0 ,5 ,‹ζ•”,‚»‚Μ‘Ό‹ζ,–Ϊ•‹ζ,—S“V›κ’–Ϊ‚Q‚P‚T‚R”Τ‚Q‚Q,—S“V›‚P|‚Q‚T|‚S,"965,000 ","880,000 ",9.7 ,203 ,,1,1.5,Z‘ξ,LS,2F,,κ”ΚZ‘ξA‹¤“―Z‘ξ“™‚ª‚Ώ•ΐ‚ΤZ‘ξ’nζ,‹ζ“Ή,–k“,4.5,,,,ƒKƒX,…“Ή,‰Ί…“Ή,—S“V›,,400 ,‚P’ακ,€–h,60 ,150 ,,‚“x,,,,,*,13110 ,0 ,12 ,"912,000 "
›,13110 ,6 ,–Ϊ•,0 ,6 ,‹ζ•”,‚»‚Μ‘Ό‹ζ,–Ϊ•‹ζ,‹ξκ“ρ’–Ϊ‚V‚R‚O”Τ‚V‚P,‹ξκ‚Q|‚P‚T|‚V,"1,050,000 ","961,000 ",9.3 ,169 ,,1,1.2,Z‘ξ,LS,3F,,’†‹K–Νκ”ΚZ‘ξAƒAƒp[ƒg“™‚ª¬έ‚·‚ιZ‘ξ’nζ,‹ζ“Ή,Ό,4,,,,ƒKƒX,…“Ή,‰Ί…“Ή,‹ξκ“‘ε‘O,,300 ,‚P’†κ,€–h,60 ,200 ,,‚“x,,,,,,,,,
›,13110 ,6 ,–Ϊ•,0 ,7 ,‹ζ•”,‚»‚Μ‘Ό‹ζ,–Ϊ•‹ζ,—Ξ‚ª‹u“ρ’–Ϊ‚Q‚T‚O‚P”Τ‚P‚R,—Ξ‚ª‹u‚Q|‚R|‚Q,"957,000 ","885,000 ",8.1 ,161 ,,1,1.5,Z‘ξ,S,3F,,’†¬‹K–Ν‚Μκ”ΚZ‘ξAƒAƒp[ƒg“™‚ª‘½‚ΆZ‘ξ’nζ,‹ζ“Ή,“,6.2,,,,ƒKƒX,…“Ή,‰Ί…“Ή,—Ξ‚ª‹u,,600 ,‚P’ακ,€–h,60 ,150 ,,‚“x,,,,,,,,,
›,13110 ,6 ,–Ϊ•,0 ,8 ,‹ζ•”,‚»‚Μ‘Ό‹ζ,–Ϊ•‹ζ,“‚ª‹u“ρ’–Ϊ‚P‚U”Τ‚S‚T,“‚ª‹u‚Q|‚P‚R|‚Q‚O,"911,000 ","834,000 ",9.2 ,128 ,,1,1,Z‘ξ,W,2F,,’†‹K–Ν‚Μκ”ΚZ‘ξ‚ª‘½‚ΆZ‘ξ’nζ,‹ζ“Ή,Ό,5,,,,ƒKƒX,…“Ή,‰Ί…“Ή,‹ξ‘ς‘εw,,600 ,‚P’ακ,€–h,60 ,150 ,,‚“x,,,,,,,,,
›,13110 ,6 ,–Ϊ•,0 ,9 ,‹ζ•”,‚»‚Μ‘Ό‹ζ,–Ϊ•‹ζ,΄’¬κ’–Ϊ‚P‚Q‚P‚U”Τ‚S‚S,΄’¬‚P|‚Q‚R|‚U,"844,000 ","775,000 ",8.9 ,76 ,,1,1.5,Z‘ξ,W,2F,,ΛZ‘ξAƒAƒp[ƒg“™‚ª¬έ‚·‚ιZ‘ξ’nζ,‹ζ“Ή,“μ,6,,,,ƒKƒX,…“Ή,‰Ί…“Ή,Ό¬R,,450 ,‚PZ‹,€–h,60 ,200 ,,‚“x,,,,,,,,,
›,13110 ,6 ,–Ϊ•,5 ,1 ,‹ζ•”,‚»‚Μ‘Ό‹ζ,–Ϊ•‹ζ,”ª‰_κ’–Ϊ‚Q‚V‚S”Τ‚T,”ª‰_‚P|‚T|‚U,"1,450,000 ","1,320,000 ",9.8 ,272 ,,1,1,“X•ά“‹¤“―Z‘ξ,RC,7F,1B,’†‚‘w‚Μ“X•ά•t‹¤“―Z‘ξ“™‚ª‚Ώ•ΐ‚Τ¤‹Ζ’nζ,“s“Ή,“μ“,25,,,,ƒKƒX,…“Ή,‰Ί…“Ή,“s—§‘εw,,280 ,¤‹Ζ,–h‰Ξ,80 ,400 ,,‚“x,,,,,,,,,
›,13110 ,6 ,–Ϊ•,5 ,2 ,‹ζ•”,‚»‚Μ‘Ό‹ζ,–Ϊ•‹ζ,τ‘«“ρ’–Ϊ‚P‚S‚U‚Q”Τ‚U,τ‘«‚Q|‚Q‚U|‚P,"980,000 ","899,000 ",9.0 ,166 ,,1,2,“X•ά“‹¤“―Z‘ξ,RC,3F,,ωH“XA¬”„“X•ά“™‚ª‚Ώ•ΐ‚Τ‰w‘O‚Μ¤‹Ζ’nζ,‹ζ“Ή,–k“,12.7,,,,ƒKƒX,…“Ή,‰Ί…“Ή,τ‘«,,70 ,‹ί¤,€–h,80 ,300 ,,‚“x,,,,,,,,,
›,13110 ,6 ,–Ϊ•,5 ,3 ,‹ζ•”,‚»‚Μ‘Ό‹ζ,–Ϊ•‹ζ,γ–Ϊ•O’–Ϊ‚P‚W‚U‚O”Τ‚UO,γ–Ϊ•‚R|‚S|‚R,"4,890,000 ","4,440,000 ",10.1 ,155 ,‘δ`,1,1,“X•άA––±“Z‘ξ,RC,6F,,’†‚‘w“X•ά“––±ƒrƒ‹‚ª‚Ώ•ΐ‚Τ‰w‘O¤‹Ζ’nζ,“s“Ή,–k“,35,,‘¤“Ή,–kΌ,ƒKƒX,…“Ή,‰Ί…“Ή,’†–Ϊ•,‹ίΪ,,¤‹Ζ,–h‰Ξ,80 ,500 ,,‚“x,,,,,*,13110 ,5 ,2 ,"4,600,000 "
›,13110 ,6 ,–Ϊ•,5 ,4 ,‹ζ•”,‚»‚Μ‘Ό‹ζ,–Ϊ•‹ζ,γ–Ϊ•“ρ’–Ϊ‚P‚X‚U‚T”Τ‚V‚R,γ–Ϊ•‚Q|‚P‚R|‚S,"1,640,000 ","1,500,000 ",9.3 ,89 ,,1,2.5,“X•ά“‹¤“―Z‘ξ,RC,5F,1B,’†’α‘w‚Μ¬”„“X•ά“™‚ª‚Ώ•ΐ‚Τ¤‹Ζ’nζ,‹ζ“Ή,“μ“,7.3,,,,ƒKƒX,…“Ή,‰Ί…“Ή,’†–Ϊ•,,190 ,¤‹Ζ,–h‰Ξ,80 ,400 ,,‚“x,,,,,,,,,
›,13110 ,6 ,–Ϊ•,5 ,5 ,‹ζ•”,‚»‚Μ‘Ό‹ζ,–Ϊ•‹ζ,—S“V›“ρ’–Ϊ‚P‚P‚R‚W”Τ‚P‚V,—S“V›‚Q|‚R|‚P‚P,"1,120,000 ","1,020,000 ",9.8 ,142 ,‘δ`,1,1.5,“X•ά“––±,RC,3F,,¬”„“X•άAωH“X•ά“™‚ª‚Ώ•ΐ‚Τ‰w‘O‚Μ¤‹Ζ’nζ,‹ζ“Ή,“μΌ,6.9,,,,ƒKƒX,…“Ή,‰Ί…“Ή,—S“V›,,130 ,‹ί¤,€–h,80 ,300 ,,‚“x,,,,,*,13110 ,5 ,4 ,"1,070,000 "
›,13110 ,6 ,–Ϊ•,5 ,6 ,‹ζ•”,‚»‚Μ‘Ό‹ζ,–Ϊ•‹ζ,‘ε‹΄“ρ’–Ϊ‚U‚U‚T”Τ‚S,‘ε‹΄‚Q|‚Q‚Q|‚W,"2,310,000 ","2,120,000 ",9.0 ,674 ,,1,2.5,“X•ά“––±,S,10F,1B,’†‚‘w“X•ά––±ƒrƒ‹‚ª‚Ώ•ΐ‚Τ‰w‘O‚Μ¤‹Ζ’nζ,‘“Ή,“μ“,40,,,,ƒKƒX,…“Ή,‰Ί…“Ή,’rK‘ε‹΄,,140 ,¤‹Ζ,–h‰Ξ,80 ,500 ,,‚“x,,,,,,,,,
›,13110 ,6 ,–Ϊ•,5 ,7 ,‹ζ•”,‚»‚Μ‘Ό‹ζ,–Ϊ•‹ζ,Β—t‘δκ’–Ϊ‚P‚U‚R”Τ‚P,Β—t‘δ‚P|‚P‚U|‚P‚O,"1,360,000 ","1,250,000 ",8.8 ,244 ,,1,2,“X•ά“––±,S,4F,,’†‘wƒ}ƒ“ƒVƒ‡ƒ“‚Ζ“X•άA––±“™‚ª¬έ‚·‚ι’nζ,‹ζ“Ή,“μΌ,5.5,,,,ƒKƒX,…“Ή,‰Ί…“Ή,’†–Ϊ•,,480 ,€H,€–h,60 ,200 ,,‚“x,,,,,,,,,
›,13111 ,6 ,‘ε“c,0 ,1 ,‹ζ•”,‚»‚Μ‘Ό‹ζ,‘ε“c‹ζ,–kη‘©κ’–Ϊ‚V‚X‚O”Τ‚P‚U,–kη‘©‚P|‚R‚X|‚V,"773,000 ","716,000 ",8.0 ,193 ,,1,2,Z‘ξ,LS,2F,,’†‹K–Νκ”ΚZ‘ξ‚ª‚Ώ•ΐ‚ΤΥΓ‚ΘZ‘ξ’nζ,‹ζ“Ή,–k,5.5,,,,ƒKƒX,…“Ή,‰Ί…“Ή,‘ε‰ªR,,350 ,‚P’ακ,€–h,50 ,100 ,,‚“x,,,,,,,,,
,13111 ,6 ,‘ε“c,0 ,2 ,‹ζ•”,‚»‚Μ‘Ό‹ζ,‘ε“c‹ζ,Ό—δ’¬‚P‚P‚O”Τ‚S‚X,Ό—δ’¬‚P‚Q|‚P,"544,000 ",,,139 ,,1,1.5,Z‘ξ,LS,2F,,κ”ΚZ‘ξA‹¤“―Z‘ξ“™‚ª¬έ‚·‚ιZ‘ξ’nζ,‹ζ“Ή,–kΌ,6.1,,,,ƒKƒX,…“Ή,‰Ί…“Ή,δ›ΤR,,680 ,‚P’ακ,€–h,50 ,100 ,,‚“x,,,,,,,,,
›,13111 ,6 ,‘ε“c,0 ,3 ,‹ζ•”,‚»‚Μ‘Ό‹ζ,‘ε“c‹ζ,‰ΊΫqκ’–Ϊ‚S‚R”Τ‚Q,‰ΊΫq‚P|‚X|‚Q‚P,"504,000 ","473,000 ",6.6 ,175 ,,1,2,Z‘ξ,W,2F,,κ”ΚZ‘ξAƒAƒp[ƒg“™‚ª¬έ‚·‚ιZ‘ξ’nζ,‹ζ“Ή,–kΌ,8.2,,,,ƒKƒX,…“Ή,‰Ί…“Ή,•‘ V“c,,410 ,‚PZ‹,€–h,60 ,200 ,,‚“x,,,,,,,,,
›,13111 ,6 ,‘ε“c,0 ,4 ,‹ζ•”,‚»‚Μ‘Ό‹ζ,‘ε“c‹ζ,γ’r‘δl’–Ϊ‚P‚V‚T”Τ‚S,γ’r‘δ‚S|‚Q‚T|‚S,"582,000 ","555,000 ",4.9 ,177 ,‘δ`,1,1.2,Z‘ξ,W,2F,1B,’†‹K–Ν‚Μκ”ΚZ‘ξ‚ª‘½‚Ά‚‘δ‚ΜZ‘ξ’nζ,‹ζ“Ή,–k,6.6,,,,ƒKƒX,…“Ή,‰Ί…“Ή,’·΄,,600 ,‚P’ακ,€–h,50 ,100 ,,‚“x,,,,,,,,,
›,13111 ,6 ,‘ε“c,0 ,5 ,‹ζ•”,‚»‚Μ‘Ό‹ζ,‘ε“c‹ζ,“c‰€’²•zl’–Ϊ‚Q‚V”Τ‚P,“c‰€’²•z‚S|‚Q‚V|‚W,"696,000 ","676,000 ",3.0 ,231 ,,1,2,Z‘ξ,W,2F,,’†‹K–ΝΘγ‚Μκ”ΚZ‘ξ‚ª‚Ώ•ΐ‚ΤΥΓ‚ΘZ‘ξ’nζ,‹ζ“Ή,“,5.4,,,,ƒKƒX,…“Ή,‰Ί…“Ή,“c‰€’²•z,,780 ,‚P’ακ,€–h,40 ,80 ,,‚“x,,,,,*,13111 ,0 ,30 ,"685,000 "
›,13111 ,6 ,‘ε“c,0 ,6 ,‹ζ•”,‚»‚Μ‘Ό‹ζ,‘ε“c‹ζ,—“cO’–Ϊ‚P‚T”Τ‚R,—“c‚R|‚R|‚P‚S,"527,000 ","495,000 ",6.5 ,132 ,,1.2,1,Z‘ξ,W,2F,,κ”ΚZ‘ξA‹¤“―Z‘ξ“™‚ª¬έ‚·‚ιZ‘ξ’nζ,‹ζ“Ή,“μ,4.2,,,,ƒKƒX,…“Ή,‰Ί…“Ή,—“c,,600 ,‚PZ‹,€–h,60 ,300 ,,‚“x,,,,,,,,,
›,13111 ,6 ,‘ε“c,0 ,7 ,‹ζ•”,‚»‚Μ‘Ό‹ζ,‘ε“c‹ζ,R‰¤κ’–Ϊ‚Q‚W‚T‚O”Τ‚T‚W,R‰¤‚P|‚R‚T|‚T,"685,000 ","641,000 ",6.9 ,134 ,‘δ`,1,2,Z‘ξ,W,2F,,’†‹K–ΝZ‘ξ‚ª‘½‚ΆΥΓ‚Θ‚‘δ‚ΜZ‘ξ’nζ,‹ζ“Ή,“μ“,4.5,,,,ƒKƒX,…“Ή,‰Ί…“Ή,‘εX,,870 ,‚P’ακ,€–h,60 ,150 ,,‚“x,,,,,,,,,
›,13111 ,6 ,‘ε“c,0 ,8 ,‹ζ•”,‚»‚Μ‘Ό‹ζ,‘ε“c‹ζ,Ό”n“ρ’–Ϊ‚R‚S”Τ‚VO,Ό”n‚Q|‚Q‚T|‚P‚R,"550,000 ","517,000 ",6.4 ,165 ,,1,1,Z‘ξ,W,2F,,’†‹K–Νκ”ΚZ‘ξAƒAƒp[ƒg‚ª¬έ‚·‚ιZ‘ξ’nζ,‹ζ“Ή,–k,6,,,,ƒKƒX,…“Ή,‰Ί…“Ή,Ό”n,,380 ,‚P’†κ,€–h,60 ,150 ,,‚“x,,,,,*,13111 ,0 ,18 ,"540,000 "
›,13111 ,6 ,‘ε“c,0 ,9 ,‹ζ•”,‚»‚Μ‘Ό‹ζ,‘ε“c‹ζ,“μ”nκ’–Ϊ‚V‚V‚O”Τ‚R,“μ”n‚P|‚S‚W|‚W,"540,000 ","507,000 ",6.5 ,161 ,,1,1,Z‘ξ,LS,2F,,κ”ΚZ‘ξA‹¤“―Z‘ξ“™‚ª‚Ώ•ΐ‚ΤZ‘ξ’nζ,‹ζ“Ή,“μ“,7,,,,ƒKƒX,…“Ή,‰Ί…“Ή,”n,,870 ,‚P’ακ,€–h,50 ,100 ,,‚“x,,,,,,,,,
›,13111 ,6 ,‘ε“c,0 ,10 ,‹ζ•”,‚»‚Μ‘Ό‹ζ,‘ε“c‹ζ,“c‰€’²•zά’–Ϊ‚T‚R”Τ‚P‚P,“c‰€’²•z‚T|‚T‚R|‚P‚T,"455,000 ","430,000 ",5.8 ,166 ,,1,1.5,Z‘ξ,W,2F,,κ”ΚZ‘ξA‹¤“―Z‘ξ“™‚ª¬έ‚·‚ιZ‘ξ’nζ,‹ζ“Ή,–kΌ,4.3,,,,ƒKƒX,…“Ή,‰Ί…“Ή,“c‰€’²•z,,"1,100 ",‚P’ακ,€–h,50 ,100 ,,‚“x,,,,,,,,,
›,13111 ,6 ,‘ε“c,0 ,11 ,‹ζ•”,‚»‚Μ‘Ό‹ζ,‘ε“c‹ζ,‹v‚ª΄l’–Ϊ‚U‚W‚X”Τ‚P‚O,‹v‚ª΄‚S|‚S‚Q|‚S,"610,000 ","573,000 ",6.5 ,173 ,,1,2,Z‘ξ,RC,2F,,’†‹K–Νκ”ΚZ‘ξ‚ª‘½‚Ά‹ζ‰ζ®‘R‚Ζ‚µ‚½Z‘ξ’nζ,‹ζ“Ή,–k,7,,,,ƒKƒX,…“Ή,‰Ί…“Ή,η’Ή’¬,,750 ,‚P’ακ,€–h,50 ,100 ,,‚“x,,,,,*,13111 ,0 ,2 ,"590,000 "
›,13111 ,6 ,‘ε“c,0 ,12 ,‹ζ•”,‚»‚Μ‘Ό‹ζ,‘ε“c‹ζ,“c‰€’²•zκ’–Ϊ‚P‚U”Τ‚V,“c‰€’²•z‚P|‚P‚U|‚P‚W,"643,000 ","600,000 ",7.2 ,129 ,,1,2,Z‘ξ,W,2F,,κ”ΚZ‘ξ‚ΙƒAƒp[ƒg‚ΰ©‚η‚κ‚ιZ‘ξ’nζ,‹ζ“Ή,–kΌ,5.5,,,,ƒKƒX,…“Ή,‰Ί…“Ή,‘½–€μ,,740 ,‚P’ακ,€–h,50 ,100 ,,‚“x,,,,,,,,,
›,13111 ,6 ,‘ε“c,0 ,13 ,‹ζ•”,‚»‚Μ‘Ό‹ζ,‘ε“c‹ζ,’rγ“ρ’–Ϊ‚Q‚R‚W”Τ‚PO,’rγ‚Q|‚P‚X|‚X,"520,000 ","486,000 ",7.0 ,190 ,,1,1.2,Z‘ξ,W,2F,,κ”ΚZ‘ξAƒAƒp[ƒg“™‚ª¬έ‚·‚ιZ‘ξ’nζ,‹ζ“Ή,–k“,5.5,,,,ƒKƒX,…“Ή,‰Ί…“Ή,’rγ,,700 ,‚PZ‹,€–h,60 ,200 ,,‚“x,,,,,,,,,
›,13111 ,6 ,‘ε“c,0 ,14 ,‹ζ•”,‚»‚Μ‘Ό‹ζ,‘ε“c‹ζ,‰H“cά’–Ϊ‚Q‚T”Τ‚P‚W,‰H“c‚T|‚Q‚T|‚P‚U,"457,000 ","428,000 ",6.8 ,85 ,,1,1.5,Z‘ξ,W,2F,,κ”ΚZ‘ξA¬‹K–Νμ‹Ζκ“™‚ª‘¶‚·‚ιZ‘ξ’nζ,‹ζ“Ή,–kΌ,5.4,,,,ƒKƒX,…“Ή,‰Ί…“Ή,ηξ‰Χ,,500 ,‚PZ‹,€–h,60 ,200 ,,‚“x,,,,,,,,,
›,13111 ,6 ,‘ε“c,0 ,15 ,‹ζ•”,‚»‚Μ‘Ό‹ζ,‘ε“c‹ζ,’‡Z‹½κ’–Ϊ‚P‚X”Τ‚W,’‡Z‹½‚P|‚R‚S|‚W,"463,000 ","433,000 ",6.9 ,165 ,,1,1.2,Z‘ξ,W,3F,,κ”ΚZ‘ξAƒAƒp[ƒg“™‚ª¬έ‚·‚ιω¬Z‘ξ’nζ,‹ζ“Ή,“μΌ,4.2,,,,ƒKƒX,…“Ή,‰Ί…“Ή,GF,,550 ,‚PZ‹,€–h,60 ,200 ,,‚“x,,,,,,,,,
›,13111 ,6 ,‘ε“c,0 ,16 ,‹ζ•”,‚»‚Μ‘Ό‹ζ,‘ε“c‹ζ,V—“c“ρ’–Ϊ‚P‚Q‚O”Τ‚R,V—“c‚Q|‚Q‚R|‚P‚T,"500,000 ","470,000 ",6.4 ,121 ,,1,2,Z‘ξ,LS,2F,,κ”ΚZ‘ξ‚Μ’†‚ΙƒAƒp[ƒg‚ª©‚η‚κ‚ιZ‘ξ’nζ,‹ζ“Ή,Ό,8,,,,ƒKƒX,…“Ή,‰Ί…“Ή,@ΐ,,700 ,‚PZ‹,€–h,60 ,200 ,,‚“x,,,,,*,13111 ,0 ,22 ,"485,000 "
›,13111 ,6 ,‘ε“c,0 ,17 ,‹ζ•”,‚»‚Μ‘Ό‹ζ,‘ε“c‹ζ,‘εX’†O’–Ϊ‚S‚W‚S”Τ‚Q,‘εX’†‚R|‚Q‚X|‚S,"482,000 ","449,000 ",7.3 ,122 ,,1,1.5,Z‘ξ,W,2F,,κ”ΚZ‘ξAƒAƒp[ƒg“™‚ª¬έ‚·‚ιZ‘ξ’nζ,‹ζ“Ή,“,5.4,,,,ƒKƒX,…“Ή,‰Ί…“Ή,”~‰®•~,,590 ,‚PZ‹,€–h,60 ,200 ,,‚“x,,,,,*,13111 ,0 ,26 ,"465,000 "
›,13111 ,6 ,‘ε“c,0 ,18 ,‹ζ•”,‚»‚Μ‘Ό‹ζ,‘ε“c‹ζ,‘½–€μ“ρ’–Ϊ‚U‚X‚S”Τ‚P‚O,‘½–€μ‚Q|‚P‚W|‚U,"439,000 ","414,000 ",6.0 ,196 ,,1,1,Hκ“Z‘ξ,S,3F,,‹¤“―Z‘ξA’†¬Hκ“™‚ª¬έ‚·‚ιZ‘ξ’nζ,‹ζ“Ή,“,10.2,,,,ƒKƒX,…“Ή,‰Ί…“Ή,–ξϋ“n,,650 ,€H,€–h,60 ,200 ,,‚“x,,,,,,,,,
›,13111 ,6 ,‘ε“c,0 ,19 ,‹ζ•”,‚»‚Μ‘Ό‹ζ,‘ε“c‹ζ,‘εX“ά’–Ϊ‚S‚X‚W‚S”Τ‚S,‘εX“‚T|‚R‚Q|‚S,"423,000 ","396,000 ",6.8 ,158 ,,1,1.5,Z‘ξ“Hκ,RC,3F,,κ”ΚZ‘ξAƒAƒp[ƒgAHκ“™‚ª¬έ‚·‚ιZ‘ξ’nζ,‹ζ“Ή,–kΌ,5.4,,,,ƒKƒX,…“Ή,‰Ί…“Ή,‘εX’¬,,"1,300 ",€H,€–h,60 ,200 ,,‚“x,,,,,,,,,
›,13111 ,6 ,‘ε“c,0 ,20 ,‹ζ•”,‚»‚Μ‘Ό‹ζ,‘ε“c‹ζ,ΌZ‹½“ρ’–Ϊ‚P‚U”Τ‚P‚R,ΌZ‹½‚Q|‚Q‚V|‚P‚T,"441,000 ","415,000 ",6.3 ,99 ,‘δ`,1,1.2,Z‘ξ,S,2F,1B,κ”ΚZ‘ξ‚Ι‹¤“―Z‘ξ‚ª¬έ‚·‚ιZ‘ξ’nζ,‹ζ“Ή,Ό,4,,,,ƒKƒX,…“Ή,‰Ί…“Ή,GF,,800 ,€H,€–h,60 ,200 ,,‚“x,,,,,,,,,
›,13111 ,6 ,‘ε“c,0 ,21 ,‹ζ•”,‚»‚Μ‘Ό‹ζ,‘ε“c‹ζ,‘εXΌµ’–Ϊ‚Q‚T‚U”Τ‚P‚PO,‘εXΌ‚V|‚Q|‚T,"456,000 ","427,000 ",6.8 ,180 ,,1,3,––±AρhΙ“‘qΙ,S,4F,,¬HκA––±A‹¤“―Z‘ξ“™‚ª¬έ‚·‚ι’nζ,‹ζ“Ή,–k,5.5,,,,ƒKƒX,…“Ή,‰Ί…“Ή,”~‰®•~,,800 ,€H,€–h,60 ,300 ,,‚“x,,,,,,,,,
›,13111 ,6 ,‘ε“c,0 ,22 ,‹ζ•”,‚»‚Μ‘Ό‹ζ,‘ε“c‹ζ,‘εX“μκ’–Ϊ‚P‚U‚S”Τ‚TO,‘εX“μ‚P|‚P‚X|‚P‚P,"421,000 ","394,000 ",6.9 ,100 ,,1,1,Z‘ξ,W,2F,,’†¬‹K–ΝZ‘ξA’†¬Hκ“™‚ª¬έ‚·‚ιZ‘ξ’nζ,‹ζ“Ή,“,5.5,,,,ƒKƒX,…“Ή,‰Ί…“Ή,‘ε’Ή‹,,"1,300 ",€H,€–h,60 ,200 ,,‚“x,,,,,,,,,
›,13111 ,6 ,‘ε“c,0 ,23 ,‹ζ•”,‚»‚Μ‘Ό‹ζ,‘ε“c‹ζ,”‹’†“ρ’–Ϊ‚P‚X‚V”Τ‚P‚T,”‹’†‚Q|‚P‚P|‚P‚P,"469,000 ","440,000 ",6.6 ,101 ,,1,2,Hκ“Z‘ξ,S,3F,,¬‹K–ΝZ‘ξ‚Μ‚Ω‚©‚Ι’†¬Hκ‚ΰ©‚η‚κ‚ιZ‘ξ’nζ,‹ζ“Ή,“,5.3,,,,ƒKƒX,…“Ή,‰Ί…“Ή,βο’J,,600 ,€H,€–h,60 ,200 ,,‚“x,,,,,,,,,
›,13111 ,6 ,‘ε“c,0 ,24 ,‹ζ•”,‚»‚Μ‘Ό‹ζ,‘ε“c‹ζ,“Z‹½O’–Ϊ‚P‚O‚W”Τ‚Q‚O,“Z‹½‚R|‚P‚S|‚T,"436,000 ","410,000 ",6.3 ,179 ,,1,1.2,Z‘ξ,W,2F,,κ”ΚZ‘ξA‹¤“―Z‘ξ“™‚ª‘¶‚·‚ιZ‘ξ’nζ,‹ζ“Ή,–k,5.5,,,,ƒKƒX,…“Ή,‰Ί…“Ή,Z‹½“yθ,,650 ,€H,€–h,60 ,200 ,,‚“x,,,,,,,,,
›,13111 ,6 ,‘ε“c,0 ,25 ,‹ζ•”,‚»‚Μ‘Ό‹ζ,‘ε“c‹ζ,‘εX“κ’–Ϊ‚Q‚V‚S”Τ‚P‚V,‘εX“‚P|‚P‚P|‚V,"502,000 ","470,000 ",6.8 ,69 ,,1,2,Z‘ξ,W,2F,,¬‹K–Νκ”ΚZ‘ξA‹¤“―Z‘ξ“™‚ª¬έ‚·‚ιZ‘ξ’nζ,‹ζ“Ή,“μ,11,,,,ƒKƒX,…“Ή,‰Ί…“Ή,•½a“‡,,480 ,€H,€–h,60 ,200 ,,‚“x,,,,,,,,,
›,13111 ,6 ,‘ε“c,5 ,1 ,‹ζ•”,‚»‚Μ‘Ό‹ζ,‘ε“c‹ζ,‰ΊΫqO’–Ϊ‚T‚P‚P”Τ‚T,‰ΊΫq‚R|‚W|‚P‚S,"740,000 ","698,000 ",6.0 ,172 ,,1,1.5,μ‹ΖA––±“Z‘ξ,S,4F,,¬”„“X•ά“™‚ª‚Ώ•ΐ‚Τ‰w‘O‚Μ¤‹Ζ’nζ,‹ζ“Ή,“μ“,6.3,,,,ƒKƒX,…“Ή,‰Ί…“Ή,‰ΊΫq,,100 ,‹ί¤,€–h,80 ,300 ,,‚“x,,,,,,,,,
›,13111 ,6 ,‘ε“c,5 ,2 ,‹ζ•”,‚»‚Μ‘Ό‹ζ,‘ε“c‹ζ,—“cl’–Ϊ‚Q‚Q”Τ‚P‚O,—“c‚S|‚Q‚Q|‚Q,"1,900,000 ","1,720,000 ",10.5 ,148 ,,1,1.2,––±,SRC,7F,,’†‚‘w‚Μ––±ƒrƒ‹“™‚ª‚Ώ•ΐ‚Τ¤‹Ζ’nζ,‹ζ“Ή,–kΌ,20,,,,ƒKƒX,…“Ή,‰Ί…“Ή,—“c,,400 ,¤‹Ζ,–h‰Ξ,80 ,700 ,,,,,,,,,,,
›,13111 ,6 ,‘ε“c,5 ,3 ,‹ζ•”,‚»‚Μ‘Ό‹ζ,‘ε“c‹ζ,R‰¤O’–Ϊ‚P‚S‚W‚V”Τ‚P‚V,R‰¤‚R|‚R‚O|‚W,"975,000 ","905,000 ",7.7 ,176 ,,1,3,“X•ά“‹¤“―Z‘ξ,S,4F,,’α‘w“X•άA“X•ά•t‹¤“―Z‘ξ“™‚ª‚Ώ•ΐ‚Τ¤‹Ζ’nζ,“s“Ή,“μ“,15,,‘¤“Ή,“μΌ,ƒKƒX,…“Ή,‰Ί…“Ή,‘εX,,400 ,¤‹Ζ,–h‰Ξ,80 ,400 ,,,,,,,,,,,
›,13111 ,6 ,‘ε“c,5 ,4 ,‹ζ•”,‚»‚Μ‘Ό‹ζ,‘ε“c‹ζ,γ’r‘δ“ρ’–Ϊ‚P‚P‚Q‚O”Τ‚S,γ’r‘δ‚Q|‚R‚V|‚Q,"680,000 ","635,000 ",7.1 ,228 ,,1,1,“X•ά“‹¤“―Z‘ξ,RC,5F,,“X•ά“‹¤“―Z‘ξA’α‘w“X•ά“™‚ª¬έ‚·‚ι¤‹Ζ’nζ,‹ζ“Ή,–k“,6.9,,,,ƒKƒX,…“Ή,‰Ί…“Ή,τ‘«’r,,200 ,‹ί¤,€–h,80 ,200 ,,‚“x,,,,,,,,,
›,13111 ,6 ,‘ε“c,5 ,5 ,‹ζ•”,‚»‚Μ‘Ό‹ζ,‘ε“c‹ζ,–kη‘©O’–Ϊ‚R‚X‚Q”Τ‚P,–kη‘©‚R|‚Q‚W|‚P‚R,"1,240,000 ","1,140,000 ",8.8 ,114 ,‘δ`,1,1,“X•ά,S,3F,,’†‘w“X•ά“––±ƒrƒ‹“™‚ª‚Ώ•ΐ‚Τ‰w‘O¤‹Ζ’nζ,‹ζ“Ή,–k,13,,‘¤“Ή,Ό,ƒKƒX,…“Ή,‰Ί…“Ή,‘ε‰ªR,‹ίΪ,,‹ί¤,–h‰Ξ,80 ,400 ,,,,,,,,,,,
›,13111 ,6 ,‘ε“c,5 ,6 ,‹ζ•”,‚»‚Μ‘Ό‹ζ,‘ε“c‹ζ,“μα’J“ρ’–Ϊ‚U‚O‚P”Τ‚P‚S,“μα’J‚Q|‚P‚X|‚P,"779,000 ","736,000 ",5.8 ,353 ,‘δ`,1,1.5,“X•ά“‹¤“―Z‘ξ,RC,4F,,’†‘w‚Μ“X•ά“‹¤“―Z‘ξ‚ª‚Ώ•ΐ‚ΤHό¤‹Ζ’nζ,“s“Ή,–kΌ,25,,,,ƒKƒX,…“Ή,‰Ί…“Ή,α‚ª’J‘ε’Λ,,330 ,‹ί¤,–h‰Ξ,80 ,300 ,,‚“x,,,,,,,,,
›,13111 ,6 ,‘ε“c,5 ,7 ,‹ζ•”,‚»‚Μ‘Ό‹ζ,‘ε“c‹ζ,‹v‚ª΄O’–Ϊ‚P‚O‚T‚Q”Τ‚P‚O,‹v‚ª΄‚R|‚R‚V|‚U,"774,000 ","730,000 ",6.0 ,254 ,,1,1.5,“X•άAΤΙ“‹¤“―Z‘ξ,RC,6F,,’†‘w‚Μ“X•ά“‹¤“―Z‘ξ‚ª‚Ώ•ΐ‚Τ‹ί—Χ¤‹Ζ’nζ,‹ζ“Ή,–k,9,,,,ƒKƒX,…“Ή,‰Ί…“Ή,‹v‚ª΄,,240 ,‹ί¤,€–h,80 ,300 ,,‚“x,,,,,*,13111 ,5 ,8 ,"750,000 "
›,13111 ,6 ,‘ε“c,5 ,8 ,‹ζ•”,‚»‚Μ‘Ό‹ζ,‘ε“c‹ζ,—“c–{’¬“ρ’–Ϊ‚S”Τ‚P‚R,—“c–{’¬‚Q|‚Q|‚Q,"960,000 ","890,000 ",7.9 ,246 ,,1,2,“X•άA––±“‹¤“―Z‘ξ,RC,7F,,’†‚‘w“X•ά“‹¤“―Z‘ξA––±“™‚Μ‘½‚Ά¤‹Ζ’nζ,“s“Ή,–k,30,,,,ƒKƒX,…“Ή,‰Ί…“Ή,—“c,,650 ,‹ί¤,–h‰Ξ,80 ,400 ,,‚“x,,,,,*,13111 ,5 ,22 ,"923,000 "
›,13111 ,6 ,‘ε“c,5 ,9 ,‹ζ•”,‚»‚Μ‘Ό‹ζ,‘ε“c‹ζ,‘εXΌZ’–Ϊ‚P‚T”Τ‚V,‘εXΌ‚U|‚P‚T|‚P‚W,"847,000 ","789,000 ",7.4 ,85 ,,1,3,“X•ά“––±,S,3F,,’†¬‹K–Ν‚Μ¬”„“X•ά“™‚ª‚Ώ•ΐ‚Τ‰w‘O‚Μ¤‹Ζ’nζ,‹ζ“Ή,“μ,6.7,,,,ƒKƒX,…“Ή,‰Ί…“Ή,”~‰®•~,,90 ,¤‹Ζ,–h‰Ξ,80 ,400 ,,‚“x,,,,,,,,,
›,13111 ,6 ,‘ε“c,5 ,10 ,‹ζ•”,‚»‚Μ‘Ό‹ζ,‘ε“c‹ζ,γ’r‘δκ’–Ϊ‚P‚O‚O‚U”Τ‚VO,γ’r‘δ‚P|‚R‚Q|‚R,"800,000 ","739,000 ",8.3 ,88 ,,1,2,“X•ά,S,2F,,’α‘w‚Μ¬”„“X•ά“™‚ª‚Ώ•ΐ‚Τ‰w‘O‚Μ¤‹Ζ’nζ,‹ζ“Ή,–k,5,,,,ƒKƒX,…“Ή,‰Ί…“Ή,’·΄,‹ίΪ,,‹ί¤,€–h,80 ,300 ,,‚“x,,,,,,,,,
›,13111 ,6 ,‘ε“c,5 ,11 ,‹ζ•”,‚»‚Μ‘Ό‹ζ,‘ε“c‹ζ,–ξϋκ’–Ϊ‚Q‚V‚Q”Τ‚SO,–ξϋ‚P|‚P‚T|‚P‚R,"729,000 ","679,000 ",7.4 ,99 ,,1.2,1,“X•ά“Z‘ξ,S,3F,,¬‹K–Ν¬”„“X•ά‚ª‚Ώ•ΐ‚Τ¤‹Ζ’nζ,‹ζ“Ή,Ό,4,,,,ƒKƒX,…“Ή,‰Ί…“Ή,•‘ V“c,,100 ,‹ί¤,€–h,80 ,300 ,,‚“x,,,,,,,,,
›,13111 ,6 ,‘ε“c,5 ,12 ,‹ζ•”,‚»‚Μ‘Ό‹ζ,‘ε“c‹ζ,–k”n“ρ’–Ϊ‚U‚X”Τ‚P‚X,–k”n‚Q|‚S‚W|‚P‚P,"707,000 ","670,000 ",5.5 ,153 ,‘δ`,1,2,“X•άA‘qΙ“‹¤“―Z‘ξ,S,3F,1B,’α‘w“X•ά“‹¤“―Z‘ξ“™‚ª‚Ώ•ΐ‚Τ‹ί—Χ¤‹Ζ’nζ,‹ζ“Ή,“μΌ,8,,,,ƒKƒX,…“Ή,‰Ί…“Ή,”n,,430 ,‹ί¤,€–h,80 ,200 ,,‚“x,,,,,,,,,
›,13111 ,6 ,‘ε“c,5 ,13 ,‹ζ•”,‚»‚Μ‘Ό‹ζ,‘ε“c‹ζ,Ό—“cµ’–Ϊ‚T‚P”Τ‚X,Ό—“c‚V|‚T‚P|‚P‚P,"980,000 ","910,000 ",7.7 ,117 ,,1,1.5,“X•ά“––±,S,3F,,¬”„“X•ά“™‚ª‘½‚ΆA‰w‘O’Κ‚θ‰‚Ά‚Μ¤‹Ζ’nζ,‹ζ“Ή,“μ,8,,,,ƒKƒX,…“Ή,‰Ί…“Ή,—“c,,430 ,¤‹Ζ,–h‰Ξ,80 ,500 ,,,,,,,*,13111 ,5 ,13 ,"942,000 "
›,13111 ,6 ,‘ε“c,5 ,14 ,‹ζ•”,‚»‚Μ‘Ό‹ζ,‘ε“c‹ζ,’rγZ’–Ϊ‚V‚R”Τ‚P‚OO,’rγ‚U|‚R|‚W,"1,170,000 ","1,090,000 ",7.3 ,134 ,,1.2,1,“X•ά“‹¤“―Z‘ξ,RC,5F,,¬”„“X•άAωH“X“™‚ª‚Ώ•ΐ‚Τ‰w‘O‚Μ¤‹Ζ’nζ,‹ζ“Ή,–k,7.3,,,,ƒKƒX,…“Ή,‰Ί…“Ή,’rγ,‹ίΪ,,¤‹Ζ,–h‰Ξ,80 ,500 ,,,,,,,,,,,
›,13111 ,6 ,‘ε“c,5 ,15 ,‹ζ•”,‚»‚Μ‘Ό‹ζ,‘ε“c‹ζ,‘εX“μ“ρ’–Ϊ‚R‚X‚P”Τ‚SO,‘εX“μ‚Q|‚V|‚Q,"439,000 ","422,000 ",4.0 ,74 ,,1,3.5,“X•ά“Z‘ξ,W,2F,,¬‹K–Ν“X•άA‹¤“―Z‘ξ“™‚ª¬έ‚·‚ι‹ί—Χ¤‹Ζ’nζ,‹ζ“Ή,–k,8,,,,ƒKƒX,…“Ή,‰Ί…“Ή,‘ε’Ή‹,,"1,600 ",‹ί¤,€–h,80 ,300 ,,‚“x,,,,,,,,,
›,13111 ,6 ,‘ε“c,5 ,16 ,‹ζ•”,‚»‚Μ‘Ό‹ζ,‘ε“c‹ζ,‘εXΌά’–Ϊ‚S”Τ‚S,‘εXΌ‚T|‚X|‚R,"685,000 ","638,000 ",7.4 ,171 ,,1,2,“X•άAZ‘ξ“‹¤“―Z‘ξ,S,3F,,¬”„“X•άAωH“X“™‚ª‚Ώ•ΐ‚Τ¤‹Ζ’nζ,‹ζ“Ή,–k,6.4,,,,ƒKƒX,…“Ή,‰Ί…“Ή,‘εX’¬,,200 ,‹ί¤,€–h,80 ,300 ,,‚“x,,,,,*,13111 ,5 ,7 ,"661,000 "
›,13111 ,6 ,‘ε“c,5 ,17 ,‹ζ•”,‚»‚Μ‘Ό‹ζ,‘ε“c‹ζ,“μ”nά’–Ϊ‚T‚X”Τ‚P‚R,“μ”n‚T|‚R‚O|‚U,"817,000 ","759,000 ",7.6 ,316 ,‘δ`,1,1.5,“X•άA––±“μ‹Ζκ“™,S,6F,1B,’†‘w“X•ά––±“‹¤“―Z‘ξ“™‚ª‚Ώ•ΐ‚Τ¤‹Ζ’nζ,‘“Ή,–kΌ,25,,,,ƒKƒX,…“Ή,‰Ί…“Ή,Ό”n,,70 ,€Z‹,–h‰Ξ,60 ,300 ,,‚“x,,,,,,,,,
›,13111 ,6 ,‘ε“c,9 ,1 ,‹ζ•”,‚»‚Μ‘Ό‹ζ,‘ε“c‹ζ,‹•l“‡“ρ’–Ϊ‚V”Τ‚Q‚V,‹•l“‡‚Q|‚V|‚P‚U,"380,000 ","332,000 ",14.5 ,"1,320 ",,1,2,μ‹Ζ“––±,S,2F,,’†¬‹K–ΝHκ‚ª‚Ώ•ΐ‚Τ—ΥCH‹Ζ’nζ,‹ζ“Ή,–kΌ,16,,,,ƒKƒX,…“Ή,‰Ί…“Ή,Ίa“‡,,"1,900 ",Hκ,€–h,60 ,200 ,,,,,,,,,,,
›,13111 ,6 ,‘ε“c,9 ,2 ,‹ζ•”,‚»‚Μ‘Ό‹ζ,‘ε“c‹ζ,•½a“‡O’–Ϊ‚P‚R”Τ‚R,•½a“‡‚R|‚P|‚P‚P,"568,000 ","530,000 ",7.2 ,826 ,,1,1,‘qΙ“––±,S,3F,,‘qΙA•¨—¬ƒZƒ“ƒ^[“™‚ª‚Ώ•ΐ‚Τ—¬’Κ‹Ζ–±’nζ,‹ζ“Ή,“,15,,,,,…“Ή,‰Ί…“Ή,—¬’ΚƒZƒ“ƒ^[,,540 ,€H,€–h,60 ,300 ,,,,,,,,,,,
›,13111 ,6 ,‘ε“c,9 ,3 ,‹ζ•”,‚»‚Μ‘Ό‹ζ,‘ε“c‹ζ,“C“ρ’–Ϊ‚V”Τ‚P,“C‚Q|‚P|‚Q,"778,000 ","748,000 ",4.0 ,"14,879 ",,1,2,‘qΙ“––±,SRC,8F,,‘ε‹K–Ν‚Θ‘qΙAsκA–‹Ζ“™‚ª¬έ‚·‚ι’nζ,‹ζ“Ή,Ό,30,,,,ƒKƒX,…“Ή,‰Ί…“Ή,—¬’ΚƒZƒ“ƒ^[,,500 ,¤‹Ζ,–h‰Ξ,80 ,400 ,,,,,,,*,13111 ,9 ,2 ,"762,000 "
›,13112 ,6 ,Ά“c’J,0 ,1 ,‹ζ•”,‚»‚Μ‘Ό‹ζ,Ά“c’J‹ζ,Τ’ηO’–Ϊ‚Q‚V‚P”Τ‚P‚S,Τ’η‚R|‚X|‚P‚P,"720,000 ","682,000 ",5.6 ,204 ,,1,2,Z‘ξ,W,3F,,’†‹K–Νκ”ΚZ‘ξ‚ª‘½‚­‹¤“―Z‘ξ‚ΰ‚ ‚ιZ‘ξ’nζ,‹ζ“Ή,–k,6,,,,ƒKƒX,…“Ή,‰Ί…“Ή,Ό΄,,320 ,‚P’ακ,€–h,50 ,100 ,,‚“x,,,,,*,13112 ,0 ,50 ,"700,000 "
›,13112 ,6 ,Ά“c’J,0 ,2 ,‹ζ•”,‚»‚Μ‘Ό‹ζ,Ά“c’J‹ζ,Ά“c’Jκ’–Ϊ‚Q‚O‚V”Τ‚T,Ά“c’J‚P|‚R‚U|‚P‚X,"675,000 ","642,000 ",5.1 ,196 ,,1,1.5,Z‘ξ,W,2F,,κ”ΚZ‘ξ‚Μ‚Ω‚©‚Ι‹¤“―Z‘ξ“™‚ΰ©‚η‚κ‚ιZ‘ξ’nζ,‹ζ“Ή,–k,3.6,,,,ƒKƒX,…“Ή,‰Ί…“Ή,Ά“c’J,,500 ,‚P’ακ,€–h,60 ,150 ,,‚“x,,,,,,,,,
›,13112 ,6 ,Ά“c’J,0 ,3 ,‹ζ•”,‚»‚Μ‘Ό‹ζ,Ά“c’J‹ζ,χV’¬κ’–Ϊ‚S‚P‚R”Τ‚T,χV’¬‚P|‚X|‚Q‚R,"810,000 ","760,000 ",6.6 ,139 ,‘δ`,1,2,Z‘ξ,W,2F,,’†¬‹K–Ν‚Μκ”ΚZ‘ξ‚ª‘½‚­‚Ώ•ΐ‚ΤZ‘ξ’nζ,‹ζ“Ή,“,4,,,,ƒKƒX,…“Ή,‰Ί…“Ή,χV’¬,,210 ,‚P’ακ,€–h,50 ,100 ,,‚“x,,,,,,,,,
›,13112 ,6 ,Ά“c’J,0 ,4 ,‹ζ•”,‚»‚Μ‘Ό‹ζ,Ά“c’J‹ζ,’†’¬κ’–Ϊ‚T‚T”Τ‚R‚R,’†’¬‚P|‚Q‚O|‚P‚V,"723,000 ","694,000 ",4.2 ,201 ,,1,1.2,Z‘ξ,W,2F,1B,’†‹K–Νκ”ΚZ‘ξ‚ª‘½‚ΆΥΓ‚ΘZ‘ξ’nζ,‹ζ“Ή,“μ“,6,,,,ƒKƒX,…“Ή,‰Ί…“Ή,“™X—Ν,,500 ,‚P’ακ,€–h,50 ,100 ,,‚“x,,,,,,,,,
›,13112 ,6 ,Ά“c’J,0 ,5 ,‹ζ•”,‚»‚Μ‘Ό‹ζ,Ά“c’J‹ζ,‹ξ‘ς“ρ’–Ϊ‚P‚O‚R‚R”Τ‚P‚P,‹ξ‘ς‚Q|‚Q‚T|‚P‚Q,"743,000 ","699,000 ",6.3 ,215 ,,1,1.5,Z‘ξ,LS,2F,,κ”ΚZ‘ξ‚Μ‚Ω‚©ƒ}ƒ“ƒVƒ‡ƒ““™‚ΰ©‚η‚κ‚ιZ‘ξ’nζ,‹ζ“Ή,“μΌ,5.4,,,,ƒKƒX,…“Ή,‰Ί…“Ή,‹ξ‘ς‘εw,,600 ,‚P’ακ,€–h,50 ,100 ,,‚“x,,,,,,,,,
›,13112 ,6 ,Ά“c’J,0 ,6 ,‹ζ•”,‚»‚Μ‘Ό‹ζ,Ά“c’J‹ζ,‘γ“cO’–Ϊ‚S‚Q‚P”Τ‚P‚S,‘γ“c‚R|‚T‚O|‚P‚X,"746,000 ","704,000 ",6.0 ,165 ,,1,2,Z‘ξ,W,2F,,’†‹K–Νκ”ΚZ‘ξ‚ª‘½‚Ά‹ζ‰ζ®‘R‚Ζ‚µ‚½Z‘ξ’nζ,‹ζ“Ή,“μ“,6,,,,ƒKƒX,…“Ή,‰Ί…“Ή,”~ƒ–‹u,,460 ,‚P’ακ,€–h,60 ,150 ,,‚“x,,,,,,,,,
›,13112 ,6 ,Ά“c’J,0 ,7 ,‹ζ•”,‚»‚Μ‘Ό‹ζ,Ά“c’J‹ζ,”~‹uκ’–Ϊ‚P‚S‚V‚S”Τ‚Q,”~‹u‚P|‚U‚O|‚P‚V,"760,000 ","716,000 ",6.1 ,169 ,,1,2,Z‘ξ,W,2F,,’†‹K–Νκ”ΚZ‘ξ‚π’†S‚Ζ‚·‚ιZ‘ξ’nζ,‹ζ“Ή,“,6,,,,ƒKƒX,…“Ή,‰Ί…“Ή,”~ƒ–‹u,,350 ,‚P’ακ,€–h,60 ,150 ,,‚“x,,,,,,,,,
›,13112 ,6 ,Ά“c’J,0 ,8 ,‹ζ•”,‚»‚Μ‘Ό‹ζ,Ά“c’J‹ζ,‹“Ώ›κ’–Ϊ‚P‚W‚W‚R”Τ‚X,‹“Ώ›‚P|‚T‚R|‚W,"721,000 ","675,000 ",6.8 ,142 ,,1,1.2,Z‘ξ,S,3F,,κ”ΚZ‘ξA‹¤“―Z‘ξ“™‚ª‚Ώ•ΐ‚ΤZ‘ξ’nζ,„“Ή,–k“,4.5,,,,ƒKƒX,…“Ή,‰Ί…“Ή,‹“Ώ›,,300 ,‚PZ‹,€–h,60 ,200 ,,‚“x,,,,,,,,,
›,13112 ,6 ,Ά“c’J,0 ,9 ,‹ζ•”,‚»‚Μ‘Ό‹ζ,Ά“c’J‹ζ,o“°κ’–Ϊ‚X‚O”Τ‚R,o“°‚P|‚T|‚P‚U,"745,000 ","699,000 ",6.6 ,162 ,,1,1,Z‘ξ,W,2F,,’†‹K–Νκ”ΚZ‘ξA‹¤“―Z‘ξ“™‚ª©‚η‚κ‚ιZ‘ξ’nζ,‹ζ“Ή,–k,5.4,,,,ƒKƒX,…“Ή,‰Ί…“Ή,o“°,,410 ,‚P’ακ,€–h,60 ,150 ,,‚“x,,,,,,,,,
›,13112 ,6 ,Ά“c’J,0 ,10 ,‹ζ•”,‚»‚Μ‘Ό‹ζ,Ά“c’J‹ζ,Τ’ηκ’–Ϊ‚Q‚R‚S”Τ‚Q‚U,Τ’η‚P|‚R‚O|‚P‚R,"770,000 ","725,000 ",6.2 ,148 ,,1,1.2,Z‘ξ,RC,2F,,’†‹K–Νκ”ΚZ‘ξ‚ª‘½‚ΆΥΓ‚ΘZ‘ξ’nζ,‹ζ“Ή,–k,5.5,,,,ƒKƒX,…“Ή,‰Ί…“Ή,o“°,,450 ,‚P’ακ,€–h,50 ,100 ,,‚“x,,,,,,,,,
›,13112 ,6 ,Ά“c’J,0 ,11 ,‹ζ•”,‚»‚Μ‘Ό‹ζ,Ά“c’J‹ζ,‘γ“c“ρ’–Ϊ‚U‚U‚W”Τ‚P‚U‚T,‘γ“c‚Q|‚Q‚R|‚P‚U,"852,000 ","798,000 ",6.8 ,144 ,,1,1.5,Z‘ξ,W,2F,,κ”ΚΛZ‘ξ“™‚ª‚Ώ•ΐ‚ΤZ‘ξ’nζ,‹ζ“Ή,“,5.4,,,,ƒKƒX,…“Ή,‰Ί…“Ή,Ά“c’J‘γ“c,,300 ,‚P’ακ,€–h,50 ,150 ,,‚“x,,,,,*,13112 ,0 ,23 ,"820,000 "
›,13112 ,6 ,Ά“c’J,0 ,12 ,‹ζ•”,‚»‚Μ‘Ό‹ζ,Ά“c’J‹ζ,–k‘ςά’–Ϊ‚W‚Q‚R”Τ‚P‚T,–k‘ς‚T|‚P‚S|‚P‚S,"750,000 ","702,000 ",6.8 ,124 ,,1,1.2,‹¤“―Z‘ξ,W,2F,,κ”ΚZ‘ξ‚Μ‚Ω‚©ƒAƒp[ƒg‚ª‚Ώ•ΐ‚ΤZ‘ξ’nζ,“ΉH,–k,3.6,,,,ƒKƒX,…“Ή,‰Ί…“Ή,ω’Λ,,460 ,‚P’ακ,€–h,60 ,150 ,,‚“x,,,,,,,,,
›,13112 ,6 ,Ά“c’J,0 ,13 ,‹ζ•”,‚»‚Μ‘Ό‹ζ,Ά“c’J‹ζ,Ό΄“ρ’–Ϊ‚V‚P‚S”Τ‚U,Ό΄‚Q|‚P‚S|‚P‚V,"713,000 ","671,000 ",6.3 ,151 ,,1,2,Z‘ξ,W,2F,,κ”ΚZ‘ξ“™‚ª‚Ώ•ΐ‚Τ‹ζ‰ζ®‘R‚Ζ‚µ‚½Z‘ξ’nζ,„“Ή,–k,3.6,,,,ƒKƒX,…“Ή,‰Ί…“Ή,–Ύ‘ε‘O,,550 ,‚P’ακ,€–h,60 ,150 ,,‚“x,,,,,,,,,
›,13112 ,6 ,Ά“c’J,0 ,14 ,‹ζ•”,‚»‚Μ‘Ό‹ζ,Ά“c’J‹ζ,‘D‹΄l’–Ϊ‚T‚R‚S”Τ‚P‚Q,‘D‹΄‚S|‚T|‚X,"561,000 ","539,000 ",4.1 ,256 ,,1,1.5,Z‘ξ,LS,2F,,κ”ΚZ‘ξAƒAƒp[ƒg“™‚ª©‚η‚κ‚ιZ‘ξ’nζ,‹ζ“Ή,Ό,3.6,,,,ƒKƒX,…“Ή,‰Ί…“Ή,ηΞ‘D‹΄,,"1,000 ",‚P’ακ,€–h,50 ,100 ,,‚“x,,,,,,,,,
›,13112 ,6 ,Ά“c’J,0 ,15 ,‹ζ•”,‚»‚Μ‘Ό‹ζ,Ά“c’J‹ζ,γ–k‘ςκ’–Ϊ‚W‚P‚P”Τ‚RO,γ–k‘ς‚P|‚R‚P|‚P‚P,"560,000 ","541,000 ",3.5 ,155 ,,1,1.5,Z‘ξ,W,2F,,κ”ΚZ‘ξAƒAƒp[ƒg‚ª‚Ώ•ΐ‚ΤZ‘ξ’nζ,‹ζ“Ή,Ό,6,,,,ƒKƒX,…“Ή,‰Ί…“Ή,γ–k‘ς,,700 ,‚P’†κ,€–h,60 ,200 ,,‚“x,,,,,,,,,
›,13112 ,6 ,Ά“c’J,0 ,16 ,‹ζ•”,‚»‚Μ‘Ό‹ζ,Ά“c’J‹ζ,”ª”¦RO’–Ϊ‚Q‚S‚Q”Τ‚P‚X,”ª”¦R‚R|‚Q‚X|‚W,"553,000 ","533,000 ",3.8 ,158 ,,1,1.5,Z‘ξ,W,2F,,κ”ΚZ‘ξ‚Μ‚Ω‚©‹¤“―Z‘ξ‚ΰ©‚η‚κ‚ιZ‘ξ’nζ,“ΉH,Ό,4,,,,ƒKƒX,…“Ή,‰Ί…“Ή,”ª”¦R,,300 ,‚P’ακ,€–h,50 ,100 ,,‚“x,,,,,,,,,
,13112 ,6 ,Ά“c’J,0 ,17 ,‹ζ•”,‚»‚Μ‘Ό‹ζ,Ά“c’J‹ζ,“™X—Νά’–Ϊ‚R‚R”Τ‚R,“™X—Ν‚T|‚P‚W|‚P‚Q,"819,000 ",,,345 ,,1,1.5,Z‘ξ,LS,2F,,’†‹K–Νκ”ΚZ‘ξ‚ª‘½‚Ά‹ζ‰ζ®‘R‚Ζ‚µ‚½Z‘ξ’nζ,‹ζ“Ή,–k,6.2,,,,ƒKƒX,…“Ή,‰Ί…“Ή,”φR‘δ,,290 ,‚P’ακ,€–h,50 ,100 ,,‚“x,,,,,,,,,
›,13112 ,6 ,Ά“c’J,0 ,18 ,‹ζ•”,‚»‚Μ‘Ό‹ζ,Ά“c’J‹ζ,‰Ί”nO’–Ϊ‚S‚T”Τ‚P‚T,‰Ί”n‚R|‚V|‚W,"755,000 ","719,000 ",5.0 ,231 ,,1,2,Z‘ξ,W,3F,,’†¬‹K–Νκ”ΚZ‘ξ‚ΙƒAƒp[ƒg‚ΰ©‚η‚κ‚ιZ‘ξ’nζ,‹ζ“Ή,–kΌ,6,,,,ƒKƒX,…“Ή,‰Ί…“Ή,w|‘εw,,"1,200 ",‚P’ακ,€–h,50 ,150 ,,‚“x,,,,,,,,,
›,13112 ,6 ,Ά“c’J,0 ,19 ,‹ζ•”,‚»‚Μ‘Ό‹ζ,Ά“c’J‹ζ,·ªά’–Ϊ‚U‚P‚U”Τ‚P‚X,·ª‚T|‚P‚X|‚W,"669,000 ","642,000 ",4.2 ,225 ,,1,2,Z‘ξ,RC,2F,,κ”ΚZ‘ξ‚Ζ‹¤“―Z‘ξ“™‚ª‚Ώ•ΐ‚ΤZ‘ξ’nζ,‹ζ“Ή,“μ“,6,,,,ƒKƒX,…“Ή,‰Ί…“Ή,γ’¬,,900 ,‚P’ακ,€–h,60 ,150 ,,‚“x,,,,,*,13112 ,0 ,25 ,"654,000 "
›,13112 ,6 ,Ά“c’J,0 ,20 ,‹ζ•”,‚»‚Μ‘Ό‹ζ,Ά“c’J‹ζ,‰ª–{O’–Ϊ‚S‚O‚W”Τ‚S,‰ª–{‚R|‚V|‚Q,"510,000 ","496,000 ",2.8 ,245 ,,1.2,1,Z‘ξ,RC,2F,,’†‹K–Νκ”ΚZ‘ξ‚Μ’†‚Ι‹σ’n“™‚ª©‚η‚κ‚ιZ‘ξ’nζ,‹ζ“Ή,“μ,6,,,,ƒKƒX,…“Ή,‰Ί…“Ή,—p‰κ,,"1,800 ",‚P’ακ,€–h,50 ,100 ,,‚“x,,,,,,,,,
›,13112 ,6 ,Ά“c’J,0 ,21 ,‹ζ•”,‚»‚Μ‘Ό‹ζ,Ά“c’J‹ζ,’rKO’–Ϊ‚Q‚R‚T”Τ‚V,’rK‚R|‚P‚V|‚P‚R,"865,000 ","807,000 ",7.2 ,104 ,,1,2.5,Z‘ξ,LS,2F,,κ”ΚZ‘ξA‹¤“―Z‘ξ‚ª‚Ώ•ΐ‚ΤZ‘ξ’nζ,‹ζ“Ή,“,5.6,,,,ƒKƒX,…“Ή,‰Ί…“Ή,’rK‘ε‹΄,,490 ,‚PZ‹,€–h,60 ,200 ,,‚“x,,,,,,,,,
›,13112 ,6 ,Ά“c’J,0 ,22 ,‹ζ•”,‚»‚Μ‘Ό‹ζ,Ά“c’J‹ζ,£“cl’–Ϊ‚R‚R‚S”Τ‚P‚VO,£“c‚S|‚R‚T|‚X,"714,000 ","677,000 ",5.5 ,165 ,,1,1,Z‘ξ,W,2F,1B,’†‹K–Νκ”ΚZ‘ξ‚ª‘½‚ΆΥΓ‚ΘZ‘ξ’nζ,‹ζ“Ή,Ό,6,,,,ƒKƒX,…“Ή,‰Ί…“Ή,—p‰κ,,"1,100 ",‚P’ακ,€–h,50 ,100 ,,‚“x,,,,,*,13112 ,0 ,20 ,"695,000 "
›,13112 ,6 ,Ά“c’J,0 ,23 ,‹ζ•”,‚»‚Μ‘Ό‹ζ,Ά“c’J‹ζ,[‘ς“ρ’–Ϊ‚S‚S”Τ‚Q‚OO,[‘ς‚Q|‚P‚S|‚P‚Q,"703,000 ","667,000 ",5.4 ,223 ,,1.2,1,Z‘ξ,W,2F,,’†‹K–Ν‚Μκ”ΚZ‘ξ‚ª‘½‚ΆΥΓ‚ΘZ‘ξ’nζ,‹ζ“Ή,Ό,6,,,,ƒKƒX,…“Ή,‰Ί…“Ή,‹ξ‘ς‘εw,,"1,900 ",‚P’ακ,€–h,50 ,100 ,,‚“x,,,,,,,,,
›,13112 ,6 ,Ά“c’J,0 ,24 ,‹ζ•”,‚»‚Μ‘Ό‹ζ,Ά“c’J‹ζ,“‹Κμ“ρ’–Ϊ‚P‚T‚W”Τ‚S‚U,“‹Κμ‚Q|‚Q‚W|‚P‚R,"693,000 ","660,000 ",5.0 ,152 ,,1,2,Z‘ξ,W,2F,,κ”ΚZ‘ξ“™‚ª‚Ώ•ΐ‚ΤΥΓ‚ΘZ‘ξ’nζ,‹ζ“Ή,–kΌ,5.4,,,,ƒKƒX,…“Ή,‰Ί…“Ή,“c‰€’²•z,,730 ,‚P’ακ,€–h,50 ,100 ,,‚“x,,,,,,,,,
›,13112 ,6 ,Ά“c’J,0 ,25 ,‹ζ•”,‚»‚Μ‘Ό‹ζ,Ά“c’J‹ζ,‘Ύq“°O’–Ϊ‚R‚S”Τ‚P‚O,‘Ύq“°‚R|‚Q|‚P‚U,"841,000 ","783,000 ",7.4 ,88 ,,1,2,Z‘ξ,W,3F,,’†¬‹K–Ν‚ΜZ‘ξ‚ª‚Ώ•ΐ‚ΤZ‘ξ’nζ,‹ζ“Ή,“,3.8,,,,ƒKƒX,…“Ή,‰Ί…“Ή,O¬’ƒ‰®,,730 ,‚P’†κ,€–h,60 ,200 ,,‚“x,,,,,,,,,
›,13112 ,6 ,Ά“c’J,0 ,26 ,‹ζ•”,‚»‚Μ‘Ό‹ζ,Ά“c’J‹ζ,‰ª–{“ρ’–Ϊ‚U‚P‚V”Τ‚S,‰ª–{‚Q|‚R|‚P‚X,"590,000 ","556,000 ",6.1 ,171 ,,1,1,Z‘ξ,LS,2F,,κ”ΚZ‘ξ‚Μ‚Ω‚©‚Ι‹¤“―Z‘ξ“™‚ΰ©‚η‚κ‚ιZ‘ξ’nζ,‹ζ“Ή,–k,5.3,,,,ƒKƒX,…“Ή,‰Ί…“Ή,“ρq‹Κμ,,"1,300 ",‚P’ακ,€–h,50 ,100 ,,‚“x,,,,,,,,,
›,13112 ,6 ,Ά“c’J,0 ,27 ,‹ζ•”,‚»‚Μ‘Ό‹ζ,Ά“c’J‹ζ,‹Κμ‘δ“ρ’–Ϊ‚S‚U‚X”Τ‚U,‹Κμ‘δ‚Q|‚W|‚X,"788,000 ","737,000 ",6.9 ,99 ,,1,1.5,Z‘ξ,W,3F,,’†¬‹K–Νκ”ΚZ‘ξA‹¤“―Z‘ξ‚ª‚Ώ•ΐ‚ΤZ‘ξ’nζ,‹ζ“Ή,–kΌ,6,,,,ƒKƒX,…“Ή,‰Ί…“Ή,—p‰κ,,500 ,‚Q’ακ,€–h,60 ,150 ,,‚“x,,,,,,,,,
›,13112 ,6 ,Ά“c’J,0 ,28 ,‹ζ•”,‚»‚Μ‘Ό‹ζ,Ά“c’J‹ζ,γ—p‰κl’–Ϊ‚P‚U‚U”Τ‚U,γ—p‰κ‚S|‚Q|‚V,"720,000 ","677,000 ",6.4 ,99 ,,1,1.5,Z‘ξ,W,2F,1B,’†¬‹K–Ν‚Μκ”ΚZ‘ξ‚ª‘½‚ΆZ‘ξ’nζ,‹ζ“Ή,Ό,6,,,,ƒKƒX,…“Ή,‰Ί…“Ή,—p‰κ,,"1,000 ",‚P’ακ,€–h,50 ,100 ,,‚“x,,,,,,,,,
›,13112 ,6 ,Ά“c’J,0 ,29 ,‹ζ•”,‚»‚Μ‘Ό‹ζ,Ά“c’J‹ζ,[‘ςµ’–Ϊ‚R‚P”Τ‚R‚S,[‘ς‚V|‚P‚T|‚X,"726,000 ","692,000 ",4.9 ,161 ,,1,1.5,Z‘ξ,W,2F,,’†‹K–Νκ”ΚZ‘ξ‚ª‘½‚ΆΥΓ‚ΘZ‘ξ’nζ,‹ζ“Ή,“μΌ,6,,,,ƒKƒX,…“Ή,‰Ί…“Ή,χV’¬,,"1,400 ",‚P’ακ,€–h,50 ,100 ,,‚“x,,,,,,,,,
›,13112 ,6 ,Ά“c’J,0 ,30 ,‹ζ•”,‚»‚Μ‘Ό‹ζ,Ά“c’J‹ζ,¬ι‹γ’–Ϊ‚X‚P‚R”Τ‚W,¬ι‚X|‚X|‚W,"520,000 ","491,000 ",5.9 ,125 ,,1,2.5,Z‘ξ,W,2F,,’†¬‹K–Ν‚ΜΛZ‘ξ‚Μ‘½‚Ά•W€Z‘ξ’nζ,‹ζ“Ή,Ό,4,,,,ƒKƒX,…“Ή,‰Ί…“Ή,¬ιw‰€‘O,,"1,400 ",‚P’ακ,€–h,50 ,100 ,,‚“x,,,,,,,,,
›,13112 ,6 ,Ά“c’J,0 ,31 ,‹ζ•”,‚»‚Μ‘Ό‹ζ,Ά“c’J‹ζ,‹ξ‘ςl’–Ϊ‚W‚O”Τ‚P‚T,‹ξ‘ς‚S|‚Q‚V|‚P‚T,"758,000 ","711,000 ",6.6 ,174 ,,1,2,Z‘ξ,W,2F,,’†¬‹K–Ν‚Μκ”ΚZ‘ξ‚ª‘½‚ΆZ‘ξ’nζ,‹ζ“Ή,“,5.3,,,,ƒKƒX,…“Ή,‰Ί…“Ή,χV’¬,,"1,000 ",‚P’ακ,€–h,50 ,100 ,,‚“x,,,,,,,,,
›,13112 ,6 ,Ά“c’J,0 ,32 ,‹ζ•”,‚»‚Μ‘Ό‹ζ,Ά“c’J‹ζ,‹mO’–Ϊ‚P‚X‚V”Τ‚R‚W,‹m‚R|‚R‚R|‚R‚U,"596,000 ","566,000 ",5.3 ,102 ,,1,1.2,Z‘ξ,W,2F,,’α‘wκ”ΚZ‘ξ‚Μ‚Ώ•ΐ‚ΤZ‘ξ’nζ,‹ζ“Ή,“,4.4,,,,ƒKƒX,…“Ή,‰Ί…“Ή,‘ctƒ–’J‘ε‘ ,,780 ,‚P’ακ,€–h,50 ,100 ,,‚“x,,,,,,,,,
›,13112 ,6 ,Ά“c’J,0 ,33 ,‹ζ•”,‚»‚Μ‘Ό‹ζ,Ά“c’J‹ζ,γ‘ct’Jl’–Ϊ‚P‚Q‚P‚O”Τ‚P‚OO,γ‘ct’J‚S|‚P‚V|‚T,"455,000 ","436,000 ",4.4 ,173 ,,1,1.5,Z‘ξ,W,3F,,’†‹K–Ν‚Μκ”ΚZ‘ξ‚ª‘½‚ΆZ‘ξ’nζ,‹ζ“Ή,“μΌ,4,,,,ƒKƒX,…“Ή,‰Ί…“Ή,εμ,,"1,400 ",‚P’ακ,€–h,50 ,100 ,,‚“x,,,,,,,,,
›,13112 ,6 ,Ά“c’J,0 ,34 ,‹ζ•”,‚»‚Μ‘Ό‹ζ,Ά“c’J‹ζ,ηΞ‘δ“ρ’–Ϊ‚W‚T‚S”Τ‚U,ηΞ‘δ‚Q|‚S‚Q|‚T,"456,000 ","436,000 ",4.6 ,231 ,,1,1.2,Z‘ξ,LS,2F,,κ”ΚZ‘ξ‚Μ’†‚ΙƒAƒp[ƒg‚ΰ©‚η‚κ‚ιZ‘ξ’nζ,‹ζ“Ή,Ό,4,,,,ƒKƒX,…“Ή,‰Ί…“Ή,‘ctƒ–’J‘ε‘ ,,"1,300 ",‚P’ακ,€–h,50 ,100 ,,‚“x,,,,,,,,,
›,13112 ,6 ,Ά“c’J,0 ,35 ,‹ζ•”,‚»‚Μ‘Ό‹ζ,Ά“c’J‹ζ,‰Ί”nκ’–Ϊ‚P‚Q‚T”Τ‚R,‰Ί”n‚P|‚Q‚S|‚U,"806,000 ","750,000 ",7.5 ,109 ,‘δ`,1,1.2,Z‘ξ,LS,2F,,κ”ΚZ‘ξAƒAƒp[ƒg“™‚ª‚Ώ•ΐ‚ΤZ‘ξ’nζ,‹ζ“Ή,–kΌ,5.8,,,,ƒKƒX,…“Ή,‰Ί…“Ή,—S“V›,,950 ,‚P’†κ,€–h,60 ,200 ,,‚“x,,,,,,,,,
›,13112 ,6 ,Ά“c’J,0 ,36 ,‹ζ•”,‚»‚Μ‘Ό‹ζ,Ά“c’J‹ζ,‘ct’Jκ’–Ϊ‚P‚R‚W”Τ‚P‚R,‘ct’J‚P|‚S|‚W,"664,000 ","627,000 ",5.9 ,114 ,,1,1.5,Z‘ξ,W,3F,,κ”ΚZ‘ξ‚ΖƒAƒp[ƒg“™‚ª‚Ώ•ΐ‚ΤZ‘ξ’nζ,‹ζ“Ή,–k,4,,,,ƒKƒX,…“Ή,‰Ί…“Ή,‘ctƒ–’J‘ε‘ ,,270 ,‚P’ακ,€–h,60 ,150 ,,‚“x,,,,,*,13112 ,0 ,22 ,"643,000 "
›,13112 ,6 ,Ά“c’J,0 ,37 ,‹ζ•”,‚»‚Μ‘Ό‹ζ,Ά“c’J‹ζ,‹‹“cl’–Ϊ‚P‚V‚V”Τ‚Q,‹‹“c‚S|‚R|‚W,"436,000 ","418,000 ",4.3 ,157 ,,1,1,Z‘ξ,W,2F,,’†¬‹K–Νκ”ΚZ‘ξ‚ΖƒAƒp[ƒg‚ª‚Ώ•ΐ‚ΤZ‘ξ’nζ,‹ζ“Ή,“μΌ,4,,,,ƒKƒX,…“Ή,‰Ί…“Ή,ηΞ‰GR,,"1,000 ",‚P’ακ,€–h,50 ,100 ,,‚“x,,,,,,,,,
›,13112 ,6 ,Ά“c’J,0 ,38 ,‹ζ•”,‚»‚Μ‘Ό‹ζ,Ά“c’J‹ζ,–k‰GRκ’–Ϊ‚X‚Q‚O”Τ‚U,–k‰GR‚P|‚R‚V|‚R,"510,000 ","482,000 ",5.8 ,213 ,,1,1.2,Z‘ξ,W,2F,,’†‹K–Ν‚Μκ”ΚZ‘ξ‚ª‘½‚ΆZ‘ξ’nζ,‹ζ“Ή,“μ“,4,,,,ƒKƒX,…“Ή,‰Ί…“Ή,°‰Τφ‰€,,700 ,‚P’ακ,€–h,50 ,100 ,,‚“x,,,,,,,,,
›,13112 ,6 ,Ά“c’J,0 ,39 ,‹ζ•”,‚»‚Μ‘Ό‹ζ,Ά“c’J‹ζ,”ª”¦R“ρ’–Ϊ‚R‚X”Τ‚P‚OO,”ª”¦R‚Q|‚P‚S|‚P‚O,"490,000 ","475,000 ",3.2 ,125 ,,2,1,Z‘ξ,W,2F,,’†¬‹K–Ν‚Μκ”ΚZ‘ξ‚ª‘½‚ΆZ‘ξ’nζ,‹ζ“Ή,Ό,4,,,,ƒKƒX,…“Ή,‰Ί…“Ή,”ª”¦R,,"1,200 ",‚P’ακ,€–h,50 ,100 ,,‚“x,,,,,,,,,
›,13112 ,6 ,Ά“c’J,0 ,40 ,‹ζ•”,‚»‚Μ‘Ό‹ζ,Ά“c’J‹ζ,‹‹“cά’–Ϊ‚R‚X”Τ‚Q,‹‹“c‚T|‚P‚O|‚P‚O,"382,000 ","367,000 ",4.1 ,115 ,,1,1.5,Z‘ξ,W,2F,,’†¬‹K–Νκ”ΚZ‘ξ‚Ζ‹¤“―Z‘ξ‚ª‚Ώ•ΐ‚ΤZ‘ξ’nζ,‹ζ“Ή,“,6,,,,ƒKƒX,…“Ή,‰Ί…“Ή,εμ,,"1,400 ",‚P’ακ,€–h,50 ,100 ,,‚“x,,,,,,,,,
›,13112 ,6 ,Ά“c’J,0 ,41 ,‹ζ•”,‚»‚Μ‘Ό‹ζ,Ά“c’J‹ζ,μ‘½©l’–Ϊ‚S‚P‚T‚V”Τ‚U,μ‘½©‚S|‚R|‚P‚R,"321,000 ","310,000 ",3.5 ,129 ,,1,1,Z‘ξ,W,2F,,κ”ΚZ‘ξ‚Μ‘½‚Ά’†‚Ι”_’n‚ΰ©‚η‚κ‚ιZ‘ξ’nζ,‹ζ“Ή,“μ,5,,,,ƒKƒX,…“Ή,‰Ί…“Ή,μ‘½©,,"1,700 ",‚P’ακ,€–h,50 ,100 ,,‚“x,,,,,*,13112 ,0 ,19 ,"317,000 "
›,13112 ,6 ,Ά“c’J,0 ,42 ,‹ζ•”,‚»‚Μ‘Ό‹ζ,Ά“c’J‹ζ,”φR‘δκ’–Ϊ‚P‚U”Τ‚PO,”φR‘δ‚P|‚P‚V|‚S,"670,000 ","647,000 ",3.6 ,217 ,,1,1.5,Z‘ξ,LS,2F,,’†‹K–Ν‚Μκ”ΚZ‘ξ‚ª‘½‚ΆZ‘ξ’nζ,‹ζ“Ή,“μΌ,6.2,,,,ƒKƒX,…“Ή,‰Ί…“Ή,‹γ•i•§,,760 ,‚P’ακ,,40 ,80 ,,‚“x,,,,,,,,,
›,13112 ,6 ,Ά“c’J,0 ,43 ,‹ζ•”,‚»‚Μ‘Ό‹ζ,Ά“c’J‹ζ,¬ι“ρ’–Ϊ‚P‚P‚U”Τ‚Q,¬ι‚Q|‚Q‚Q|‚P‚P,"850,000 ","810,000 ",4.9 ,186 ,,1,2,Z‘ξ,W,2F,,’†‹K–Ν’φ“x‚ΜZ‘ξ‚ª‘½‚Ά€—D—ΗZ‘ξ’nζ,‹ζ“Ή,–k,6.3,,,,ƒKƒX,…“Ή,‰Ί…“Ή,¬ιw‰€‘O,,240 ,‚P’ακ,,40 ,80 ,,‚“x,,,,,,,,,
›,13112 ,6 ,Ά“c’J,0 ,44 ,‹ζ•”,‚»‚Μ‘Ό‹ζ,Ά“c’J‹ζ,£“cO’–Ϊ‚V‚V‚U”Τ‚S,£“c‚R|‚R|‚P‚P,"723,000 ","678,000 ",6.6 ,190 ,,1,1,‹¤“―Z‘ξ,LS,2F,,κ”ΚZ‘ξ‚Ζ‹¤“―Z‘ξ“™‚ª‚Ώ•ΐ‚ΤZ‘ξ’nζ,‹ζ“Ή,–k“,6,,,,ƒKƒX,…“Ή,‰Ί…“Ή,—p‰κ,,930 ,‚PZ‹,€–h,60 ,200 ,,‚“x,,,,,,,,,
›,13112 ,6 ,Ά“c’J,0 ,45 ,‹ζ•”,‚»‚Μ‘Ό‹ζ,Ά“c’J‹ζ,χV’¬“ρ’–Ϊ‚T‚Q‚P”Τ‚P,χV’¬‚Q|‚P‚S|‚W,"997,000 ","926,000 ",7.7 ,"1,876 ",,1,1,‹¤“―Z‘ξ,RC,8F,,’†‚‘wƒ}ƒ“ƒVƒ‡ƒ“A–‹Ζ“™‚ª©‚η‚κ‚ιZ‘ξ’nζ,‹ζ“Ή,Ό,6,,‘¤“Ή,“μ,ƒKƒX,…“Ή,‰Ί…“Ή,χV’¬,,430 ,€H,€–h,60 ,200 ,,‚“x,,,,,*,13112 ,0 ,13 ,"950,000 "
›,13112 ,6 ,Ά“c’J,5 ,1 ,‹ζ•”,‚»‚Μ‘Ό‹ζ,Ά“c’J‹ζ,O¬’ƒ‰®“ρ’–Ϊ‚P‚V‚U”Τ‚P‚Q,,"2,300,000 ","2,120,000 ",8.5 ,140 ,,1,1.5,’z’†,,,,“X•ά––±ƒrƒ‹Aƒ}ƒ“ƒVƒ‡ƒ“‚ª‚Ώ•ΐ‚Τ¤‹Ζ’nζ,“s“Ή,–k,18,,”w–Κ“Ή,,ƒKƒX,…“Ή,‰Ί…“Ή,O¬’ƒ‰®,,390 ,¤‹Ζ,–h‰Ξ,80 ,600 ,,,,,,,,,,,
›,13112 ,6 ,Ά“c’J,5 ,2 ,‹ζ•”,‚»‚Μ‘Ό‹ζ,Ά“c’J‹ζ,‘γ“cά’–Ϊ‚W‚W‚S”Τ‚P“ΰ,‘γ“c‚T|‚Q‚X|‚V,"886,000 ","823,000 ",7.7 ,202 ,,1,1.5,––±“‹¤“―Z‘ξ,RC,3F,,¬”„“X•άA‹¤“―Z‘ξ“™‚ª¬έ‚·‚ιHό¤‹Ζ’nζ,“s“Ή,Ό,25,,,,ƒKƒX,…“Ή,‰Ί…“Ή,V‘γ“c,‹ίΪ,,‹ί¤,–h‰Ξ,80 ,300 ,,‚“x,,,,,,,,,
›,13112 ,6 ,Ά“c’J,5 ,3 ,‹ζ•”,‚»‚Μ‘Ό‹ζ,Ά“c’J‹ζ,‹Κμ“ρ’–Ϊ‚P‚T‚P‚U”Τ‚P,‹Κμ‚Q|‚Q‚S|‚U,"2,970,000 ","2,750,000 ",8.0 ,406 ,,1,3,“X•άA––±“‹¤“―Z‘ξ,SRC,9F,,’†‚‘w‚Μ“X•άA––±ƒrƒ‹‚ª‚Ώ•ΐ‚Τ¤‹Ζ’nζ,‘“Ή,Ό,26,,,,ƒKƒX,…“Ή,‰Ί…“Ή,“ρq‹Κμ,,180 ,¤‹Ζ,–h‰Ξ,80 ,500 ,,,,,,,,,,,
›,13112 ,6 ,Ά“c’J,5 ,4 ,‹ζ•”,‚»‚Μ‘Ό‹ζ,Ά“c’J‹ζ,χO’–Ϊ‚S‚O‚X”Τ‚P‚TO,χ‚R|‚V|‚P‚R,"754,000 ","717,000 ",5.2 ,89 ,,1.2,1,“X•ά“‹¤“―Z‘ξ,S,4F,,“X•άA‹¤“―Z‘ξ“™‚ª‚Ώ•ΐ‚ΤHό¤‹Ζ’nζ,“s“Ή,–k,15,,,,ƒKƒX,…“Ή,‰Ί…“Ή,γ’¬,,950 ,‹ί¤,–h‰Ξ,80 ,300 ,,‚“x,,,,,,,,,
›,13112 ,6 ,Ά“c’J,5 ,5 ,‹ζ•”,‚»‚Μ‘Ό‹ζ,Ά“c’J‹ζ,‰‘ς”ª’–Ϊ‚Q‚R‚U”Τ‚P‚O,‰‘ς‚W|‚R‚Q|‚P‚Q,"945,000 ","886,000 ",6.7 ,146 ,,1,1.5,“X•ά“‹¤“―Z‘ξ,RC,3F,1B,¬”„“X•άA“X•ά“‹¤“―Z‘ξ“™‚ª‚Ώ•ΐ‚Τ¤‹Ζ’nζ,‹ζ“Ή,“,8,,,,ƒKƒX,…“Ή,‰Ί…“Ή,‹γ•i•§,,90 ,‹ί¤,€–h,80 ,300 ,,‚“x,,,,,,,,,
›,13112 ,6 ,Ά“c’J,5 ,6 ,‹ζ•”,‚»‚Μ‘Ό‹ζ,Ά“c’J‹ζ,”~‹uκ’–Ϊ‚P‚S‚U‚Q”Τ‚P‚T,”~‹u‚P|‚Q‚P|‚S,"940,000 ","882,000 ",6.6 ,110 ,,1,3,“X•ά“Z‘ξ,S,3F,,ωH“XA¬”„“X•ά“™‚ª‚Ώ•ΐ‚Τ‰w‘O‚Μ¤‹Ζ’nζ,‹ζ“Ή,Ό,6,,,,ƒKƒX,…“Ή,‰Ί…“Ή,”~ƒ–‹u,,70 ,‹ί¤,€–h,80 ,300 ,,‚“x,,,,,,,,,
›,13112 ,6 ,Ά“c’J,5 ,7 ,‹ζ•”,‚»‚Μ‘Ό‹ζ,Ά“c’J‹ζ,‘ct’Jκ’–Ϊ‚P‚R‚P”Τ‚P‚T,‘ct’J‚P|‚P‚P|‚P‚P,"907,000 ","850,000 ",6.7 ,98 ,,1,3.5,“X•ά“‹¤“―Z‘ξ,RC,3F,,’†’α‘w‚Μ¬”„“X•άAωH“X“™‚ª‚Ώ•ΐ‚Τ¤‹Ζ’nζ,‹ζ“Ή,Ό,5.4,,,,ƒKƒX,…“Ή,‰Ί…“Ή,‘ctƒ–’J‘ε‘ ,,280 ,‹ί¤,€–h,80 ,300 ,,‚“x,,,,,,,,,
›,13112 ,6 ,Ά“c’J,5 ,8 ,‹ζ•”,‚»‚Μ‘Ό‹ζ,Ά“c’J‹ζ,–k‘ς“ρ’–Ϊ‚Q‚X‚S”Τ‚P,–k‘ς‚Q|‚S|‚P‚O,"2,140,000 ","1,980,000 ",8.1 ,370 ,,1,1.2,“X•ά“Z‘ξ,S,4F,,“X•άA––±‚ª‚Ώ•ΐ‚Τ¤‹Ζ’nζ,‹ζ“Ή,“,11,,,,ƒKƒX,…“Ή,‰Ί…“Ή,‰Ί–k‘ς,,210 ,¤‹Ζ,–h‰Ξ,80 ,500 ,,,,,,,,,,,
›,13112 ,6 ,Ά“c’J,5 ,9 ,‹ζ•”,‚»‚Μ‘Ό‹ζ,Ά“c’J‹ζ,‹“Ώ›κ’–Ϊ‚Q‚O‚R‚Q”Τ‚W,‹“Ώ›‚P|‚Q‚Q|‚T,"828,000 ","805,000 ",2.9 ,115 ,,1,3,“X•άA––±“Z‘ξ,SRC,3F,1B,’†’α‘w‚Μ¬”„“X•ά‚Μ‚Ώ•ΐ‚Τ‰w‘O‚Μ¤‹Ζ’nζ,“s“Ή,Ό,4.2,,,,ƒKƒX,…“Ή,‰Ί…“Ή,‹“Ώ›,,90 ,‹ί¤,€–h,80 ,300 ,,‚“x,,,,,*,13112 ,5 ,16 ,"818,000 "
›,13112 ,6 ,Ά“c’J,5 ,10 ,‹ζ•”,‚»‚Μ‘Ό‹ζ,Ά“c’J‹ζ,“™X—Ν“ρ’–Ϊ‚P‚V”Τ‚U,“™X—Ν‚Q|‚P‚X|‚P‚T,"1,100,000 ","1,030,000 ",6.8 ,63 ,,1,3,“X•ά“Z‘ξ,S,3F,,¬”„“X•ά‚ª‚Ώ•ΐ‚Τ‰w‘O‚Μ¤‹Ζ’nζ,‹ζ“Ή,“μ“,11,,,,ƒKƒX,…“Ή,‰Ί…“Ή,”φR‘δ,‹ίΪ,,‹ί¤,€–h,80 ,300 ,,‚“x,,,,,*,13112 ,5 ,8 ,"1,080,000 "
›,13112 ,6 ,Ά“c’J,5 ,11 ,‹ζ•”,‚»‚Μ‘Ό‹ζ,Ά“c’J‹ζ,Ά“c’JO’–Ϊ‚W‚Q‚R”Τ‚T,Ά“c’J‚R|‚P|‚U,"862,000 ","818,000 ",5.4 ,335 ,,1,1.5,“X•άA––±“‹¤“―Z‘ξ,RC,5F,1B,’†’α‘w‚Μ“X•ά“‹¤“―Z‘ξ“™‚ª‚Ώ•ΐ‚Τ¤‹Ζ’nζ,“s“Ή,“μ,18,,,,ƒKƒX,…“Ή,‰Ί…“Ή,Ά“c’J,,220 ,‹ί¤,–h‰Ξ,80 ,300 ,,‚“x,,,,,,,,,
›,13112 ,6 ,Ά“c’J,5 ,12 ,‹ζ•”,‚»‚Μ‘Ό‹ζ,Ά“c’J‹ζ,¬ι“ρ’–Ϊ‚P‚R‚W”Τ‚R,¬ι‚Q|‚R‚T|‚P‚Q,"1,180,000 ","1,100,000 ",7.3 ,106 ,,1,3,“X•ά,RC,3F,,’†’α‘w‚Μ“ϊ—p•i¬”„“X•ά‚ª‚Ώ•ΐ‚Τ‰w‘O¤‹Ζ’nζ,‹ζ“Ή,–k,8,,,,ƒKƒX,…“Ή,‰Ί…“Ή,¬ιw‰€‘O,,100 ,‹ί¤,€–h,80 ,300 ,,‚“x,,,,,,,,,
›,13112 ,6 ,Ά“c’J,5 ,13 ,‹ζ•”,‚»‚Μ‘Ό‹ζ,Ά“c’J‹ζ,γ–k‘ςl’–Ϊ‚P‚O‚V‚V”Τ‚RO,γ–k‘ς‚S|‚Q‚X|‚Q‚T,"750,000 ","704,000 ",6.5 ,351 ,•s®`,1,1.2,––±“‹¤“―Z‘ξ,S,6F,,“X•άA––±A‹¤“―Z‘ξ‚ª¬έ‚·‚ιHό¤‹Ζ’nζ,‘“Ή,–k,27,,,,ƒKƒX,…“Ή,‰Ί…“Ή,”ª”¦R,,470 ,‹ί¤,–h‰Ξ,80 ,300 ,,‚“x,,,,,,,,,
›,13112 ,6 ,Ά“c’J,5 ,14 ,‹ζ•”,‚»‚Μ‘Ό‹ζ,Ά“c’J‹ζ,Τ’ηl’–Ϊ‚T‚R‚Q”Τ‚S,Τ’η‚S|‚S‚W|‚T,"976,000 ","915,000 ",6.7 ,99 ,,1,3,“X•ά“Z‘ξ,S,4F,,¬”„“X•άAωH“X‚ª‚Ώ•ΐ‚Τ¤‹Ζ’nζ,‹ζ“Ή,“μ“,5.5,,,,ƒKƒX,…“Ή,‰Ί…“Ή,‰Ί‚δΛ,,100 ,‹ί¤,€–h,80 ,300 ,,‚“x,,,,,,,,,
›,13112 ,6 ,Ά“c’J,5 ,15 ,‹ζ•”,‚»‚Μ‘Ό‹ζ,Ά“c’J‹ζ,–μ‘ςl’–Ϊ‚Q‚T‚T”Τ‚Q‚V,–μ‘ς‚S|‚P‚V|‚V,"917,000 ","857,000 ",7.0 ,220 ,,1,1.2,“X•ά“‹¤“―Z‘ξ,SRC,7F,1B,“X•άA‹¤“―Z‘ξ“™‚ª¬έ‚·‚ιHό¤‹Ζ’nζ,“s“Ή,–k“,25,,‘¤“Ή,–kΌ,ƒKƒX,…“Ή,‰Ί…“Ή,‹ξ‘ς‘εw,,550 ,‹ί¤,–h‰Ξ,80 ,300 ,,‚“x,,,,,,,,,
›,13112 ,6 ,Ά“c’J,5 ,16 ,‹ζ•”,‚»‚Μ‘Ό‹ζ,Ά“c’J‹ζ,“μ‰GRZ’–Ϊ‚V‚V‚U”Τ‚R,“μ‰GR‚U|‚V|‚P‚T,"891,000 ","837,000 ",6.5 ,101 ,‘δ`,1,2,“X•ά,SRC,3F,,ωHA¬”„“X•άA‹¤“―Z‘ξ“™‚ª‚Ώ•ΐ‚Τ¤‹Ζ’nζ,‹ζ“Ή,–k“,4,,,,ƒKƒX,…“Ή,‰Ί…“Ή,ηΞ‰GR,,180 ,‹ί¤,€–h,80 ,300 ,,‚“x,,,,,,,,,
›,13113 ,6 ,a’J,0 ,1 ,‹ζ•”,“sS‚T‹ζ,a’J‹ζ,_‹{‘OO’–Ϊ‚P‚R”Τ‚P‚R,_‹{‘O‚R|‚P‚R|‚P‚R,"2,040,000 ","1,760,000 ",15.9 ,172 ,,1,1.5,Z‘ξ,S,3F,,’†‹K–Νκ”ΚZ‘ξ‚β‹¤“―Z‘ξ“™‚ª©‚η‚κ‚ιZ‘ξ’nζ,‹ζ“Ή,“μΌ,5.2,,,,ƒKƒX,…“Ή,‰Ί…“Ή,•\Q“Ή,,590 ,‚P’†κ,€–h,60 ,200 ,,‚“x,,,,,,,,,
›,13113 ,6 ,a’J,0 ,2 ,‹ζ•”,“sS‚T‹ζ,a’J‹ζ,η‘ΚƒP’Jκ’–Ϊ‚Q‚U”Τ‚U,η‘Κƒ–’J‚P|‚Q‚U|‚P‚P,"1,480,000 ","1,360,000 ",8.8 ,181 ,,1,2,Z‘ξ,LS,3F,,κ”ΚZ‘ξAƒ}ƒ“ƒVƒ‡ƒ““™‚ª¬έ‚·‚ιZ‘ξ’nζ,‹ζ“Ή,–k“,4.5,,,,ƒKƒX,…“Ή,‰Ί…“Ή,η‘ΚƒP’J,,290 ,‚QZ‹,€–h,60 ,300 ,,‚“x,,,,,*,13113 ,0 ,2 ,"1,440,000 "
›,13113 ,6 ,a’J,0 ,3 ,‹ζ•”,“sS‚T‹ζ,a’J‹ζ,‰y’¬‚P‚W”Τ‚Q‚X,‰y’¬‚P‚T|‚R,"1,730,000 ","1,530,000 ",13.1 ,251 ,,1,1.5,Z‘ξ,W,2F,,κ”ΚZ‘ξA‹¤“―Z‘ξ‚ª‚Ώ•ΐ‚ΤΥΓ‚ΘZ‘ξ’nζ,„“Ή,“μ“,6.4,,,,ƒKƒX,…“Ή,‰Ί…“Ή,‘γ―R,,480 ,‚Q’ακ,€–h,60 ,200 ,,‚“x,,,,,,,,,
›,13113 ,6 ,a’J,0 ,4 ,‹ζ•”,“sS‚T‹ζ,a’J‹ζ,‘γX–ΨO’–Ϊ‚U”Τ‚T,‘γX–Ψ‚R|‚U|‚S,"1,260,000 ","1,160,000 ",8.6 ,235 ,,1,1.5,Z‘ξ,W,3F,,κ”ΚZ‘ξAƒAƒp[ƒg“™‚ª¬έ‚·‚ιZ‘ξ’nζ,‹ζ“Ή,–k,4.1,,,,ƒKƒX,…“Ή,‰Ί…“Ή,“μVh,,500 ,‚Q’†κ,€–h,60 ,300 ,,‚“x,,,,,,,,,
›,13113 ,6 ,a’J,0 ,5 ,‹ζ•”,“sS‚T‹ζ,a’J‹ζ,–{’¬κ’–Ϊ‚X”Τ‚P‚R,–{’¬‚P|‚X|‚P‚Q,"824,000 ","748,000 ",10.2 ,144 ,,1,1.5,Z‘ξ“‹¤“―Z‘ξ,S,3F,,κ”ΚZ‘ξA‹¤“―Z‘ξ‚ª‚Ώ•ΐ‚ΤZ‘ξ’nζ,‹ζ“Ή,–kΌ,3.4,,,,ƒKƒX,…“Ή,‰Ί…“Ή,‰‘δ,,400 ,‚PZ‹,€–h,60 ,300 ,,‚“x,,,,,*,13113 ,0 ,7 ,"780,000 "
›,13113 ,6 ,a’J,0 ,6 ,‹ζ•”,“sS‚T‹ζ,a’J‹ζ,‘εR’¬‚P‚O‚U‚V”Τ‚S‚PO,‘εR’¬‚R‚S|‚X,"1,340,000 ","1,230,000 ",8.9 ,534 ,,1,1.2,Z‘ξ“ΤΙ,W,2F,1B,’†‹K–ΝΘγ‚ΜZ‘ξ‚ª‘½‚Ά‹ζ‰ζ®‘R‚Ζ‚µ‚½Z‘ξ’nζ,‹ζ“Ή,“μ,7.2,,,,ƒKƒX,…“Ή,‰Ί…“Ή,‘γX–Ψγ΄,,510 ,‚P’ακ,€–h,60 ,150 ,,‚“x,,,,,*,13113 ,0 ,6 ,"1,300,000 "
›,13113 ,6 ,a’J,0 ,7 ,‹ζ•”,“sS‚T‹ζ,a’J‹ζ,Ό΄O’–Ϊ‚S‚P”Τ‚P‚P,Ό΄‚R|‚S‚P|‚V,"1,260,000 ","1,160,000 ",8.6 ,417 ,,1,2,Z‘ξ,RC,2F,1B,’†‹K–Ν‚Μκ”ΚZ‘ξ‚ª‘½‚Ά‹ζ‰ζ®‘R‚Ζ‚µ‚½Z‘ξ’nζ,‹ζ“Ή,“μ,5.5,,,,ƒKƒX,…“Ή,‰Ί…“Ή,‘γX–Ψγ΄,,250 ,‚P’ακ,€–h,60 ,150 ,,‚“x,,,,,,,,,
›,13113 ,6 ,a’J,0 ,8 ,‹ζ•”,“sS‚T‹ζ,a’J‹ζ,•xƒP’Jκ’–Ϊ‚P‚S‚V‚T”Τ‚S,•xƒ–’J‚P|‚Q‚R|‚Q,"1,220,000 ","1,080,000 ",13.0 ,239 ,,1,2,Z‘ξ,LS,3F,,κ”ΚZ‘ξA‹¤“―Z‘ξ“™‚ª¬έ‚·‚ιZ‘ξ’nζ,‹ζ“Ή,–k“,6.3,,,,ƒKƒX,…“Ή,‰Ί…“Ή,‘γX–Ψφ‰€,,550 ,‚P’ακ,€–h,60 ,150 ,,‚“x,,,,,,,,,
›,13113 ,6 ,a’J,0 ,9 ,‹ζ•”,“sS‚T‹ζ,a’J‹ζ,b”δυ“μ“ρ’–Ϊ‚V”Τ‚P‚O,b”δυ“μ‚Q|‚V|‚U,"1,490,000 ","1,400,000 ",6.4 ,121 ,,1,1.2,Z‘ξ,W,3F,,κ”ΚZ‘ξAƒ}ƒ“ƒVƒ‡ƒ““™‚ª¬έ‚·‚ιZ‘ξ’nζ,‹ζ“Ή,–k“,6,,,,ƒKƒX,…“Ή,‰Ί…“Ή,b”δυ,,400 ,‚PZ‹,€–h,60 ,300 ,,‚“x,,,,,,,,,
›,13113 ,6 ,a’J,0 ,10 ,‹ζ•”,“sS‚T‹ζ,a’J‹ζ,“κ’–Ϊ‚Q‚U”Τ‚P,“‚P|‚T|‚P‚O,"1,300,000 ","1,200,000 ",8.3 ,189 ,,1,2,Z‘ξ,RC,2F,,κ”ΚZ‘ξA‹¤“―Z‘ξ“™‚ª¬έ‚·‚ιZ‘ξ’nζ,‹ζ“Ή,“μΌ,4.5,,,,ƒKƒX,…“Ή,‰Ί…“Ή,a’J,,810 ,‚Q’†κ,€–h,60 ,300 ,,‚“x,,,,,,,,,
›,13113 ,6 ,a’J,5 ,1 ,‹ζ•”,“sS‚T‹ζ,a’J‹ζ,L”φά’–Ϊ‚Q‚P”Τ‚Q,L”φ‚T|‚P‚U|‚P,"2,280,000 ","1,980,000 ",15.2 ,94 ,,1,1.5,“X•άA––±“‹¤“―Z‘ξ,RC,5F,,¬”„“XAωH“XA‹¤“―Z‘ξ“™‚ª¬έ‚·‚ι¤‹Ζ’nζ,‹ζ“Ή,–kΌ,11,,,,ƒKƒX,…“Ή,‰Ί…“Ή,L”φ,,180 ,¤‹Ζ,–h‰Ξ,80 ,400 ,,‚“x,,,,,,,,,
›,13113 ,6 ,a’J,5 ,2 ,‹ζ•”,“sS‚T‹ζ,a’J‹ζ,b”δυκ’–Ϊ‚P‚Q”Τ‚P‚R,b”δυ‚P|‚P‚P|‚Q,"4,850,000 ","4,400,000 ",10.2 ,192 ,,1,2,“X•άA––±“‹¤“―Z‘ξ,SRC,8F,,’†‚‘w‚Μ“X•άA––±ƒrƒ‹“™‚ª‚Ώ•ΐ‚Τ¤‹Ζ’nζ,“s“Ή,–k“,20,,,,ƒKƒX,…“Ή,‰Ί…“Ή,b”δυ,,110 ,¤‹Ζ,–h‰Ξ,80 ,500 ,,‚“x,,,,,*,13113 ,5 ,15 ,"4,600,000 "
›,13113 ,6 ,a’J,5 ,3 ,‹ζ•”,“sS‚T‹ζ,a’J‹ζ,_“μκ’–Ϊ‚P‚O”Τ‚QO,_“μ‚P|‚Q‚Q|‚W,"17,600,000 ","15,900,000 ",10.7 ,317 ,,1,1.5,“X•ά“––±,SRC,10F,,’†‚‘w‚Μ“X•άA––±ƒrƒ‹‚ª‚Ώ•ΐ‚Τ¤‹Ζ’nζ,‹ζ“Ή,Ό,24,,,,ƒKƒX,…“Ή,‰Ί…“Ή,a’J,,250 ,¤‹Ζ,–h‰Ξ,80 ,800 ,,,,,,,,,,,
›,13113 ,6 ,a’J,5 ,4 ,‹ζ•”,“sS‚T‹ζ,a’J‹ζ,“ΉΊβ“ρ’–Ϊ‚Q‚P‚R”Τ,“ΉΊβ‚Q|‚Q‚X|‚P‚X,"18,700,000 ","16,700,000 ",12.0 ,207 ,‘δ`,1,2,“X•ά“––±,RC,7F,1B,’†‚‘w‚Μ“X•άA––±ƒrƒ‹‚ª‚Ώ•ΐ‚Τ¤‹Ζ’nζ,‹ζ“Ή,–k“,20,,,,ƒKƒX,…“Ή,‰Ί…“Ή,a’J,,300 ,¤‹Ζ,–h‰Ξ,80 ,700 ,,,,,,,*,13113 ,5 ,12 ,"17,500,000 "
›,13113 ,6 ,a’J,5 ,5 ,‹ζ•”,“sS‚T‹ζ,a’J‹ζ,a’J“ρ’–Ϊ‚X”Τ‚R,a’J‚Q|‚X|‚X,"8,040,000 ","6,810,000 ",18.1 ,184 ,,1,2,“X•ά“––±,SRC,9F,1B,’†‚‘w‚Μ“X•άA––±ƒrƒ‹“™‚ª‚Ώ•ΐ‚Τ¤‹Ζ’nζ,‘“Ή,–kΌ,40,,”w–Κ“Ή,,ƒKƒX,…“Ή,‰Ί…“Ή,a’J,,600 ,¤‹Ζ,–h‰Ξ,80 ,700 ,,,,,,,*,13113 ,5 ,3 ,"7,240,000 "
›,13113 ,6 ,a’J,5 ,6 ,‹ζ•”,“sS‚T‹ζ,a’J‹ζ,“ΉΊβκ’–Ϊ‚Q‚X”Τ‚P‚S,“ΉΊβ‚P|‚P‚X|‚P‚Q,"6,720,000 ","5,720,000 ",17.5 ,119 ,,1,2,“X•άA––±“Z‘ξ,SRC,10F,,’†‚‘w‚Μ“X•άA––±ƒrƒ‹“™‚ª‚Ώ•ΐ‚Τ¤‹Ζ’nζ,‹ζ“Ή,–kΌ,22,,,,ƒKƒX,…“Ή,‰Ί…“Ή,a’J,,570 ,¤‹Ζ,–h‰Ξ,80 ,800 ,,,,,,,,,,,
›,13113 ,6 ,a’J,5 ,7 ,‹ζ•”,“sS‚T‹ζ,a’J‹ζ,a’JO’–Ϊ‚U”Τ‚P‚S,a’J‚R|‚U|‚Q,"7,350,000 ","6,510,000 ",12.9 ,171 ,,1,1.5,“X•ά“––±,SRC,9F,1B,‚‘w‚Μ“X•ά“––±ƒrƒ‹“™‚ª‚Ώ•ΐ‚Τ¤‹Ζ’nζ,‘“Ή,–k,50,,,,ƒKƒX,…“Ή,‰Ί…“Ή,a’J,,340 ,¤‹Ζ,–h‰Ξ,80 ,800 ,,,,,,,,,,,
›,13113 ,6 ,a’J,5 ,8 ,‹ζ•”,“sS‚T‹ζ,a’J‹ζ,η‘ΚƒP’Jά’–Ϊ‚R‚Q”Τ‚TO,η‘Κƒ–’J‚T|‚R‚Q|‚P‚O,"8,800,000 ","8,000,000 ",10.0 ,"1,275 ",,2,1,“X•άA––±“’“Τκ,SRC,8F,1B,’†‚‘w‚Μ“X•άA––±ƒrƒ‹“™‚ª‚Ώ•ΐ‚Τ¤‹Ζ’nζ,“s“Ή,Ό,22,,O•ϋH,,ƒKƒX,…“Ή,‰Ί…“Ή,Vh,,430 ,¤‹Ζ,–h‰Ξ,80 ,600 ,,,,,,,,,,,
›,13113 ,6 ,a’J,5 ,9 ,‹ζ•”,“sS‚T‹ζ,a’J‹ζ,”¦ƒP’J“ρ’–Ϊ‚P‚X”Τ‚Q‚W,”¦ƒ–’J‚Q|‚P‚X|‚S,"1,640,000 ","1,530,000 ",7.2 ,176 ,‘δ`,1,1.2,“X•ά“‹¤“―Z‘ξ,SRC,10F,,‚‘w‚Μ“X•ά“‹¤“―Z‘ξ‚ª‘½‚Ά¤‹Ζ’nζ,‘“Ή,“μ“,40,,‘¤“Ή,“μΌ,ƒKƒX,…“Ή,‰Ί…“Ή,”¦ƒ–’J,,250 ,¤‹Ζ,–h‰Ξ,80 ,500 ,,‚“x,,,,,,,,,
›,13113 ,6 ,a’J,5 ,10 ,‹ζ•”,“sS‚T‹ζ,a’J‹ζ,‰~R’¬‚W‚U”Τ‚QO,‰~R’¬‚Q‚Q|‚P‚U,"1,800,000 ","1,490,000 ",20.8 ,142 ,,1,1.5,“X•άAf—Γ“‹¤“―Z‘ξ,RC,5F,,’†‘w‚Μ“X•ά“ƒ}ƒ“ƒVƒ‡ƒ“‚ª‘½‚Ά¤‹Ζ’nζ,‹ζ“Ή,–kΌ,5.3,,,,ƒKƒX,…“Ή,‰Ί…“Ή,_ς,,100 ,¤‹Ζ,–h‰Ξ,80 ,500 ,,,,,,,,,,,
›,13113 ,6 ,a’J,5 ,11 ,‹ζ•”,“sS‚T‹ζ,a’J‹ζ,a’JO’–Ϊ‚Q‚O”Τ‚P‚X,a’J‚R|‚Q‚X|‚Q‚O,"6,700,000 ","5,700,000 ",17.5 ,"1,652 ",,1,1,––±,SRC,14F,1B,‘ε‹K–Ν‚Θ––±ƒrƒ‹“™‚ª‚Ώ•ΐ‚Τ¤‹Ζ’nζ,‹ζ“Ή,–k“,10,,,,ƒKƒX,…“Ή,‰Ί…“Ή,a’J,‹ίΪ,,¤‹Ζ,–h‰Ξ,80 ,600 ,,,,,,,,,,,
›,13113 ,6 ,a’J,5 ,12 ,‹ζ•”,“sS‚T‹ζ,a’J‹ζ,‰‘δκ’–Ϊ‚R‚W”Τ‚P‚OO,‰‘δ‚P|‚R‚W|‚P‚P,"1,660,000 ","1,510,000 ",9.9 ,115 ,‘δ`,1,2,“X•άA––±“Z‘ξ,RC,5F,1B,’†‘w“X•άƒrƒ‹“™‚ª‚Ώ•ΐ‚Τ‰w‘O‚Μ¤‹Ζ’nζ,‹ζ“Ή,“μΌ,9.7,,,,ƒKƒX,…“Ή,‰Ί…“Ή,‰‘δ,‹ίΪ,,‹ί¤,€–h,80 ,300 ,,‚“x,,,,,,,,,
›,13113 ,6 ,a’J,5 ,13 ,‹ζ•”,“sS‚T‹ζ,a’J‹ζ,Ό΄O’–Ϊ‚Q”Τ‚XO,Ό΄‚R|‚Q|‚T,"1,580,000 ","1,380,000 ",14.5 ,89 ,,1,3.5,“X•άAW‰ο“Z‘ξ,RC,4F,,’†‘w‚Μ¬”„“X•άAωH“X•ά“™‚ª‘½‚Ά‹ί—Χ¤‹Ζ’nζ,‹ζ“Ή,“μ,7.5,,”w–Κ“Ή,,ƒKƒX,…“Ή,‰Ί…“Ή,‘γX–Ψγ΄,,220 ,‹ί¤,€–h,80 ,300 ,,‚“x,,,,,,,,,
›,13113 ,6 ,a’J,5 ,14 ,‹ζ•”,“sS‚T‹ζ,a’J‹ζ,•xƒP’Jκ’–Ϊ‚P‚T‚T‚R”Τ‚XO,•xƒ–’J‚P|‚T‚P|‚S,"1,870,000 ","1,610,000 ",16.1 ,92 ,,1,3,“X•άA––±“Z‘ξ,S,5F,,’†‚‘w“X•άA––±ƒrƒ‹“™‚ª‘½‚Ά‰w‘O‚Μ¤‹Ζ’nζ,‹ζ“Ή,–k“,12.8,,,,ƒKƒX,…“Ή,‰Ί…“Ή,‘γX–Ψφ‰€,,80 ,‹ί¤,–h‰Ξ,80 ,400 ,,‚“x,,,,,,,,,
›,13113 ,6 ,a’J,5 ,15 ,‹ζ•”,“sS‚T‹ζ,a’J‹ζ,‘γX–Ψκ’–Ϊ‚S‚S”Τ‚P,‘γX–Ψ‚P|‚S‚S|‚P‚Q,"1,970,000 ","1,700,000 ",15.9 ,91 ,‘δ`,1.2,1,“X•ά“––±,RC,5F,,’†‘w‚Μ––±ƒrƒ‹“™‚ª‚Ώ•ΐ‚Τ¤‹Ζ’nζ,‹ζ“Ή,“μ,15,,,,ƒKƒX,…“Ή,‰Ί…“Ή,‘γX–Ψ,,320 ,‹ί¤,–h‰Ξ,80 ,400 ,,‚“x,,,,,,,,,
›,13113 ,6 ,a’J,5 ,16 ,‹ζ•”,“sS‚T‹ζ,a’J‹ζ,_‹{‘OZ’–Ϊ‚P‚W”Τ‚P‚OO,_‹{‘O‚U|‚P‚W|‚P‚R,"9,430,000 ","8,570,000 ",10.0 ,254 ,‘δ`,1,1.2,“X•ά“––±,SRC,8F,,‚‘w“X•ά•t––±ƒrƒ‹“™‚ª‚Ώ•ΐ‚Τ¤‹Ζ’nζ,“s“Ή,–kΌ,30,,,,ƒKƒX,…“Ή,‰Ί…“Ή,–Ύ΅_‹{‘O,,400 ,¤‹Ζ,–h‰Ξ,80 ,500 ,,‚“x,,,,,,,,,
›,13113 ,6 ,a’J,5 ,17 ,‹ζ•”,“sS‚T‹ζ,a’J‹ζ,_‹{‘OZ’–Ϊ‚V”Τ‚P‚O,_‹{‘O‚U|‚V|‚R,"6,660,000 ","6,050,000 ",10.1 ,103 ,,1.2,1,“X•ά,S,3F,,ƒAƒpƒƒ‹ΦA‚Μ“X•ά“™‚ª‚Ώ•ΐ‚Τ¤‹Ζ’nζ,‹ζ“Ή,“μ“,8.4,,”w–Κ“Ή,,ƒKƒX,…“Ή,‰Ί…“Ή,–Ύ΅_‹{‘O,,300 ,‹ί¤,€–h,80 ,300 ,,‚“x,,,,,,,,,
›,13113 ,6 ,a’J,5 ,18 ,‹ζ•”,“sS‚T‹ζ,a’J‹ζ,‰F“cμ’¬‚W‚R”Τ‚SO,‰F“cμ’¬‚R‚P|‚P,"11,500,000 ","10,700,000 ",7.5 ,281 ,,1,1.2,“X•ά,S,10F,2B,’†‚‘w‚Μ“X•άA––±ƒrƒ‹“™‚ª‚Ώ•ΐ‚Τ¤‹Ζ’nζ,‹ζ“Ή,–k“,11.1,,‘¤“Ή,–kΌ,ƒKƒX,…“Ή,‰Ί…“Ή,a’J,,450 ,¤‹Ζ,–h‰Ξ,80 ,700 ,,,,,,,,,,,
›,13114 ,6 ,’†–μ,0 ,1 ,‹ζ•”,‚»‚Μ‘Ό‹ζ,’†–μ‹ζ,λ‹{O’–Ϊ‚P‚T‚R”Τ‚S,λ‹{‚R|‚Q‚W|‚T,"540,000 ","508,000 ",6.3 ,167 ,,1,2,Z‘ξ,W,2F,,’†¬‹K–Νκ”ΚZ‘ξ‚ΙƒAƒp[ƒg‚ΰ©‚η‚κ‚ιZ‘ξ’nζ,‹ζ“Ή,–kΌ,5.5,,,,ƒKƒX,…“Ή,‰Ί…“Ή,λƒm‹{,,320 ,‚P’ακ,€–h,50 ,150 ,,‚“x,,,,,*,13114 ,0 ,14 ,"523,000 "
›,13114 ,6 ,’†–μ,0 ,2 ,‹ζ•”,‚»‚Μ‘Ό‹ζ,’†–μ‹ζ,‘εa’¬κ’–Ϊ‚U‚V”Τ‚P‚T,‘εa’¬‚P|‚R‚U|‚P‚Q,"600,000 ","552,000 ",8.7 ,159 ,,1,2,Z‘ξ,LS,2F,,’†‹K–Νκ”ΚZ‘ξAƒAƒp[ƒg‚ª‘½‚ΆZ‘ξ’nζ,‹ζ“Ή,“,3.5,,,,ƒKƒX,…“Ή,‰Ί…“Ή,‚‰~›,,750 ,‚P’†κ,€–h,60 ,200 ,,‚“x,,,,,,,,,
›,13114 ,6 ,’†–μ,0 ,3 ,‹ζ•”,‚»‚Μ‘Ό‹ζ,’†–μ‹ζ,]΄’¬O’–Ϊ‚Q‚S”Τ‚W,]΄’¬‚R|‚Q‚S|‚Q,"573,000 ","538,000 ",6.5 ,217 ,,1,1.5,ρhΙ,W,2F,,’†‹K–Νκ”ΚZ‘ξ‚Ι‹¤“―Z‘ξ‚ΰ©‚η‚κ‚ιZ‘ξ’nζ,‹ζ“Ή,“μ,6,,,,ƒKƒX,…“Ή,‰Ί…“Ή,V]Γ“c,,300 ,‚P’ακ,€–h,60 ,150 ,,‚“x,,,,,,,,,
›,13114 ,6 ,’†–μ,0 ,4 ,‹ζ•”,‚»‚Μ‘Ό‹ζ,’†–μ‹ζ,γ‚“cl’–Ϊ‚R‚S”Τ‚R,γ‚“c‚S|‚R‚S|‚S,"579,000 ","543,000 ",6.6 ,101 ,,1,1.5,Z‘ξ,W,2F,,κ”ΚZ‘ξ‚Μ‚Ω‚©‹¤“―Z‘ξ“™‚ΰ©‚η‚κ‚ιZ‘ξ’nζ,‹ζ“Ή,Ό,5.5,,,,ƒKƒX,…“Ή,‰Ί…“Ή,Vδ–ςt‘O,,620 ,‚P’ακ,€–h,60 ,150 ,,‚“x,,,,,,,,,
›,13114 ,6 ,’†–μ,0 ,5 ,‹ζ•”,‚»‚Μ‘Ό‹ζ,’†–μ‹ζ,–{’¬Z’–Ϊ‚T‚W”Τ‚P‚U,–{’¬‚U|‚Q‚Q|‚T,"705,000 ","655,000 ",7.6 ,215 ,,1,1.5,Z‘ξ,W,2F,,’†‹K–Νκ”ΚZ‘ξAƒAƒp[ƒg“™‚ª‚Ώ•ΐ‚ΤZ‘ξ’nζ,‹ζ“Ή,Ό,5.3,,,,ƒKƒX,…“Ή,‰Ί…“Ή,V’†–μ,,450 ,‚P’†κ,€–h,60 ,200 ,,‚“x,,,,,,,,,
›,13114 ,6 ,’†–μ,0 ,6 ,‹ζ•”,‚»‚Μ‘Ό‹ζ,’†–μ‹ζ,“μ‘δO’–Ϊ‚S‚T”Τ‚V,“μ‘δ‚R|‚R‚V|‚V,"620,000 ","579,000 ",7.1 ,85 ,,1.5,1,Z‘ξ,W,3F,,¬‹K–Νκ”ΚZ‘ξAƒAƒp[ƒg“™‚ª‚Ώ•ΐ‚ΤZ‘ξ’nζ,‹ζ“Ή,“μ,3.6,,‘¤“Ή,“,ƒKƒX,…“Ή,‰Ί…“Ή,•ϋ“μ’¬,,700 ,‚P’†κ,€–h,60 ,200 ,,‚“x,,,,,,,,,
›,13114 ,6 ,’†–μ,0 ,7 ,‹ζ•”,‚»‚Μ‘Ό‹ζ,’†–μ‹ζ,’†‰›“ρ’–Ϊ‚S‚Q”Τ‚T,’†‰›‚Q|‚S‚T|‚S,"674,000 ","627,000 ",7.5 ,80 ,,1,1.5,Z‘ξ,W,3F,,ΛZ‘ξ‚ª‘½‚­©‚η‚κ‚ιZ‘ξ’nζ,‹ζ“Ή,–kΌ,4,,,,ƒKƒX,…“Ή,‰Ί…“Ή,’†–μβγ,,480 ,‚P’†κ,€–h,60 ,200 ,,‚“x,,,,,*,13114 ,0 ,3 ,"651,000 "
›,13114 ,6 ,’†–μ,0 ,8 ,‹ζ•”,‚»‚Μ‘Ό‹ζ,’†–μ‹ζ,’†‰›κ’–Ϊ‚R‚P”Τ‚Q‚W,’†‰›‚P|‚R‚O|‚Q‚R,"872,000 ","821,000 ",6.2 ,241 ,,1,2,Z‘ξ,W,2F,,κ”ΚZ‘ξAƒ}ƒ“ƒVƒ‡ƒ““™‚ª‚Ώ•ΐ‚ΤZ‘ξ’nζ,‹ζ“Ή,“,5.5,,,,ƒKƒX,…“Ή,‰Ί…“Ή,’†–μβγ,,360 ,‚P’†κ,€–h,60 ,200 ,,‚“x,,,,,,,,,
›,13114 ,6 ,’†–μ,0 ,9 ,‹ζ•”,‚»‚Μ‘Ό‹ζ,’†–μ‹ζ,“’†–μl’–Ϊ‚S‚V”Τ‚P‚X,“’†–μ‚S|‚P‚Q|‚P‚W,"800,000 ","736,000 ",8.7 ,161 ,,1,1.5,Z‘ξ,LS,2F,,κ”ΚZ‘ξ‚Μ‚Ω‚©ƒ}ƒ“ƒVƒ‡ƒ““™‚ΰ©‚η‚κ‚ιZ‘ξ’nζ,„“Ή,“μ“,4,,,,ƒKƒX,…“Ή,‰Ί…“Ή,“’†–μ,,350 ,‚P’†κ,€–h,60 ,200 ,,‚“x,,,,,,,,,
›,13114 ,6 ,’†–μ,0 ,10 ,‹ζ•”,‚»‚Μ‘Ό‹ζ,’†–μ‹ζ,ΐ‘ά“ρ’–Ϊ‚Q‚O‚O”Τ‚Q‚P,ΐ‘ά‚Q|‚Q‚R|‚P‚P,"539,000 ","507,000 ",6.3 ,132 ,,1,2,Z‘ξ,W,2F,,κ”ΚZ‘ξ‚Μ‚Ω‚©ƒAƒp[ƒg‚ΰ©‚η‚κ‚ιZ‘ξ’nζ,‹ζ“Ή,–k“,5.2,,,,ƒKƒX,…“Ή,‰Ί…“Ή,ΐ‘ά,,550 ,‚P’ακ,€–h,60 ,150 ,,‚“x,,,,,,,,,
›,13114 ,6 ,’†–μ,0 ,11 ,‹ζ•”,‚»‚Μ‘Ό‹ζ,’†–μ‹ζ,Vδ“ρ’–Ϊ‚S‚W”Τ‚Q‚V,Vδ‚Q|‚W|‚P‚O,"814,000 ","743,000 ",9.6 ,170 ,,1,1.5,‹¤“―Z‘ξ,RC,4F,,’†¬‹K–Ν‚Μ’†‘w‹¤“―Z‘ξ‚ª‘½‚­‚Ώ•ΐ‚ΤZ‘ξ’nζ,‹ζ“Ή,–k,10,,,,ƒKƒX,…“Ή,‰Ί…“Ή,’†–μ,,820 ,‚P’†κ,–h‰Ξ,60 ,200 ,,‚“x,,,,,*,13114 ,0 ,1 ,"774,000 "
›,13114 ,6 ,’†–μ,5 ,1 ,‹ζ•”,‚»‚Μ‘Ό‹ζ,’†–μ‹ζ,λ‹{O’–Ϊ‚P‚P‚W‚U”Τ‚SO,λ‹{‚R|‚P‚X|‚T,"896,000 ","841,000 ",6.5 ,171 ,,1,2,“X•άAf—Γ“Z‘ξ,RC,4F,,¬‹K–Ν“X•άA“X•ά“Z‘ξ“™‚ª‚Ώ•ΐ‚Τ¤‹Ζ’nζ,“s“Ή,Ό,11,,,,ƒKƒX,…“Ή,‰Ί…“Ή,λƒm‹{,,70 ,‹ί¤,–h‰Ξ,80 ,300 ,,‚“x,,,,,,,,,
›,13114 ,6 ,’†–μ,5 ,2 ,‹ζ•”,‚»‚Μ‘Ό‹ζ,’†–μ‹ζ,λ‹{O’–Ϊ‚Q‚P‚T”Τ‚R‚Q,λ‹{‚R|‚P|‚P‚U,"772,000 ","719,000 ",7.4 ,67 ,,1,2,“X•ά“‹¤“―Z‘ξ,S,3F,,’†’α‘w“X•ά“‹¤“―Z‘ξ“™‚ª‚Ώ•ΐ‚Τ‰w‘O¤‹Ζ’nζ,‹ζ“Ή,“,5.4,,‘¤“Ή,“μ,ƒKƒX,…“Ή,‰Ί…“Ή,“s—§‰Ζ­,‹ίΪ,,‹ί¤,–h‰Ξ,80 ,300 ,,‚“x,,,,,,,,,
›,13114 ,6 ,’†–μ,5 ,3 ,‹ζ•”,‚»‚Μ‘Ό‹ζ,’†–μ‹ζ,–μ•ϋZ’–Ϊ‚P‚V”Τ‚P‚O,–μ•ϋ‚U|‚T‚Q|‚T,"743,000 ","693,000 ",7.2 ,456 ,,1,2,‹¤“―Z‘ξ,SRC,8F,,’†‚‘w‚Μ“X•ά•tƒ}ƒ“ƒVƒ‡ƒ“‚ª‘½‚ΆHό¤‹Ζ’nζ,“s“Ή,–k,15,,O•ϋH,,ƒKƒX,…“Ή,‰Ί…“Ή,–μ•ϋ,,650 ,‹ί¤,–h‰Ξ,80 ,300 ,,‚“x,,,,,,,,,
›,13114 ,6 ,’†–μ,5 ,4 ,‹ζ•”,‚»‚Μ‘Ό‹ζ,’†–μ‹ζ,’†‰›l’–Ϊ‚R‚S”Τ‚P‚T,’†‰›‚S|‚Q‚V|‚T,"1,500,000 ","1,300,000 ",15.4 ,177 ,,1.2,1,“X•ά“‹¤“―Z‘ξ,RC,7F,,’†‚‘w‚Μ“X•ά“‹¤“―Z‘ξ“™‚ª‚Ώ•ΐ‚Τ¤‹Ζ’nζ,“s“Ή,Ό,15,,,,ƒKƒX,…“Ή,‰Ί…“Ή,V’†–μ,,460 ,‹ί¤,–h‰Ξ,80 ,400 ,,,,,,,*,13114 ,5 ,4 ,"1,350,000 "
›,13114 ,6 ,’†–μ,5 ,5 ,‹ζ•”,‚»‚Μ‘Ό‹ζ,’†–μ‹ζ,“μ‘δO’–Ϊ‚U‚R”Τ‚R‚V,“μ‘δ‚R|‚P‚R|‚P‚Q,"730,000 ","676,000 ",8.0 ,68 ,,1,2.5,“X•ά“Z‘ξ,S,3F,,’†’α‘w‚Μ“X•ά“‹¤“―Z‘ξ‚πε‘Μ‚Ζ‚·‚ι¤‹Ζ’nζ,‹ζ“Ή,–k,6.3,,‘¤“Ή,“,ƒKƒX,…“Ή,‰Ί…“Ή,•ϋ“μ’¬,,"1,000 ",‹ί¤,–h‰Ξ,80 ,300 ,,‚“x,,,,,,,,,
›,13114 ,6 ,’†–μ,5 ,6 ,‹ζ•”,‚»‚Μ‘Ό‹ζ,’†–μ‹ζ,Vδκ’–Ϊ‚X‚P”Τ‚U,Vδ‚P|‚Q|‚P‚Q,"1,520,000 ","1,330,000 ",14.3 ,137 ,,1,3,“X•ά“‹¤“―Z‘ξ,S,4F,,’†‚‘w‚Μ“X•άA‹¤“―Z‘ξ“™‚ª‚Ώ•ΐ‚Τ¤‹Ζ’nζ,“s“Ή,“μ,15,,,,ƒKƒX,…“Ή,‰Ί…“Ή,’†–μ,,680 ,‹ί¤,–h‰Ξ,80 ,400 ,,‚“x,,,,,,,,,
›,13114 ,6 ,’†–μ,5 ,7 ,‹ζ•”,‚»‚Μ‘Ό‹ζ,’†–μ‹ζ,’†–μά’–Ϊ‚R‚O”Τ‚V,’†–μ‚T|‚U‚S|‚X,"6,360,000 ","5,630,000 ",13.0 ,60 ,,1,1.5,“X•ά“Z‘ξ,RC,4F,,¬”„“XAωH“X•ά“™‚ª‚Ώ•ΐ‚Τ‰w‘O‚Μ¤‹Ζ’nζ,‹ζ“Ή,“,5.5,,,,ƒKƒX,…“Ή,‰Ί…“Ή,’†–μ,,70 ,¤‹Ζ,–h‰Ξ,80 ,600 ,,,,,,,,,,,
›,13114 ,6 ,’†–μ,5 ,8 ,‹ζ•”,‚»‚Μ‘Ό‹ζ,’†–μ‹ζ,–{’¬O’–Ϊ‚U‚R”Τ‚U,–{’¬‚R|‚R‚O|‚P‚O,"1,830,000 ","1,630,000 ",12.3 ,264 ,,1,2,“X•ά“‹¤“―Z‘ξ,SRC,10F,,‚‘w‚Μ“X•άA––±“‹¤“―Z‘ξ‚ª‘½‚Ά¤‹Ζ’nζ,“s“Ή,–k,25,,,,ƒKƒX,…“Ή,‰Ί…“Ή,’†–μβγ,,410 ,¤‹Ζ,–h‰Ξ,80 ,500 ,,‚“x,,,,,,,,,
›,13114 ,6 ,’†–μ,5 ,9 ,‹ζ•”,‚»‚Μ‘Ό‹ζ,’†–μ‹ζ,–μ•ϋZ’–Ϊ‚V‚R‚S”Τ‚P‚U,–μ•ϋ‚U|‚R‚P|‚P‚P,"833,000 ","775,000 ",7.5 ,119 ,,1,2,“X•άA––±“‹¤“―Z‘ξ,S,3F,,’α‘w‚Μ¬‹K–Ν“X•ά‚ª‚Ώ•ΐ‚Τ‰w‘O‚Μ¤‹Ζ’nζ,‹ζ“Ή,“,5.5,,”w–Κ“Ή,,ƒKƒX,…“Ή,‰Ί…“Ή,–μ•ϋ,,70 ,¤‹Ζ,–h‰Ξ,80 ,400 ,,‚“x,,,,,*,13114 ,5 ,5 ,"806,000 "
›,13114 ,6 ,’†–μ,5 ,10 ,‹ζ•”,‚»‚Μ‘Ό‹ζ,’†–μ‹ζ,–ν¶’¬ά’–Ϊ‚T”Τ‚V,–ν¶’¬‚T|‚P‚P|‚Q‚S,"1,000,000 ","902,000 ",10.9 ,178 ,,1,1.5,––±“‹¤“―Z‘ξ,RC,4F,1B,’α‘w“X•άA’†‚‘w‹¤“―Z‘ξ“™‚ª¬έ‚·‚ι¤‹Ζ’nζ,“s“Ή,“,15,,,,ƒKƒX,…“Ή,‰Ί…“Ή,’†–μ•xm©’¬,,460 ,‹ί¤,–h‰Ξ,80 ,400 ,,,,,,,,,,,
›,13114 ,6 ,’†–μ,5 ,11 ,‹ζ•”,‚»‚Μ‘Ό‹ζ,’†–μ‹ζ,’†–μά’–Ϊ‚Q‚P”Τ‚V,’†–μ‚T|‚U‚V|‚T,"3,930,000 ","3,280,000 ",19.8 ,129 ,,1,2,“X•άA––±“Z‘ξ,RC,9F,,’†‚‘w“X•άA––±ƒrƒ‹“™‚ª‚Ώ•ΐ‚Τ¤‹Ζ’nζ,“s“Ή,Ό,20,,,,ƒKƒX,…“Ή,‰Ί…“Ή,’†–μ,,250 ,¤‹Ζ,–h‰Ξ,80 ,600 ,,,,,,,*,13114 ,5 ,12 ,"3,530,000 "
›,13115 ,6 ,™•ΐ,0 ,1 ,‹ζ•”,‚»‚Μ‘Ό‹ζ,™•ΐ‹ζ,‚‰~›–kκ’–Ϊ‚U‚W‚W”Τ‚P‚O,‚‰~›–k‚P|‚P‚T|‚P‚Q,"650,000 ","601,000 ",8.2 ,134 ,,1,1,Z‘ξ,W,2F,,’†‹K–Νκ”ΚZ‘ξAƒAƒp[ƒg“™‚ª‚Ώ•ΐ‚ΤZ‘ξ’nζ,‹ζ“Ή,Ό,4.2,,,,ƒKƒX,…“Ή,‰Ί…“Ή,‚‰~›,,820 ,‚P’ακ,€–h,60 ,150 ,,‚“x,,,,,,,,,
›,13115 ,6 ,™•ΐ,0 ,2 ,‹ζ•”,‚»‚Μ‘Ό‹ζ,™•ΐ‹ζ,‚‰~›“μl’–Ϊ‚W‚O‚V”Τ‚R‚T,‚‰~›“μ‚S|‚S‚O|‚P‚O,"764,000 ","706,000 ",8.2 ,74 ,,1,2,Z‘ξ,W,3F,,¬‹K–Νκ”ΚZ‘ξAƒAƒp[ƒg“™‚ª‘½‚ΆZ‘ξ’nζ,‹ζ“Ή,“μΌ,4,,,,ƒKƒX,…“Ή,‰Ί…“Ή,‚‰~›,,320 ,‚Q’†κ,€–h,60 ,200 ,,‚“x,,,,,,,,,
›,13115 ,6 ,™•ΐ,0 ,3 ,‹ζ•”,‚»‚Μ‘Ό‹ζ,™•ΐ‹ζ,–xƒm“ΰ“ρ’–Ϊ‚U‚S‚S”Τ‚S,–xƒm“ΰ‚Q|‚P‚P|‚S,"605,000 ","565,000 ",7.1 ,347 ,,1,2,‹¤“―Z‘ξ,RC,5F,,’†’α‘w‹¤“―Z‘ξ‚π’†S‚Ζ‚·‚ιΒµ”wγ‚ΜZ‘ξ’nζ,‹ζ“Ή,“μ,5.5,,‘¤“Ή,Ό,ƒKƒX,…“Ή,‰Ί…“Ή,•ϋ“μ’¬,,440 ,‚QZ‹,€–h,60 ,200 ,,‚“x,,,,,,,,,
›,13115 ,6 ,™•ΐ,0 ,4 ,‹ζ•”,‚»‚Μ‘Ό‹ζ,™•ΐ‹ζ,‰i•κ’–Ϊ‚R‚W‚V”Τ‚V,‰i•‚P|‚R‚V|‚P‚V,"718,000 ","677,000 ",6.1 ,108 ,,1,1.5,Z‘ξ,W,2F,,κ”ΚZ‘ξA‹¤“―Z‘ξ“™‚ª‚Ώ•ΐ‚ΤZ‘ξ’nζ,„“Ή,–k“,4,,,,ƒKƒX,…“Ή,‰Ί…“Ή,‰i•’¬,,360 ,‚P’ακ,€–h,50 ,100 ,,‚“x,,,,,,,,,
›,13115 ,6 ,™•ΐ,0 ,5 ,‹ζ•”,‚»‚Μ‘Ό‹ζ,™•ΐ‹ζ,Ό‰¬“μ“ρ’–Ϊ‚R‚S‚R”Τ‚P‚V,Ό‰¬“μ‚Q|‚P‚P|‚Q,"679,000 ","633,000 ",7.3 ,191 ,,1,1.5,‹¤“―Z‘ξ,W,2F,,’†‹K–Νκ”ΚZ‘ξAƒAƒp[ƒg“™‚ª‚Ώ•ΐ‚ΤZ‘ξ’nζ,‹ζ“Ή,“μΌ,5.4,,,,ƒKƒX,…“Ή,‰Ί…“Ή,Ό‰¬E,,700 ,‚P’ακ,€–h,60 ,150 ,,‚“x,,,,,,,,,
›,13115 ,6 ,™•ΐ,0 ,6 ,‹ζ•”,‚»‚Μ‘Ό‹ζ,™•ΐ‹ζ,‚δΛΌ“ρ’–Ϊ‚Q‚P‚R‚P”Τ‚P‚P‚Q,‚δΛΌ‚Q|‚V|‚V,"640,000 ","601,000 ",6.5 ,133 ,,1,2,Z‘ξ,W,2F,,κ”ΚZ‘ξA‹¤“―Z‘ξ‚ª‘½‚Ά‰w‹ί—Χ‚ΜZ‘ξ’nζ,‹ζ“Ή,“μ,5.5,,,,ƒKƒX,…“Ή,‰Ί…“Ή,•xm©ƒ–‹u,,220 ,‚P’ακ,€–h,40 ,80 ,,‚“x,,,,,,,,,
›,13115 ,6 ,™•ΐ,0 ,7 ,‹ζ•”,‚»‚Μ‘Ό‹ζ,™•ΐ‹ζ,‹v‰δRκ’–Ϊ‚R‚V‚O”Τ‚S,‹v‰δR‚P|‚T|‚P‚V,"889,000 ","798,000 ",11.4 ,"3,566 ",,1,1,‹¤“―Z‘ξ,RC,9F,1B,’†‚‘w‚Μ‹¤“―Z‘ξA––±ƒrƒ‹“™‚ª‚Ώ•ΐ‚Τ’nζ,‹ζ“Ή,Ό,11,,‘¤“Ή,–k,ƒKƒX,…“Ή,‰Ί…“Ή,‹v‰δR,,570 ,€H,€–h,60 ,200 ,,‚“x,,,,,*,13115 ,0 ,20 ,"835,000 "
›,13115 ,6 ,™•ΐ,0 ,8 ,‹ζ•”,‚»‚Μ‘Ό‹ζ,™•ΐ‹ζ,“δκ’–Ϊ‚Q‚P‚X”Τ‚R,“δ‚P|‚Q‚R|‚U,"567,000 ","530,000 ",7.0 ,204 ,,1,1,Z‘ξ,W,2F,,’†‹K–Ν‚Μκ”ΚZ‘ξ‚ª‘½‚ΆΥΓ‚ΘZ‘ξ’nζ,‹ζ“Ή,Ό,5.4,,,,ƒKƒX,…“Ή,‰Ί…“Ή,‰¬E,,"1,100 ",‚P’ακ,€–h,60 ,150 ,,‚“x,,,,,,,,,
›,13115 ,6 ,™•ΐ,0 ,9 ,‹ζ•”,‚»‚Μ‘Ό‹ζ,™•ΐ‹ζ,“μ‰¬Eκ’–Ϊ‚Q‚P‚Q”Τ‚X,“μ‰¬E‚P|‚Q‚R|‚Q,"700,000 ","651,000 ",7.5 ,195 ,,1,2.5,Z‘ξ,RC,2F,1B,’†‹K–Ν‚Μκ”ΚZ‘ξ‚ª‘½‚ΆZ‘ξ’nζ,‹ζ“Ή,“μ“,5.4,,,,ƒKƒX,…“Ή,‰Ί…“Ή,‰¬E,,"1,000 ",‚P’ακ,€–h,50 ,100 ,,‚“x,,,,,,,,,
›,13115 ,6 ,™•ΐ,0 ,10 ,‹ζ•”,‚»‚Μ‘Ό‹ζ,™•ΐ‹ζ,‰¬E“ρ’–Ϊ‚X‚S”Τ‚V,‰¬E‚Q|‚V|‚S,"732,000 ","678,000 ",8.0 ,141 ,,1.2,1,Z‘ξ,W,2F,,’†‹K–Ν‚Μκ”ΚZ‘ξ‚ª‘½‚ΆZ‘ξ’nζ,‹ζ“Ή,Ό,6.3,,,,ƒKƒX,…“Ή,‰Ί…“Ή,‰¬E,,890 ,‚P’ακ,€–h,50 ,100 ,,‚“x,,,,,,,,,
›,13115 ,6 ,™•ΐ,0 ,11 ,‹ζ•”,‚»‚Μ‘Ό‹ζ,™•ΐ‹ζ,‰¬El’–Ϊ‚T‚S”Τ‚S,‰¬E‚S|‚Q‚V|‚P‚P,"793,000 ","734,000 ",8.0 ,217 ,,1,2,Z‘ξ,W,2F,,κ”ΚZ‘ξA‹¤“―Z‘ξ“™‚ª‚Ώ•ΐ‚ΤZ‘ξ’nζ,‹ζ“Ή,–k“,5.4,,,,ƒKƒX,…“Ή,‰Ί…“Ή,‰¬E,,430 ,‚P’†κ,€–h,60 ,200 ,,‚“x,,,,,,,,,
›,13115 ,6 ,™•ΐ,0 ,12 ,‹ζ•”,‚»‚Μ‘Ό‹ζ,™•ΐ‹ζ,¬“c“l’–Ϊ‚P‚W”Τ‚Q,¬“c“‚S|‚P‚R|‚P‚X,"694,000 ","647,000 ",7.3 ,141 ,,1,1.5,Z‘ξ,W,2F,,’†¬‹K–Νκ”ΚZ‘ξ“™‚ª‚Ώ•ΐ‚ΤZ‘ξ’nζ,‹ζ“Ή,“μ“,5.1,,,,ƒKƒX,…“Ή,‰Ί…“Ή,“μΆ²ƒP’J,,300 ,‚P’ακ,€–h,50 ,100 ,,‚“x,,,,,*,13115 ,0 ,21 ,"665,000 "
›,13115 ,6 ,™•ΐ,0 ,13 ,‹ζ•”,‚»‚Μ‘Ό‹ζ,™•ΐ‹ζ,‚‰~›–kl’–Ϊ‚S‚S‚V”Τ‚U,‚‰~›–k‚S|‚X|‚P‚P,"677,000 ","627,000 ",8.0 ,82 ,,1,2,Z‘ξ,W,2F,,κ”ΚZ‘ξA‹¤“―Z‘ξ“™‚ª‚Ώ•ΐ‚ΤZ‘ξ’nζ,‹ζ“Ή,–k,4.5,,,,ƒKƒX,…“Ή,‰Ί…“Ή,‚‰~›,,900 ,‚P’ακ,€–h,50 ,100 ,,‚“x,,,,,,,,,
›,13115 ,6 ,™•ΐ,0 ,14 ,‹ζ•”,‚»‚Μ‘Ό‹ζ,™•ΐ‹ζ,‚δΛ“l’–Ϊ‚P‚O‚T‚S”Τ‚P‚P‚P,‚δΛ“‚S|‚Q‚U|‚P‚S,"573,000 ","536,000 ",6.9 ,139 ,,1,1.2,Z‘ξ,W,2F,,κ”ΚZ‘ξ‚Μ’†‚ΙƒAƒp[ƒg‚ΰ©‚η‚κ‚ιZ‘ξ’nζ,‹ζ“Ή,“μ“,4,,,,ƒKƒX,…“Ή,‰Ί…“Ή,•l“cR,,870 ,‚P’ακ,€–h,50 ,100 ,,‚“x,,,,,*,13115 ,0 ,51 ,"546,000 "
,13115 ,6 ,™•ΐ,0 ,15 ,‹ζ•”,‚»‚Μ‘Ό‹ζ,™•ΐ‹ζ,‘P•›“ρ’–Ϊ‚R‚W”Τ‚T,‘P•›‚Q|‚R|‚P‚Q,"605,000 ",,,87 ,,1,1.5,Z‘ξ,W,2F,,κ”ΚZ‘ξAƒAƒp[ƒg“™‚ª‚Ώ•ΐ‚ΤZ‘ξ’nζ,‹ζ“Ή,Ό,4.5,,,,ƒKƒX,…“Ή,‰Ί…“Ή,Ό‰¬E,,"1,100 ",‚P’ακ,€–h,50 ,100 ,,‚“x,,,,,,,,,
›,13115 ,6 ,™•ΐ,0 ,16 ,‹ζ•”,‚»‚Μ‘Ό‹ζ,™•ΐ‹ζ,‘P•›l’–Ϊ‚Q‚U‚V”Τ‚P‚O,‘P•›‚S|‚Q‚R|‚R,"545,000 ","519,000 ",5.0 ,113 ,,1,1.5,Z‘ξ,W,2F,,’†¬‹K–Ν‚Μκ”ΚZ‘ξ‚ª‘½‚ΆZ‘ξ’nζ,‹ζ“Ή,“μ“,5.4,,,,ƒKƒX,…“Ή,‰Ί…“Ή,γΞ_δ,,"1,100 ",‚P’ακ,€–h,40 ,80 ,,‚“x,,,,,,,,,
›,13115 ,6 ,™•ΐ,0 ,17 ,‹ζ•”,‚»‚Μ‘Ό‹ζ,™•ΐ‹ζ,“Vΐκ’–Ϊ‚S‚O‚V”Τ‚V,“Vΐ‚P|‚W|‚S,"626,000 ","583,000 ",7.4 ,170 ,,1,1,Z‘ξ,LS,2F,,’†¬‹K–Νκ”ΚZ‘ξAƒAƒp[ƒg‚ª‚Ώ•ΐ‚ΤZ‘ξ’nζ,‹ζ“Ή,Ό,4,,,,ƒKƒX,…“Ή,‰Ί…“Ή,‰¬E,,700 ,‚P’†κ,€–h,60 ,200 ,,‚“x,,,,,,,,,
›,13115 ,6 ,™•ΐ,0 ,18 ,‹ζ•”,‚»‚Μ‘Ό‹ζ,™•ΐ‹ζ,Ό‰¬–k“ρ’–Ϊ‚Q‚R”Τ‚P‚P,Ό‰¬–k‚Q|‚Q‚P|‚P,"705,000 ","657,000 ",7.3 ,100 ,,1,1.5,Z‘ξ,LS,2F,,’†¬‹K–Ν‚ΜZ‘ξ‚ª‚Ώ•ΐ‚Τ—•Φ«‚Μ—Η‚ΆZ‘ξ’nζ,‹ζ“Ή,“μ,4.5,,,,ƒKƒX,…“Ή,‰Ί…“Ή,Ό‰¬E,,520 ,‚P’ακ,€–h,50 ,100 ,,‚“x,,,,,*,13115 ,0 ,42 ,"675,000 "
›,13115 ,6 ,™•ΐ,0 ,19 ,‹ζ•”,‚»‚Μ‘Ό‹ζ,™•ΐ‹ζ,a“cκ’–Ϊ‚P‚O‚T‚Q”Τ‚P‚T,a“c‚P|‚S‚S|‚Q‚V,"589,000 ","548,000 ",7.5 ,158 ,,1,1,Z‘ξ,LS,2F,,’†‹K–Νκ”ΚZ‘ξAƒAƒp[ƒg“™‚ª‚Ώ•ΐ‚ΤZ‘ξ’nζ,‹ζ“Ή,“,4,,,,ƒKƒX,…“Ή,‰Ί…“Ή,“‚‰~›,,700 ,‚P’ακ,€–h,60 ,150 ,,‚“x,,,,,,,,,
›,13115 ,6 ,™•ΐ,0 ,20 ,‹ζ•”,‚»‚Μ‘Ό‹ζ,™•ΐ‹ζ,‰i•O’–Ϊ‚Q‚T‚R”Τ‚R,‰i•‚R|‚Q‚R|‚P‚P,"831,000 ","775,000 ",7.2 ,284 ,,1,2,Z‘ξ,W,3F,,’†‹K–Νκ”ΚZ‘ξ‚ª‚Ώ•ΐ‚ΤΥΓ‚ΘZ‘ξ’nζ,‹ζ“Ή,–k,11,,,,ƒKƒX,…“Ή,‰Ί…“Ή,Ό‰i•,,290 ,‚P’ακ,€–h,50 ,100 ,,‚“x,,,,,*,13115 ,0 ,33 ,"798,000 "
›,13115 ,6 ,™•ΐ,0 ,21 ,‹ζ•”,‚»‚Μ‘Ό‹ζ,™•ΐ‹ζ,•l“cRO’–Ϊ‚X‚P‚X”Τ‚R‚QO,•l“cR‚R|‚P‚T|‚P‚S,"734,000 ","685,000 ",7.2 ,230 ,,1,2,Z‘ξ,W,2F,,’†‹K–Ν‚Μκ”ΚZ‘ξ‚ª‘½‚ΆZ‘ξ’nζ,‹ζ“Ή,“,6,,,,ƒKƒX,…“Ή,‰Ί…“Ή,•l“cR,,450 ,‚P’ακ,€–h,50 ,100 ,,‚“x,,,,,,,,,
›,13115 ,6 ,™•ΐ,0 ,22 ,‹ζ•”,‚»‚Μ‘Ό‹ζ,™•ΐ‹ζ,•ϋ“μκ’–Ϊ‚Q‚P‚S”Τ‚TO,•ϋ“μ‚P|‚R‚Q|‚Q,"561,000 ","524,000 ",7.1 ,113 ,,1,1.5,Z‘ξ,W,2F,,’†¬‹K–Νκ”ΚZ‘ξAƒAƒp[ƒg‚ª‚Ώ•ΐ‚ΤZ‘ξ’nζ,„“Ή,“,4,,,,ƒKƒX,…“Ή,‰Ί…“Ή,•ϋ“μ’¬,,740 ,‚P’ακ,€–h,60 ,150 ,,‚“x,,,,,,,,,
›,13115 ,6 ,™•ΐ,0 ,23 ,‹ζ•”,‚»‚Μ‘Ό‹ζ,™•ΐ‹ζ,΅μl’–Ϊ‚P‚S‚O”Τ‚Q,΅μ‚S|‚P‚V|‚S,"491,000 ","468,000 ",4.9 ,154 ,,1,1.2,Z‘ξ,W,3F,,’†‹K–Νκ”ΚZ‘ξ‚Μ’†‚ΙƒAƒp[ƒg“™‚ΰ‚ ‚ιZ‘ξ’nζ,‹ζ“Ή,“μ,5.5,,,,ƒKƒX,…“Ή,‰Ί…“Ή,γδ‘,,"1,400 ",‚P’ακ,€–h,50 ,100 ,,‚“x,,,,,,,,,
›,13115 ,6 ,™•ΐ,0 ,24 ,‹ζ•”,‚»‚Μ‘Ό‹ζ,™•ΐ‹ζ,Ό‰¬“μl’–Ϊ‚U‚S”Τ‚S,Ό‰¬“μ‚S|‚P‚T|‚Q,"725,000 ","671,000 ",8.0 ,165 ,,1,1,Z‘ξ,W,2F,,’†‹K–Νκ”ΚZ‘ξ‚ª‘½‚ΆΥΓ‚ΘZ‘ξ’nζ,‹ζ“Ή,“μ,5.4,,,,ƒKƒX,…“Ή,‰Ί…“Ή,Ό‰¬E,,550 ,‚P’ακ,€–h,50 ,100 ,,‚“x,,,,,*,13115 ,0 ,25 ,"692,000 "
›,13115 ,6 ,™•ΐ,0 ,25 ,‹ζ•”,‚»‚Μ‘Ό‹ζ,™•ΐ‹ζ,‰Ίδ‘O’–Ϊ‚P‚V‚Q”Τ‚P‚W,‰Ίδ‘‚R|‚R‚T|‚P‚W,"527,000 ","502,000 ",5.0 ,90 ,,1,1.5,Z‘ξ,W,2F,,’†¬‹K–Νκ”ΚZ‘ξ‚Ι‹¤“―Z‘ξ‚ª©‚η‚κ‚ιZ‘ξ’nζ,‹ζ“Ή,“,5.4,,,,ƒKƒX,…“Ή,‰Ί…“Ή,‰Ίδ‘,,270 ,‚P’ακ,€–h,50 ,100 ,,‚“x,,,,,*,13115 ,0 ,28 ,"515,000 "
›,13115 ,6 ,™•ΐ,5 ,1 ,‹ζ•”,‚»‚Μ‘Ό‹ζ,™•ΐ‹ζ,‚‰~›–k“ρ’–Ϊ‚U”Τ‚UO,‚‰~›–k‚Q|‚U|‚Q,"2,990,000 ","2,650,000 ",12.8 ,271 ,,1,1.5,“X•ά“––±,SRC,8F,,“X•άA––±ƒrƒ‹“™‚ª‚Ώ•ΐ‚Τ‰w‘O¤‹Ζ’nζ,‹ζ“Ή,“μ,0,‰w‘OLκ,,,ƒKƒX,…“Ή,‰Ί…“Ή,‚‰~›,‰w‘OLκΪ–Κ,,¤‹Ζ,–h‰Ξ,80 ,600 ,,,,,,,,,,,
›,13115 ,6 ,™•ΐ,5 ,2 ,‹ζ•”,‚»‚Μ‘Ό‹ζ,™•ΐ‹ζ,¬“c“ά’–Ϊ‚R‚P”Τ‚PO,¬“c“‚T|‚R‚S|‚P‚U,"1,040,000 ","937,000 ",11.0 ,192 ,,1,1.2,––±“‹¤“―Z‘ξ,SRC,7F,,’†‚‘w‚Μ––±“‹¤“―Z‘ξ“™‚ª‚Ώ•ΐ‚Τ¤‹Ζ’nζ,“s“Ή,–k“,25,,,,ƒKƒX,…“Ή,‰Ί…“Ή,“μΆ²ƒP’J,,360 ,¤‹Ζ,–h‰Ξ,80 ,400 ,,‚“x,,,,,*,13115 ,5 ,8 ,"975,000 "
›,13115 ,6 ,™•ΐ,5 ,3 ,‹ζ•”,‚»‚Μ‘Ό‹ζ,™•ΐ‹ζ,γ‰¬“ρ’–Ϊ‚P‚T‚W”Τ‚Q,γ‰¬‚Q|‚R‚X|‚P‚T,"920,000 ","815,000 ",12.9 ,185 ,,1,1.2,“X•άAZ‘ξ“‹¤“―Z‘ξ,SRC,7F,,’†‚‘w‚Μ“X•ά“‹¤“―Z‘ξ‚ª‘½‚ΆHό¤‹Ζ’nζ,“s“Ή,–k“,25,,,,ƒKƒX,…“Ή,‰Ί…“Ή,‰¬E,,850 ,¤‹Ζ,–h‰Ξ,80 ,400 ,,‚“x,,,,,,,,,
›,13115 ,6 ,™•ΐ,5 ,4 ,‹ζ•”,‚»‚Μ‘Ό‹ζ,™•ΐ‹ζ,γδ‘κ’–Ϊ‚U‚U”Τ‚PO,γδ‘‚P|‚R‚Q|‚T,"659,000 ","614,000 ",7.3 ,259 ,,1,1.2,•Ϋη““X•ά,S,3F,,“X•άA––±Aƒ}ƒ“ƒVƒ‡ƒ““™‚ª‚Ώ•ΐ‚Τ¤‹Ζ’nζ,‹ζ“Ή,“μ,7.2,,,,ƒKƒX,…“Ή,‰Ί…“Ή,δ‰¬,,180 ,‹ί¤,€–h,80 ,300 ,,‚“x,,,,,,,,,
›,13115 ,6 ,™•ΐ,5 ,5 ,‹ζ•”,‚»‚Μ‘Ό‹ζ,™•ΐ‹ζ,‚‰~›–k“ρ’–Ϊ‚V‚O‚T”Τ‚P‚P,‚‰~›–k‚Q|‚S‚P|‚P‚W,"897,000 ","800,000 ",12.1 ,133 ,,1,1.5,“X•ά“Z‘ξ,S,3F,,‹βsA¬”„“X•ά‚ª‚Ώ•ΐ‚ΤHό¤‹Ζ’nζ,“s“Ή,–k,15,,,,ƒKƒX,…“Ή,‰Ί…“Ή,‚‰~›,,550 ,‹ί¤,–h‰Ξ,80 ,300 ,,‚“x,,,,,,,,,
›,13115 ,6 ,™•ΐ,5 ,6 ,‹ζ•”,‚»‚Μ‘Ό‹ζ,™•ΐ‹ζ,–xƒm“ΰ“ρ’–Ϊ‚P”Τ‚P‚P,–xƒm“ΰ‚Q|‚P‚R|‚P‚P,"950,000 ","846,000 ",12.3 ,247 ,‘δ`,2,1,“X•ά“‹¤“―Z‘ξ,SRC,8F,,’†‚‘w“X•ά“‹¤“―Z‘ξ“™‚ª‚Ώ•ΐ‚Τ¤‹Ζ’nζ,“s“Ή,“,34,,‘¤“Ή,–k,ƒKƒX,…“Ή,‰Ί…“Ή,•ϋ“μ’¬,,610 ,‹ί¤,–h‰Ξ,80 ,400 ,,‚“x,,,,,,,,,
›,13115 ,6 ,™•ΐ,5 ,7 ,‹ζ•”,‚»‚Μ‘Ό‹ζ,™•ΐ‹ζ,γδ‘κ’–Ϊ‚P‚X‚O”Τ‚WO,γδ‘‚P|‚P|‚P‚P,"656,000 ","606,000 ",8.3 ,101 ,,1,3,“X•άAμ‹Ζ“Z‘ξ,RC,3F,,“X•ά“Z‘ξA––±ƒrƒ‹‚Μ‚Ώ•ΐ‚ΤHό¤‹Ζ’nζ,“s“Ή,“,33,,”w–Κ“Ή,,ƒKƒX,…“Ή,‰Ί…“Ή,δ‰¬,,590 ,‹ί¤,–h‰Ξ,80 ,300 ,,‚“x,,,,,,,,,
›,13115 ,6 ,™•ΐ,5 ,8 ,‹ζ•”,‚»‚Μ‘Ό‹ζ,™•ΐ‹ζ,‹v‰δRl’–Ϊ‚Q‚R‚W”Τ‚RO,‹v‰δR‚S|‚P|‚S,"762,000 ","698,000 ",9.2 ,249 ,,1,1.2,Z‘ξA“X•ά“‹¤“―Z‘ξ,RC,3F,,¬”„“X•άAωH“X“™‚ª‚Ώ•ΐ‚Τ‰wό•Σ‚Μ¤‹Ζ’nζ,‹ζ“Ή,–k,6.2,,,,ƒKƒX,…“Ή,‰Ί…“Ή,‹v‰δR,,90 ,‹ί¤,€–h,80 ,300 ,,‚“x,,,,,,,,,
›,13115 ,6 ,™•ΐ,5 ,9 ,‹ζ•”,‚»‚Μ‘Ό‹ζ,™•ΐ‹ζ,Ό‰¬“μO’–Ϊ‚P‚X‚X”Τ‚U,Ό‰¬“μ‚R|‚V|‚R,"988,000 ","898,000 ",10.0 ,68 ,,1,2.5,“X•ά“Z‘ξ,S,3F,,¬”„“X•άAωH“XA––±“™‚ª‚Ώ•ΐ‚Τ¤‹Ζ’nζ,‹ζ“Ή,“μΌ,6.4,,,,ƒKƒX,…“Ή,‰Ί…“Ή,Ό‰¬E,,210 ,¤‹Ζ,–h‰Ξ,80 ,500 ,,,,,,,,,,,
›,13115 ,6 ,™•ΐ,5 ,10 ,‹ζ•”,‚»‚Μ‘Ό‹ζ,™•ΐ‹ζ,•l“cRO’–Ϊ‚X‚R‚V”Τ‚Q‚X,•l“cR‚R|‚R‚S|‚Q,"951,000 ","869,000 ",9.4 ,133 ,,1,2.5,“X•ά“––±,RC,3F,1B,’†¬‹K–Ν‚Μ¬”„“X•ά‚ª‚Ώ•ΐ‚Τ‰w‘O‚Μ¤‹Ζ’nζ,‹ζ“Ή,“μΌ,7.5,,,,ƒKƒX,…“Ή,‰Ί…“Ή,•l“cR,‹ίΪ,,‹ί¤,€–h,80 ,300 ,,‚“x,,,,,*,13115 ,5 ,22 ,"903,000 "
›,13115 ,6 ,™•ΐ,5 ,11 ,‹ζ•”,‚»‚Μ‘Ό‹ζ,™•ΐ‹ζ,Ά²’J“μO’–Ϊ‚V‚V‚S”Τ‚R,Ά²’J“μ‚R|‚R‚V|‚P‚S,"2,390,000 ","2,100,000 ",13.8 ,109 ,,1.5,1,“X•άA––±“‹¤“―Z‘ξ“™,SRC,8F,,’†‚‘w¤‹Ζƒrƒ‹‚ª‚Ώ•ΐ‚Τ‰w‘O‚Μ¤‹Ζ’nζ,“ΉH,“,0,‰w‘OLκ,,,ƒKƒX,…“Ή,‰Ί…“Ή,Ά²ƒP’J,‰w‘OLκΪ–Κ,,¤‹Ζ,–h‰Ξ,80 ,600 ,,,,,,,*,13115 ,5 ,4 ,"2,200,000 "
›,13115 ,6 ,™•ΐ,5 ,12 ,‹ζ•”,‚»‚Μ‘Ό‹ζ,™•ΐ‹ζ,γ‰¬κ’–Ϊ‚S‚W”Τ‚P‚O,γ‰¬‚P|‚P‚W|‚P‚R,"1,540,000 ","1,360,000 ",13.2 ,411 ,,1,1.5,“X•ά“‹¤“―Z‘ξ,SRC,10F,1B,’†‚‘w“X•ά“‹¤“―Z‘ξA––±“™‚ª‚ ‚ι¤‹Ζ’nζ,“s“Ή,–k“,25,,,,ƒKƒX,…“Ή,‰Ί…“Ή,‰¬E,,320 ,¤‹Ζ,–h‰Ξ,80 ,500 ,,,,,,,,,,,
›,13115 ,6 ,™•ΐ,5 ,13 ,‹ζ•”,‚»‚Μ‘Ό‹ζ,™•ΐ‹ζ,‚‰~›“μO’–Ϊ‚X‚V‚U”Τ‚P‚VO,‚‰~›“μ‚R|‚T‚W|‚Q‚X,"1,360,000 ","1,210,000 ",12.4 ,119 ,,1,2,“X•ά“Z‘ξ,S,4F,,¬”„“X•άAωH“X“™‚ª‚Ώ•ΐ‚Τ¤‹Ζ’nζ,‹ζ“Ή,“,5.9,,,,ƒKƒX,…“Ή,‰Ί…“Ή,‚‰~›,,230 ,¤‹Ζ,–h‰Ξ,80 ,500 ,,,,,,,,,,,
›,13115 ,6 ,™•ΐ,5 ,14 ,‹ζ•”,‚»‚Μ‘Ό‹ζ,™•ΐ‹ζ,‹{‘Oκ’–Ϊ‚S‚V”Τ‚P‚R,‹{‘O‚P|‚P‚T|‚P‚R,"654,000 ","603,000 ",8.5 ,380 ,‘δ`,1,1,––±,S,3F,,’†‹K–Ν––±A“X•άA‹¤“―Z‘ξ“™‚ª¬έ‚·‚ι’nζ,“s“Ή,–k“,11,,,,ƒKƒX,…“Ή,‰Ί…“Ή,•xm©ƒ–‹u,,920 ,€H,€–h,60 ,200 ,,‚“x,,,,,,,,,
›,13116 ,6 ,–L“‡,0 ,1 ,‹ζ•”,‚»‚Μ‘Ό‹ζ,–L“‡‹ζ,‘ƒ›κ’–Ϊ‚R‚T”Τ‚U,‘ƒ›‚P|‚R‚T|‚U,"932,000 ","855,000 ",9.0 ,98 ,,1,2,––±“‹¤“―Z‘ξ,RC,6F,,’†‘w‚Μ‹¤“―Z‘ξA“X•ά“Z‘ξ“™‚Μ¬έ‚·‚ι’nζ,‹ζ“Ή,–k“,8,,,,ƒKƒX,…“Ή,‰Ί…“Ή,‘ƒ›,,290 ,‚PZ‹,–h‰Ξ,60 ,400 ,,,,,,,,,,,
›,13116 ,6 ,–L“‡,0 ,2 ,‹ζ•”,‚»‚Μ‘Ό‹ζ,–L“‡‹ζ,Ό’r‘άl’–Ϊ‚P‚S‚W‚O”Τ‚Q‚RO,Ό’r‘ά‚S|‚P‚U|‚R,"746,000 ","691,000 ",8.0 ,184 ,,1,1.2,Z‘ξ,LS,2F,,’†‹K–Νκ”ΚZ‘ξA‹¤“―Z‘ξ“™‚ª¬έ‚·‚ιZ‘ξ’nζ,‹ζ“Ή,“μ“,4,,,,ƒKƒX,…“Ή,‰Ί…“Ή,—v’¬,,540 ,‚P’†κ,–h‰Ξ,60 ,300 ,,‚“x,,,,,,,,,
›,13116 ,6 ,–L“‡,0 ,3 ,‹ζ•”,‚»‚Μ‘Ό‹ζ,–L“‡‹ζ,’·θO’–Ϊ‚R‚R”Τ‚T,’·θ‚R|‚P‚W|‚P‚P,"655,000 ","608,000 ",7.7 ,128 ,,1,1.2,Z‘ξ,LS,3F,,’†‹K–Ν‚Μκ”ΚZ‘ξ‚ª‚Ώ•ΐ‚ΤZ‘ξ’nζ,‹ζ“Ή,“,4.2,,,,ƒKƒX,…“Ή,‰Ί…“Ή,“’·θ,,560 ,‚P’†κ,€–h,60 ,200 ,,‚“x,,,,,,,,,
›,13116 ,6 ,–L“‡,0 ,4 ,‹ζ•”,‚»‚Μ‘Ό‹ζ,–L“‡‹ζ,ημκ’–Ϊ‚P‚Q”Τ‚P‚S,ημ‚P|‚Q‚O|‚W,"776,000 ","720,000 ",7.8 ,187 ,,1,1.5,Z‘ξ,LS,3F,,’†‹K–Νκ”ΚZ‘ξAƒAƒp[ƒg“™‚ª¬έ‚·‚ιZ‘ξ’nζ,‹ζ“Ή,–k,7.2,,,,ƒKƒX,…“Ή,‰Ί…“Ή,ημ,,360 ,‚P’ακ,€–h,60 ,150 ,,‚“x,,,,,*,13116 ,0 ,7 ,"744,000 "
›,13116 ,6 ,–L“‡,0 ,5 ,‹ζ•”,‚»‚Μ‘Ό‹ζ,–L“‡‹ζ,‘ƒ›ά’–Ϊ‚P‚P‚X”Τ‚P‚W,‘ƒ›‚T|‚S‚V|‚W,"645,000 ","596,000 ",8.2 ,66 ,,1.2,1,Z‘ξ,S,3F,,¬‹K–Νκ”ΚZ‘ξAƒAƒp[ƒg“™‚ª‚Ώ•ΐ‚ΤZ‘ξ’nζ,‹ζ“Ή,–k“,4.4,,,,ƒKƒX,…“Ή,‰Ί…“Ή,Ό‘ƒ›,,750 ,‚P’†κ,€–h,60 ,300 ,,‚“x,,,,,,,,,
›,13116 ,6 ,–L“‡,0 ,6 ,‹ζ•”,‚»‚Μ‘Ό‹ζ,–L“‡‹ζ,“μ’·θZ’–Ϊ‚R‚X‚T‚Q”Τ‚W,“μ’·θ‚U|‚R‚O|‚T,"620,000 ","575,000 ",7.8 ,145 ,,1,1,‹¤“―Z‘ξ,S,3F,,κ”ΚZ‘ξA‹¤“―Z‘ξ“™‚ª¬έ‚·‚ιZ‘ξ’nζ,‹ζ“Ή,“μΌ,4.3,,,,ƒKƒX,…“Ή,‰Ί…“Ή,“’·θ,,380 ,‚P’†κ,€–h,60 ,200 ,,‚“x,,,,,,,,,
›,13116 ,6 ,–L“‡,0 ,7 ,‹ζ•”,‚»‚Μ‘Ό‹ζ,–L“‡‹ζ,‚“cκ’–Ϊ‚R‚S‚R”Τ‚T,‚“c‚P|‚R‚U|‚P‚P,"800,000 ","730,000 ",9.6 ,182 ,,1,1.5,‹¤“―Z‘ξ,RC,4F,,κ”ΚZ‘ξA‹¤“―Z‘ξ“™‚ª‚Ώ•ΐ‚ΤZ‘ξ’nζ,‹ζ“Ή,Ό,6.6,,,,ƒKƒX,…“Ή,‰Ί…“Ή,Gi‚ª’J,,220 ,‚P’†κ,€–h,60 ,300 ,,‚“x,,,,,,,,,
›,13116 ,6 ,–L“‡,0 ,8 ,‹ζ•”,‚»‚Μ‘Ό‹ζ,–L“‡‹ζ,–k‘ε’Λκ’–Ϊ‚Q‚U”Τ‚R,–k‘ε’Λ‚P|‚Q‚S|‚R,"833,000 ","770,000 ",8.2 ,138 ,,1,2,Z‘ξ,W,2F,,’†‹K–Νκ”ΚZ‘ξ‚ª‘½‚ΆΥΓ‚ΘZ‘ξ’nζ,‹ζ“Ή,“μ“,5,,,,ƒKƒX,…“Ή,‰Ί…“Ή,‘ε’Λ,,550 ,‚P’†κ,€–h,60 ,300 ,,‚“x,,,,,*,13116 ,0 ,11 ,"801,000 "
›,13116 ,6 ,–L“‡,0 ,9 ,‹ζ•”,‚»‚Μ‘Ό‹ζ,–L“‡‹ζ,‚“cO’–Ϊ‚V‚V‚O”Τ‚P,‚“c‚R|‚R‚Q|‚V,"1,040,000 ","935,000 ",11.2 ,607 ,,1.2,1,‹¤“―Z‘ξ,SRC,9F,,‹¤“―Z‘ξ‚β’†‘w––±ƒrƒ‹“™‚ª¬έ‚·‚ιZ‘ξ’nζ,‹ζ“Ή,Ό,5.3,,,,ƒKƒX,…“Ή,‰Ί…“Ή,‚“c”nκ,,540 ,€H,€–h,60 ,300 ,,‚“x,,,,,,,,,
›,13116 ,6 ,–L“‡,5 ,1 ,‹ζ•”,‚»‚Μ‘Ό‹ζ,–L“‡‹ζ,‹ξZ’–Ϊ‚S‚X‚R”Τ‚W,‹ξ‚U|‚R‚S|‚P,"795,000 ","730,000 ",8.9 ,142 ,,1,2.5,“X•ά,S,2F,,¬”„“X•ά‚ª‚Ώ•ΐ‚Τ‹ί—Χ¤‹Ζ’nζ,‹ζ“Ή,“μ,7,,,,ƒKƒX,…“Ή,‰Ί…“Ή,‹ξ,,680 ,‹ί¤,€–h,80 ,300 ,,‚“x,,,,,,,,,
›,13116 ,6 ,–L“‡,5 ,2 ,‹ζ•”,‚»‚Μ‘Ό‹ζ,–L“‡‹ζ,‘ƒ›O’–Ϊ‚Q‚U”Τ‚T‚R,‘ƒ›‚R|‚R‚V|‚P,"1,360,000 ","1,250,000 ",8.8 ,63 ,,1,3,“X•ά“Z‘ξ,RC,4F,1B,’†‹K–Ν‚Μ¬”„“X•άAωH“X‚ª‚Ώ•ΐ‚Τ¤‹Ζ’nζ,‹ζ“Ή,“μΌ,9,,,,ƒKƒX,…“Ή,‰Ί…“Ή,‘ƒ›,,500 ,¤‹Ζ,–h‰Ξ,80 ,500 ,,,,,,,,,,,
›,13116 ,6 ,–L“‡,5 ,3 ,‹ζ•”,‚»‚Μ‘Ό‹ζ,–L“‡‹ζ,Ό‘ƒ›O’–Ϊ‚S‚O‚T”Τ‚R‚V,Ό‘ƒ›‚R|‚U|‚Q,"773,000 ","710,000 ",8.9 ,79 ,,1,3,“X•ά“Z‘ξ,RC,3F,,‹X“Ή‰‚Ά‚Ι¬‹K–Ν’α‘w“X•ά‚ª‚Ώ•ΐ‚Τ¤‹Ζ’nζ,‹ζ“Ή,“μΌ,7.7,,,,ƒKƒX,…“Ή,‰Ί…“Ή,Ό‘ƒ›,,500 ,‹ί¤,–h‰Ξ,80 ,400 ,,‚“x,,,,,,,,,
›,13116 ,6 ,–L“‡,5 ,4 ,‹ζ•”,‚»‚Μ‘Ό‹ζ,–L“‡‹ζ,–Ϊ”’O’–Ϊ‚P‚V‚P‚S”Τ‚X,–Ϊ”’‚R|‚P‚R|‚P,"2,120,000 ","1,940,000 ",9.3 ,85 ,,1,1.5,“X•ά“––±,RC,6F,,’†‚‘w‚Μeν“X•ά‚ª‚Ώ•ΐ‚Τ¤‹Ζ’nζ,“s“Ή,“μ,25,,,,ƒKƒX,…“Ή,‰Ί…“Ή,–Ϊ”’,,130 ,¤‹Ζ,–h‰Ξ,80 ,500 ,,,,,,,,,,,
›,13116 ,6 ,–L“‡,5 ,5 ,‹ζ•”,‚»‚Μ‘Ό‹ζ,–L“‡‹ζ,“’r‘άκ’–Ϊ‚Q‚Q”Τ‚P‚P,“’r‘ά‚P|‚Q‚Q|‚W,"11,100,000 ","10,000,000 ",11.0 ,254 ,‘δ`,1,1.2,“X•ά“––±,SRC,8F,1B,’†‚‘w‚Μ“X•άƒrƒ‹“™‚ª‚Ώ•ΐ‚Τ”Ι‰Ψ‚Θ¤‹Ζ’nζ,‹ζ“Ή,–kΌ,15,,,,ƒKƒX,…“Ή,‰Ί…“Ή,’r‘ά,,350 ,¤‹Ζ,–h‰Ξ,80 ,800 ,,,,,,,,,,,
›,13116 ,6 ,–L“‡,5 ,6 ,‹ζ•”,‚»‚Μ‘Ό‹ζ,–L“‡‹ζ,“’r‘άl’–Ϊ‚R‚Q‚V‚V”Τ‚P‚PO,“’r‘ά‚S|‚R‚X|‚P‚R,"1,500,000 ","1,360,000 ",10.3 ,694 ,,1,1.2,ƒzƒeƒ‹A“X•ά“’“Τκ,SRC,14F,,’†‚‘wƒrƒ‹Aƒ}ƒ“ƒVƒ‡ƒ““™‚ª‚Ώ•ΐ‚Τ¤‹Ζ’nζ,‘“Ή,–k“,23,,,,ƒKƒX,…“Ή,‰Ί…“Ή,‘ε’Λ,,540 ,¤‹Ζ,–h‰Ξ,80 ,600 ,,,,,,,,,,,
›,13116 ,6 ,–L“‡,5 ,7 ,‹ζ•”,‚»‚Μ‘Ό‹ζ,–L“‡‹ζ,Ό’r‘άκ’–Ϊ‚P‚X”Τ‚P,Ό’r‘ά‚P|‚P‚X|‚V,"9,780,000 ","8,800,000 ",11.1 ,182 ,‘δ`,1.5,1,“X•ά“––±,SRC,6F,1B,’†‚‘w‚Μ“X•άƒrƒ‹“™‚ª‚Ώ•ΐ‚Τ‰w‘O¤‹Ζ’nζ,‹ζ“Ή,“μ“,0,‰w‘OLκ,‘¤“Ή,“μ,ƒKƒX,…“Ή,‰Ί…“Ή,’r‘ά,‰w‘OLκΪ–Κ,,¤‹Ζ,–h‰Ξ,80 ,900 ,,,,,,,,,,,
›,13116 ,6 ,–L“‡,5 ,8 ,‹ζ•”,‚»‚Μ‘Ό‹ζ,–L“‡‹ζ,“μ’·θά’–Ϊ‚R‚W‚V‚Q”Τ‚SO,“μ’·θ‚T|‚Q‚U|‚P‚R,"870,000 ","800,000 ",8.8 ,113 ,,1,1.5,“X•ά“Z‘ξ,S,3F,,¬”„“X•άAωH“X•ά“™‚ª©‚η‚κ‚ι‰w‘O‚Μ¤‹Ζ’nζ,‹ζ“Ή,“,5.4,,,,ƒKƒX,…“Ή,‰Ί…“Ή,“’·θ,,80 ,¤‹Ζ,–h‰Ξ,80 ,400 ,,,,,,,*,13116 ,5 ,18 ,"835,000 "
›,13116 ,6 ,–L“‡,5 ,9 ,‹ζ•”,‚»‚Μ‘Ό‹ζ,–L“‡‹ζ,’r‘ά“ρ’–Ϊ‚T‚R”Τ‚P‚S,’r‘ά‚Q|‚T‚R|‚P‚Q,"2,700,000 ","2,450,000 ",10.2 ,136 ,,1,2,“X•ά“––±,RC,8F,,’†‚‘w‚Μ“X•άA––±ƒrƒ‹“™‚ª‚Ώ•ΐ‚Τ¤‹Ζ’nζ,‹ζ“Ή,“,28,,,,ƒKƒX,…“Ή,‰Ί…“Ή,’r‘ά,,480 ,¤‹Ζ,–h‰Ξ,80 ,800 ,,,,,,,,,,,
›,13116 ,6 ,–L“‡,5 ,10 ,‹ζ•”,‚»‚Μ‘Ό‹ζ,–L“‡‹ζ,—v’¬O’–Ϊ‚Q‚Q”Τ‚T,—v’¬‚R|‚P‚Q|‚P‚Q,"969,000 ","880,000 ",10.1 ,169 ,‘δ`,1,1.2,“X•ά“––±,RC,6F,,’α‘w“X•άA’†‚‘w“X•ά––±‚ª¬έ‚·‚ι¤‹Ζ’nζ,“s“Ή,–k“,40,,,,ƒKƒX,…“Ή,‰Ί…“Ή,ημ,,90 ,‹ί¤,–h‰Ξ,80 ,400 ,,‚“x,,,,,,,,,
›,13116 ,6 ,–L“‡,5 ,11 ,‹ζ•”,‚»‚Μ‘Ό‹ζ,–L“‡‹ζ,’·θκ’–Ϊ‚T‚S”Τ‚P‚RO,’·θ‚P|‚S|‚V,"760,000 ","704,000 ",8.0 ,178 ,,1,1.5,“X•άA––±“Z‘ξ,RC,4F,,¬”„“X•άAωH“X“™‚ª‚Ώ•ΐ‚Τ‹ί—Χ¤‹Ζ’nζ,‹ζ“Ή,Ό,7.1,,,,ƒKƒX,…“Ή,‰Ί…“Ή,’Ε–Ό’¬,,200 ,‹ί¤,€–h,80 ,300 ,,‚“x,,,,,,,,,
›,13116 ,6 ,–L“‡,5 ,12 ,‹ζ•”,‚»‚Μ‘Ό‹ζ,–L“‡‹ζ,“μ’r‘ά“ρ’–Ϊ‚X‚V”Τ‚P‚R,“μ’r‘ά‚Q|‚Q‚V|‚U,"4,560,000 ","4,100,000 ",11.2 ,130 ,,1,3,“X•ά“––±,SRC,7F,1B,’†‚‘w‚Μ“X•άA––±ƒrƒ‹‚ª‚Ώ•ΐ‚Τ¤‹Ζ’nζ,‹ζ“Ή,–kΌ,20,,,,ƒKƒX,…“Ή,‰Ί…“Ή,’r‘ά,,280 ,¤‹Ζ,–h‰Ξ,80 ,800 ,,,,,,,*,13116 ,5 ,5 ,"4,280,000 "
›,13116 ,6 ,–L“‡,5 ,13 ,‹ζ•”,‚»‚Μ‘Ό‹ζ,–L“‡‹ζ,–k‘ε’Λ“ρ’–Ϊ‚P‚Q”Τ‚R,–k‘ε’Λ‚Q|‚P‚Q|‚Q,"1,620,000 ","1,470,000 ",10.2 ,142 ,,1,1.2,“X•ά“––±,RC,4F,,¬”„“X•άAωH“X•άƒrƒ‹“™‚ª‚Ώ•ΐ‚Τ¤‹Ζ’nζ,‹ζ“Ή,“μΌ,10,,,,ƒKƒX,…“Ή,‰Ί…“Ή,‘ε’Λ,,110 ,¤‹Ζ,–h‰Ξ,80 ,600 ,,,,,,,*,13116 ,5 ,9 ,"1,540,000 "
›,13117 ,6 ,–k,0 ,1 ,‹ζ•”,‚»‚Μ‘Ό‹ζ,–k‹ζ,γ\π“ρ’–Ϊ‚Q‚Q”Τ‚Q,γ\π‚Q|‚P‚V|‚S,"621,000 ","575,000 ",8.0 ,125 ,‘δ`,1,1.5,“X•ά“‹¤“―Z‘ξ,S,3F,,κ”ΚZ‘ξA“X•ά“‹¤“―Z‘ξ“™‚ª‚Ώ•ΐ‚ΤZ‘ξ’nζ,‹ζ“Ή,“μΌ,7.2,,,,ƒKƒX,…“Ή,‰Ί…“Ή,\π,,450 ,‚PZ‹,€–h,60 ,200 ,,‚“x,,,,,,,,,
›,13117 ,6 ,–k,0 ,2 ,‹ζ•”,‚»‚Μ‘Ό‹ζ,–k‹ζ,γ’†—Άκ’–Ϊ‚Q‚U”Τ‚P‚WO,γ’†—Ά‚P|‚Q‚U|‚P‚O,"681,000 ","631,000 ",7.9 ,105 ,,1,2.5,Z‘ξ“––±,RC,3F,,κ”ΚZ‘ξ‚ª‘½‚Ά‚‘δ‚Μω¬Z‘ξ’nζ,‹ζ“Ή,“,5.3,,,,ƒKƒX,…“Ή,‰Ί…“Ή,γ’†—Ά,,370 ,‚P’†κ,€–h,60 ,150 ,,‚“x,,,,,*,13117 ,0 ,12 ,"648,000 "
›,13117 ,6 ,–k,0 ,3 ,‹ζ•”,‚»‚Μ‘Ό‹ζ,–k‹ζ,_’J“ρ’–Ϊ‚P‚O”Τ‚P‚Q,_’J‚Q|‚P‚O|‚P‚Q,"553,000 ","512,000 ",8.0 ,150 ,,1.5,1,‹¤“―Z‘ξ,S,3F,,κ”ΚZ‘ξA‹¤“―Z‘ξ“™‚ª‚Ώ•ΐ‚ΤZ‘ξ’nζ,‹ζ“Ή,–k,5.8,,,,ƒKƒX,…“Ή,‰Ί…“Ή,“\π,,780 ,‚PZ‹,€–h,60 ,200 ,,‚“x,,,,,,,,,
›,13117 ,6 ,–k,0 ,4 ,‹ζ•”,‚»‚Μ‘Ό‹ζ,–k‹ζ,Τ‰H“ρ’–Ϊ‚R‚S‚X”Τ‚Q,Τ‰H‚Q|‚R‚Q|‚T,"620,000 ","574,000 ",8.0 ,136 ,,1,1.5,Z‘ξ“‹¤“―Z‘ξ,S,3F,,κ”ΚZ‘ξA‹¤“―Z‘ξ“™‚ª‚Ώ•ΐ‚ΤZ‘ξ’nζ,‹ζ“Ή,Ό,6,,,,ƒKƒX,…“Ή,‰Ί…“Ή,Τ‰H,,750 ,‚PZ‹,€–h,60 ,300 ,,‚“x,,,,,*,13117 ,0 ,28 ,"594,000 "
›,13117 ,6 ,–k,0 ,5 ,‹ζ•”,‚»‚Μ‘Ό‹ζ,–k‹ζ,Ό‚ª‹uκ’–Ϊ‚V”Τ‚Q,Ό‚ª‹u‚P|‚P‚W|‚P‚P,"510,000 ","476,000 ",7.1 ,131 ,,1,2.5,Z‘ξ,W,2F,,κ”ΚZ‘ξ‚ª‚Ώ•ΐ‚Τ‹ZΒ‹«—ΗD‚ΘZ‘ξ’nζ,‹ζ“Ή,–k,5.8,,,,ƒKƒX,…“Ή,‰Ί…“Ή,Τ‰H,,"1,400 ",‚Q’ακ,€–h,60 ,150 ,,‚“x,,,,,,,,,
›,13117 ,6 ,–k,0 ,6 ,‹ζ•”,‚»‚Μ‘Ό‹ζ,–k‹ζ,’†—Ά“ρ’–Ϊ‚Q‚O”Τ‚W,’†—Ά‚Q|‚Q‚O|‚T,"820,000 ","752,000 ",9.0 ,132 ,,1,1.2,Z‘ξ,RC,4F,,κ”ΚZ‘ξA‹¤“―Z‘ξ“™‚ª©‚η‚κ‚ιZ‘ξ’nζ,‹ζ“Ή,“μ,6,,,,ƒKƒX,…“Ή,‰Ί…“Ή,‹ξ,,410 ,‚PZ‹,€–h,60 ,300 ,,‚“x,,,,,,,,,
›,13117 ,6 ,–k,0 ,7 ,‹ζ•”,‚»‚Μ‘Ό‹ζ,–k‹ζ,–L“‡”ª’–Ϊ‚Q‚V”Τ‚P‚X,,"556,000 ","515,000 ",8.0 ,95 ,,1,2,‹σ’n,,,,κ”ΚZ‘ξA‹¤“―Z‘ξ“™‚ª‚Ώ•ΐ‚ΤZ‘ξ’nζ,‹ζ“Ή,“μ,6.2,,,,ƒKƒX,…“Ή,‰Ί…“Ή,‰¤q_’J,,470 ,‚PZ‹,€–h,60 ,200 ,,‚“x,,,,,,,,,
›,13117 ,6 ,–k,0 ,8 ,‹ζ•”,‚»‚Μ‘Ό‹ζ,–k‹ζ,‘κ–μμκ’–Ϊ‚V‚U”Τ‚R‚R,‘κ–μμ‚P|‚V‚U|‚U,"602,000 ","556,000 ",8.3 ,133 ,,1,2.5,Z‘ξ,W,3F,,κ”ΚZ‘ξA‹¤“―Z‘ξ“™‚ª©‚η‚κ‚ιZ‘ξ’nζ,‹ζ“Ή,Ό,4,,,,ƒKƒX,…“Ή,‰Ί…“Ή,Όƒ–΄l’–Ϊ,,210 ,‚P’†κ,€–h,60 ,200 ,,‚“x,,,,,,,,,
›,13117 ,6 ,–k,0 ,9 ,‹ζ•”,‚»‚Μ‘Ό‹ζ,–k‹ζ,‘κ–μμµ’–Ϊ‚Q‚U”Τ‚TO,‘κ–μμ‚V|‚Q‚U|‚U,"659,000 ","605,000 ",8.9 ,137 ,,1,2.5,Z‘ξ,S,3F,,Z‘ξA‹¤“―Z‘ξA––±“™‚ª¬έ‚·‚ιZ‘ξ’nζ,‹ζ“Ή,“μΌ,6,,,,ƒKƒX,…“Ή,‰Ί…“Ή,”Β‹΄,,520 ,‚PZ‹,€–h,60 ,300 ,,‚“x,,,,,,,,,
›,13117 ,6 ,–k,0 ,10 ,‹ζ•”,‚»‚Μ‘Ό‹ζ,–k‹ζ,“\πZ’–Ϊ‚T”Τ‚T‚P,“\π‚U|‚T|‚S,"566,000 ","524,000 ",8.0 ,175 ,,1,1.5,Z‘ξ“‹¤“―Z‘ξ,S,3F,,κ”ΚZ‘ξA‹¤“―Z‘ξA“X•ά“™‚ª¬έ‚·‚ι’nζ,‹ζ“Ή,Ό,5.9,,,,ƒKƒX,…“Ή,‰Ί…“Ή,“\π,,720 ,€H,€–h,60 ,200 ,,‚“x,,,,,,,,,
›,13117 ,6 ,–k,0 ,11 ,‹ζ•”,‚»‚Μ‘Ό‹ζ,–k‹ζ,•‚ΤO’–Ϊ‚Q‚P”Τ‚P‚U,•‚Τ‚R|‚Q‚P|‚P‚R,"436,000 ","407,000 ",7.1 ,136 ,‘δ`,1.5,1,‹¤“―Z‘ξ,S,3F,,”δr“I‹¤“―Z‘ξ‚ª‘½‚­‚Ώ•ΐ‚ΤZ‘ξ’nζ,‹ζ“Ή,Ό,6.3,,,,ƒKƒX,…“Ή,‰Ί…“Ή,–kΤ‰H,,550 ,€H,€–h,60 ,200 ,,‚“x,,,,,,,,,
›,13117 ,6 ,–k,0 ,12 ,‹ζ•”,‚»‚Μ‘Ό‹ζ,–k‹ζ,–L“‡l’–Ϊ‚Q‚O”Τ‚T‚S,–L“‡‚S|‚V|‚S,"437,000 ","408,000 ",7.1 ,100 ,‘δ`,1,1.2,Z‘ξ,W,3F,,κ”ΚZ‘ξ‚Μ’†‚ΙƒAƒp[ƒg“™‚ª©‚η‚κ‚ιZ‘ξ’nζ,‹ζ“Ή,“μΌ,3.7,,,,ƒKƒX,…“Ή,‰Ί…“Ή,‰¤q_’J,,"1,200 ",€H,€–h,60 ,200 ,,‚“x,,,,,,,,,
›,13117 ,6 ,–k,5 ,1 ,‹ζ•”,‚»‚Μ‘Ό‹ζ,–k‹ζ,“c’[ά’–Ϊ‚S‚V‚U”Τ‚V,“c’[‚T|‚Q|‚P‚O,"844,000 ","755,000 ",11.8 ,202 ,,1,2,“X•άA––±“‹¤“―Z‘ξ,RC,5F,,’†‘w“X•ά•t‹¤“―Z‘ξ‚ª‘½‚­©‚η‚κ‚ι‹ί—Χ¤‹Ζ’nζ,‹ζ“Ή,–k“,12.3,,,,ƒKƒX,…“Ή,‰Ί…“Ή,“c’[,,260 ,‹ί¤,€–h,80 ,300 ,,‚“x,,,,,,,,,
›,13117 ,6 ,–k,5 ,2 ,‹ζ•”,‚»‚Μ‘Ό‹ζ,–k‹ζ,“\πO’–Ϊ‚X”Τ‚R‚S,“\π‚R|‚P‚T|‚P‚O,"1,210,000 ","1,100,000 ",10.0 ,158 ,,1,3,“X•άA––±“‹¤“―Z‘ξ,RC,4F,,eν“X•άA’†‚‘wƒrƒ‹“™‚ª‚Ώ•ΐ‚Τ¤‹Ζ’nζ,‹ζ“Ή,–kΌ,7.7,,,,ƒKƒX,…“Ή,‰Ί…“Ή,“\π,,160 ,¤‹Ζ,–h‰Ξ,80 ,500 ,,,,,,,*,13117 ,5 ,5 ,"1,140,000 "
›,13117 ,6 ,–k,5 ,3 ,‹ζ•”,‚»‚Μ‘Ό‹ζ,–k‹ζ,γ\πά’–Ϊ‚V”Τ‚P‚S,γ\π‚T|‚U|‚P,"755,000 ","680,000 ",11.0 ,109 ,,1,2.5,f—Γ“Z‘ξ,RC,6F,1B,“X•άA––±A’†‚‘w‹¤“―Z‘ξ“™‚Μ¬έ‚·‚ι’nζ,“s“Ή,“μ,25,,,,ƒKƒX,…“Ή,‰Ί…“Ή,\π,,950 ,‹ί¤,–h‰Ξ,80 ,400 ,,‚“x,,,,,,,,,
›,13117 ,6 ,–k,5 ,4 ,‹ζ•”,‚»‚Μ‘Ό‹ζ,–k‹ζ,“\πl’–Ϊ‚W”Τ‚Q,“\π‚S|‚W|‚P‚P,"880,000 ","783,000 ",12.4 ,204 ,,1,1,f—ΓA‹¤“―Z‘ξ“Z‘ξ,RC,8F,,“X•ά“‹¤“―Z‘ξ“™‚ª‚Ώ•ΐ‚Τ¤‹Ζ’nζ,‹ζ“Ή,“,11.6,,,,ƒKƒX,…“Ή,‰Ί…“Ή,“\π,,400 ,¤‹Ζ,–h‰Ξ,80 ,500 ,,,,,,,,,,,
›,13117 ,6 ,–k,5 ,5 ,‹ζ•”,‚»‚Μ‘Ό‹ζ,–k‹ζ,–L“‡l’–Ϊ‚P”Τ‚Q‚X,–L“‡‚S|‚S|‚X,"601,000 ","558,000 ",7.7 ,165 ,‘δ`,1,1,“X•ά“‹¤“―Z‘ξ,S,4F,,’†’α‘w‚Μ“X•ά•Ή—pZ‘ξ“™‚ª‚Ώ•ΐ‚Τ‹ί—Χ¤‹Ζ’nζ,‹ζ“Ή,Ό,8,,,,ƒKƒX,…“Ή,‰Ί…“Ή,‰¤q_’J,,"1,100 ",‹ί¤,€–h,80 ,300 ,,‚“x,,,,,,,,,
›,13117 ,6 ,–k,5 ,6 ,‹ζ•”,‚»‚Μ‘Ό‹ζ,–k‹ζ,Ίa’¬“ρ’–Ϊ‚Q”Τ‚RO,Ίa’¬‚Q|‚T|‚S,"835,000 ","739,000 ",13.0 ,134 ,,1,1,––±“‘qΙ,RC,6F,,“X•άA––±Aƒ}ƒ“ƒVƒ‡ƒ““™‚ª¬έ‚·‚ι¤‹Ζ’nζ,“s“Ή,“μΌ,21.8,,,,ƒKƒX,…“Ή,‰Ί…“Ή,”φ‹v,,300 ,¤‹Ζ,–h‰Ξ,80 ,500 ,,,,,,,,,,,
›,13117 ,6 ,–k,5 ,7 ,‹ζ•”,‚»‚Μ‘Ό‹ζ,–k‹ζ,Τ‰Hκ’–Ϊ‚Q‚P”Τ‚T,Τ‰H‚P|‚Q‚P|‚R,"1,790,000 ","1,590,000 ",12.6 ,201 ,,1,3,“X•άA––±“‹¤“―Z‘ξ,SRC,7F,1B,“X•άAωH“X“™‚ª‚Ώ•ΐ‚Τ‰w‚Ι‹ί‚Ά¤‹Ζ’nζ,‹ζ“Ή,Ό,8,,,,ƒKƒX,…“Ή,‰Ί…“Ή,Τ‰H,,250 ,¤‹Ζ,–h‰Ξ,80 ,500 ,,,,,,,,,,,
›,13117 ,6 ,–k,5 ,8 ,‹ζ•”,‚»‚Μ‘Ό‹ζ,–k‹ζ,‰¤q–{’¬κ’–Ϊ‚Q‚W”Τ‚P‚OO,‰¤q–{’¬‚P|‚Q‚W|‚T,"912,000 ","815,000 ",11.9 ,324 ,,1.5,1,“X•άA––±“‹¤“―Z‘ξ,RC,7F,,“X•ά“‹¤“―Z‘ξA‹¤“―Z‘ξ“™‚ª‚Ώ•ΐ‚Τ¤‹Ζ’nζ,“s“Ή,“μΌ,20,,,,ƒKƒX,…“Ή,‰Ί…“Ή,‰¤q,,550 ,‹ί¤,–h‰Ξ,80 ,400 ,,‚“x,,,,,,,,,
›,13117 ,6 ,–k,5 ,9 ,‹ζ•”,‚»‚Μ‘Ό‹ζ,–k‹ζ,‘κ–μμµ’–Ϊ‚W”Τ‚R,‘κ–μμ‚V|‚W|‚W,"1,450,000 ","1,290,000 ",12.4 ,485 ,•s®`,1,1,ƒzƒeƒ‹A‹³Ί““X•ά,SRC,10F,1B,’†‚‘w‚Μ“X•άA––±“™‚ª‚Ώ•ΐ‚Τ‰w‘O¤‹Ζ’nζ,‹ζ“Ή,Ό,15,,,,ƒKƒX,…“Ή,‰Ί…“Ή,”Β‹΄,,60 ,¤‹Ζ,–h‰Ξ,80 ,500 ,,,,,,,,,,,
›,13117 ,6 ,–k,5 ,10 ,‹ζ•”,‚»‚Μ‘Ό‹ζ,–k‹ζ,‰¤qκ’–Ϊ‚P‚O”Τ‚W,‰¤q‚P|‚P‚O|‚P‚W,"3,090,000 ","2,730,000 ",13.2 ,465 ,‘δ`,1,2,‹βs,RC,5F,1B,’†‚‘w‚Μ‹βsA“X•ά“™‚ª‚Ώ•ΐ‚Τ‰w‘O¤‹Ζ’nζ,‘“Ή,“μ“,0,‰w‘OLκ,‘¤“Ή,“μΌ,ƒKƒX,…“Ή,‰Ί…“Ή,‰¤q,‰w‘OLκΪ–Κ,,¤‹Ζ,–h‰Ξ,80 ,600 ,,,,,,,,,,,
›,13117 ,6 ,–k,9 ,1 ,‹ζ•”,‚»‚Μ‘Ό‹ζ,–k‹ζ,–x‘D“ρ’–Ϊ‚R‚R”Τ‚PO,–x‘D‚Q|‚R‚R|‚P‚P,"382,000 ","358,000 ",6.7 ,"4,434 ",,1,1.2,‘qΙ“––±,SRC,6F,,‘qΙ“™‚Μ‚Ω‚©‚ΙZ‘ξ‚ΰ©‚η‚κ‚ιH‹Ζ’nζ,‹ζ“Ή,“,9,,,,ƒKƒX,…“Ή,‰Ί…“Ή,‰¤q,,"1,100 ",H‹Ζ,€–h,60 ,200 ,,,,,,,,,,,
›,13118 ,6 ,rμ,0 ,1 ,‹ζ•”,‚»‚Μ‘Ό‹ζ,rμ‹ζ,“μηZ”ª’–Ϊ‚Q‚O”Τ‚R‚X,“μηZ‚W|‚S|‚V,"750,000 ","683,000 ",9.8 ,"1,658 ",,2,1,‹¤“―Z‘ξ,RC,4F,,’†‚‘wƒ}ƒ“ƒVƒ‡ƒ“‚ª‚Ώ•ΐ‚Τ‹ζ‰ζ®‘R‚Ζ‚µ‚½’nζ,‹ζ“Ή,“μ,20,,,,ƒKƒX,…“Ή,‰Ί…“Ή,“μηZ,,940 ,‚PZ‹,–h‰Ξ,60 ,300 ,,,,,,,,,,,
›,13118 ,6 ,rμ,0 ,2 ,‹ζ•”,‚»‚Μ‘Ό‹ζ,rμ‹ζ,Ό“ϊ•ι—Άl’–Ϊ‚P‚O‚S‚O”Τ‚Q‚T“ΰ,Ό“ϊ•ι—Ά‚S|‚P‚P|‚P,"908,000 ","829,000 ",9.5 ,137 ,,1,1.2,‹¤“―Z‘ξ,S,4F,,‹¤“―Z‘ξ‚Μ‚Ω‚©Aκ”ΚZ‘ξ‚ΰ©‚η‚κ‚ιZ‘ξ’nζ,‹ζ“Ή,–k“,7.1,,‘¤“Ή,“μ“,ƒKƒX,…“Ή,‰Ί…“Ή,Ό“ϊ•ι—Ά,,430 ,‚PZ‹,€–h,60 ,300 ,,‚“x,,,,,,,,,
›,13118 ,6 ,rμ,0 ,3 ,‹ζ•”,‚»‚Μ‘Ό‹ζ,rμ‹ζ,rμ“ρ’–Ϊ‚Q‚P”Τ‚R‚TO,rμ‚Q|‚Q‚P|‚Q,"589,000 ","551,000 ",6.9 ,102 ,,1,3,‰c‹Ζ“Z‘ξ,S,3F,,¬HκA‰c‹Ζ“Z‘ξAκ”ΚZ‘ξ‚ª¬έ‚·‚ι’nζ,‹ζ“Ή,Ό,8.1,,,,ƒKƒX,…“Ή,‰Ί…“Ή,’¬‰®,,530 ,€H,€–h,80 ,300 ,,‚“x,,,,,*,13118 ,0 ,2 ,"568,000 "
›,13118 ,6 ,rμ,0 ,4 ,‹ζ•”,‚»‚Μ‘Ό‹ζ,rμ‹ζ,““ϊ•ι—Ά“ρ’–Ϊ‚P‚W‚R‚U”Τ‚Q,““ϊ•ι—Ά‚Q|‚P‚U|‚S,"651,000 ","594,000 ",9.6 ,101 ,,1,2,Z‘ξ,W,3F,,κ”ΚZ‘ξA‹¤“―Z‘ξA––±“™‚ª¬έ‚·‚ι’nζ,‹ζ“Ή,“μ,8.1,,,,ƒKƒX,…“Ή,‰Ί…“Ή,Oƒm—Φ,,490 ,€H,€–h,60 ,300 ,,,,,,,,,,,
›,13118 ,6 ,rμ,0 ,5 ,‹ζ•”,‚»‚Μ‘Ό‹ζ,rμ‹ζ,“μηZZ’–Ϊ‚Q‚R”Τ‚R,“μηZ‚U|‚Q‚P|‚P,"484,000 ","452,000 ",7.1 ,76 ,,1.5,1,μ‹Ζ“Z‘ξ,W,2F,,¬‹K–Ν‚Μμ‹ΖA“X•άAZ‘ξ‚ª¬έ‚·‚ι’nζ,‹ζ“Ή,Ό,6,,,,ƒKƒX,…“Ή,‰Ί…“Ή,rμ‹ζ–π‘O,,350 ,€H,€–h,80 ,300 ,,‚“x,,,,,,,,,
›,13118 ,6 ,rμ,0 ,6 ,‹ζ•”,‚»‚Μ‘Ό‹ζ,rμ‹ζ,’¬‰®κ’–Ϊ‚X‚P‚Q”Τ‚P‚R,’¬‰®‚P|‚W|‚P‚R,"567,000 ","530,000 ",7.0 ,74 ,,1,1.2,Z‘ξ,W,3F,,κ”ΚZ‘ξAƒAƒp[ƒgAμ‹Ζ“™‚ª¬έ‚·‚ι’nζ,‹ζ“Ή,–k,4.1,,,,ƒKƒX,…“Ή,‰Ί…“Ή,’¬‰®,,460 ,€H,€–h,80 ,300 ,,‚“x,,,,,,,,,
›,13118 ,6 ,rμ,5 ,1 ,‹ζ•”,‚»‚Μ‘Ό‹ζ,rμ‹ζ,““ϊ•ι—ΆO’–Ϊ‚P‚R‚R‚W”Τ‚PO,““ϊ•ι—Ά‚R|‚S‚R|‚X,"1,030,000 ","928,000 ",11.0 ,168 ,•s®`,1,1.5,“X•άA––±“‹¤“―Z‘ξ,SRC,10F,,“X•άA’†‚‘wƒ}ƒ“ƒVƒ‡ƒ““™‚ª¬έ‚·‚ι¤‹Ζ’nζ,“s“Ή,Ό,19.3,,,,ƒKƒX,…“Ή,‰Ί…“Ή,O‰Ν“‡,,240 ,¤‹Ζ,–h‰Ξ,80 ,500 ,,‚“x,,,,,*,13118 ,5 ,4 ,"963,000 "
›,13118 ,6 ,rμ,5 ,2 ,‹ζ•”,‚»‚Μ‘Ό‹ζ,rμ‹ζ,“”φ‹v”ª’–Ϊ‚P‚X‚P‚S”Τ‚P‚PO,“”φ‹v‚W|‚S‚S|‚P,"660,000 ","600,000 ",10.0 ,125 ,,1,3,––±“‹¤“―Z‘ξ,S,3F,,“X•άA––±A‹¤“―Z‘ξ“™‚ª¬έ‚·‚ι¤‹Ζ’nζ,“s“Ή,“μ,25,,,,ƒKƒX,…“Ή,‰Ί…“Ή,‹{ƒm‘O,,80 ,‹ί¤,–h‰Ξ,80 ,400 ,,‚“x,,,,,,,,,
›,13118 ,6 ,rμ,5 ,3 ,‹ζ•”,‚»‚Μ‘Ό‹ζ,rμ‹ζ,’¬‰®O’–Ϊ‚P‚Q‚R‚R”Τ‚T,’¬‰®‚R|‚Q‚X|‚P‚Q,"595,000 ","547,000 ",8.8 ,206 ,,1,2.5,“X•ά“‹¤“―Z‘ξ,RC,6F,,“X•άA––±A‹¤“―Z‘ξ‚ª¬έ‚·‚ι‹ί—Χ¤‹Ζ’nζ,‹ζ“Ή,–k,11,,,,ƒKƒX,…“Ή,‰Ί…“Ή,’¬‰®,,800 ,‹ί¤,–h‰Ξ,80 ,400 ,,‚“x,,,,,,,,,
›,13118 ,6 ,rμ,5 ,4 ,‹ζ•”,‚»‚Μ‘Ό‹ζ,rμ‹ζ,Ό“ϊ•ι—Ά“ρ’–Ϊ‚S‚P‚R”Τ‚P‚O,Ό“ϊ•ι—Ά‚Q|‚Q‚U|‚P‚O,"2,020,000 ","1,790,000 ",12.8 ,193 ,,1,2,––±,SRC,9F,1B,––±A“X•άAƒ}ƒ“ƒVƒ‡ƒ““™‚ª¬έ‚·‚ι¤‹Ζ’nζ,“s“Ή,–k“,25,,,,ƒKƒX,…“Ή,‰Ί…“Ή,“ϊ•ι—Ά,,260 ,¤‹Ζ,–h‰Ξ,80 ,700 ,,,,,,,,,,,
›,13118 ,6 ,rμ,5 ,5 ,‹ζ•”,‚»‚Μ‘Ό‹ζ,rμ‹ζ,“”φ‹vO’–Ϊ‚W‚O‚T”Τ‚S,“”φ‹v‚R|‚Q‚T|‚T,"844,000 ","760,000 ",11.1 ,237 ,•s®`,1.5,1,“X•ά“‹¤“―Z‘ξ,RC,6F,,’†‚‘w‚Μ“X•ά“ƒ}ƒ“ƒVƒ‡ƒ“‚ª‘½‚Ά¤‹Ζ’nζ,“s“Ή,Ό,25,,‘¤“Ή,“μ,ƒKƒX,…“Ή,‰Ί…“Ή,Τ“y¬wZ‘O,,220 ,¤‹Ζ,–h‰Ξ,80 ,500 ,,,,,,,,,,,
›,13118 ,6 ,rμ,5 ,6 ,‹ζ•”,‚»‚Μ‘Ό‹ζ,rμ‹ζ,rμκ’–Ϊ‚S‚X”Τ‚V,rμ‚P|‚S‚X|‚P,"1,050,000 ","938,000 ",11.9 ,189 ,‘δ`,1,2.5,“X•άA––±“‹¤“―Z‘ξ,SRC,10F,,“X•άA––±Aƒ}ƒ“ƒVƒ‡ƒ““™‚ª‚Ώ•ΐ‚Τ¤‹Ζ’nζ,“s“Ή,–k,23,,”w–Κ“Ή,,ƒKƒX,…“Ή,‰Ί…“Ή,O‰Ν“‡,,780 ,¤‹Ζ,–h‰Ξ,80 ,600 ,,,,,,,,,,,
›,13118 ,6 ,rμ,5 ,7 ,‹ζ•”,‚»‚Μ‘Ό‹ζ,rμ‹ζ,“μηZά’–Ϊ‚P‚W”Τ‚V,“μηZ‚T|‚R‚V|‚R,"981,000 ","880,000 ",11.5 ,262 ,‘δ`,1,1.5,“X•ά“‹¤“―Z‘ξ,RC,12F,,“X•άA“X•ά“‹¤“―Z‘ξ“™‚ª‚Ώ•ΐ‚Τ¤‹Ζ’nζ,“s“Ή,“,20,,,,ƒKƒX,…“Ή,‰Ί…“Ή,“μηZ,,150 ,¤‹Ζ,–h‰Ξ,80 ,500 ,,,,,,,,,,,
›,13118 ,6 ,rμ,5 ,8 ,‹ζ•”,‚»‚Μ‘Ό‹ζ,rμ‹ζ,“μηZκ’–Ϊ‚T‚O”Τ‚Q‚XO,“μηZ‚P|‚R‚P|‚W,"627,000 ","575,000 ",9.0 ,92 ,,1,1.2,“X•ά“Z‘ξ,W,2F,,¬”„“X•ά‚ª‚Ώ•ΐ‚ΤƒA[ƒP[ƒh“ΰ‚Μ¤‹Ζ’nζ,‹ζ“Ή,“μΌ,5.6,,,,ƒKƒX,…“Ή,‰Ί…“Ή,Oƒm—Φ,,330 ,‹ί¤,€–h,80 ,300 ,,‚“x,,,,,*,13118 ,5 ,3 ,"600,000 "
›,13119 ,6 ,”Β‹΄,0 ,1 ,‹ζ•”,‚»‚Μ‘Ό‹ζ,”Β‹΄‹ζ,”Β‹΄l’–Ϊ‚R‚R‚X‚Q”Τ‚U,”Β‹΄‚S|‚R‚V|‚Q,"621,000 ","571,000 ",8.8 ,171 ,,1,3,Z‘ξ,LS,2F,,κ”ΚZ‘ξA‹¤“―Z‘ξ“™‚ª‚Ώ•ΐ‚ΤZ‘ξ’nζ,‹ζ“Ή,“μ“,8,,,,ƒKƒX,…“Ή,‰Ί…“Ή,V”Β‹΄,,290 ,‚P’†κ,€–h,60 ,300 ,,‚“x,,,,,,,,,
›,13119 ,6 ,”Β‹΄,0 ,2 ,‹ζ•”,‚»‚Μ‘Ό‹ζ,”Β‹΄‹ζ,ό΄“ρ’–Ϊ‚P‚T‚P‚R”Τ‚P‚OO,ό΄‚Q|‚P‚Q|‚P‚P,"600,000 ","555,000 ",8.1 ,125 ,,1,2.5,Z‘ξ,W,3F,,’†‹K–Νκ”ΚZ‘ξ‚π’†S‚Ζ‚µ‚½Β‹«—ΗD‚ΘZ‘ξ’nζ,‹ζ“Ή,–kΌ,6,,,,ƒKƒX,…“Ή,‰Ί…“Ή,¬’|ό΄,,420 ,‚P’†κ,€–h,60 ,200 ,,‚“x,,,,,,,,,
›,13119 ,6 ,”Β‹΄,0 ,3 ,‹ζ•”,‚»‚Μ‘Ό‹ζ,”Β‹΄‹ζ,β‰Ί“ρ’–Ϊ‚R‚X”Τ‚W,β‰Ί‚Q|‚R‚O|‚V,"414,000 ","396,000 ",4.5 ,99 ,,1.2,1,Z‘ξ,LS,3F,,κ”ΚZ‘ξAƒ}ƒ“ƒVƒ‡ƒ““™‚ª‚Ώ•ΐ‚ΤZ‘ξ’nζ,‹ζ“Ή,Ό,8,,,,ƒKƒX,…“Ή,‰Ί…“Ή,@ª,,350 ,‚PZ‹,€–h,60 ,200 ,,‚“x,,,,,,,,,
›,13119 ,6 ,”Β‹΄,0 ,4 ,‹ζ•”,‚»‚Μ‘Ό‹ζ,”Β‹΄‹ζ,‚“‡•½κ’–Ϊ‚R‚V”Τ‚R,‚“‡•½‚P|‚R‚V|‚S,"400,000 ","384,000 ",4.2 ,153 ,,1,1.5,Z‘ξ,W,2F,,’†‹K–Νκ”ΚZ‘ξ‚ª‘½‚Ά‹ζ‰ζ®‘R‚Ζ‚µ‚½Z‘ξ’nζ,‹ζ“Ή,“μ,6,,,,ƒKƒX,…“Ή,‰Ί…“Ή,Ό‘δ,,750 ,‚P’†κ,€–h,60 ,200 ,,‚“x,,,,,*,13119 ,0 ,22 ,"393,000 "
›,13119 ,6 ,”Β‹΄,0 ,5 ,‹ζ•”,‚»‚Μ‘Ό‹ζ,”Β‹΄‹ζ,¬–ΞªO’–Ϊ‚U‚R”Τ‚U,¬–Ξª‚R|‚U|‚P,"493,000 ","459,000 ",7.4 ,65 ,,1,1.5,Z‘ξ,W,2F,,¬‹K–ΝZ‘ξAƒ}ƒ“ƒVƒ‡ƒ““™‚ª‚Ώ•ΐ‚ΤZ‘ξ’nζ,‹ζ“Ή,“μ“,6,,,,ƒKƒX,…“Ή,‰Ί…“Ή,¬’|ό΄,,"1,000 ",‚P’†κ,€–h,60 ,200 ,,‚“x,,,,,,,,,
›,13119 ,6 ,”Β‹΄,0 ,6 ,‹ζ•”,‚»‚Μ‘Ό‹ζ,”Β‹΄‹ζ,‘o—t’¬‚Q‚Q”Τ‚UO,‘o—t’¬‚Q‚Q|‚R,"520,000 ","490,000 ",6.1 ,153 ,,1,1.2,Z‘ξ,W,2F,,κ”ΚZ‘ξA’†’α‘w‹¤“―Z‘ξ‚ª‚Ώ•ΐ‚ΤZ‘ξ’nζ,‹ζ“Ή,“μ,4.5,,,,ƒKƒX,…“Ή,‰Ί…“Ή,’†”Β‹΄,,650 ,‚P’†κ,€–h,60 ,200 ,,‚“x,,,,,,,,,
›,13119 ,6 ,”Β‹΄,0 ,7 ,‹ζ•”,‚»‚Μ‘Ό‹ζ,”Β‹΄‹ζ,γ”Β‹΄κ’–Ϊ‚S‚X‚Q‚W”Τ‚Q‚R,γ”Β‹΄‚P|‚X|‚W,"525,000 ","483,000 ",8.7 ,108 ,,1,2,Z‘ξ,S,3F,,¬‹K–Νκ”ΚZ‘ξAƒAƒp[ƒg“™‚ª‚Ώ•ΐ‚ΤZ‘ξ’nζ,‹ζ“Ή,–k,4,,,,ƒKƒX,…“Ή,‰Ί…“Ή,γ”Β‹΄,,300 ,‚PZ‹,€–h,60 ,200 ,,‚“x,,,,,,,,,
›,13119 ,6 ,”Β‹΄,0 ,8 ,‹ζ•”,‚»‚Μ‘Ό‹ζ,”Β‹΄‹ζ,“V’¬κ’–Ϊ‚R‚O”Τ‚P‚X,“V’¬‚P|‚R‚O|‚X,"482,000 ","450,000 ",7.1 ,127 ,,1,1.5,Z‘ξ,LS,2F,,’†‹K–Νκ”ΚZ‘ξAƒAƒp[ƒg‚ª‚Ώ•ΐ‚ΤZ‘ξ’nζ,‹ζ“Ή,Ό,6,,,,ƒKƒX,…“Ή,‰Ί…“Ή,‚Ζ‚«‚ν‘δ,,"1,000 ",‚P’†κ,€–h,60 ,200 ,,‚“x,,,,,*,13119 ,0 ,4 ,"457,000 "
›,13119 ,6 ,”Β‹΄,0 ,9 ,‹ζ•”,‚»‚Μ‘Ό‹ζ,”Β‹΄‹ζ,χμO’–Ϊ‚S‚V”Τ,χμ‚R|‚P‚U|‚T,"498,000 ","467,000 ",6.6 ,178 ,,1,1.2,Z‘ξ,W,2F,,’†‹K–Νκ”ΚZ‘ξ‚Ι‹¤“―Z‘ξ“™‚ª©‚η‚κ‚ιZ‘ξ’nζ,‹ζ“Ή,Ό,6,,,,ƒKƒX,…“Ή,‰Ί…“Ή,γ”Β‹΄,,550 ,‚P’†κ,€–h,60 ,200 ,,‚“x,,,,,,,,,
›,13119 ,6 ,”Β‹΄,0 ,10 ,‹ζ•”,‚»‚Μ‘Ό‹ζ,”Β‹΄‹ζ,‘εR“’¬‚P‚O”Τ‚S,‘εR“’¬‚P‚O|‚Q,"660,000 ","606,000 ",8.9 ,99 ,,1,1.2,‹¤“―Z‘ξ,S,3F,,’†‘wƒ}ƒ“ƒVƒ‡ƒ“‚ΰ‘½‚ΆX‹ζ‚Μ®‚Α‚½Z‘ξ’nζ,‹ζ“Ή,“,6,,,,ƒKƒX,…“Ή,‰Ί…“Ή,‘εR,,350 ,‚QZ‹,€–h,60 ,300 ,,‚“x,,,,,*,13119 ,0 ,17 ,"630,000 "
›,13119 ,6 ,”Β‹΄,0 ,11 ,‹ζ•”,‚»‚Μ‘Ό‹ζ,”Β‹΄‹ζ,Τ’Λ“ρ’–Ϊ‚P‚X‚X‚O”Τ‚Q‚Q,Τ’Λ‚Q|‚Q‚T|‚R‚P,"480,000 ","461,000 ",4.1 ,103 ,,1.2,1,Z‘ξ,LS,2F,,κ”ΚZ‘ξ“™‚ª‚Ώ•ΐ‚Τ‹ζ‰ζ®‘R‚Ζ‚µ‚½Z‘ξ’nζ,‹ζ“Ή,–k“,5,,,,ƒKƒX,…“Ή,‰Ί…“Ή,’n‰Ί“SΤ’Λ,,310 ,‚P’†κ,€–h,60 ,200 ,,‚“x,,,,,*,13119 ,0 ,11 ,"467,000 "
›,13119 ,6 ,”Β‹΄,0 ,12 ,‹ζ•”,‚»‚Μ‘Ό‹ζ,”Β‹΄‹ζ,u‘Ί“ρ’–Ϊ‚P‚O”Τ‚T,u‘Ί‚Q|‚U|‚P‚R,"500,000 ","473,000 ",5.7 ,120 ,,1,2,Z‘ξ,W,2F,,κ”ΚZ‘ξA‹¤“―Z‘ξ“™‚ª‚Ώ•ΐ‚ΤZ‘ξ’nζ,‹ζ“Ή,“,6,,,,ƒKƒX,…“Ή,‰Ί…“Ή,u‘Ίβγ,,340 ,‚PZ‹,€–h,60 ,200 ,,‚“x,,,,,,,,,
›,13119 ,6 ,”Β‹΄,0 ,13 ,‹ζ•”,‚»‚Μ‘Ό‹ζ,”Β‹΄‹ζ,Τ’ΛV’¬κ’–Ϊ‚P‚O‚Q‚W”Τ‚P‚Q,Τ’ΛV’¬‚P|‚V|‚R,"437,000 ","420,000 ",4.0 ,121 ,,1,1.5,Z‘ξ,W,3F,,’†‹K–Νκ”ΚZ‘ξAƒAƒp[ƒg“™‚ª‚Ώ•ΐ‚ΤZ‘ξ’nζ,‹ζ“Ή,Ό,6,,,,ƒKƒX,…“Ή,‰Ί…“Ή,’n‰Ί“SΤ’Λ,,500 ,‚PZ‹,€–h,60 ,200 ,,‚“x,,,,,,,,,
›,13119 ,6 ,”Β‹΄,0 ,14 ,‹ζ•”,‚»‚Μ‘Ό‹ζ,”Β‹΄‹ζ,Τ’ΛZ’–Ϊ‚P‚W‚S‚T”Τ‚QO,Τ’Λ‚U|‚S|‚P‚S,"432,000 ","413,000 ",4.6 ,191 ,,1,1.5,Z‘ξ,W,2F,,κ”ΚZ‘ξ‚Μ‚Ω‚©‚ΙƒAƒp[ƒg“™‚ª©‚η‚κ‚ιZ‘ξ’nζ,‹ζ“Ή,–kΌ,4,,,,ƒKƒX,…“Ή,‰Ί…“Ή,‰ΊΤ’Λ,,600 ,‚P’ακ,€–h,40 ,80 ,,‚“x,,,,,,,,,
›,13119 ,6 ,”Β‹΄,0 ,15 ,‹ζ•”,‚»‚Μ‘Ό‹ζ,”Β‹΄‹ζ,¬‘l’–Ϊ‚P‚X‚R‚Q”Τ‚V,¬‘‚S|‚Q‚V|‚P‚P,"388,000 ","375,000 ",3.5 ,96 ,,1,2,Z‘ξ,W,2F,,ΛZ‘ξ‚π’†S‚Ι‹¤“―Z‘ξ‚ΰ©‚η‚κ‚ιZ‘ξ’nζ,‹ζ“Ή,Ό,5,,,,ƒKƒX,…“Ή,‰Ί…“Ή,¬‘,,"1,100 ",‚P’ακ,€–h,40 ,80 ,,‚“x,,,,,,,,,
›,13119 ,6 ,”Β‹΄,0 ,16 ,‹ζ•”,‚»‚Μ‘Ό‹ζ,”Β‹΄‹ζ,’†Ϋ’¬‚Q‚X”Τ‚U,’†Ϋ’¬‚Q‚X|‚W,"609,000 ","562,000 ",8.4 ,175 ,,1,1.5,––±“‹¤“―Z‘ξ,RC,3F,,μ‹ΖA“X•άAƒ}ƒ“ƒVƒ‡ƒ““™‚ª¬έ‚·‚ιZ‘ξ’nζ,‹ζ“Ή,–kΌ,8,,,,ƒKƒX,…“Ή,‰Ί…“Ή,‘εR,,790 ,€H,€–h,60 ,300 ,,‚“x,,,,,,,,,
›,13119 ,6 ,”Β‹΄,0 ,17 ,‹ζ•”,‚»‚Μ‘Ό‹ζ,”Β‹΄‹ζ,‚“‡•½‹γ’–Ϊ‚Q‚X”Τ‚RO,‚“‡•½‚X|‚Q‚X|‚R,"420,000 ","393,000 ",6.9 ,247 ,,1,1.2,‹¤“―Z‘ξ“––±,RC,5F,,‹¤“―Z‘ξ‚ª‚Β’†‚Ι–‹Ζ“™‚ΰ‘¶‚·‚ιZ‘ξ’nζ,‹ζ“Ή,“μ,6,,,,ƒKƒX,…“Ή,‰Ί…“Ή,Ό‘δ,,680 ,€H,€–h,60 ,300 ,,‚“x,,,,,,,,,
›,13119 ,6 ,”Β‹΄,0 ,18 ,‹ζ•”,‚»‚Μ‘Ό‹ζ,”Β‹΄‹ζ,V‰Νέκ’–Ϊ‚P‚P‚S‚S”Τ‚W,V‰Νέ‚P|‚P‚V|‚P‚U,"319,000 ","307,000 ",3.9 ,75 ,,1,2.5,Z‘ξ,W,3F,,HκAμ‹ΖAκ”ΚZ‘ξ“™‚ª¬έ‚·‚ιZ‘ξ’nζ,‹ζ“Ή,–k,5,,,,ƒKƒX,…“Ή,‰Ί…“Ή,‚“‡•½,,"1,200 ",€H,€–h,60 ,200 ,,‚“x,,,,,,,,,
›,13119 ,6 ,”Β‹΄,0 ,19 ,‹ζ•”,‚»‚Μ‘Ό‹ζ,”Β‹΄‹ζ,‹{–{’¬‚R‚O”Τ‚P‚O,‹{–{’¬‚R‚O|‚U,"475,000 ","440,000 ",8.0 ,102 ,‘δ`,1,1.5,Z‘ξ,W,2F,,Z‘ξAƒAƒp[ƒg‚ΜO‚ΙHκ“™‚ª¬έ‚·‚ιZ‘ξ’nζ,‹ζ“Ή,–k,4.7,,,,ƒKƒX,…“Ή,‰Ί…“Ή,”Β‹΄–{’¬,,550 ,€H,€–h,60 ,200 ,,‚“x,,,,,,,,,
›,13119 ,6 ,”Β‹΄,5 ,1 ,‹ζ•”,‚»‚Μ‘Ό‹ζ,”Β‹΄‹ζ,”Β‹΄κ’–Ϊ‚P‚R”Τ‚UO,”Β‹΄‚P|‚P‚R|‚V,"1,170,000 ","1,040,000 ",12.5 ,168 ,,1,1.5,“X•ά“‹¤“―Z‘ξ,SRC,9F,,’†‚‘wƒrƒ‹A“X•ά“‹¤“―Z‘ξ‚ª‚Ώ•ΐ‚Τ¤‹Ζ’nζ,‹ζ“Ή,–k“,12,,,,ƒKƒX,…“Ή,‰Ί…“Ή,”Β‹΄,,100 ,¤‹Ζ,–h‰Ξ,80 ,600 ,,‚“x,,,,,,,,,
›,13119 ,6 ,”Β‹΄,5 ,2 ,‹ζ•”,‚»‚Μ‘Ό‹ζ,”Β‹΄‹ζ,¬‘κ’–Ϊ‚V‚R”Τ‚P,¬‘‚P|‚Q‚W|‚P‚R,"1,050,000 ","963,000 ",9.0 ,235 ,,1,3,“X•άA––±“‹¤“―Z‘ξ,SRC,8F,,’†‚‘w“X•ά––±“‹¤“―Z‘ξ‚ª‚Ώ•ΐ‚Τ¤‹Ζ’nζ,‘“Ή,–k“,25,,,,ƒKƒX,…“Ή,‰Ί…“Ή,’n‰Ί“S¬‘,,50 ,¤‹Ζ,–h‰Ξ,80 ,500 ,,‚“x,,,,,,,,,
›,13119 ,6 ,”Β‹΄,5 ,3 ,‹ζ•”,‚»‚Μ‘Ό‹ζ,”Β‹΄‹ζ,”Β‹΄“ρ’–Ϊ‚U‚T”Τ‚XO,”Β‹΄‚Q|‚U‚T|‚W,"1,080,000 ","968,000 ",11.6 ,701 ,,1,1.2,––±,SRC,8F,1B,‚‘w‚Μ––±Aƒ}ƒ“ƒVƒ‡ƒ““™‚ª‚Ώ•ΐ‚Τ¤‹Ζ’nζ,“s“Ή,Ό,40,,,,ƒKƒX,…“Ή,‰Ί…“Ή,”Β‹΄‹ζ–π‘O,,220 ,¤‹Ζ,–h‰Ξ,80 ,600 ,,‚“x,,,,,,,,,
›,13119 ,6 ,”Β‹΄,5 ,4 ,‹ζ•”,‚»‚Μ‘Ό‹ζ,”Β‹΄‹ζ,‘ε’Jϋ–k’¬‚U‚S”Τ‚U,‘ε’Jϋ–k’¬‚U‚S|‚U,"582,000 ","549,000 ",6.0 ,92 ,,1,2,“X•ά“‹¤“―Z‘ξ,S,4F,,¬”„“X•άA–‹Ζ“™‚ª‚Ώ•ΐ‚Τ‹ί—Χ¤‹Ζ’nζ,‹ζ“Ή,Ό,8.7,,,,ƒKƒX,…“Ή,‰Ί…“Ή,¬’|ό΄,,950 ,‹ί¤,€–h,80 ,300 ,,‚“x,,,,,,,,,
›,13119 ,6 ,”Β‹΄,5 ,5 ,‹ζ•”,‚»‚Μ‘Ό‹ζ,”Β‹΄‹ζ,“ΏΫO’–Ϊ‚P‚P‚T”Τ‚U,“ΏΫ‚R|‚P|‚Q‚O,"685,000 ","642,000 ",6.7 ,119 ,,1,2,“X•ά“Z‘ξ,RC,4F,,¬”„“X•άAƒ}ƒ“ƒVƒ‡ƒ““™‚ª‚Ώ•ΐ‚Τ¤‹Ζ’nζ,‹ζ“Ή,–k,11,,,,ƒKƒX,…“Ή,‰Ί…“Ή,“•—ϋ”n,,130 ,‹ί¤,€–h,80 ,300 ,,‚“x,,,,,,,,,
›,13119 ,6 ,”Β‹΄,5 ,6 ,‹ζ•”,‚»‚Μ‘Ό‹ζ,”Β‹΄‹ζ,‚“‡•½κ’–Ϊ‚V‚X”Τ‚QO,‚“‡•½‚P|‚V‚X|‚R,"785,000 ","720,000 ",9.0 ,"1,752 ",‘δ`,1,1,“X•ά“––±,SRC,5F,,’†‚‘w‚Μ“X•ά“‹¤“―Z‘ξ‚ª‘½‚Ά¤‹Ζ’nζ,“s“Ή,“μ,30,,”w–Κ“Ή,,ƒKƒX,…“Ή,‰Ί…“Ή,Ό‘δ,,130 ,¤‹Ζ,–h‰Ξ,80 ,400 ,,‚“x,,,,,,,,,
›,13119 ,6 ,”Β‹΄,5 ,7 ,‹ζ•”,‚»‚Μ‘Ό‹ζ,”Β‹΄‹ζ,’†”Β‹΄‚Q‚O”Τ‚R‚U,’†”Β‹΄‚Q‚O|‚R,"936,000 ","872,000 ",7.3 ,76 ,,1,3,“X•ά“Z‘ξ,S,5F,,’†‘w¬”„“X•άAωH“X“™‚ª‚Ώ•ΐ‚Τ‰w‘O¤‹Ζ’nζ,‹ζ“Ή,“μ,8,,,,ƒKƒX,…“Ή,‰Ί…“Ή,’†”Β‹΄,,70 ,¤‹Ζ,–h‰Ξ,80 ,400 ,,‚“x,,,,,,,,,
›,13119 ,6 ,”Β‹΄,5 ,8 ,‹ζ•”,‚»‚Μ‘Ό‹ζ,”Β‹΄‹ζ,‘εRΌ’¬‚T‚Q”Τ‚P‚R,‘εRΌ’¬‚T‚Q|‚P‚R,"1,010,000 ","900,000 ",12.2 ,201 ,‘δ`,1,1,“X•ά“‹¤“―Z‘ξ,RC,7F,,’†‚‘w‚Μ“X•ά“‹¤“―Z‘ξ“™‚ª‚Ώ•ΐ‚Τ¤‹Ζ’nζ,‘“Ή,–k“,25,,,,ƒKƒX,…“Ή,‰Ί…“Ή,‘εR,,540 ,¤‹Ζ,–h‰Ξ,80 ,500 ,,‚“x,,,,,,,,,
›,13119 ,6 ,”Β‹΄,5 ,9 ,‹ζ•”,‚»‚Μ‘Ό‹ζ,”Β‹΄‹ζ,ν”Υ‘δl’–Ϊ‚R‚P”Τ‚U,ν”Υ‘δ‚S|‚R‚P|‚R,"906,000 ","845,000 ",7.2 ,246 ,,1,2,“X•ά“––±,RC,5F,,’†’α‘w‚Μ¬”„“X•ά‚ª‚Ώ•ΐ‚Τ‰w‘O‚Μ¤‹Ζ’nζ,‹ζ“Ή,“μΌ,11,,,,ƒKƒX,…“Ή,‰Ί…“Ή,γ”Β‹΄,,80 ,¤‹Ζ,–h‰Ξ,80 ,400 ,,‚“x,,,,,,,,,
›,13119 ,6 ,”Β‹΄,5 ,10 ,‹ζ•”,‚»‚Μ‘Ό‹ζ,”Β‹΄‹ζ,@ΐ’¬‚Q‚U”Τ‚X,@ΐ’¬‚Q‚U|‚X,"570,000 ","535,000 ",6.5 ,155 ,‘δ`,1,1.2,“X•ά“Z‘ξ,S,2F,,“X•ά“Z‘ξ‚Μ‘Όƒ}ƒ“ƒVƒ‡ƒ“‚ΰ©‚η‚κ‚ι¤‹Ζ’nζ,‹ζ“Ή,“μ,11,,,,ƒKƒX,…“Ή,‰Ί…“Ή,–{@ΐ,,130 ,‹ί¤,€–h,80 ,300 ,,‚“x,,,,,*,13119 ,5 ,14 ,"546,000 "
›,13119 ,6 ,”Β‹΄,5 ,11 ,‹ζ•”,‚»‚Μ‘Ό‹ζ,”Β‹΄‹ζ,‘o—t’¬‚Q”Τ‚P‚O,‘o—t’¬‚Q|‚P‚Q,"553,000 ","519,000 ",6.6 ,109 ,,1,2.5,“X•ά“Z‘ξ,S,3F,,’†’α‘w‚Μ“ϊ—p•i“X•ά“™‚ª‚Ώ•ΐ‚Τ‹ί—Χ¤‹Ζ’nζ,‹ζ“Ή,–k,8.3,,,,ƒKƒX,…“Ή,‰Ί…“Ή,”Β‹΄–{’¬,,640 ,‹ί¤,€–h,80 ,300 ,,‚“x,,,,,,,,,
›,13119 ,6 ,”Β‹΄,5 ,12 ,‹ζ•”,‚»‚Μ‘Ό‹ζ,”Β‹΄‹ζ,@ª“ρ’–Ϊ‚T”Τ‚R‚O,@ª‚Q|‚Q‚O|‚P‚Q,"542,000 ","512,000 ",5.9 ,132 ,,1,2.5,“X•ά“‹¤“―Z‘ξ,S,3F,,’α‘w‚Μ“ϊ—p•i“X•ά“™‚ª‚Ώ•ΐ‚Τ‹ί—Χ¤‹Ζ’nζ,‹ζ“Ή,Ό,10,,,,ƒKƒX,…“Ή,‰Ί…“Ή,@ª,,380 ,‹ί¤,€–h,80 ,300 ,,‚“x,,,,,,,,,
›,13119 ,6 ,”Β‹΄,5 ,13 ,‹ζ•”,‚»‚Μ‘Ό‹ζ,”Β‹΄‹ζ,ν”Υ‘δ“ρ’–Ϊ‚U”Τ‚V,ν”Υ‘δ‚Q|‚U|‚T,"1,200,000 ","1,120,000 ",7.1 ,105 ,‘δ`,1,2.5,“X•ά“––±,RC,4F,1B,’†‘w‚Μ“X•άA‹βs“™‚ª¬έ‚·‚ι‰w‘O‚Μ¤‹Ζ’nζ,‹ζ“Ή,“μ“,15,,”w–Κ“Ή,,ƒKƒX,…“Ή,‰Ί…“Ή,‚Ζ‚«‚ν‘δ,,70 ,¤‹Ζ,–h‰Ξ,80 ,500 ,,‚“x,,,,,*,13119 ,5 ,9 ,"1,140,000 "
›,13120 ,6 ,—ϋ”n,0 ,1 ,‹ζ•”,‚»‚Μ‘Ό‹ζ,—ϋ”n‹ζ,®‹u“ρ’–Ϊ‚Q‚Q”Τ‚S‚R,®‹u‚Q|‚Q‚Q|‚V,"557,000 ","524,000 ",6.3 ,173 ,,1,2,Z‘ξ,W,3F,,’†‹K–Ν‚Μκ”ΚZ‘ξ‚ª‘½‚ΆZ‘ξ’nζ,‹ζ“Ή,“μΌ,4.3,,,,ƒKƒX,…“Ή,‰Ί…“Ή,]Γ“c,,680 ,‚P’ακ,€–h,60 ,150 ,,‚“x,,,,,,,,,
›,13120 ,6 ,—ϋ”n,0 ,2 ,‹ζ•”,‚»‚Μ‘Ό‹ζ,—ϋ”n‹ζ,Φ’¬“μO’–Ϊ‚V‚W‚Q”Τ‚P‚S,Φ’¬“μ‚R|‚R‚O|‚T,"424,000 ","405,000 ",4.7 ,165 ,,1,2,Z‘ξ,W,2F,,κ”ΚZ‘ξA—Ύ“™‚Μ‚Ω‚©‚Ι”_’n‚ΰ©‚η‚κ‚ιZ‘ξ’nζ,‹ζ“Ή,“μ,5.5,,,,ƒKƒX,…“Ή,‰Ί…“Ή,•‘ Φ,,850 ,‚P’ακ,€–h,50 ,100 ,,‚“x,,,,,,,,,
,13120 ,6 ,—ϋ”n,0 ,3 ,‹ζ•”,‚»‚Μ‘Ό‹ζ,—ϋ”n‹ζ,‰H‘ς“ρ’–Ϊ‚Q‚X”Τ‚P‚U,‰H‘ς‚Q|‚Q‚X|‚V,"523,000 ",,,98 ,,1,2,Z‘ξ,W,2F,,κ”ΚZ‘ξ‹y‚ΡƒAƒp[ƒg“™‚ª‚Ώ•ΐ‚Τω¬Z‘ξ’nζ,‹ζ“Ή,–k,5.7,,,,ƒKƒX,…“Ή,‰Ί…“Ή,¬’|ό΄,,800 ,‚P’ακ,€–h,60 ,150 ,,‚“x,,,,,,,,,
›,13120 ,6 ,—ϋ”n,0 ,4 ,‹ζ•”,‚»‚Μ‘Ό‹ζ,—ϋ”n‹ζ,χ‘δά’–Ϊ‚T‚V‚S‚X”Τ‚P‚U,χ‘δ‚T|‚R‚U|‚Q‚T,"498,000 ","472,000 ",5.5 ,111 ,,1.2,1,Z‘ξ,W,2F,,’†¬‹K–Ν‚Μκ”ΚZ‘ξ‚ª‘½‚ΆΥΓ‚ΘZ‘ξ’nζ,‹ζ“Ή,–k“,5,,,,ƒKƒX,…“Ή,‰Ί…“Ή,•Xμ‘δ,,810 ,‚P’ακ,€–h,50 ,100 ,,‚“x,,,,,,,,,
›,13120 ,6 ,—ϋ”n,0 ,5 ,‹ζ•”,‚»‚Μ‘Ό‹ζ,—ϋ”n‹ζ,ΡδO’–Ϊ‚T‚R‚S”Τ‚T,Ρδ‚R|‚Q‚X|‚Q‚P,"452,000 ","432,000 ",4.6 ,110 ,,1,1.2,Z‘ξ,W,2F,,κ”ΚZ‘ξ‚Μ‚Ω‚©‚ΙwZ“™‚ª©‚η‚κ‚ιZ‘ξ’nζ,‹ζ“Ή,–k,4,,,,ƒKƒX,…“Ή,‰Ί…“Ή,•xm©‘δ,,680 ,‚P’ακ,€–h,50 ,100 ,,‚“x,,,,,*,13120 ,0 ,29 ,"441,000 "
›,13120 ,6 ,—ϋ”n,0 ,6 ,‹ζ•”,‚»‚Μ‘Ό‹ζ,—ϋ”n‹ζ,Ξ_δ‘δZ’–Ϊ‚P‚U‚O‚X”Τ‚R‚W,Ξ_δ‘δ‚U|‚P‚P|‚P‚U,"363,000 ","349,000 ",4.0 ,125 ,,1,1,Z‘ξ,W,2F,,’†¬‹K–Ν‚Μκ”ΚZ‘ξ‚ª‚Ώ•ΐ‚ΤZ‘ξ’nζ,‹ζ“Ή,“,4,,,,ƒKƒX,…“Ή,‰Ί…“Ή,‘εςw‰€,,"1,300 ",‚P’ακ,€–h,50 ,100 ,,‚“x,,,,,,,,,
›,13120 ,6 ,—ϋ”n,0 ,7 ,‹ζ•”,‚»‚Μ‘Ό‹ζ,—ϋ”n‹ζ,•½a‘δ“ρ’–Ϊ‚P‚T‚X‚P”Τ‚S‚U,•½a‘δ‚Q|‚Q‚Q|‚R,"465,000 ","444,000 ",4.7 ,117 ,,1,1,Z‘ξ,W,3F,,κ”ΚZ‘ξAƒAƒp[ƒg“™‚ª‚Ώ•ΐ‚ΤZ‘ξ’nζ,‹ζ“Ή,“μ,6,,,,ƒKƒX,…“Ή,‰Ί…“Ή,•½a‘δ,,"1,000 ",‚P’ακ,€–h,60 ,200 ,,‚“x,,,,,*,13120 ,0 ,4 ,"453,000 "
›,13120 ,6 ,—ϋ”n,0 ,8 ,‹ζ•”,‚»‚Μ‘Ό‹ζ,—ϋ”n‹ζ,–L‹Κ“μO’–Ϊ‚W”Τ‚R‚O,–L‹Κ“μ‚R|‚W|‚T,"486,000 ","461,000 ",5.4 ,108 ,,1,2,Z‘ξ,W,2F,,κ”ΚZ‘ξA‹¤“―Z‘ξ‚ª‘½‚­©‚η‚κ‚ιZ‘ξ’nζ,‹ζ“Ή,“μ,6,,,,ƒKƒX,…“Ή,‰Ί…“Ή,–μ•ϋ,,870 ,‚P’†κ,€–h,60 ,200 ,,‚“x,,,,,,,,,
›,13120 ,6 ,—ϋ”n,0 ,9 ,‹ζ•”,‚»‚Μ‘Ό‹ζ,—ϋ”n‹ζ,‘‹{κ’–Ϊ‚T‚U”Τ‚R‚X,‘‹{‚P|‚P‚W|‚Q‚U,"481,000 ","456,000 ",5.5 ,109 ,,1,1,Z‘ξ,W,2F,,κ”ΚZ‘ξAƒAƒp[ƒg“™‚ª‚Ώ•ΐ‚ΤZ‘ξ’nζ,‹ζ“Ή,Ό,4.5,,,,ƒKƒX,…“Ή,‰Ί…“Ή,•Xμ‘δ,,550 ,‚P’ακ,€–h,50 ,100 ,,‚“x,,,,,,,,,
›,13120 ,6 ,—ϋ”n,0 ,10 ,‹ζ•”,‚»‚Μ‘Ό‹ζ,—ϋ”n‹ζ,όR“ρ’–Ϊ‚R”Τ‚Q‚P,όR‚Q|‚Q‚S|‚P‚O,"488,000 ","462,000 ",5.6 ,180 ,,1,1,Z‘ξ,W,2F,,’†‹K–Νκ”ΚZ‘ξ‚ª‘½‚Άω¬Z‘ξ’nζ,‹ζ“Ή,–k“,5.5,,,,ƒKƒX,…“Ή,‰Ί…“Ή,Ό•–L“‡‰€,,470 ,‚P’ακ,€–h,50 ,100 ,,‚“x,,,,,,,,,
›,13120 ,6 ,—ϋ”n,0 ,11 ,‹ζ•”,‚»‚Μ‘Ό‹ζ,—ϋ”n‹ζ,‰ΊΞ_δ“ρ’–Ϊ‚P‚Q‚X”Τ‚V‚P,‰ΊΞ_δ‚Q|‚Q‚T|‚P‚S,"415,000 ","398,000 ",4.3 ,132 ,,1.2,1,Z‘ξ,LS,2F,,’†¬κ”ΚZ‘ξ‚Μ‚Ω‚©ƒAƒp[ƒg“™‚ª‘¶‚·‚ιZ‘ξ’nζ,‹ζ“Ή,–k“,4.1,,,,ƒKƒX,…“Ή,‰Ί…“Ή,γδ‘,,960 ,‚P’ακ,€–h,50 ,100 ,,‚“x,,,,,,,,,
›,13120 ,6 ,—ϋ”n,0 ,12 ,‹ζ•”,‚»‚Μ‘Ό‹ζ,—ϋ”n‹ζ,‘ες’¬O’–Ϊ‚P‚R‚T‚T”Τ‚V‚O,‘ες’¬‚R|‚R‚T|‚X,"247,000 ","241,000 ",2.5 ,98 ,,1,1.2,Z‘ξ,W,2F,,’†¬‹K–Νκ”ΚZ‘ξ‚ª‚Ώ•ΐ‚Τω‘¶‚ΜZ‘ξ’nζ,‹ζ“Ή,“μ,5.5,,,,ƒKƒX,…“Ή,‰Ί…“Ή,‘εςw‰€,,"2,700 ",‚P’ακ,€–h,50 ,100 ,,‚“x,,,,,,,,,
›,13120 ,6 ,—ϋ”n,0 ,13 ,‹ζ•”,‚»‚Μ‘Ό‹ζ,—ϋ”n‹ζ,’†‘ΊO’–Ϊ‚R‚S”Τ‚Q‚S,’†‘Ί‚R|‚R‚S|‚Q,"504,000 ","476,000 ",5.9 ,107 ,,1,2,Z‘ξ,W,3F,,’†¬‹K–ΝZ‘ξAƒAƒp[ƒg“™‚ª‚Ώ•ΐ‚ΤZ‘ξ’nζ,‹ζ“Ή,“μ,6,,,,ƒKƒX,…“Ή,‰Ί…“Ή,’†‘Ί‹΄,,800 ,‚P’ακ,€–h,60 ,200 ,,‚“x,,,,,,,,,
›,13120 ,6 ,—ϋ”n,0 ,14 ,‹ζ•”,‚»‚Μ‘Ό‹ζ,—ϋ”n‹ζ,–L‹Κ’†O’–Ϊ‚Q‚U”Τ‚S,–L‹Κ’†‚R|‚Q‚U|‚U,"523,000 ","494,000 ",5.9 ,131 ,,1,1.5,Z‘ξ,W,2F,,κ”ΚZ‘ξAƒAƒp[ƒg“™‚ª‚Ώ•ΐ‚ΤZ‘ξ’nζ,‹ζ“Ή,Ό,6,,,,ƒKƒX,…“Ή,‰Ί…“Ή,—ϋ”n,,850 ,‚P’ακ,€–h,60 ,200 ,,‚“x,,,,,,,,,
›,13120 ,6 ,—ϋ”n,0 ,15 ,‹ζ•”,‚»‚Μ‘Ό‹ζ,—ϋ”n‹ζ,γΞ_δO’–Ϊ‚Q‚S‚S”Τ‚Q‚U,γΞ_δ‚R|‚Q‚V|‚R‚P,"409,000 ","391,000 ",4.6 ,120 ,,1,1.2,Z‘ξ,W,2F,,’†¬‹K–Νκ”ΚZ‘ξ‚ΙƒAƒp[ƒg‚ΰ©‚η‚κ‚ιZ‘ξ’nζ,‹ζ“Ή,“,5,,,,ƒKƒX,…“Ή,‰Ί…“Ή,γΞ_δ,,760 ,‚P’ακ,€–h,50 ,100 ,,‚“x,,,,,,,,,
›,13120 ,6 ,—ϋ”n,0 ,16 ,‹ζ•”,‚»‚Μ‘Ό‹ζ,—ϋ”n‹ζ,“μ‘εςl’–Ϊ‚T‚U‚S”Τ‚P‚Q,“μ‘ες‚S|‚S‚W|‚T,"382,000 ","368,000 ",3.8 ,142 ,,1,1,Z‘ξ,W,2F,,κ”ΚZ‘ξAƒAƒp[ƒg“™‚ª‚Ώ•ΐ‚ΤZ‘ξ’nζ,‹ζ“Ή,Ό,4,,,,ƒKƒX,…“Ή,‰Ί…“Ή,•Ϋ’J,,470 ,‚P’ακ,€–h,50 ,100 ,,‚“x,,,,,,,,,
›,13120 ,6 ,—ϋ”n,0 ,17 ,‹ζ•”,‚»‚Μ‘Ό‹ζ,—ϋ”n‹ζ,t“ϊ’¬κ’–Ϊ‚Q‚Q‚P‚P”Τ‚P‚X,t“ϊ’¬‚P|‚R‚U|‚T,"466,000 ","443,000 ",5.2 ,125 ,,1,2,Z‘ξ,W,2F,,’†‹K–Νκ”ΚZ‘ξ‚ª‘½‚ΆΥΓ‚ΘZ‘ξ’nζ,‹ζ“Ή,“μ,5,,,,ƒKƒX,…“Ή,‰Ί…“Ή,—ϋ”nt“ϊ’¬,,490 ,‚P’ακ,€–h,50 ,100 ,,‚“x,,,,,*,13120 ,0 ,12 ,"453,000 "
›,13120 ,6 ,—ϋ”n,0 ,18 ,‹ζ•”,‚»‚Μ‘Ό‹ζ,—ϋ”n‹ζ,Ρδl’–Ϊ‚R‚S‚T‚V”Τ‚X,Ρδ‚S|‚S‚T|‚R‚R,"375,000 ","359,000 ",4.5 ,111 ,,1,1.5,Z‘ξ,W,2F,,’†¬‹K–Νκ”ΚZ‘ξ‚ª‚Ώ•ΐ‚ΤZ‘ξ’nζ,‹ζ“Ή,–kΌ,5,,,,ƒKƒX,…“Ή,‰Ί…“Ή,•xm©‘δ,,"1,300 ",‚P’ακ,€–h,50 ,100 ,,‚“x,,,,,,,,,
›,13120 ,6 ,—ϋ”n,0 ,19 ,‹ζ•”,‚»‚Μ‘Ό‹ζ,—ϋ”n‹ζ,“μ‘ες“ρ’–Ϊ‚V‚R”Τ‚V‚R,“μ‘ες‚Q|‚P‚T|‚X,"325,000 ","314,000 ",3.5 ,143 ,,1,1.5,Z‘ξ,W,2F,,’†¬‹K–Ν‚Μκ”ΚZ‘ξ‚ª‚Ώ•ΐ‚ΤZ‘ξ’nζ,‹ζ“Ή,“μΌ,4,,,,ƒKƒX,…“Ή,‰Ί…“Ή,•Ϋ’J,,"1,200 ",‚P’ακ,€–h,50 ,100 ,,‚“x,,,,,,,,,
›,13120 ,6 ,—ϋ”n,0 ,20 ,‹ζ•”,‚»‚Μ‘Ό‹ζ,—ϋ”n‹ζ,Φ’¬–k“ρ’–Ϊ‚U‚Q‚W”Τ‚Q‚R,Φ’¬–k‚Q|‚X|‚T,"471,000 ","451,000 ",4.4 ,165 ,,1.2,1,Z‘ξ,W,2F,,’†¬‹K–Νκ”ΚZ‘ξ‚ª‘½‚Ά‹ζ‰ζ®‘R‚Ζ‚µ‚½Z‘ξ’nζ,‹ζ“Ή,“μ,6,,,,ƒKƒX,…“Ή,‰Ί…“Ή,•‘ Φ,,410 ,‚P’†κ,€–h,50 ,150 ,,‚“x,,,,,*,13120 ,0 ,35 ,"459,000 "
›,13120 ,6 ,—ϋ”n,0 ,21 ,‹ζ•”,‚»‚Μ‘Ό‹ζ,—ϋ”n‹ζ,‚Ό“ρ’–Ϊ‚R‚W‚Q‚V”Τ‚W,‚Ό‚Q|‚P‚W|‚T,"386,000 ","369,000 ",4.6 ,128 ,,1,1,‹¤“―Z‘ξ,LS,2F,,κ”ΚZ‘ξ‚Μ’†‚ΙƒAƒp[ƒg“™‚ª©‚η‚κ‚ιZ‘ξ’nζ,‹ζ“Ή,Ό,4,,,,ƒKƒX,…“Ή,‰Ί…“Ή,—ϋ”nt“ϊ’¬,,"1,100 ",‚P’ακ,€–h,50 ,100 ,,‚“x,,,,,,,,,
›,13120 ,6 ,—ϋ”n,0 ,22 ,‹ζ•”,‚»‚Μ‘Ό‹ζ,—ϋ”n‹ζ,“yx“cκ’–Ϊ‚S‚V‚P‚W”Τ‚P‚V,“yx“c‚P|‚P‚W|‚W,"311,000 ","299,000 ",4.0 ,119 ,,1,1,Z‘ξ,W,2F,,κ”ΚZ‘ξ‚Μ’†‚ΙƒAƒp[ƒg“™‚ª©‚η‚κ‚ιZ‘ξ’nζ,‹ζ“Ή,“μ,5,,,,ƒKƒX,…“Ή,‰Ί…“Ή,υ‚ª‹u,,"1,500 ",‚P’ακ,€–h,50 ,100 ,,‚“x,,,,,,,,,
›,13120 ,6 ,—ϋ”n,0 ,23 ,‹ζ•”,‚»‚Μ‘Ό‹ζ,—ϋ”n‹ζ,•xm©‘δκ’–Ϊ‚P‚T‚Q”Τ‚Q‚P‚T,•xm©‘δ‚P|‚P‚O|‚P‚O,"428,000 ","409,000 ",4.6 ,181 ,,1,2,Z‘ξ,LS,2F,,κ”ΚZ‘ξ‚Μ‚Ω‚©ƒAƒp|ƒg‚ΰ¬έ‚·‚ιZ‘ξ’nζ,‹ζ“Ή,Ό,5.5,,,,ƒKƒX,…“Ή,‰Ί…“Ή,•xm©‘δ,,900 ,‚P’ακ,€–h,50 ,100 ,,‚“x,,,,,,,,,
›,13120 ,6 ,—ϋ”n,0 ,24 ,‹ζ•”,‚»‚Μ‘Ό‹ζ,—ϋ”n‹ζ,’J΄O’–Ϊ‚P‚U‚V‚W”Τ‚R,’J΄‚R|‚U|‚P‚R,"349,000 ","336,000 ",3.9 ,152 ,,1,1.2,Z‘ξ,LS,2F,,κ”ΚZ‘ξ‚π’†S‚ΙƒAƒp[ƒg“™‚ΰ©‚η‚κ‚ιZ‘ξ’nζ,‹ζ“Ή,“,5,,,,ƒKƒX,…“Ή,‰Ί…“Ή,Ξ_δφ‰€,,"1,700 ",‚P’ακ,€–h,50 ,100 ,,‚“x,,,,,,,,,
›,13120 ,6 ,—ϋ”n,0 ,25 ,‹ζ•”,‚»‚Μ‘Ό‹ζ,—ϋ”n‹ζ,“‘εςά’–Ϊ‚R‚T‚W”Τ‚Q‚Q,“‘ες‚T|‚Q‚U|‚P‚R,"477,000 ","453,000 ",5.3 ,147 ,,1.2,1,Z‘ξ,W,2F,,’†‹K–Νκ”ΚZ‘ξ‚βƒAƒp[ƒg‚Μ‘½‚ΆZ‘ξ’nζ,‹ζ“Ή,“,6,,,,ƒKƒX,…“Ή,‰Ί…“Ή,‘εςw‰€,,550 ,‚P’ακ,€–h,50 ,100 ,,‚“x,,,,,,,,,
›,13120 ,6 ,—ϋ”n,0 ,26 ,‹ζ•”,‚»‚Μ‘Ό‹ζ,—ϋ”n‹ζ,Ό‘εςά’–Ϊ‚P‚P‚R‚T”Τ‚S,Ό‘ες‚T|‚Q‚S|‚R,"279,000 ","271,000 ",3.0 ,104 ,,1,2,Z‘ξ,W,2F,,’†¬‹K–Νκ”ΚZ‘ξ‚ª‘½‚ΆZ‘ξ’nζ,‹ζ“Ή,“μ,4,,,,ƒKƒX,…“Ή,‰Ί…“Ή,•Ϋ’J,,"1,400 ",‚P’ακ,€–h,50 ,100 ,,‚“x,,,,,,,,,
›,13120 ,6 ,—ϋ”n,0 ,27 ,‹ζ•”,‚»‚Μ‘Ό‹ζ,—ϋ”n‹ζ,“yx“cO’–Ϊ‚P‚P‚U‚X”Τ‚T,“yx“c‚R|‚P‚O|‚V,"305,000 ","295,000 ",3.4 ,135 ,,1,1.2,Z‘ξ,W,2F,,¬‹K–Νκ”ΚZ‘ξ‚ª‘½‚­©‚η‚κ‚ιZ‘ξ’nζ,“ΉH,Ό,5.5,,,,ƒKƒX,…“Ή,‰Ί…“Ή,Ξ_δφ‰€,,"1,900 ",‚P’ακ,€–h,50 ,100 ,,‚“x,,,,,,,,,
›,13120 ,6 ,—ϋ”n,0 ,28 ,‹ζ•”,‚»‚Μ‘Ό‹ζ,—ϋ”n‹ζ,Ξ_δ’¬“ρ’–Ϊ‚P‚S‚R‚W”Τ‚R‚V,Ξ_δ’¬‚Q|‚R‚O|‚S,"481,000 ","454,000 ",5.9 ,118 ,,1,1.5,Z‘ξ,W,2F,1B,’†¬‹K–Ν‚Μκ”ΚZ‘ξAƒAƒp[ƒg‚ª‘½‚ΆZ‘ξ’nζ,„“Ή,“μ,4.5,,,,ƒKƒX,…“Ή,‰Ί…“Ή,Ξ_δφ‰€,,650 ,‚P’†κ,€–h,50 ,150 ,,‚“x,,,,,,,,,
›,13120 ,6 ,—ϋ”n,0 ,29 ,‹ζ•”,‚»‚Μ‘Ό‹ζ,—ϋ”n‹ζ,‰ΊΞ_δO’–Ϊ‚U‚W‚R”Τ‚Q,‰ΊΞ_δ‚R|‚P‚X|‚P‚P,"384,000 ","367,000 ",4.6 ,171 ,‘δ`,1,1.5,Z‘ξ,W,2F,,’†¬‹K–Ν‚Μκ”ΚZ‘ξAƒAƒp[ƒg‚ª‘½‚ΆZ‘ξ’nζ,‹ζ“Ή,–k,4,,,,ƒKƒX,…“Ή,‰Ί…“Ή,Ξ_δφ‰€,,"1,000 ",‚P’ακ,€–h,50 ,100 ,,‚“x,,,,,,,,,
›,13120 ,6 ,—ϋ”n,0 ,30 ,‹ζ•”,‚»‚Μ‘Ό‹ζ,—ϋ”n‹ζ,“‘εςO’–Ϊ‚W‚O‚U”Τ‚Q‚O,“‘ες‚R|‚Q‚P|‚P‚P,"514,000 ","485,000 ",6.0 ,133 ,,1,2,Z‘ξ,W,2F,,κ”ΚZ‘ξ“™‚ª‚Ώ•ΐ‚ΤΒ‹«—ΗD‚ΘZ‘ξ’nζ,‹ζ“Ή,–k,6,,,,ƒKƒX,…“Ή,‰Ί…“Ή,‘εςw‰€,,410 ,‚P’ακ,€–h,50 ,100 ,,‚“x,,,,,*,13120 ,0 ,60 ,"494,000 "
›,13120 ,6 ,—ϋ”n,0 ,31 ,‹ζ•”,‚»‚Μ‘Ό‹ζ,—ϋ”n‹ζ,‘εςw‰€’¬µ’–Ϊ‚S‚W‚Q”Τ‚P‚R,‘εςw‰€’¬‚V|‚P‚T|‚R‚X,"251,000 ","244,000 ",2.9 ,117 ,,1,1.5,Z‘ξ,W,2F,,’†¬‹K–Νκ”ΚZ‘ξ‚ª‘½‚Ά‹ζ‰ζ®‘R‚Ζ‚µ‚½Z‘ξ’nζ,‹ζ“Ή,“,5.4,,,,ƒKƒX,…“Ή,‰Ί…“Ή,‘εςw‰€,,"3,000 ",‚P’ακ,€–h,50 ,100 ,,‚“x,,,,,,,,,
›,13120 ,6 ,—ϋ”n,0 ,32 ,‹ζ•”,‚»‚Μ‘Ό‹ζ,—ϋ”n‹ζ,‘ες’¬ά’–Ϊ‚T‚Q‚Q”Τ‚T‚Q,‘ες’¬‚T|‚Q‚X|‚P‚R,"324,000 ","314,000 ",3.2 ,165 ,,1,1.2,Z‘ξ,W,2F,,’†¬‹K–Νκ”ΚZ‘ξ“™‚ª‚Ώ•ΐ‚ΤZ‘ξ’nζ,‹ζ“Ή,–k,4.3,,,,ƒKƒX,…“Ή,‰Ί…“Ή,‘εςw‰€,,"1,700 ",‚P’ακ,€–h,50 ,100 ,,‚“x,,,,,,,,,
›,13120 ,6 ,—ϋ”n,0 ,33 ,‹ζ•”,‚»‚Μ‘Ό‹ζ,—ϋ”n‹ζ,–k’¬”ª’–Ϊ‚X‚X‚X”Τ‚V,–k’¬‚W|‚P‚S|‚P‚T,"440,000 ","419,000 ",5.0 ,108 ,,1,2,Z‘ξ,W,2F,,κ”ΚZ‘ξ‚Μ’†‚ΙƒAƒp[ƒg“™‚ΰ©‚η‚κ‚ιZ‘ξ’nζ,‹ζ“Ή,–k“,6,,,,ƒKƒX,…“Ή,‰Ί…“Ή,’n‰Ί“SΤ’Λ,,390 ,‚P’ακ,€–h,50 ,100 ,,‚“x,,,,,,,,,
›,13120 ,6 ,—ϋ”n,0 ,34 ,‹ζ•”,‚»‚Μ‘Ό‹ζ,—ϋ”n‹ζ,Φ’¬“κ’–Ϊ‚S‚U”Τ‚V,Φ’¬“‚P|‚P‚S|‚Q,"438,000 ","419,000 ",4.5 ,150 ,,1,1,Z‘ξ,W,2F,,’†‹K–Νκ”ΚZ‘ξ‚β‹¤“―Z‘ξ“™‚ª‚Ώ•ΐ‚ΤZ‘ξ’nζ,‹ζ“Ή,“μ,6,,,,ƒKƒX,…“Ή,‰Ί…“Ή,•‘ Φ,,570 ,‚P’ακ,€–h,50 ,100 ,,‚“x,,,,,,,,,
›,13120 ,6 ,—ϋ”n,0 ,35 ,‹ζ•”,‚»‚Μ‘Ό‹ζ,—ϋ”n‹ζ,‘εςw‰€’¬Z’–Ϊ‚W‚O‚W”Τ‚U,‘εςw‰€’¬‚U|‚P‚R|‚Q‚S,"261,000 ","255,000 ",2.4 ,190 ,,1,2,Z‘ξ,W,2F,1B,κ”ΚZ‘ξ“™‚ª‚Ώ•ΐ‚Τ‹ζ‰ζ®‘R‚Ζ‚µ‚½Z‘ξ’nζ,‹ζ“Ή,–k,5.7,,,,ƒKƒX,…“Ή,‰Ί…“Ή,‘εςw‰€,,"2,600 ",‚P’ακ,€–h,50 ,100 ,,‚“x,,,,,*,13120 ,0 ,10 ,"257,000 "
›,13120 ,6 ,—ϋ”n,0 ,36 ,‹ζ•”,‚»‚Μ‘Ό‹ζ,—ϋ”n‹ζ,‘εςw‰€’¬“ρ’–Ϊ‚Q‚R‚S‚Q”Τ‚P‚X,‘εςw‰€’¬‚Q|‚R|‚P‚U,"358,000 ","344,000 ",4.1 ,166 ,,1,1,Z‘ξ,W,2F,,κ”ΚZ‘ξ‚ª‘½‚­AƒAƒp[ƒg“™‚ΰ©‚η‚κ‚ιZ‘ξ’nζ,“ΉH,“,4,,,,ƒKƒX,…“Ή,‰Ί…“Ή,‘εςw‰€,,900 ,‚P’ακ,€–h,50 ,100 ,,‚“x,,,,,,,,,
›,13120 ,6 ,—ϋ”n,0 ,37 ,‹ζ•”,‚»‚Μ‘Ό‹ζ,—ϋ”n‹ζ,–k’¬κ’–Ϊ‚S‚X‚O”Τ‚P,–k’¬‚P|‚Q‚W|‚Q,"469,000 ","446,000 ",5.2 ,259 ,,1,2,‹¤“―Z‘ξ,S,3F,,κ”ΚZ‘ξAƒAƒp[ƒgA––±“™‚ª¬έ‚·‚ι’nζ,‹ζ“Ή,“μ,6,,,,ƒKƒX,…“Ή,‰Ί…“Ή,“•—ϋ”n,,520 ,€H,€–h,60 ,200 ,,‚“x,,,,,,,,,
›,13120 ,6 ,—ϋ”n,5 ,1 ,‹ζ•”,‚»‚Μ‘Ό‹ζ,—ϋ”n‹ζ,®‹uκ’–Ϊ‚T‚W”Τ‚XO,®‹u‚P|‚T‚W|‚X,"801,000 ","749,000 ",6.9 ,107 ,,1,1.5,“X•άA––±“Z‘ξ,RC,6F,,“X•άA––±Aƒ}ƒ“ƒVƒ‡ƒ““™‚ª¬έ‚·‚ι¤‹Ζ’nζ,“s“Ή,–k“,15,,,,ƒKƒX,…“Ή,‰Ί…“Ή,]Γ“c,,350 ,‹ί¤,–h‰Ξ,80 ,400 ,,‚“x,,,,,,,,,
›,13120 ,6 ,—ϋ”n,5 ,2 ,‹ζ•”,‚»‚Μ‘Ό‹ζ,—ϋ”n‹ζ,‘εςw‰€’¬κ’–Ϊ‚Q‚Q‚O‚V”Τ‚Q‚PO,‘εςw‰€’¬‚P|‚V|‚P‚V,"471,000 ","451,000 ",4.4 ,342 ,,1,1.5,“X•άA––±“‹¤“―Z‘ξ,RC,4F,1B,ωH“XA‰c‹ΖA‹¤“―Z‘ξ“™‚ª‘½‚ΆHό¤‹Ζ’nζ,‹ζ“Ή,Ό,12.7,,,,ƒKƒX,…“Ή,‰Ί…“Ή,‘εςw‰€,,"1,200 ",‹ί¤,–h‰Ξ,80 ,300 ,,‚“x,,,,,,,,,
›,13120 ,6 ,—ϋ”n,5 ,3 ,‹ζ•”,‚»‚Μ‘Ό‹ζ,—ϋ”n‹ζ,–L‹Κγ“ρ’–Ϊ‚P‚S”Τ‚P‚WO,–L‹Κγ‚Q|‚P‚S|‚P‚O,"1,050,000 ","982,000 ",6.9 ,113 ,,1,2,“X•άAZ‘ξ“‹¤“―Z‘ξ,RC,7F,,’†‚‘w“X•ά•t‹¤“―Z‘ξ‚ª‘½‚Ά“s“Ή‰‚Ά‚Μ¤‹Ζ’nζ,“s“Ή,–k,19.5,,,,ƒKƒX,…“Ή,‰Ί…“Ή,χ‘δ,,100 ,¤‹Ζ,–h‰Ξ,80 ,500 ,,,,,,,,,,,
›,13120 ,6 ,—ϋ”n,5 ,4 ,‹ζ•”,‚»‚Μ‘Ό‹ζ,—ϋ”n‹ζ,ΡδO’–Ϊ‚S‚P‚S”Τ‚P,Ρδ‚R|‚P|‚P‚Q,"873,000 ","820,000 ",6.5 ,131 ,,1,1,“X•ά“‹¤“―Z‘ξ,S,4F,,’†‘w‚Μ“X•ά“‹¤“―Z‘ξ‚ª‘½‚Ά‰w‹ί‚­‚Μ¤‹Ζ’nζ,‹ζ“Ή,–k,5.4,,”w–Κ“Ή,,ƒKƒX,…“Ή,‰Ί…“Ή,•xm©‘δ,,100 ,¤‹Ζ,–h‰Ξ,80 ,400 ,,‚“x,,,,,,,,,
›,13120 ,6 ,—ϋ”n,5 ,5 ,‹ζ•”,‚»‚Μ‘Ό‹ζ,—ϋ”n‹ζ,•Xμ‘δO’–Ϊ‚R‚Q‚P”Τ‚SO,•Xμ‘δ‚R|‚S‚O|‚P‚P,"762,000 ","714,000 ",6.7 ,185 ,,1,3,“X•ά“‹¤“―Z‘ξ,S,4F,,’†‘w“X•ά“ƒ}ƒ“ƒVƒ‡ƒ““™‚ª‚Ώ•ΐ‚Τ‹ί—Χ¤‹Ζ’nζ,‹ζ“Ή,–kΌ,11,,,,ƒKƒX,…“Ή,‰Ί…“Ή,•Xμ‘δ,,120 ,‹ί¤,–h‰Ξ,80 ,300 ,,‚“x,,,,,*,13120 ,5 ,7 ,"735,000 "
›,13120 ,6 ,—ϋ”n,5 ,6 ,‹ζ•”,‚»‚Μ‘Ό‹ζ,—ϋ”n‹ζ,–L‹Κ–kZ’–Ϊ‚P”Τ‚P‚R,–L‹Κ–k‚U|‚P|‚W,"1,660,000 ","1,540,000 ",7.8 ,176 ,,1,1.2,“X•ά,SRC,8F,1B,’†‚‘w‚Μ“X•άA––±ƒrƒ‹‚ª‚Ώ•ΐ‚Τ¤‹Ζ’nζ,“s“Ή,–k,16.5,,,,ƒKƒX,…“Ή,‰Ί…“Ή,—ϋ”n,,300 ,¤‹Ζ,–h‰Ξ,80 ,600 ,,,,,,,*,13120 ,5 ,1 ,"1,590,000 "
›,13120 ,6 ,—ϋ”n,5 ,7 ,‹ζ•”,‚»‚Μ‘Ό‹ζ,—ϋ”n‹ζ,“μ“c’†O’–Ϊ‚V‚O‚V”Τ‚P,“μ“c’†‚R|‚Q‚W|‚P‚S,"647,000 ","605,000 ",6.9 ,480 ,,1,2,“X•ά“’“Τκ,S,3F,,“X•άAƒ}ƒ“ƒVƒ‡ƒ““™‚ª¬έ‚·‚ιHό¤‹Ζ’nζ,“s“Ή,Ό,25,,‘¤“Ή,“μ,ƒKƒX,…“Ή,‰Ί…“Ή,—ϋ”n‚–μ‘δ,,530 ,€Z‹,–h‰Ξ,60 ,300 ,,‚“x,,,,,,,,,
›,13120 ,6 ,—ϋ”n,5 ,8 ,‹ζ•”,‚»‚Μ‘Ό‹ζ,—ϋ”n‹ζ,γΞ_δκ’–Ϊ‚S‚Q‚X”Τ‚Q‚X,γΞ_δ‚P|‚P‚V|‚P‚S,"719,000 ","675,000 ",6.5 ,63 ,,1,2,––±“‹¤“―Z‘ξ,S,3F,,“X•άA––±“‹¤“―Z‘ξ“™‚ª‚Ώ•ΐ‚Τ¤‹Ζ’nζ,‹ζ“Ή,–k,7.2,,,,ƒKƒX,…“Ή,‰Ί…“Ή,γΞ_δ,,180 ,‹ί¤,–h‰Ξ,80 ,400 ,,,,,,,,,,,
›,13120 ,6 ,—ϋ”n,5 ,9 ,‹ζ•”,‚»‚Μ‘Ό‹ζ,—ϋ”n‹ζ,•½a‘δl’–Ϊ‚P‚U‚Q‚Q”Τ‚SO,•½a‘δ‚S|‚Q‚Q|‚P‚V,"672,000 ","635,000 ",5.8 ,84 ,,1,2.5,“X•ά“‹¤“―Z‘ξ,S,4F,,’†‚‘w“X•ά“™‚ª‚Ώ•ΐ‚Τ²ό“ΉH‰‚Ά‚Μ¤‹Ζ’nζ,“s“Ή,–kΌ,25,,,,ƒKƒX,…“Ή,‰Ί…“Ή,•½a‘δ,,210 ,‹ί¤,–h‰Ξ,80 ,300 ,,‚“x,,,,,,,,,
›,13120 ,6 ,—ϋ”n,5 ,10 ,‹ζ•”,‚»‚Μ‘Ό‹ζ,—ϋ”n‹ζ,–L‹Κ–kκ’–Ϊ‚W”Τ‚P‚OO,–L‹Κ–k‚P|‚W|‚P‚O,"795,000 ","737,000 ",7.9 ,393 ,,1,1.5,“X•ά“‹¤“―Z‘ξ,RC,8F,1B,‚‘w‚Μ“X•ά“‹¤“―Z‘ξ“™‚ª‚Ώ•ΐ‚ΤHό¤‹Ζ’nζ,“s“Ή,–k“,25,,,,ƒKƒX,…“Ή,‰Ί…“Ή,V]Γ“c,,140 ,‹ί¤,–h‰Ξ,80 ,300 ,,‚“x,,,,,,,,,
›,13120 ,6 ,—ϋ”n,5 ,11 ,‹ζ•”,‚»‚Μ‘Ό‹ζ,—ϋ”n‹ζ,—ϋ”nl’–Ϊ‚U‚V‚P‚R”Τ‚R,—ϋ”n‚S|‚Q‚T|‚P‚R,"727,000 ","676,000 ",7.5 ,122 ,,1,2,“X•ά“‹¤“―Z‘ξ,S,3F,,“X•ά“‹¤“―Z‘ξ“™‚ª‚Ώ•ΐ‚Τ‰w‘O¤‹Ζ’nζ,‹ζ“Ή,Ό,12,,,,ƒKƒX,…“Ή,‰Ί…“Ή,“s‰c–L“‡‰€,‹ίΪ,,‹ί¤,–h‰Ξ,80 ,300 ,,‚“x,,,,,,,,,
›,13120 ,6 ,—ϋ”n,5 ,12 ,‹ζ•”,‚»‚Μ‘Ό‹ζ,—ϋ”n‹ζ,–k’¬κ’–Ϊ‚P‚W‚P”Τ‚T,–k’¬‚P|‚R‚Q|‚P,"617,000 ","582,000 ",6.0 ,63 ,,1,2,“X•ά“Z‘ξ,S,3F,,’†¬‹K–Ν‚Μ¬”„“X•ά‚ª‚Ώ•ΐ‚Τ¤‹Ζ’nζ,‹ζ“Ή,“μΌ,8.2,,,,ƒKƒX,…“Ή,‰Ί…“Ή,“•—ϋ”n,,450 ,‹ί¤,–h‰Ξ,80 ,400 ,,‚“x,,,,,,,,,
›,13121 ,6 ,‘«—§,0 ,1 ,‹ζ•”,‚»‚Μ‘Ό‹ζ,‘«—§‹ζ,ξ“ρ’–Ϊ‚R‚X‚T‚Q”Τ‚QO,ξ‚Q|‚Q‚X|‚P‚X,"345,000 ","328,000 ",5.2 ,101 ,‘δ`,1,1.5,Z‘ξ,LS,3F,,κ”ΚZ‘ξ‚Μ’†‚Ι‹¤“―Z‘ξ“™‚ª©‚η‚κ‚ιZ‘ξ’nζ,‹ζ“Ή,“,5,,,,ƒKƒX,…“Ή,‰Ί…“Ή,ξ‘ε‹΄,,310 ,‚P’†κ,€–h,60 ,200 ,,‚“x,,,,,,,,,
›,13121 ,6 ,‘«—§,0 ,2 ,‹ζ•”,‚»‚Μ‘Ό‹ζ,‘«—§‹ζ,•½–μO’–Ϊ‚P‚R‚V‚Q”Τ‚P,•½–μ‚R|‚P‚T|‚Q‚S,"269,000 ","261,000 ",3.1 ,151 ,,1,1.2,Z‘ξ,W,2F,,κ”ΚZ‘ξ‚Μ‚Ω‚©‚Ι¬”„“X•ά‚ª©‚η‚κ‚ιZ‘ξ’nζ,‹ζ“Ή,“μ,6,,,,ƒKƒX,…“Ή,‰Ί…“Ή,Z’¬,,"1,400 ",‚P’ακ,€–h,50 ,150 ,,‚“x,,,,,,,,,
›,13121 ,6 ,‘«—§,0 ,3 ,‹ζ•”,‚»‚Μ‘Ό‹ζ,‘«—§‹ζ,“‡ªl’–Ϊ‚Q‚V‚R”Τ‚PO,“‡ª‚S|‚P‚S|‚W,"308,000 ","296,000 ",4.1 ,148 ,‘δ`,1,1,Z‘ξ,LS,2F,,κ”ΚZ‘ξ‚Μ‚Ω‚©‚Ι‹¤“―Z‘ξ‚ª‘½‚ΆZ‘ξ’nζ,‹ζ“Ή,“μ“,4.6,,‘¤“Ή,“μΌ,ƒKƒX,…“Ή,‰Ί…“Ή,ΌVδ,,870 ,‚P’†κ,€–h,60 ,200 ,,‚“x,,,,,,,,,
›,13121 ,6 ,‘«—§,0 ,4 ,‹ζ•”,‚»‚Μ‘Ό‹ζ,‘«—§‹ζ,“al’–Ϊ‚P‚P‚W”Τ‚P‚S,“a‚S|‚X|‚P‚S,"365,000 ","345,000 ",5.8 ,132 ,,1,1.5,Z‘ξ,LS,2F,,’†‹K–Νκ”ΚZ‘ξA‹¤“―Z‘ξ“™‚ª‚Ώ•ΐ‚ΤZ‘ξ’nζ,‹ζ“Ή,–k“,11.8,,,,ƒKƒX,…“Ή,‰Ί…“Ή,‹T—L,,"1,100 ",‚PZ‹,€–h,60 ,300 ,,‚“x,,,,,,,,,
›,13121 ,6 ,‘«—§,0 ,5 ,‹ζ•”,‚»‚Μ‘Ό‹ζ,‘«—§‹ζ,_–Ύ“μκ’–Ϊ‚Q‚Q‚S”Τ‚P‚U,_–Ύ“μ‚P|‚W|‚P‚P,"226,000 ","216,000 ",4.6 ,100 ,,1,1.5,Z‘ξ,W,2F,,¬‹K–Νκ”ΚZ‘ξA‹¤“―Z‘ξ“™‚ª‚Ώ•ΐ‚ΤZ‘ξ’nζ,‹ζ“Ή,Ό,5,,,,ƒKƒX,…“Ή,‰Ί…“Ή,–k»£,,"1,600 ",‚P’ακ,€–h,50 ,150 ,,‚“x,,,,,,,,,
›,13121 ,6 ,‘«—§,0 ,6 ,‹ζ•”,‚»‚Μ‘Ό‹ζ,‘«—§‹ζ,Z’¬κ’–Ϊ‚W”Τ‚R‚R,Z’¬‚P|‚T|‚Q‚P,"442,000 ","420,000 ",5.2 ,132 ,,2,1,Z‘ξ,W,2F,,κ”ΚZ‘ξ‚ª‘½‚Ά“y’n‹ζ‰ζ®—–‹Ζ’n“ΰ‚ΜZ‘ξ’nζ,‹ζ“Ή,“,6,,,,ƒKƒX,…“Ή,‰Ί…“Ή,Z’¬,,400 ,‚PZ‹,€–h,60 ,200 ,,‚“x,,,,,,,,,
›,13121 ,6 ,‘«—§,0 ,7 ,‹ζ•”,‚»‚Μ‘Ό‹ζ,‘«—§‹ζ,ΒδO’–Ϊ‚R‚O”Τ‚V,Βδ‚R|‚P‚X|‚P‚T,"424,000 ","409,000 ",3.7 ,107 ,,1,1.5,Z‘ξ,W,2F,,’†¬‹K–Ν‚Μκ”ΚZ‘ξ‚ª‘½‚ΆΥΓ‚ΘZ‘ξ’nζ,‹ζ“Ή,“μ,6,,,,ƒKƒX,…“Ή,‰Ί…“Ή,Βδ,,310 ,‚P’†κ,€–h,60 ,200 ,,‚“x,,,,,,,,,
›,13121 ,6 ,‘«—§,0 ,8 ,‹ζ•”,‚»‚Μ‘Ό‹ζ,‘«—§‹ζ,ηZά’–Ϊ‚W‚W”Τ‚T,ηZ‚T|‚Q‚T|‚P‚S,"592,000 ","551,000 ",7.4 ,87 ,,1.5,1,Z‘ξ,S,3F,,¬‹K–Νκ”ΚZ‘ξ‚ª‚Ώ•ΐ‚Τω‘¶‚ΜZ‘ξ’nζ,‹ζ“Ή,“μ,5.4,,,,ƒKƒX,…“Ή,‰Ί…“Ή,–kηZ,,560 ,‚PZ‹,€–h,80 ,300 ,,‚“x,,,,,,,,,
›,13121 ,6 ,‘«—§,0 ,9 ,‹ζ•”,‚»‚Μ‘Ό‹ζ,‘«—§‹ζ,’†μ“ρ’–Ϊ‚Q‚P‚S”Τ‚Q,’†μ‚Q|‚P‚P|‚Q,"397,000 ","379,000 ",4.7 ,179 ,,1,1.2,‹¤“―Z‘ξ,LS,3F,,κ”ΚZ‘ξ‚Μ‚Ω‚©‚Ι‹¤“―Z‘ξ“™‚ª©‚η‚κ‚ιZ‘ξ’nζ,‹ζ“Ή,“μΌ,6,,,,ƒKƒX,…“Ή,‰Ί…“Ή,‹T—L,,620 ,‚PZ‹,€–h,60 ,300 ,,‚“x,,,,,,,,,
›,13121 ,6 ,‘«—§,0 ,10 ,‹ζ•”,‚»‚Μ‘Ό‹ζ,‘«—§‹ζ,»£κ’–Ϊ‚Q‚S‚R”Τ‚R,»£‚P|‚P‚X|‚P‚O,"491,000 ","463,000 ",6.0 ,135 ,,1,2,Z‘ξ,LS,3F,,κ”ΚZ‘ξA‹¤“―Z‘ξ“™‚ª‚Ώ•ΐ‚ΤZ‘ξ’nζ,‹ζ“Ή,–k,4.5,,,,ƒKƒX,…“Ή,‰Ί…“Ή,»£,,360 ,‚P’†κ,€–h,60 ,300 ,,‚“x,,,,,,,,,
›,13121 ,6 ,‘«—§,0 ,11 ,‹ζ•”,‚»‚Μ‘Ό‹ζ,‘«—§‹ζ,ηZ’†‹’¬‚P‚U”Τ‚S‚R,ηZ’†‹’¬‚Q‚U|‚P‚O,"496,000 ","464,000 ",6.9 ,137 ,,1,2,‹¤“―Z‘ξ,S,4F,,κ”ΚZ‘ξA‹¤“―Z‘ξAHκ“™‚ª¬έ‚·‚ιZ‘ξ’nζ,‹ζ“Ή,“,3.8,,,,ƒKƒX,…“Ή,‰Ί…“Ή,–kηZ,,750 ,‚PZ‹,€–h,80 ,300 ,,‚“x,,,,,,,,,
›,13121 ,6 ,‘«—§,0 ,12 ,‹ζ•”,‚»‚Μ‘Ό‹ζ,‘«—§‹ζ,»£O’–Ϊ‚Q‚Q”Τ‚P‚O,»£‚R|‚Q‚Q|‚V,"694,000 ","643,000 ",7.9 ,486 ,,1,1.5,‹¤“―Z‘ξ,S,3F,,κ”ΚZ‘ξA‹¤“―Z‘ξ“™‚ª‘½‚­©‚η‚κ‚ιZ‘ξ’nζ,‹ζ“Ή,–k,6,,,,ƒKƒX,…“Ή,‰Ί…“Ή,»£,,420 ,‚PZ‹,€–h,60 ,300 ,,‚“x,,,,,*,13121 ,0 ,13 ,"663,000 "
›,13121 ,6 ,‘«—§,0 ,13 ,‹ζ•”,‚»‚Μ‘Ό‹ζ,‘«—§‹ζ,­•lZ’–Ϊ‚P‚O”Τ‚Q‚P,­•l‚U|‚P‚O|‚P‚T,"254,000 ","244,000 ",4.1 ,99 ,,1,1.5,Z‘ξ,S,3F,,κ”ΚZ‘ξ‚Μ‚Ω‚©‚Ιμ‹Ζ‚ª¬έ‚·‚ιZ‘ξ’nζ,‹ζ“Ή,“,6,,‘¤“Ή,–k,ƒKƒX,…“Ή,‰Ί…“Ή,ΌVδ‘εtΌ,,"1,200 ",‚PZ‹,€–h,60 ,200 ,,‚“x,,,,,*,13121 ,0 ,30 ,"245,000 "
›,13121 ,6 ,‘«—§,0 ,14 ,‹ζ•”,‚»‚Μ‘Ό‹ζ,‘«—§‹ζ,’|‚Μ’Λ“ρ’–Ϊ‚P‚X”Τ‚Q,’|‚Μ’Λ‚Q|‚P‚X|‚Q,"426,000 ","410,000 ",3.9 ,205 ,,1,1.5,Z‘ξ,S,3F,,’†‹K–Νκ”ΚZ‘ξ‚Μ‘½‚ΆΥΓ‚ΘZ‘ξ’nζ,‹ζ“Ή,“μ,6,,,,ƒKƒX,…“Ή,‰Ί…“Ή,’|ƒm’Λ,,850 ,‚P’†κ,€–h,60 ,300 ,,‚“x,,,,,*,13121 ,0 ,45 ,"414,000 "
›,13121 ,6 ,‘«—§,0 ,15 ,‹ζ•”,‚»‚Μ‘Ό‹ζ,‘«—§‹ζ,–{–Ψ“’¬‚Q‚X”Τ‚P‚T,–{–Ψ“’¬‚Q‚X|‚P,"261,000 ","250,000 ",4.4 ,115 ,,1,1,Z‘ξ,W,2F,,κ”ΚZ‘ξAμ‹Ζ“™‚ª¬έ‚·‚ιZ‘ξ’nζ,‹ζ“Ή,“μ,4.5,,,,ƒKƒX,…“Ή,‰Ί…“Ή,ΌVδ,,"1,400 ",€H,€–h,80 ,200 ,,‚“x,,,,,,,,,
›,13121 ,6 ,‘«—§,0 ,16 ,‹ζ•”,‚»‚Μ‘Ό‹ζ,‘«—§‹ζ,“•Ϋ–ΨΤ“ρ’–Ϊ‚P‚X”Τ‚U,“•Ϋ–ΨΤ‚Q|‚P‚X|‚R,"296,000 ","283,000 ",4.6 ,165 ,,2,1,Z‘ξ,LS,2F,,Z‘ξA‹¤“―Z‘ξ‚Μ‘Ό‚Ι’“Τκ‚ΰ©‚η‚κ‚ιZ‘ξ’nζ,‹ζ“Ή,Ό,6,,,,ƒKƒX,…“Ή,‰Ί…“Ή,Z’¬,,"1,500 ",‚Q’†κ,€–h,60 ,200 ,,‚“x,,,,,*,13121 ,0 ,35 ,"287,000 "
›,13121 ,6 ,‘«—§,0 ,17 ,‹ζ•”,‚»‚Μ‘Ό‹ζ,‘«—§‹ζ,”~“cµ’–Ϊ‚P‚T‚U‚O”Τ‚P‚R,”~“c‚V|‚W|‚P‚O,"343,000 ","327,000 ",4.9 ,116 ,,1,1,Z‘ξ,LS,3F,,’†¬‹K–Νκ”ΚZ‘ξ‚Ι‹¤“―Z‘ξ‚ª©‚η‚κ‚ιZ‘ξ’nζ,‹ζ“Ή,–k“,5.3,,,,ƒKƒX,…“Ή,‰Ί…“Ή,”~“‡,,800 ,‚PZ‹,€–h,80 ,300 ,,‚“x,,,,,,,,,
›,13121 ,6 ,‘«—§,0 ,18 ,‹ζ•”,‚»‚Μ‘Ό‹ζ,‘«—§‹ζ,‰Α•½“ρ’–Ϊ‚T”Τ‚U,‰Α•½‚Q|‚T|‚T,"335,000 ","317,000 ",5.7 ,83 ,,1,1.5,Z‘ξ,W,3F,,κ”ΚZ‘ξ‚Μ‚Ω‚©‚Ιμ‹Ζκ“™‚ª©‚η‚κ‚ιZ‘ξ’nζ,‹ζ“Ή,–k,6,,,,ƒKƒX,…“Ή,‰Ί…“Ή,–k»£,,620 ,‚PZ‹,€–h,60 ,300 ,,‚“x,,,,,,,,,
›,13121 ,6 ,‘«—§,0 ,19 ,‹ζ•”,‚»‚Μ‘Ό‹ζ,‘«—§‹ζ,ΌVδZ’–Ϊ‚X‚O‚V”Τ‚P‚W,ΌVδ‚U|‚P‚V|‚V,"321,000 ","305,000 ",5.2 ,122 ,,1,1.2,Z‘ξ,W,2F,,κ”ΚZ‘ξA‹¤“―Z‘ξ“™‚ª‘½‚­©‚η‚κ‚ιZ‘ξ’nζ,‹ζ“Ή,Ό,4,,,,ƒKƒX,…“Ή,‰Ί…“Ή,‘εt‘O,,540 ,‚PZ‹,€–h,60 ,200 ,,‚“x,,,,,,,,,
›,13121 ,6 ,‘«—§,0 ,20 ,‹ζ•”,‚»‚Μ‘Ό‹ζ,‘«—§‹ζ,Ιlκ’–Ϊ‚P”Τ‚Q,Ιl‚P|‚P|‚P‚W,"295,000 ","282,000 ",4.6 ,131 ,,1,1.5,Z‘ξ,W,2F,,κ”ΚZ‘ξA‹¤“―Z‘ξA“X•ά“™‚ª¬έ‚·‚ιZ‘ξ’nζ,‹ζ“Ή,“,7.4,,,,ƒKƒX,…“Ή,‰Ί…“Ή,Ιl,,450 ,‚P’†κ,€–h,60 ,200 ,,‚“x,,,,,,,,,
,13121 ,6 ,‘«—§,0 ,21 ,‹ζ•”,‚»‚Μ‘Ό‹ζ,‘«—§‹ζ,ΌVδ–{’¬κ’–Ϊ‚P‚O‚X‚V”Τ‚P‚W,ΌVδ–{’¬‚P|‚P‚Q|‚P‚S,"314,000 ",,,76 ,,1,1.5,Z‘ξ,W,2F,,κ”ΚZ‘ξA‹¤“―Z‘ξ“™‚ª‚Ώ•ΐ‚ΤZ‘ξ’nζ,‹ζ“Ή,“μ,4.9,,,,ƒKƒX,…“Ή,‰Ί…“Ή,‘εt‘O,,400 ,‚PZ‹,€–h,80 ,200 ,,‚“x,,,,,,,,,
›,13121 ,6 ,‘«—§,0 ,22 ,‹ζ•”,‚»‚Μ‘Ό‹ζ,‘«—§‹ζ,Ι‹»l’–Ϊ‚R‚R‚P‚T”Τ‚S,Ι‹»‚S|‚Q|‚P‚S,"350,000 ","338,000 ",3.6 ,153 ,,1.5,1,Z‘ξ,W,3F,,κ”ΚZ‘ξA‹¤“―Z‘ξ“™‚ª‚Ώ•ΐ‚ΤZ‘ξ’nζ,‹ζ“Ή,Ό,4.5,,,,ƒKƒX,…“Ή,‰Ί…“Ή,’|ƒm’Λ,,680 ,‚P’†κ,€–h,60 ,200 ,,‚“x,,,,,,,,,
›,13121 ,6 ,‘«—§,0 ,23 ,‹ζ•”,‚»‚Μ‘Ό‹ζ,‘«—§‹ζ,”~“‡O’–Ϊ‚W‚P‚W”Τ‚U,”~“‡‚R|‚V|‚P‚V,"364,000 ","345,000 ",5.5 ,69 ,,1.2,1,Z‘ξ,W,3F,,’†¬‹K–Νκ”ΚZ‘ξ‚Ι‹¤“―Z‘ξ‚ª©‚η‚κ‚ιZ‘ξ’nζ,‹ζ“Ή,“,4,,,,ƒKƒX,…“Ή,‰Ί…“Ή,”~“‡,,430 ,€H,€–h,60 ,200 ,,‚“x,,,,,,,,,
›,13121 ,6 ,‘«—§,0 ,24 ,‹ζ•”,‚»‚Μ‘Ό‹ζ,‘«—§‹ζ,“μ‰Τ”¨l’–Ϊ‚Q‚R”Τ‚X,“μ‰Τ”¨‚S|‚Q‚R|‚W,"246,000 ","235,000 ",4.7 ,125 ,,1,2,Z‘ξ,W,2F,,κ”ΚZ‘ξA‘qΙAμ‹Ζ‚ª¬έ‚·‚ιZ‘ξ’nζ,‹ζ“Ή,–k,6,,,,ƒKƒX,…“Ή,‰Ί…“Ή,Z’¬,,"1,500 ",‚Q’†κ,€–h,60 ,200 ,,‚“x,,,,,,,,,
›,13121 ,6 ,‘«—§,0 ,25 ,‹ζ•”,‚»‚Μ‘Ό‹ζ,‘«—§‹ζ,ΌVδκ’–Ϊ‚R‚Q”Τ‚WO,ΌVδ‚P|‚R‚Q|‚R,"356,000 ","337,000 ",5.6 ,110 ,,1,1,Z‘ξ,W,2F,,κ”ΚZ‘ξ“™‚ª‚Ώ•ΐ‚Τω¬‚ΜZ‘ξ’nζ,‹ζ“Ή,“μ,6,,,,ƒKƒX,…“Ή,‰Ί…“Ή,‘εt‘O,,430 ,‚PZ‹,€–h,60 ,200 ,,‚“x,,,,,*,13121 ,0 ,34 ,"347,000 "
›,13121 ,6 ,‘«—§,0 ,26 ,‹ζ•”,‚»‚Μ‘Ό‹ζ,‘«—§‹ζ,Ό•Ϋ–ΨΤ“ρ’–Ϊ‚P‚Q‚O‚S”Τ‚S‚R,Ό•Ϋ–ΨΤ‚Q|‚P‚X|‚P‚O,"264,000 ","255,000 ",3.5 ,60 ,,1,2,Z‘ξ,W,2F,,κ”ΚZ‘ξA“X•ά‚ª¬έ‚·‚ιZ‘ξ’nζ,‹ζ“Ή,“,4.5,,,,ƒKƒX,…“Ή,‰Ί…“Ή,’|ƒm’Λ,,"1,300 ",‚P’†κ,€–h,60 ,200 ,,‚“x,,,,,,,,,
›,13121 ,6 ,‘«—§,0 ,27 ,‹ζ•”,‚»‚Μ‘Ό‹ζ,‘«—§‹ζ,“ϊƒmo’¬‚Q‚R”Τ‚P,“ϊƒmo’¬‚Q‚R|‚P‚R,"568,000 ","534,000 ",6.4 ,83 ,,1,1,Z‘ξ,S,3F,,Z‘ξAƒAƒp[ƒgA–‹Ζ“™‚ª¬έ‚·‚ιZ‘ξ’nζ,‹ζ“Ή,“μ,5.4,,,,ƒKƒX,…“Ή,‰Ί…“Ή,–kηZ,,600 ,€H,€–h,60 ,300 ,,‚“x,,,,,,,,,
›,13121 ,6 ,‘«—§,5 ,1 ,‹ζ•”,‚»‚Μ‘Ό‹ζ,‘«—§‹ζ,ηZ’‡’¬‚V‚W”Τ‚P‚U,ηZ’‡’¬‚Q‚S|‚Q,"618,000 ","583,000 ",6.0 ,117 ,,1,1.5,“X•ά“Z‘ξ,S,3F,,¬”„“X•άA‹¤“―Z‘ξ“™‚ª¬έ‚·‚ιω¬¤‹Ζ’nζ,‹ζ“Ή,–kΌ,6.7,,,,ƒKƒX,…“Ή,‰Ί…“Ή,–kηZ,,510 ,¤‹Ζ,–h‰Ξ,80 ,400 ,,,,,,,,,,,
›,13121 ,6 ,‘«—§,5 ,2 ,‹ζ•”,‚»‚Μ‘Ό‹ζ,‘«—§‹ζ,’|‚Μ’ΛZ’–Ϊ‚X”Τ‚R,’|‚Μ’Λ‚U|‚X|‚Q,"798,000 ","766,000 ",4.2 ,132 ,,1,2.5,“X•ά“––±,LS,3F,,“X•άƒrƒ‹A¬”„“X•ά“™‚ª‚Ώ•ΐ‚Τ‰w‘O‚Μ¤‹Ζ’nζ,‹ζ“Ή,“μ,8,,,,ƒKƒX,…“Ή,‰Ί…“Ή,’|ƒm’Λ,,250 ,¤‹Ζ,–h‰Ξ,80 ,500 ,,,,,,,,,,,
›,13121 ,6 ,‘«—§,5 ,3 ,‹ζ•”,‚»‚Μ‘Ό‹ζ,‘«—§‹ζ,–{–Ψ–k’¬‚X”Τ‚R‚TO,–{–Ψ–k’¬‚X|‚Q‚P,"306,000 ","294,000 ",4.1 ,131 ,,1.2,1,“X•ά“‹¤“―Z‘ξ,S,4F,,“X•άA“X•ά“Z‘ξ“™‚ª‚Ώ•ΐ‚Τω¬¤‹Ζ’nζ,‹ζ“Ή,“,11,,,,ƒKƒX,…“Ή,‰Ί…“Ή,ξ‘ε‹΄,,"1,200 ",‹ί¤,€–h,80 ,300 ,,‚“x,,,,,*,13121 ,5 ,6 ,"295,000 "
›,13121 ,6 ,‘«—§,5 ,4 ,‹ζ•”,‚»‚Μ‘Ό‹ζ,‘«—§‹ζ,ηZO’–Ϊ‚V‚O”Τ‚Q,,"1,950,000 ","1,700,000 ",14.7 ,148 ,,1,2,“X•ά“Z‘ξ,RC,3F,,’†‘w“X•άƒrƒ‹A¬”„“X•ά“™‚ª‚Ώ•ΐ‚Τ¤‹Ζ’nζ,‹ζ“Ή,–kΌ,7.3,,,,ƒKƒX,…“Ή,‰Ί…“Ή,–kηZ,,230 ,¤‹Ζ,–h‰Ξ,80 ,400 ,,,,,,,,,,,
›,13121 ,6 ,‘«—§,5 ,5 ,‹ζ•”,‚»‚Μ‘Ό‹ζ,‘«—§‹ζ,ηZ®’¬‚S‚T”Τ‚QO,ηZ®’¬‚S‚O|‚Q‚Q,"1,760,000 ","1,550,000 ",13.5 ,122 ,‘δ`,1.5,1,“X•άA––±“Z‘ξ“™,S,3F,,’†¬‹K–Ν‚Μ¬”„“X•ά“™‚ª‚Ώ•ΐ‚Τ‰w‘O‚Μ¤‹Ζ’nζ,‹ζ“Ή,“μ,7.2,,,,ƒKƒX,…“Ή,‰Ί…“Ή,–kηZ,,210 ,¤‹Ζ,–h‰Ξ,80 ,400 ,,,,,,,*,13121 ,5 ,2 ,"1,650,000 "
›,13121 ,6 ,‘«—§,5 ,6 ,‹ζ•”,‚»‚Μ‘Ό‹ζ,‘«—§‹ζ,”~“cµ’–Ϊ‚P‚X‚O‚S”Τ‚X,”~“c‚V|‚R‚S|‚P‚R,"701,000 ","655,000 ",7.0 ,80 ,,1,2,“X•ά“Z‘ξ,S,3F,,’†‘wƒrƒ‹A¬”„“X•ά‚ª‚Ώ•ΐ‚Τ‰w‘O‹ί—Χ¤‹Ζ’nζ,‹ζ“Ή,Ό,12.7,,,,ƒKƒX,…“Ή,‰Ί…“Ή,”~“‡,,150 ,‹ί¤,–h‰Ξ,80 ,400 ,,‚“x,,,,,,,,,
›,13121 ,6 ,‘«—§,5 ,7 ,‹ζ•”,‚»‚Μ‘Ό‹ζ,‘«—§‹ζ,Ό’|‚Μ’Λ“ρ’–Ϊ‚P‚R‚W‚W”Τ‚P‚WO,Ό’|‚Μ’Λ‚Q|‚Q|‚W,"591,000 ","569,000 ",3.9 ,713 ,,1,2,“X•ά“‹¤“―Z‘ξ,RC,6F,,“X•άƒrƒ‹A“X•ά“‹¤“―Z‘ξ“™‚ª‚Ώ•ΐ‚Τ¤‹Ζ’nζ,‹ζ“Ή,“μΌ,16.5,,”w–Κ“Ή,,ƒKƒX,…“Ή,‰Ί…“Ή,’|ƒm’Λ,,170 ,¤‹Ζ,–h‰Ξ,80 ,500 ,,,,,,,,,,,
›,13121 ,6 ,‘«—§,5 ,8 ,‹ζ•”,‚»‚Μ‘Ό‹ζ,‘«—§‹ζ,Φ΄O’–Ϊ‚P‚R‚U‚Q”Τ‚Q‚T,Φ΄‚R|‚P‚T|‚X,"425,000 ","408,000 ",4.2 ,128 ,,1,3,“X•ά“Z‘ξ,S,2F,,¬”„“X•άAωH“X“™‚ª‚Ώ•ΐ‚Τ‹ί—Χ¤‹Ζ’nζ,‹ζ“Ή,Ό,6,,,,ƒKƒX,…“Ή,‰Ί…“Ή,ΌVδ,,680 ,‹ί¤,€–h,80 ,300 ,,‚“x,,,,,,,,,
›,13121 ,6 ,‘«—§,5 ,9 ,‹ζ•”,‚»‚Μ‘Ό‹ζ,‘«—§‹ζ,»£κ’–Ϊ‚S‚O‚X”Τ‚U,»£‚P|‚R‚W|‚Q‚O,"700,000 ","654,000 ",7.0 ,146 ,•s®`,1,3,“X•ά“Z‘ξ,S,3F,,’†‘wƒrƒ‹A¬‹K–ΝωH“X‚ª‚Ώ•ΐ‚Τ‹ί—Χ¤‹Ζ’nζ,‹ζ“Ή,“μ,7.2,,,,ƒKƒX,…“Ή,‰Ί…“Ή,»£,,130 ,‹ί¤,€–h,80 ,300 ,,‚“x,,,,,,,,,
›,13121 ,6 ,‘«—§,5 ,10 ,‹ζ•”,‚»‚Μ‘Ό‹ζ,‘«—§‹ζ,‹{ικ’–Ϊ‚R‚S”Τ‚T‚R,‹{ι‚P|‚P‚R|‚P‚O,"259,000 ","250,000 ",3.6 ,105 ,,1,2,“X•ά“Z‘ξ,W,2F,,¬‹K–Ν‚Θ“X•ά“Z‘ξ‚ª‚Ώ•ΐ‚Τ‹ί—Χ¤‹Ζ’nζ,‹ζ“Ή,–k“,8,,,,ƒKƒX,…“Ή,‰Ί…“Ή,¬‘δ,,"1,300 ",‹ί¤,€–h,80 ,300 ,,‚“x,,,,,,,,,
›,13121 ,6 ,‘«—§,5 ,11 ,‹ζ•”,‚»‚Μ‘Ό‹ζ,‘«—§‹ζ,–{–Ψ“ρ’–Ϊ‚Q‚P‚U‚R”Τ‚P‚Q,–{–Ψ‚Q|‚S|‚Q‚P,"312,000 ","301,000 ",3.7 ,306 ,‘δ`,1,1,“X•άA––±“Z‘ξ,S,2F,,¬”„“X•άA‰c‹Ζ“™‚ª©‚η‚κ‚ιHό¤‹Ζ’nζ,“s“Ή,“,20,,”w–Κ“Ή,,ƒKƒX,…“Ή,‰Ί…“Ή,ΌVδ,,"1,400 ",‹ί¤,–h‰Ξ,80 ,300 ,,‚“x,,,,,,,,,
›,13121 ,6 ,‘«—§,5 ,12 ,‹ζ•”,‚»‚Μ‘Ό‹ζ,‘«—§‹ζ,Ό»£“ρ’–Ϊ‚P‚O‚O‚U”Τ‚T,Ό»£‚Q|‚Q‚R|‚Q‚X,"545,000 ","524,000 ",4.0 ,128 ,,1,2,“X•ά“‹¤“―Z‘ξ,S,3F,,¬”„“X•ά‚ª‚Ώ•ΐ‚Τ‰w‚Ι‹ί‚Ά‹ί—Χ¤‹Ζ’nζ,‹ζ“Ή,–k,9.1,,,,ƒKƒX,…“Ή,‰Ί…“Ή,ά”½–μ,,240 ,‹ί¤,€–h,80 ,300 ,,‚“x,,,,,,,,,
›,13121 ,6 ,‘«—§,5 ,13 ,‹ζ•”,‚»‚Μ‘Ό‹ζ,‘«—§‹ζ,»£O’–Ϊ‚P‚U”Τ‚T,»£‚R|‚P‚U|‚U,"945,000 ","875,000 ",8.0 ,518 ,,1,2,“X•ά“‹¤“―Z‘ξ,RC,7F,,’†‘w‚Μ“X•ά“‹¤“―Z‘ξ‚ª‘½‚Ά¤‹Ζ’nζ,“s“Ή,–k,15,,,,ƒKƒX,…“Ή,‰Ί…“Ή,»£,,280 ,¤‹Ζ,–h‰Ξ,80 ,500 ,,,,,,,,,,,
›,13121 ,6 ,‘«—§,5 ,14 ,‹ζ•”,‚»‚Μ‘Ό‹ζ,‘«—§‹ζ,’†‰›–{’¬κ’–Ϊ‚S‚U‚R”Τ‚V,’†‰›–{’¬‚P|‚P‚X|‚P,"424,000 ","406,000 ",4.4 ,190 ,,1,2,“X•ά“‹¤“―Z‘ξ,S,7F,,’†‹K–Ν‚Θ––±A“X•ά“™‚ª‘½‚ΆHό¤‹Ζ’nζ,‘“Ή,Ό,25,,,,ƒKƒX,…“Ή,‰Ί…“Ή,”~“‡,,800 ,‹ί¤,–h‰Ξ,80 ,400 ,,‚“x,,,,,,,,,
›,13121 ,6 ,‘«—§,5 ,15 ,‹ζ•”,‚»‚Μ‘Ό‹ζ,‘«—§‹ζ,’|‚Μ’Λά’–Ϊ‚P”Τ‚Q,’|‚Μ’Λ‚T|‚P|‚Q,"482,000 ","466,000 ",3.4 ,132 ,,1,2,“X•ά“Z‘ξ,S,4F,,¬‹K–Ν“X•άA‹¤“―Z‘ξ“™‚ª©‚η‚κ‚ιHό¤‹Ζ’nζ,‹ζ“Ή,“μ,22,,,,ƒKƒX,…“Ή,‰Ί…“Ή,’|ƒm’Λ,,670 ,‹ί¤,–h‰Ξ,80 ,300 ,,‚“x,,,,,*,13121 ,5 ,16 ,"474,000 "
›,13121 ,6 ,‘«—§,5 ,16 ,‹ζ•”,‚»‚Μ‘Ό‹ζ,‘«—§‹ζ,]–kµ’–Ϊ‚P‚S”Τ‚P‚TO,]–k‚V|‚P‚S|‚P‚R,"325,000 ","313,000 ",3.8 ,172 ,,1,1,“X•ά“‹¤“―Z‘ξ,RC,6F,,¬”„“X•ά“™‚Μ‚Ω‚©‚Ι‹σ’n‚ª©‚η‚κ‚ιHό¤‹Ζ’nζ,‹ζ“Ή,“,15,,,,ƒKƒX,…“Ή,‰Ί…“Ή,ΌVδ‘εtΌ,,680 ,‹ί¤,–h‰Ξ,80 ,300 ,,‚“x,,,,,,,,,
›,13121 ,6 ,‘«—§,5 ,17 ,‹ζ•”,‚»‚Μ‘Ό‹ζ,‘«—§‹ζ,ηZ’‡’¬‚T‚W”Τ‚T,ηZ’‡’¬‚P‚X|‚V,"986,000 ","917,000 ",7.5 ,138 ,,1,2,––±“Z‘ξ,S,8F,,’†‚‘w‚Μ––±A‹¤“―Z‘ξ“™‚ª‚Ώ•ΐ‚Τ¤‹Ζ’nζ,‹ζ“Ή,–k,16,,,,ƒKƒX,…“Ή,‰Ί…“Ή,–kηZ,,270 ,¤‹Ζ,–h‰Ξ,80 ,500 ,,,,,,,,,,,
›,13121 ,6 ,‘«—§,5 ,18 ,‹ζ•”,‚»‚Μ‘Ό‹ζ,‘«—§‹ζ,“•Ϋ–ΨΤκ’–Ϊ‚Q‚U”Τ‚T‚P,“•Ϋ–ΨΤ‚P|‚Q‚U|‚Q‚R,"341,000 ","328,000 ",4.0 ,651 ,,1,2,“X•ά“μ‹Ζ,S,1F,,’α‘w“X•άA–‹Ζ“™‚ª‚Ώ•ΐ‚ΤHό¤‹Ζ’nζ,‹ζ“Ή,“,12,,,,ƒKƒX,…“Ή,‰Ί…“Ή,Z’¬,,"1,000 ",€H,€–h,60 ,200 ,,‚“x,,,,,,,,,
›,13121 ,6 ,‘«—§,5 ,19 ,‹ζ•”,‚»‚Μ‘Ό‹ζ,‘«—§‹ζ,Ιlκ’–Ϊ‚Q‚W”Τ‚VO,Ιl‚P|‚P‚T|‚WO,"436,000 ","417,000 ",4.6 ,927 ,•s®`,1,1.2,“X•ά,S,1F,,“X•άA‹¤“―Z‘ξ“™‚ª‚Ώ•ΐ‚ΤHό¤‹Ζ’nζ,“s“Ή,Ό,33,,O•ϋH,,ƒKƒX,…“Ή,‰Ί…“Ή,Ιl,‹ίΪ,,€H,–h‰Ξ,60 ,400 ,,‚“x,,,,,,,,,
›,13121 ,6 ,‘«—§,5 ,20 ,‹ζ•”,‚»‚Μ‘Ό‹ζ,‘«—§‹ζ,ηZχ–Ψ“ρ’–Ϊ‚R‚Q‚Q‚P”Τ‚PO,ηZχ–Ψ‚Q|‚T|‚U,"440,000 ","417,000 ",5.5 ,337 ,,1,1,“X•ά“‹¤“―Z‘ξ,SRC,6F,1B,¬‹K–Ν“X•ά“™‚ª‚Ώ•ΐ‚Τ“s“Ή‰‚Ά‚Μ¤‹Ζ’nζ,“s“Ή,–k“,15,,‘¤“Ή,–kΌ,ƒKƒX,…“Ή,‰Ί…“Ή,–kηZ,,"1,600 ",‹ί¤,–h‰Ξ,80 ,400 ,,,,,,,,,,,
›,13121 ,6 ,‘«—§,5 ,21 ,‹ζ•”,‚»‚Μ‘Ό‹ζ,‘«—§‹ζ,ξO’–Ϊ‚Q‚O‚O”Τ‚T,ξ‚R|‚P‚W|‚P‚X,"523,000 ","498,000 ",5.0 ,767 ,,1,1,“X•άA––±“Hκ,RC,4F,,“X•άA“X•ά“‹¤“―Z‘ξ‚ª‚Ώ•ΐ‚Τ¤‹Ζ’nζ,“s“Ή,Ό,33,,,,,…“Ή,‰Ί…“Ή,]–k,,140 ,‹ί¤,–h‰Ξ,80 ,400 ,,‚“x,,,,,,,,,
›,13121 ,6 ,‘«—§,5 ,22 ,‹ζ•”,‚»‚Μ‘Ό‹ζ,‘«—§‹ζ,κƒc‰Ζ“ρ’–Ϊ‚P‚R”Τ‚P‚RO,κƒc‰Ζ‚Q|‚P‚R|‚Q‚P,"365,000 ","349,000 ",4.6 ,356 ,•s®`,2,1,“X•ά,RC,4F,,’†‹K–Ν“X•άA’†‘w‹¤“―Z‘ξ“™‚ª¬έ‚·‚ι¤‹Ζ’nζ,‹ζ“Ή,“μ,16,,‘¤“Ή,“,ƒKƒX,…“Ή,‰Ί…“Ή,Z’¬,,"1,200 ",‹ί¤,–h‰Ξ,80 ,400 ,,‚“x,,,,,,,,,
›,13121 ,6 ,‘«—§,9 ,1 ,‹ζ•”,‚»‚Μ‘Ό‹ζ,‘«—§‹ζ,ηZΦ‰®’¬‚Q‚P”Τ‚U,ηZΦ‰®’¬‚P‚P|‚Q‚P,"294,000 ","279,000 ",5.4 ,760 ,,1,2,Hκ,,,,’†¬‹K–Ν‚ΜHκ“™‚Μ‘Ό‚ΙZ‘ξ‚ΰ¬έ‚·‚ιH‹Ζ’nζ,‹ζ“Ή,“μ,11,,,,ƒKƒX,…“Ή,‰Ί…“Ή,‹¬Φ‰®,,810 ,H‹Ζ,€–h,60 ,200 ,,‚“x,,,,,,,,,
›,13121 ,6 ,‘«—§,9 ,2 ,‹ζ•”,‚»‚Μ‘Ό‹ζ,‘«—§‹ζ,“ό’Jl’–Ϊ‚Q‚P”Τ‚P‚PO,“ό’J‚S|‚Q‚P|‚Q‚Q,"263,000 ","250,000 ",5.2 ,"4,070 ",,1.2,1,‘qΙ,S,3F,,’†‹K–Ν‘qΙA–‹Ζ“™‚ª‚Ώ•ΐ‚Τ—¬’Κ‹Ζ–±’nζ,“s“Ή,Ό,44,,O•ϋH,,ƒKƒX,…“Ή,‰Ί…“Ή,Ιl,,"1,100 ",€H,–h‰Ξ,60 ,300 ,,‚“x,,,,,,,,,
›,13122 ,6 ,‹ό,0 ,1 ,‹ζ•”,‚»‚Μ‘Ό‹ζ,‹ό‹ζ,‹ΰ’¬O’–Ϊ‚W‚Q‚T”Τ‚Q,‹ΰ’¬‚R|‚R‚X|‚W,"405,000 ","389,000 ",4.1 ,160 ,,1,2,Z‘ξ,LS,2F,,’†‹K–Ν‚Μκ”ΚZ‘ξ‚ª‘½‚Ά‹ζ‰ζ®‘R‚Ζ‚µ‚½Z‘ξ’nζ,‹ζ“Ή,–kΌ,9,,,,ƒKƒX,…“Ή,‰Ί…“Ή,‹ΰ’¬,,720 ,‚Q’ακ,€–h,60 ,200 ,,‚“x,,,,,,,,,
›,13122 ,6 ,‹ό,0 ,2 ,‹ζ•”,‚»‚Μ‘Ό‹ζ,‹ό‹ζ,‰Λl’–Ϊ‚P‚P‚R‚R”Τ‚Q,‰Λ‚S|‚P‚V|‚Q,"327,000 ","311,000 ",5.1 ,105 ,,1,2,Z‘ξ,W,2F,,Z‘ξA‹¤“―Z‘ξA–‹Ζ“™‚ª¬έ‚·‚ιZ‘ξ’nζ,‹ζ“Ή,Ό,6,,,,ƒKƒX,…“Ή,‰Ί…“Ή,V¬β,,"1,600 ",‚PZ‹,€–h,60 ,200 ,,‚“x,,,,,,,,,
›,13122 ,6 ,‹ό,0 ,3 ,‹ζ•”,‚»‚Μ‘Ό‹ζ,‹ό‹ζ,Δ–”l’–Ϊ‚R‚Q‚O”Τ‚R‚X,Δ–”‚S|‚P‚V|‚P‚O,"368,000 ","353,000 ",4.2 ,99 ,,1,1.2,Z‘ξ,W,2F,,κ”ΚZ‘ξ“™‚Μ‘½‚Ά‹ζ‰ζ®‘R‚Ζ‚µ‚½Z‘ξ’nζ,‹ζ“Ή,“μ“,5.4,,,,ƒKƒX,…“Ή,‰Ί…“Ή,VΔ–”,,320 ,‚Q’ακ,€–h,60 ,200 ,,‚“x,,,,,,,,,
›,13122 ,6 ,‹ό,0 ,4 ,‹ζ•”,‚»‚Μ‘Ό‹ζ,‹ό‹ζ,“…³ά’–Ϊ‚S‚R”Τ‚Q,“…³‚T|‚S‚R|‚Q,"189,000 ","185,000 ",2.2 ,170 ,,1,1.5,Z‘ξ,W,2F,,κ”ΚZ‘ξ‚Μ‚Ω‚©‚Ι”¨’n“™‚ª©‚η‚κ‚ιZ‘ξ’nζ,‹ζ“Ή,“μΌ,6,,,,ƒKƒX,…“Ή,‰Ί…“Ή,‹ΰ’¬,,"3,100 ",‚Q’ακ,€–h,60 ,200 ,,‚“x,,,,,,,,,
›,13122 ,6 ,‹ό,0 ,5 ,‹ζ•”,‚»‚Μ‘Ό‹ζ,‹ό‹ζ,Χ“cl’–Ϊ‚Q‚O”Τ‚P‚S,Χ“c‚S|‚Q‚O|‚R,"341,000 ","324,000 ",5.2 ,132 ,,1,2.5,Z‘ξ,W,2F,,κ”ΚZ‘ξ‚ΖƒAƒp[ƒg“™‚ª‚Ώ•ΐ‚ΤZ‘ξ’nζ,‹ζ“Ή,“μΌ,5.4,,,,ƒKƒX,…“Ή,‰Ί…“Ή,‹¬¬β,,"1,200 ",‚Q’ακ,€–h,50 ,150 ,,‚“x,,,,,,,,,
›,13122 ,6 ,‹ό,0 ,6 ,‹ζ•”,‚»‚Μ‘Ό‹ζ,‹ό‹ζ,‚»“ρ’–Ϊ‚P‚P‚X‚Q”Τ‚RO,‚»‚Q|‚Q‚W|‚T,"356,000 ","340,000 ",4.7 ,171 ,,1.2,1,Z‘ξ,W,2F,,κ”ΚZ‘ξAƒAƒp[ƒg“™‚ª‚Ώ•ΐ‚ΤZ‘ξ’nζ,‹ζ“Ή,–k,5.4,,,,ƒKƒX,…“Ή,‰Ί…“Ή,‹¬‚»,,500 ,‚P’†κ,€–h,60 ,200 ,,‚“x,,,,,,,,,
›,13122 ,6 ,‹ό,0 ,7 ,‹ζ•”,‚»‚Μ‘Ό‹ζ,‹ό‹ζ,Ό…³O’–Ϊ‚T‚V‚S”Τ‚R,Ό…³‚R|‚Q‚O|‚X,"174,000 ","169,000 ",3.0 ,100 ,,1,1,Z‘ξ,W,2F,,Z‘ξAƒAƒp[ƒg‚Μ‚Ω‚©‚Ι”¨’n‚ΰ©‚η‚κ‚ιZ‘ξ’nζ,‹ζ“Ή,–k,7,,,,ƒKƒX,…“Ή,‰Ί…“Ή,‹T—L,,"3,700 ",‚P’ακ,€–h,50 ,100 ,,‚“x,,,,,,,,,
›,13122 ,6 ,‹ό,0 ,8 ,‹ζ•”,‚»‚Μ‘Ό‹ζ,‹ό‹ζ,Δ–”Z’–Ϊ‚U‚Q‚X”Τ‚QO,Δ–”‚U|‚Q‚X|‚P,"340,000 ","327,000 ",4.0 ,140 ,‘δ`,1,1.2,Z‘ξ,W,2F,,κ”ΚZ‘ξ‚Μ’†‚Ι‹¤“―Z‘ξ“™‚ª©‚η‚κ‚ιZ‘ξ’nζ,‹ζ“Ή,Ό,5.4,,,,ƒKƒX,…“Ή,‰Ί…“Ή,VΔ–”,,300 ,‚P’†κ,€–h,60 ,200 ,,‚“x,,,,,,,,,
›,13122 ,6 ,‹ό,0 ,9 ,‹ζ•”,‚»‚Μ‘Ό‹ζ,‹ό‹ζ,ΒΛκ’–Ϊ‚U‚P”Τ‚P,ΒΛ‚P|‚T|‚S,"446,000 ","425,000 ",4.9 ,160 ,,1,2,‹¤“―Z‘ξ,W,2F,,’†‹K–ΝZ‘ξAƒAƒp[ƒg‚ª‚Ώ•ΐ‚ΤΥΓ‚ΘZ‘ξ’nζ,‹ζ“Ή,–kΌ,6.3,,,,ƒKƒX,…“Ή,‰Ί…“Ή,Β“u,,350 ,‚PZ‹,€–h,60 ,200 ,,‚“x,,,,,*,13122 ,0 ,27 ,"440,000 "
›,13122 ,6 ,‹ό,0 ,10 ,‹ζ•”,‚»‚Μ‘Ό‹ζ,‹ό‹ζ,“‹ΰ’¬O’–Ϊ‚P‚O‚S”Τ‚T,“‹ΰ’¬‚R|‚R‚S|‚P,"408,000 ","392,000 ",4.1 ,112 ,,1,2,Z‘ξ,W,3F,,κ”ΚZ‘ξ‚π’†S‚Ζ‚·‚ι‹ζ‰ζ®‘R‚Ζ‚µ‚½Z‘ξ’nζ,‹ζ“Ή,“μΌ,4,,,,ƒKƒX,…“Ή,‰Ί…“Ή,‹ΰ’¬,,600 ,‚PZ‹,€–h,60 ,200 ,,‚“x,,,,,*,13122 ,0 ,1 ,"400,000 "
›,13122 ,6 ,‹ό,0 ,11 ,‹ζ•”,‚»‚Μ‘Ό‹ζ,‹ό‹ζ,—§Ξ”ª’–Ϊ‚P‚W‚Q”Τ‚V,—§Ξ‚W|‚Q‚S|‚P‚R,"394,000 ","372,000 ",5.9 ,82 ,,1,2,Z‘ξ,W,3F,,’α‘w‚Μκ”ΚZ‘ξA‹¤“―Z‘ξ“™‚ª‚Ώ•ΐ‚ΤZ‘ξ’nζ,‹ζ“Ή,“μΌ,10.9,,,,ƒKƒX,…“Ή,‰Ί…“Ή,‹¬—§Ξ,,600 ,‚PZ‹,€–h,60 ,200 ,,‚“x,,,,,,,,,
›,13122 ,6 ,‹ό,0 ,12 ,‹ζ•”,‚»‚Μ‘Ό‹ζ,‹ό‹ζ,—§ΞZ’–Ϊ‚P‚W‚V”Τ‚P,—§Ξ‚U|‚P‚O|‚U,"374,000 ","354,000 ",5.6 ,91 ,,1,2,Z‘ξ,W,3F,,Z‘ξAƒAƒp[ƒg‚Μ‚Ω‚©“X•ά‚ΰ¬έ‚·‚ιZ‘ξ’nζ,‹ζ“Ή,“μ,4.5,,,,ƒKƒX,…“Ή,‰Ί…“Ή,Β“u,,600 ,‚PZ‹,€–h,60 ,200 ,,‚“x,,,,,,,,,
›,13122 ,6 ,‹ό,0 ,13 ,‹ζ•”,‚»‚Μ‘Ό‹ζ,‹ό‹ζ,Ό‹T—Ll’–Ϊ‚S‚Q”Τ‚Q,Ό‹T—L‚S|‚V|‚P‚W,"381,000 ","360,000 ",5.8 ,149 ,,1,1.2,‹¤“―Z‘ξ,W,2F,,Z‘ξAƒAƒp[ƒg“™‚ª‚Ώ•ΐ‚Τω¬Z‘ξ’nζ,‹ζ“Ή,“μ,6,,,,ƒKƒX,…“Ή,‰Ί…“Ή,‹T—L,,850 ,‚PZ‹,€–h,60 ,200 ,,‚“x,,,,,,,,,
›,13122 ,6 ,‹ό,0 ,14 ,‹ζ•”,‚»‚Μ‘Ό‹ζ,‹ό‹ζ,…³O’–Ϊ‚P‚O”Τ‚S‚W,…³‚R|‚P‚O|‚P‚R,"242,000 ","236,000 ",2.5 ,148 ,,1,2,Z‘ξ,W,3F,,κ”ΚZ‘ξ‚Μ’†‚Ι’“Τκ“™‚ª©‚η‚κ‚ιZ‘ξ’nζ,‹ζ“Ή,–k,8,,,,ƒKƒX,…“Ή,‰Ί…“Ή,‹ΰ’¬,,"1,800 ",‚P’†κ,€–h,60 ,200 ,,‚“x,,,,,*,13122 ,0 ,19 ,"239,000 "
›,13122 ,6 ,‹ό,0 ,15 ,‹ζ•”,‚»‚Μ‘Ό‹ζ,‹ό‹ζ,Ό‹T—L“ρ’–Ϊ‚P‚S‚S‚W”Τ‚Q,Ό‹T—L‚Q|‚U|‚Q,"464,000 ","438,000 ",5.9 ,105 ,,1.2,1,Z‘ξ,RC,2F,,Z‘ξAƒAƒp[ƒgA—Ύ‚ª‘½‚­©‚η‚κ‚ιω¬Z‘ξ’nζ,‹ζ“Ή,Ό,7.2,,,,ƒKƒX,…“Ή,‰Ί…“Ή,»£,,600 ,‚P’†κ,€–h,60 ,200 ,,‚“x,,,,,,,,,
›,13122 ,6 ,‹ό,0 ,16 ,‹ζ•”,‚»‚Μ‘Ό‹ζ,‹ό‹ζ,“…³“ρ’–Ϊ‚X‚T‚T”Τ‚Q,“…³‚Q|‚P‚R|‚P‚W,"287,000 ","279,000 ",2.9 ,123 ,,1,1.5,Z‘ξ,W,2F,,κ”ΚZ‘ξ‚Μ’†‚ΙƒAƒp[ƒg“™‚ª©‚η‚κ‚ιZ‘ξ’nζ,‹ζ“Ή,“,5,,,,ƒKƒX,…“Ή,‰Ί…“Ή,‹ΰ’¬,,"1,200 ",‚Q’ακ,€–h,50 ,150 ,,‚“x,,,,,,,,,
›,13122 ,6 ,‹ό,0 ,17 ,‹ζ•”,‚»‚Μ‘Ό‹ζ,‹ό‹ζ,ΌV¬βl’–Ϊ‚P‚U‚R”Τ‚VO,ΌV¬β‚S|‚Q‚O|‚X,"409,000 ","389,000 ",5.1 ,89 ,,1,1,Z‘ξ,W,2F,,κ”ΚZ‘ξA“X•άAƒAƒp[ƒg“™‚Μ¬έ‚·‚ιZ‘ξ’nζ,‹ζ“Ή,“,6,,,,ƒKƒX,…“Ή,‰Ί…“Ή,V¬β,,790 ,€H,€–h,60 ,200 ,,‚“x,,,,,,,,,
›,13122 ,6 ,‹ό,0 ,18 ,‹ζ•”,‚»‚Μ‘Ό‹ζ,‹ό‹ζ,¬›“ρ’–Ϊ‚S‚R‚P”Τ‚P‚PO,¬›‚Q|‚Q‚W|‚Q,"339,000 ","326,000 ",4.0 ,164 ,,1,1.5,Z‘ξ“‹¤“―Z‘ξ,W,2F,,κ”ΚZ‘ξAƒAƒp[ƒgAHκ“™‚ª¬έ‚·‚ιZ‘ξ’nζ,‹ζ“Ή,Ό,5.5,,,,ƒKƒX,…“Ή,‰Ί…“Ή,–xΨÒ—‰€,,600 ,€H,€–h,60 ,200 ,,‚“x,,,,,,,,,
›,13122 ,6 ,‹ό,0 ,19 ,‹ζ•”,‚»‚Μ‘Ό‹ζ,‹ό‹ζ,‰Λ“ρ’–Ϊ‚P‚Q‚R‚P”Τ‚T,‰Λ‚Q|‚Q‚W|‚V,"322,000 ","307,000 ",4.9 ,102 ,,1,2,Z‘ξ,W,2F,,κ”ΚZ‘ξ‚Μ’†‚ΙƒAƒp[ƒg“™‚ª©‚η‚κ‚ιZ‘ξ’nζ,‹ζ“Ή,–k,6,,,,ƒKƒX,…“Ή,‰Ί…“Ή,‹¬—§Ξ,,"1,200 ",€H,€–h,60 ,200 ,,‚“x,,,,,,,,,
›,13122 ,6 ,‹ό,0 ,20 ,‹ζ•”,‚»‚Μ‘Ό‹ζ,‹ό‹ζ,Δ–”“ρ’–Ϊ‚Q‚R‚P”Τ‚Q,Δ–”‚Q|‚Q‚P|‚W,"346,000 ","333,000 ",3.9 ,110 ,,1,2,Z‘ξ,S,3F,,κ”ΚZ‘ξA‹¤“―Z‘ξA“X•ά“™‚ª¬έ‚·‚ιZ‘ξ’nζ,‹ζ“Ή,–kΌ,11,,,,ƒKƒX,…“Ή,‰Ί…“Ή,Δ–”,,800 ,€H,€–h,60 ,200 ,,‚“x,,,,,,,,,
›,13122 ,6 ,‹ό,5 ,1 ,‹ζ•”,‚»‚Μ‘Ό‹ζ,‹ό‹ζ,“—§Ξl’–Ϊ‚W‚O”Τ‚P,“—§Ξ‚S|‚T‚O|‚T,"620,000 ","565,000 ",9.7 ,131 ,,1,1.5,“X•άA––±“‹¤“―Z‘ξ,S,7F,,“X•άA“X•ά“‹¤“―Z‘ξ“™‚ª‚Ώ•ΐ‚Τ¤‹Ζ’nζ,“s“Ή,–k,15,,,,ƒKƒX,…“Ή,‰Ί…“Ή,‹¬—§Ξ,,220 ,¤‹Ζ,–h‰Ξ,80 ,500 ,,‚“x,,,,,*,13122 ,5 ,4 ,"600,000 "
›,13122 ,6 ,‹ό,5 ,2 ,‹ζ•”,‚»‚Μ‘Ό‹ζ,‹ό‹ζ,V¬β“ρ’–Ϊ‚P‚Q‚U‚W”Τ‚RO,V¬β‚Q|‚V|‚R,"950,000 ","840,000 ",13.1 ,117 ,,1,1.5,“X•ά“Z‘ξ,S,3F,,“X•άA‚‘w“X•ά•t‹¤“―Z‘ξ“™‚ª‚Ώ•ΐ‚Τ¤‹Ζ’nζ,“s“Ή,“μΌ,18,,,,ƒKƒX,…“Ή,‰Ί…“Ή,V¬β,,190 ,¤‹Ζ,–h‰Ξ,80 ,500 ,,,,,,,,,,,
›,13122 ,6 ,‹ό,5 ,3 ,‹ζ•”,‚»‚Μ‘Ό‹ζ,‹ό‹ζ,Δ–”µ’–Ϊ‚P‚U‚R‚T”Τ‚R,Δ–”‚V|‚P|‚P‚V,"410,000 ","375,000 ",9.3 ,125 ,,1,1.5,“X•ά“‹¤“―Z‘ξ,S,3F,,ωH“XA“yY“X“™‚ª‚Ώ•ΐ‚Τ‰w‘O¤‹Ζ’nζ,“ΉH,“μ,6.2,,,,ƒKƒX,…“Ή,‰Ί…“Ή,Δ–”,‹ίΪ,,¤‹Ζ,–h‰Ξ,80 ,400 ,,‚“x,,,,,,,,,
›,13122 ,6 ,‹ό,5 ,4 ,‹ζ•”,‚»‚Μ‘Ό‹ζ,‹ό‹ζ,‹T—LO’–Ϊ‚U‚S‚R”Τ‚Q,‹T—L‚R|‚P‚W|‚R,"810,000 ","725,000 ",11.7 ,165 ,,1,1.5,“X•ά“‹¤“―Z‘ξ,RC,7F,,“X•άAƒ}ƒ“ƒVƒ‡ƒ““™‚ª‚Ώ•ΐ‚Τ‰w“μ‘¤‚Μ¤‹Ζ’nζ,‹ζ“Ή,Ό,11,,,,ƒKƒX,…“Ή,‰Ί…“Ή,‹T—L,,230 ,¤‹Ζ,–h‰Ξ,80 ,500 ,,,,,,,*,13122 ,5 ,5 ,"765,000 "
›,13122 ,6 ,‹ό,5 ,5 ,‹ζ•”,‚»‚Μ‘Ό‹ζ,‹ό‹ζ,“‹ΰ’¬κ’–Ϊ‚Q‚P‚R‚U”Τ‚P‚U‚SO,“‹ΰ’¬‚P|‚Q‚P|‚S,"592,000 ","559,000 ",5.9 ,184 ,,1.2,1,“X•άA––±“Z‘ξ,RC,5F,,’†‘w‚Μ“X•ά“––±ƒrƒ‹“™‚ª‚Ώ•ΐ‚Τ¤‹Ζ’nζ,‹ζ“Ή,Ό,8,,,,ƒKƒX,…“Ή,‰Ί…“Ή,‹ΰ’¬,,230 ,¤‹Ζ,–h‰Ξ,80 ,400 ,,,,,,,,,,,
›,13122 ,6 ,‹ό,5 ,6 ,‹ζ•”,‚»‚Μ‘Ό‹ζ,‹ό‹ζ,‹T—Lά’–Ϊ‚P‚O‚U”Τ‚TO,,"598,000 ","553,000 ",8.1 ,205 ,‘δ`,1.2,1,‹σ’n,,,,“X•άA‰c‹ΖA‹¤“―Z‘ξ“™‚ª‚Ώ•ΐ‚Τ¤‹Ζ’nζ,‹ζ“Ή,Ό,8,,,,ƒKƒX,…“Ή,‰Ί…“Ή,‹T—L,,240 ,¤‹Ζ,–h‰Ξ,80 ,400 ,,,,,,,,,,,
›,13122 ,6 ,‹ό,5 ,7 ,‹ζ•”,‚»‚Μ‘Ό‹ζ,‹ό‹ζ,ΒΛO’–Ϊ‚R‚U”Τ‚P,ΒΛ‚R|‚R‚S|‚T,"620,000 ","579,000 ",7.1 ,267 ,,1,1,“X•ά“‹¤“―Z‘ξ,S,10F,,’†‚‘w‚Μ“X•ά“‹¤“―Z‘ξ‚π’†S‚Ζ‚·‚ι¤‹Ζ’nζ,‹ζ“Ή,–kΌ,11.8,,,,ƒKƒX,…“Ή,‰Ί…“Ή,Β“u,,180 ,¤‹Ζ,–h‰Ξ,80 ,500 ,,,,,,,,,,,
›,13122 ,6 ,‹ό,5 ,8 ,‹ζ•”,‚»‚Μ‘Ό‹ζ,‹ό‹ζ,‚¨‰Τ’ƒ‰®κ’–Ϊ‚T‚S‚R”Τ‚T,‚¨‰Τ’ƒ‰®‚P|‚P‚R|‚P‚O,"473,000 ","444,000 ",6.5 ,141 ,,1,1,“X•ά“‹¤“―Z‘ξ,RC,4F,,’†¬‹K–Ν‚Μ¬”„“X•ά“™‚ª‚Ώ•ΐ‚Τ¤‹Ζ’nζ,‹ζ“Ή,“,8,,,,ƒKƒX,…“Ή,‰Ί…“Ή,‚¨‰Τ’ƒ‰®,,250 ,¤‹Ζ,–h‰Ξ,80 ,400 ,,,,,,,,,,,
›,13122 ,6 ,‹ό,9 ,1 ,‹ζ•”,‚»‚Μ‘Ό‹ζ,‹ό‹ζ,“l‚Β–Ψ“ρ’–Ϊ‚Q‚S‚O”Τ‚X,“l‚Β–Ψ‚Q|‚S|‚P‚U,"252,000 ","237,000 ",6.3 ,528 ,,1,2.5,HκA––±“Z‘ξ,,,,¬‹K–ΝHκ“™‚Μ’†‚Ικ”ΚZ‘ξ‚ª¬έ‚·‚ιH‹Ζ’nζ,‹ζ“Ή,“,6.8,,,,ƒKƒX,…“Ή,‰Ί…“Ή,‹¬—§Ξ,,"1,200 ",H‹Ζ,€–h,60 ,200 ,,‚“x,,,,,,,,,
,13123 ,6 ,]Λμ,0 ,1 ,‹ζ•”,‚»‚Μ‘Ό‹ζ,]Λμ‹ζ,–k¬βZ’–Ϊ‚R‚P‚P”Τ‚U,–k¬β‚U|‚S‚U|‚W,"355,000 ",,,126 ,,1,2,Z‘ξ,W,3F,,κ”ΚZ‘ξAƒAƒp[ƒg“™‚ª‚Ώ•ΐ‚ΤZ‘ξ’nζ,‹ζ“Ή,–k,6,,,,ƒKƒX,…“Ή,‰Ί…“Ή,‹¬¬β,,590 ,‚P’†κ,€–h,60 ,150 ,,‚“x,,,,,,,,,
›,13123 ,6 ,]Λμ,0 ,2 ,‹ζ•”,‚»‚Μ‘Ό‹ζ,]Λμ‹ζ,“¬βl’–Ϊ‚R‚O‚T‚S”Τ‚P‚Q,,"390,000 ","370,000 ",5.4 ,131 ,,1,1.2,’z’†,,,,’†‹K–Νκ”ΚZ‘ξ‚ª‘½‚Ά‹ζ‰ζ®‘R‚Ζ‚µ‚½Z‘ξ’nζ,‹ζ“Ή,–kΌ,7.8,,,,ƒKƒX,…“Ή,‰Ί…“Ή,¬β,,850 ,‚PZ‹,€–h,60 ,200 ,,‚“x,,,,,,,,,
›,13123 ,6 ,]Λμ,0 ,3 ,‹ζ•”,‚»‚Μ‘Ό‹ζ,]Λμ‹ζ,“μ¬βZ’–Ϊ‚P‚S‚X‚V”Τ‚Q‚T,“μ¬β‚U|‚Q‚Q|‚P‚T,"470,000 ","441,000 ",6.6 ,99 ,,1,2,Z‘ξ,W,2F,,κ”ΚZ‘ξ‚Μ’†‚ΙƒAƒp[ƒg“™‚ΰ©‚η‚κ‚ιZ‘ξ’nζ,‹ζ“Ή,“μ,5.4,,,,ƒKƒX,…“Ή,‰Ί…“Ή,¬β,,660 ,‚PZ‹,€–h,60 ,300 ,,‚“x,,,,,,,,,
›,13123 ,6 ,]Λμ,0 ,4 ,‹ζ•”,‚»‚Μ‘Ό‹ζ,]Λμ‹ζ,•½δκ’–Ϊ‚P‚O‚U”Τ‚R,•½δ‚P|‚P‚R|‚P‚R,"370,000 ","348,000 ",6.3 ,105 ,,1,1.5,Z‘ξ,LS,2F,,¬‹K–Νκ”ΚZ‘ξ“™‚ª‘½‚­©‚η‚κ‚ιZ‘ξ’nζ,‹ζ“Ή,–k“,3.6,,,,ƒKƒX,…“Ή,‰Ί…“Ή,•½δ,,850 ,‚PZ‹,€–h,60 ,300 ,,‚“x,,,,,,,,,
›,13123 ,6 ,]Λμ,0 ,5 ,‹ζ•”,‚»‚Μ‘Ό‹ζ,]Λμ‹ζ,‰Fμ“c’¬‚P‚S‚Q‚U”Τ‚S,,"397,000 ","381,000 ",4.2 ,148 ,,1,2,Z‘ξ,LS,2F,,κ”ΚZ‘ξAƒAƒp[ƒg“™‚ª‚Ώ•ΐ‚ΤZ‘ξ’nζ,‹ζ“Ή,“μΌ,8.5,,,,ƒKƒX,…“Ή,‰Ί…“Ή,‘D–x,,"1,000 ",‚P’†κ,€–h,60 ,150 ,,‚“x,,,,,,,,,
›,13123 ,6 ,]Λμ,0 ,6 ,‹ζ•”,‚»‚Μ‘Ό‹ζ,]Λμ‹ζ,t]’¬ά’–Ϊ‚T”Τ‚S‚V,,"340,000 ","326,000 ",4.3 ,97 ,,1,1.5,Z‘ξ,W,2F,,κ”ΚZ‘ξAƒAƒp[ƒg“™‚ª‚Ώ•ΐ‚ΤZ‘ξ’nζ,‹ζ“Ή,“μ,5,,,,ƒKƒX,…“Ή,‰Ί…“Ή,κ”V],,980 ,‚P’†κ,€–h,60 ,200 ,,‚“x,,,,,,,,,
›,13123 ,6 ,]Λμ,0 ,7 ,‹ζ•”,‚»‚Μ‘Ό‹ζ,]Λμ‹ζ,Ό–{κ’–Ϊ‚Q‚O‚X”Τ‚Q,Ό–{‚P|‚Q‚V|‚W,"317,000 ","304,000 ",4.3 ,70 ,,1,1.5,Z‘ξ,W,2F,,κ”ΚZ‘ξ‚Μ’†‚ΙƒAƒp[ƒg“™‚ª©‚η‚κ‚ιZ‘ξ’nζ,‹ζ“Ή,“,5.5,,,,ƒKƒX,…“Ή,‰Ί…“Ή,V¬β,,"1,700 ",‚P’†κ,€–h,60 ,150 ,,‚“x,,,,,,,,,
›,13123 ,6 ,]Λμ,0 ,8 ,‹ζ•”,‚»‚Μ‘Ό‹ζ,]Λμ‹ζ,‘ε™“ρ’–Ϊ‚U‚O‚V”Τ‚QO,‘ε™‚Q|‚S|‚S,"298,000 ","287,000 ",3.8 ,132 ,,1,1,Z‘ξ,W,2F,,κ”ΚZ‘ξ‚Μ‚Ω‚©‚ΙƒAƒp[ƒg“™‚ª©‚η‚κ‚ιZ‘ξ’nζ,‹ζ“Ή,Ό,6.5,,,,ƒKƒX,…“Ή,‰Ί…“Ή,κ”V],,"2,400 ",‚P’†κ,€–h,60 ,150 ,,‚“x,,,,,,,,,
›,13123 ,6 ,]Λμ,0 ,9 ,‹ζ•”,‚»‚Μ‘Ό‹ζ,]Λμ‹ζ,Ό‹ΌO’–Ϊ‚T”Τ‚U‚Q,Ό‹Ό‚R|‚T|‚P‚T,"570,000 ","546,000 ",4.4 ,89 ,,1.2,1,‹¤“―Z‘ξ,W,2F,,’†’α‘w‹¤“―Z‘ξ‚ª‘½‚Ά—•Φ«‚Μ‚ζ‚ΆZ‘ξ’nζ,‹ζ“Ή,“μΌ,6,,,,ƒKƒX,…“Ή,‰Ί…“Ή,Ό‹Ό,,400 ,‚PZ‹,€–h,60 ,300 ,,‚“x,,,,,,,,,
›,13123 ,6 ,]Λμ,0 ,10 ,‹ζ•”,‚»‚Μ‘Ό‹ζ,]Λμ‹ζ,Ό“‡κ’–Ϊ‚Q‚T‚O‚O”Τ‚Q,Ό“‡‚P|‚Q‚R|‚W,"375,000 ","361,000 ",3.9 ,148 ,,1,1.2,‹¤“―Z‘ξ,LS,2F,,Z‘ξA‹¤“―Z‘ξA–‹Ζ“™‚ª¬έ‚·‚ιZ‘ξ’nζ,‹ζ“Ή,–k,14,,,,ƒKƒX,…“Ή,‰Ί…“Ή,V¬β,,"1,600 ",‚PZ‹,€–h,60 ,300 ,,‚“x,,,,,,,,,
›,13123 ,6 ,]Λμ,0 ,11 ,‹ζ•”,‚»‚Μ‘Ό‹ζ,]Λμ‹ζ,•½δO’–Ϊ‚P‚R‚V‚Q”Τ‚R,•½δ‚R|‚P‚U|‚Q‚P,"457,000 ","430,000 ",6.3 ,191 ,‘δ`,1,1.5,Z‘ξ,W,2F,,κ”ΚZ‘ξA‹¤“―Z‘ξ‚Ι–‹Ζ‚ΰ©‚η‚κ‚ιZ‘ξ’nζ,‹ζ“Ή,“μ“,7,,,,ƒKƒX,…“Ή,‰Ί…“Ή,•½δ,,400 ,‚PZ‹,€–h,60 ,300 ,,‚“x,,,,,,,,,
›,13123 ,6 ,]Λμ,0 ,12 ,‹ζ•”,‚»‚Μ‘Ό‹ζ,]Λμ‹ζ,]l’–Ϊ‚R‚T”Τ‚X,]‚S|‚R‚T|‚W,"470,000 ","447,000 ",5.1 ,89 ,,1,1.5,Z‘ξ,W,3F,,κ”ΚZ‘ξ“™‚ª‚Ώ•ΐ‚Τ‹ζ‰ζ®‘R‚Ζ‚µ‚½Z‘ξ’nζ,‹ζ“Ή,–k“,6,,‘¤“Ή,“μ“,ƒKƒX,…“Ή,‰Ί…“Ή,],,410 ,‚PZ‹,€–h,60 ,300 ,,‚“x,,,,,,,,,
›,13123 ,6 ,]Λμ,0 ,13 ,‹ζ•”,‚»‚Μ‘Ό‹ζ,]Λμ‹ζ,’†‹Όά’–Ϊ‚U”Τ‚Q‚S,’†‹Ό‚T|‚U|‚P‚R,"548,000 ","526,000 ",4.2 ,151 ,,1,2.5,Z‘ξ,W,2F,,’†¬‹K–Νκ”ΚZ‘ξA‹¤“―Z‘ξ‚ª©‚η‚κ‚ιZ‘ξ’nζ,‹ζ“Ή,“μ,6,,,,ƒKƒX,…“Ή,‰Ί…“Ή,Ό‹Ό,,800 ,‚PZ‹,€–h,60 ,300 ,,‚“x,,,,,*,13123 ,0 ,40 ,"538,000 "
›,13123 ,6 ,]Λμ,0 ,14 ,‹ζ•”,‚»‚Μ‘Ό‹ζ,]Λμ‹ζ,Βθ’¬µ’–Ϊ‚P‚W‚W”Τ‚S,Βθ’¬‚V|‚W|‚S,"419,000 ","398,000 ",5.3 ,103 ,,1,2.5,Z‘ξ,W,3F,,κ”ΚZ‘ξ‚Μ’†‚ΙƒAƒp[ƒg“™‚ΰ©‚η‚κ‚ιZ‘ξ’nζ,‹ζ“Ή,Ό,8,,,,ƒKƒX,…“Ή,‰Ί…“Ή,Βθ,,390 ,‚PZ‹,€–h,60 ,200 ,,‚“x,,,,,,,,,
›,13123 ,6 ,]Λμ,0 ,15 ,‹ζ•”,‚»‚Μ‘Ό‹ζ,]Λμ‹ζ,V–x“ρ’–Ϊ‚P‚S”Τ‚TO,V–x‚Q|‚P‚S|‚T,"322,000 ","310,000 ",3.9 ,119 ,,1,2,Z‘ξ,W,3F,,κ”ΚZ‘ξA“X•άAμ‹Ζ“™‚ª¬έ‚·‚ιZ‘ξ’nζ,‹ζ“Ή,–k,8,,,,ƒKƒX,…“Ή,‰Ί…“Ή,Βθ,,"1,300 ",‚PZ‹,€–h,60 ,300 ,,‚“x,,,,,,,,,
›,13123 ,6 ,]Λμ,0 ,16 ,‹ζ•”,‚»‚Μ‘Ό‹ζ,]Λμ‹ζ,γκF“ρ’–Ϊ‚P‚O‚V‚P”Τ‚Q‚V,γκF‚Q|‚P‚V|‚P‚W,"326,000 ","313,000 ",4.2 ,53 ,,1,1.5,Z‘ξ,W,2F,,κ”ΚZ‘ξ‚Μ‚Ω‚©‚ΙƒAƒp[ƒg“™‚ª©‚η‚κ‚ιZ‘ξ’nζ,‹ζ“Ή,“,6.4,,,,ƒKƒX,…“Ή,‰Ί…“Ή,¬β,,"1,200 ",‚P’†κ,€–h,60 ,150 ,,‚“x,,,,,,,,,
›,13123 ,6 ,]Λμ,0 ,17 ,‹ζ•”,‚»‚Μ‘Ό‹ζ,]Λμ‹ζ,Ό]O’–Ϊ‚Q‚S”Τ‚T‚Q,,"336,000 ","320,000 ",5.0 ,51 ,,1,1,Z‘ξ,W,2F,,¬‹K–Νκ”ΚZ‘ξAƒAƒp[ƒg“™‚ª©‚η‚κ‚ιZ‘ξ’nζ,„“Ή,“μ“,4,,,,ƒKƒX,…“Ή,‰Ί…“Ή,κ”V],,780 ,‚P’†κ,€–h,50 ,100 ,,‚“x,,,,,,,,,
›,13123 ,6 ,]Λμ,0 ,18 ,‹ζ•”,‚»‚Μ‘Ό‹ζ,]Λμ‹ζ,]Λμκ’–Ϊ‚S‚Q”Τ‚X,]Λμ‚P|‚U|‚X,"330,000 ","314,000 ",5.1 ,111 ,,1,1.5,Z‘ξ,W,2F,,κ”ΚZ‘ξ‚Μ‚Ω‚©‚Ι’“Τκ“™‚ª©‚η‚κ‚ιZ‘ξ’nζ,‹ζ“Ή,–kΌ,6,,,,ƒKƒX,…“Ή,‰Ί…“Ή,],,"1,100 ",‚P’†κ,€–h,60 ,200 ,,‚“x,,,,,,,,,
›,13123 ,6 ,]Λμ,0 ,19 ,‹ζ•”,‚»‚Μ‘Ό‹ζ,]Λμ‹ζ,κ”V]Z’–Ϊ‚S‚P”Τ‚P‚U,κ”V]‚U|‚P‚S|‚R,"366,000 ","348,000 ",5.2 ,72 ,,1,1.5,Z‘ξ,W,2F,,κ”ΚZ‘ξAƒAƒp[ƒg“™‚ª‚Ώ•ΐ‚ΤZ‘ξ’nζ,‹ζ“Ή,“μ“,4,,,,ƒKƒX,…“Ή,‰Ί…“Ή,κ”V],,900 ,‚P’†κ,€–h,60 ,200 ,,‚“x,,,,,,,,,
›,13123 ,6 ,]Λμ,0 ,20 ,‹ζ•”,‚»‚Μ‘Ό‹ζ,]Λμ‹ζ,“¬Όμ“ρ’–Ϊ‚S‚R‚Q‚V”Τ‚S,“¬Όμ‚Q|‚P‚R|‚P‚O,"317,000 ","305,000 ",3.9 ,99 ,,1,1.2,Z‘ξ,W,2F,,’†¬‹K–ΝZ‘ξAƒAƒp[ƒg“™‚ª©‚η‚κ‚ιZ‘ξ’nζ,‹ζ“Ή,–kΌ,5.2,,,,ƒKƒX,…“Ή,‰Ί…“Ή,‘D–x,,"1,700 ",‚PZ‹,€–h,60 ,300 ,,‚“x,,,,,*,13123 ,0 ,37 ,"313,000 "
›,13123 ,6 ,]Λμ,0 ,21 ,‹ζ•”,‚»‚Μ‘Ό‹ζ,]Λμ‹ζ,‘D–xµ’–Ϊ‚P‚S‚R‚V”Τ‚Q,‘D–x‚V|‚T|‚P‚V,"435,000 ","413,000 ",5.3 ,92 ,,1,2,Z‘ξ,W,3F,,κ”ΚZ‘ξA¬‹K–Νμ‹Ζ“™‚ª¬έ‚·‚ιZ‘ξ’nζ,‹ζ“Ή,“μ“,9.1,,,,ƒKƒX,…“Ή,‰Ί…“Ή,‘D–x,,920 ,‚P’†κ,€–h,60 ,150 ,,‚“x,,,,,*,13123 ,0 ,25 ,"425,000 "
›,13123 ,6 ,]Λμ,0 ,22 ,‹ζ•”,‚»‚Μ‘Ό‹ζ,]Λμ‹ζ,“¬βZ’–Ϊ‚Q‚U‚V‚U”Τ‚P‚O,“¬β‚U|‚W|‚X,"438,000 ","410,000 ",6.8 ,78 ,,1,1.5,Z‘ξ,W,2F,,’†¬‹K–Νκ”ΚZ‘ξA‹¤“―Z‘ξ‚ª‚Ώ•ΐ‚ΤZ‘ξ’nζ,‹ζ“Ή,–k,5.5,,,,ƒKƒX,…“Ή,‰Ί…“Ή,¬β,,510 ,‚PZ‹,€–h,60 ,300 ,,‚“x,,,,,*,13123 ,0 ,5 ,"430,000 "
›,13123 ,6 ,]Λμ,0 ,23 ,‹ζ•”,‚»‚Μ‘Ό‹ζ,]Λμ‹ζ,­κ’–Ϊ‚T‚O”Τ‚QO,­‚P|‚R|‚P‚P,"281,000 ","271,000 ",3.7 ,165 ,,1,1,Z‘ξ,W,2F,,κ”ΚZ‘ξ‚Ζ”_’n‚ª¬έ‚·‚ιZ‘ξ’nζ,‹ζ“Ή,“,7,,,,ƒKƒX,…“Ή,‰Ί…“Ή,Βθ,,"1,800 ",‚P’†κ,€–h,60 ,150 ,,‚“x,,,,,,,,,
›,13123 ,6 ,]Λμ,0 ,24 ,‹ζ•”,‚»‚Μ‘Ό‹ζ,]Λμ‹ζ,“μΒθ’¬κ’–Ϊ‚R‚V”Τ‚R,“μΒθ’¬‚P|‚Q‚W|‚R,"369,000 ","352,000 ",4.8 ,117 ,,1,2,Z‘ξ,W,3F,,’α‘wZ‘ξA–‹Ζ“™‚ª¬έ‚·‚ιZ‘ξ’nζ,‹ζ“Ή,“μΌ,8,,,,ƒKƒX,…“Ή,‰Ί…“Ή,],,"1,200 ",‚P’†κ,€–h,60 ,150 ,,‚“x,,,,,,,,,
›,13123 ,6 ,]Λμ,0 ,25 ,‹ζ•”,‚»‚Μ‘Ό‹ζ,]Λμ‹ζ,–k‹Όl’–Ϊ‚Q‚O”Τ‚P‚O,–k‹Ό‚S|‚Q‚O|‚P‚R,"456,000 ","438,000 ",4.1 ,112 ,,1,1.5,Z‘ξ,W,2F,,’α‘wZ‘ξ‚π’†S‚Ι–‹Ζ“™‚ª¬έ‚·‚ιZ‘ξ’nζ,‹ζ“Ή,“μΌ,6,,,,ƒKƒX,…“Ή,‰Ί…“Ή,Ό‹Ό,,"1,300 ",‚PZ‹,€–h,60 ,300 ,,‚“x,,,,,,,,,
›,13123 ,6 ,]Λμ,0 ,26 ,‹ζ•”,‚»‚Μ‘Ό‹ζ,]Λμ‹ζ,“μ‹Ό“ρ’–Ϊ‚W”Τ‚P‚X,“μ‹Ό‚Q|‚W|‚P‚X,"453,000 ","435,000 ",4.1 ,99 ,,1.2,1,Z‘ξ,W,2F,,Z‘ξA’α‘w‹¤“―Z‘ξ“™‚ª‚Ώ•ΐ‚ΤZ‘ξ’nζ,‹ζ“Ή,“μ,6,,,,ƒKƒX,…“Ή,‰Ί…“Ή,‹Ό,,"1,200 ",‚PZ‹,€–h,60 ,300 ,,‚“x,,,,,,,,,
›,13123 ,6 ,]Λμ,0 ,27 ,‹ζ•”,‚»‚Μ‘Ό‹ζ,]Λμ‹ζ,•½δµ’–Ϊ‚P‚Q‚Q‚T”Τ‚PO,•½δ‚V|‚R‚P|‚P‚R,"336,000 ","319,000 ",5.3 ,122 ,,2.5,1,μ‹Ζ“Z‘ξ,W,2F,,κ”ΚZ‘ξA‹¤“―Z‘ξ‚ΙHκ“™‚ΰ©‚η‚κ‚ιZ‘ξ’nζ,‹ζ“Ή,–k,4.5,,,,ƒKƒX,…“Ή,‰Ί…“Ή,•½δ,,"1,100 ",€H,€–h,60 ,200 ,,‚“x,,,,,,,,,
›,13123 ,6 ,]Λμ,0 ,28 ,‹ζ•”,‚»‚Μ‘Ό‹ζ,]Λμ‹ζ,Ό]l’–Ϊ‚T‚U‚Q‚S”Τ‚P,Ό]‚S|‚Q‚Q|‚P‚R,"337,000 ","322,000 ",4.7 ,145 ,,1,3,––±“‹¤“―Z‘ξ,S,4F,,¬‹K–ΝHκA‹¤“―Z‘ξ“™‚ª©‚η‚κ‚ι¬έZ‘ξ’nζ,‹ζ“Ή,“μ“,7.3,,,,ƒKƒX,…“Ή,‰Ί…“Ή,‘D–x,,"1,000 ",€H,€–h,60 ,200 ,,‚“x,,,,,,,,,
›,13123 ,6 ,]Λμ,5 ,1 ,‹ζ•”,‚»‚Μ‘Ό‹ζ,]Λμ‹ζ,–k¬βZ’–Ϊ‚S‚W‚W”Τ‚P‚X,–k¬β‚U|‚P‚Q|‚X,"558,000 ","523,000 ",6.7 ,95 ,,1,1.5,“X•ά“‹¤“―Z‘ξ,S,4F,,’†’α‘w‚Μ¬”„“X•ά“™‚ª‚Ώ•ΐ‚Τ¤‹Ζ’nζ,‹ζ“Ή,“,8,,,,ƒKƒX,…“Ή,‰Ί…“Ή,‹¬¬β,,80 ,¤‹Ζ,–h‰Ξ,80 ,400 ,,,,,,,,,,,
›,13123 ,6 ,]Λμ,5 ,2 ,‹ζ•”,‚»‚Μ‘Ό‹ζ,]Λμ‹ζ,]“ρ’–Ϊ‚R”Τ‚P‚WO,]‚Q|‚R|‚P‚T,"960,000 ","903,000 ",6.3 ,238 ,,1,1.2,“X•ά,RC,5F,,’†‚‘w“X•άƒrƒ‹“™‚ª‚Ώ•ΐ‚Τ‰w‘O¤‹Ζ’nζ,‹ζ“Ή,“μ“,16,,,,ƒKƒX,…“Ή,‰Ί…“Ή,],,90 ,¤‹Ζ,–h‰Ξ,80 ,400 ,,,,,,,,,,,
›,13123 ,6 ,]Λμ,5 ,3 ,‹ζ•”,‚»‚Μ‘Ό‹ζ,]Λμ‹ζ,Ό‹ΌZ’–Ϊ‚P‚T”Τ‚Q‚WO,Ό‹Ό‚U|‚P‚T|‚Q,"1,930,000 ","1,780,000 ",8.4 ,118 ,,1,1.5,“X•άA––±“f—Γ,RC,6F,1B,’†‚‘wƒrƒ‹‚ª‚Ώ•ΐ‚Τ‰w‘OLκ‚Ι–Κ‚µ‚½¤‹Ζ’nζ,‹ζ“Ή,Ό,0,‰w‘OLκ,,,ƒKƒX,…“Ή,‰Ί…“Ή,Ό‹Ό,‰w‘OLκΪ–Κ,,¤‹Ζ,–h‰Ξ,80 ,500 ,,,,,,,*,13123 ,5 ,3 ,"1,850,000 "
›,13123 ,6 ,]Λμ,5 ,4 ,‹ζ•”,‚»‚Μ‘Ό‹ζ,]Λμ‹ζ,“μ¬βµ’–Ϊ‚P‚W‚T‚W”Τ‚Q,“μ¬β‚V|‚P‚V|‚P,"767,000 ","724,000 ",5.9 ,76 ,,1.5,1,“X•ά“Z‘ξ,S,3F,,¬”„“X•ά‚ª‚Ώ•ΐ‚Τ‰w‘O’Κ‚θ‚Μ¤‹Ζ’nζ,‹ζ“Ή,Ό,15,,,,ƒKƒX,…“Ή,‰Ί…“Ή,¬β,,370 ,¤‹Ζ,–h‰Ξ,80 ,400 ,,,,,,,*,13123 ,5 ,5 ,"743,000 "
›,13123 ,6 ,]Λμ,5 ,5 ,‹ζ•”,‚»‚Μ‘Ό‹ζ,]Λμ‹ζ,’†‰›κ’–Ϊ‚P‚R‚V‚O”Τ‚Q,’†‰›‚P|‚R|‚S,"473,000 ","449,000 ",5.3 ,233 ,,1,1.5,f—Γ““X•ά,S,5F,,’†‘w“X•ά•t––±ƒrƒ‹“™‚ª‚Ώ•ΐ‚Τ¤‹Ζ’nζ,‘“Ή,Ό,18,,,,ƒKƒX,…“Ή,‰Ί…“Ή,V¬β,,"1,600 ",¤‹Ζ,–h‰Ξ,80 ,400 ,,,,,,,,,,,
›,13123 ,6 ,]Λμ,5 ,6 ,‹ζ•”,‚»‚Μ‘Ό‹ζ,]Λμ‹ζ,•½δl’–Ϊ‚X‚R‚W”Τ‚P‚PO,•½δ‚S|‚W|‚V,"886,000 ","819,000 ",8.2 ,186 ,•s®`,1,2,“X•ά“––±,S,6F,,ωH“X•άA¬”„“X•ά“™‚ª‘½‚Ά‰w‘O’Κ‚θ‚Μ¤‹Ζ’nζ,‹ζ“Ή,“μΌ,8.2,,,,ƒKƒX,…“Ή,‰Ί…“Ή,•½δ,,190 ,¤‹Ζ,–h‰Ξ,80 ,400 ,,,,,,,,,,,
›,13123 ,6 ,]Λμ,5 ,7 ,‹ζ•”,‚»‚Μ‘Ό‹ζ,]Λμ‹ζ,Ό¬βκ’–Ϊ‚P‚X‚P‚Q”Τ‚VO,Ό¬β‚P|‚Q‚V|‚P‚U,"870,000 ","806,000 ",7.9 ,221 ,,1,1.5,“X•ά,S,5F,,’†‚‘w‚Μ“X•ά“––±“™‚ª‚Ώ•ΐ‚Τ¤‹Ζ’nζ,“s“Ή,–kΌ,25,,,,ƒKƒX,…“Ή,‰Ί…“Ή,¬β,,400 ,¤‹Ζ,–h‰Ξ,80 ,600 ,,,,,,,,,,,
›,13123 ,6 ,]Λμ,5 ,8 ,‹ζ•”,‚»‚Μ‘Ό‹ζ,]Λμ‹ζ,’†‰›“ρ’–Ϊ‚P‚O‚W‚T”Τ‚S,’†‰›‚Q|‚P‚T|‚P‚Q,"380,000 ","362,000 ",5.0 ,69 ,,1,2,“X•ά“‹¤“―Z‘ξ,S,3F,,¬‹K–Ν‚Μ“X•ά•Ή—pZ‘ξ“™‚ª‚Ώ•ΐ‚Τ‹ί—Χ¤‹Ζ’nζ,‹ζ“Ή,“,10.9,,,,ƒKƒX,…“Ή,‰Ί…“Ή,V¬β,,"2,200 ",‹ί¤,€–h,80 ,300 ,,‚“x,,,,,*,13123 ,5 ,6 ,"372,000 "
›,13123 ,6 ,]Λμ,5 ,9 ,‹ζ•”,‚»‚Μ‘Ό‹ζ,]Λμ‹ζ,Βθ’¬l’–Ϊ‚Q‚T‚S”Τ‚S‚W,Βθ’¬‚S|‚P‚R|‚P‚X,"369,000 ","352,000 ",4.8 ,78 ,,1,2,“X•ά“Z‘ξ,S,3F,1B,“X•ά“‹¤“―Z‘ξ‚β•Ή—pZ‘ξ‚ª‘½‚Ά‹ί—Χ¤‹Ζ’nζ,‹ζ“Ή,“μ“,11,,‘¤“Ή,“μΌ,ƒKƒX,…“Ή,‰Ί…“Ή,Βθ,,"1,300 ",‹ί¤,€–h,80 ,300 ,,‚“x,,,,,,,,,
›,13123 ,6 ,]Λμ,5 ,10 ,‹ζ•”,‚»‚Μ‘Ό‹ζ,]Λμ‹ζ,’†‹ΌO’–Ϊ‚R‚V”Τ‚S,’†‹Ό‚R|‚R‚V|‚S,"1,010,000 ","946,000 ",6.8 ,323 ,,1,1.2,––±,SRC,9F,1B,’†‚‘wƒrƒ‹A¬”„“X•ά‚ª‚Ώ•ΐ‚Τ‰w‘O¤‹Ζ’nζ,‹ζ“Ή,Ό,7,,,,ƒKƒX,…“Ή,‰Ί…“Ή,‹Ό,,100 ,¤‹Ζ,–h‰Ξ,80 ,500 ,,‚“x,,,,,,,,,
›,13123 ,6 ,]Λμ,5 ,11 ,‹ζ•”,‚»‚Μ‘Ό‹ζ,]Λμ‹ζ,–k‹Όl’–Ϊ‚Q‚T”Τ‚P‚QO,–k‹Ό‚S|‚Q‚T|‚Q‚Q,"606,000 ","568,000 ",6.7 ,"1,115 ",,1,1.2,“X•άAμ‹Ζ“ΤΙ,S,3F,,“X•άA“X•ά•t‹¤“―Z‘ξ“™‚ª‚Ώ•ΐ‚ΤHό¤‹Ζ’nζ,“s“Ή,“μ,25,,,,ƒKƒX,…“Ή,‰Ί…“Ή,Ό‹Ό,,960 ,‹ί¤,–h‰Ξ,80 ,400 ,,,,,,,,,,,
›,13123 ,6 ,]Λμ,5 ,12 ,‹ζ•”,‚»‚Μ‘Ό‹ζ,]Λμ‹ζ,V–xκ’–Ϊ‚S‚Q”Τ‚P,V–x‚P|‚S‚Q|‚P,"355,000 ","334,000 ",6.3 ,223 ,,1.2,1,“X•ά“‹¤“―Z‘ξ,RC,6F,,‰“Ή^“X•άA‹¤“―Z‘ξ“™‚ª‚Ώ•ΐ‚ΤHό¤‹Ζ’nζ,‘“Ή,“μ,25,,‘¤“Ή,Ό,ƒKƒX,…“Ή,‰Ί…“Ή,Βθ,,"1,400 ",€H,–h‰Ξ,60 ,400 ,,,,,,,,,,,
›,13123 ,6 ,]Λμ,9 ,1 ,‹ζ•”,‚»‚Μ‘Ό‹ζ,]Λμ‹ζ,—ΥC’¬O’–Ϊ‚U”Τ‚Q‚T,—ΥC’¬‚R|‚U|‚R,"406,000 ","385,000 ",5.5 ,"2,200 ",,1,1.5,––±“‘qΙ,S,3F,,‘ε‹K–Ν‘qΙA”z‘—ƒZƒ“ƒ^[“™‚ª‚Ώ•ΐ‚ΤH‹Ζ’nζ,“s“Ή,“μ“,40,,‘¤“Ή,–k,ƒKƒX,…“Ή,‰Ί…“Ή,‹Ό—ΥCφ‰€,,"1,200 ",€H,–h‰Ξ,60 ,300 ,,‚“x,,,,,*,13123 ,9 ,4 ,"400,000 "
›,13201 ,6 ,”ª‰¤q,0 ,1 ,‘½–€,“μ‘½–€,”ª‰¤qs,‰Ί—M–Ψκ†‚P‚Q”Τ‚P‚O‚S,,"111,000 ","109,000 ",1.8 ,132 ,,1,2,Z‘ξ,W,2F,,’†¬‹K–Ν‚Μκ”ΚZ‘ξ‚ª‘½‚ΆXΞ’n‚ΜZ‘ξ’nζ,s“Ή,–k,4,,,,ƒKƒX,…“Ή,‰Ί…“Ή,‹‰¤–x”V“ΰ,,"2,500 ",‚P’ακ,,40 ,80 ,,‚“x,,,,,,,,,
›,13201 ,6 ,”ª‰¤q,0 ,2 ,‘½–€,“μ‘½–€,”ª‰¤qs,Ξμ’¬‚Q‚T‚X”Τ‚PO,,"110,000 ","108,000 ",1.9 ,326 ,‘δ`,1.2,1,––±“‹¤“―Z‘ξ,RC,3F,,Z‘ξA“X•άA––±“™‚ª¬έ‚·‚ιZ‘ξ’nζ,“s“Ή,–k,9,,,,,…“Ή,‰Ί…“Ή,¬‹{,,"1,300 ",‚Q’†κ,€–h,60 ,200 ,,‚“x,,,,,,,,,
›,13201 ,6 ,”ª‰¤q,0 ,3 ,‘½–€,“μ‘½–€,”ª‰¤qs,•xm©’¬‚Q‚U”Τ‚V,•xm©’¬‚R‚V|‚P‚O,"159,000 ","153,000 ",3.9 ,132 ,,1,1.5,Z‘ξ,W,2F,,’†¬‹K–Ν‚Μκ”ΚZ‘ξ‚ª‚Ώ•ΐ‚ΤΥΓ‚ΘZ‘ξ’nζ,s“Ή,–k,6,,,,ƒKƒX,…“Ή,‰Ί…“Ή,‹‰¤”ª‰¤q,,"1,800 ",‚P’ακ,€–h,50 ,100 ,,‚“x,,,,,,,,,
›,13201 ,6 ,”ª‰¤q,0 ,4 ,‘½–€,“μ‘½–€,”ª‰¤qs,‘εa“c’¬ά’–Ϊ‚Q‚P”Τ‚P‚P,‘εa“c’¬‚T|‚Q‚R|‚P‚Q,"182,000 ","174,000 ",4.6 ,181 ,,1,2,Z‘ξ,W,2F,,’†‹K–Νκ”ΚZ‘ξAƒAƒp[ƒg“™‚ª¬έ‚·‚ιZ‘ξ’nζ,s“Ή,–k,6,,,,ƒKƒX,…“Ή,‰Ί…“Ή,‹‰¤”ª‰¤q,,"1,300 ",‚PZ‹,€–h,60 ,200 ,,‚“x,,,,,,,,,
›,13201 ,6 ,”ª‰¤q,0 ,5 ,‘½–€,“μ‘½–€,”ª‰¤qs,‰F’Γ–Ψ’¬‚X‚S‚O”Τ‚P‚O‚R,,"89,800 ","88,800 ",1.1 ,132 ,,1,2,Z‘ξ,W,2F,,’†¬‹K–Νκ”ΚZ‘ξ‚ª‚Ώ•ΐ‚Τ‹u—Λ’n‚ΜZ‘ξ’nζ,s“Ή,–k,5,,,,ƒKƒX,…“Ή,‰Ί…“Ή,¬‹{,,"1,700 ",‚P’ακ,,40 ,80 ,,‚“x,,,,,,,,,
›,13201 ,6 ,”ª‰¤q,0 ,6 ,‘½–€,“μ‘½–€,”ª‰¤qs,qΐ’¬O’–Ϊ‚T‚V‚U”Τ‚P‚Q,qΐ’¬‚R|‚W|‚V,"291,000 ","277,000 ",5.1 ,109 ,,1,1.2,Z‘ξ,W,2F,,κ”ΚZ‘ξ‚Μ‚Ω‚©‹¤“―Z‘ξ“™‚ª©‚η‚κ‚ιZ‘ξ’nζ,s“Ή,Ό,6.5,,,,ƒKƒX,…“Ή,‰Ί…“Ή,”ª‰¤q,,480 ,‚Q’†κ,€–h,60 ,200 ,,‚“x,,,,,,,,,
›,13201 ,6 ,”ª‰¤q,0 ,7 ,‘½–€,“μ‘½–€,”ª‰¤qs,Ξμ’¬‚P‚U‚P‚T”Τ‚P‚Q,,"100,000 ","98,800 ",1.2 ,150 ,,1,2,Z‘ξ,W,2F,,κ”ΚZ‘ξ‚ª‘½‚Ά’†‰›©“®Τ“Ή‹ί‚­‚ΜZ‘ξ’nζ,s“Ή,–k,6,,,,ƒKƒX,…“Ή,‰Ί…“Ή,–k”ª‰¤q,,920 ,‚P’ακ,,40 ,80 ,,‚“x,,,,,,,,,
›,13201 ,6 ,”ª‰¤q,0 ,8 ,‘½–€,“μ‘½–€,”ª‰¤qs,R“c’¬‚P‚U‚R‚Q”Τ‚P,,"147,000 ","143,000 ",2.8 ,118 ,,1,1.5,Z‘ξ,W,2F,,’†¬‹K–Ν‚Μκ”ΚZ‘ξ‚ª‚Ώ•ΐ‚ΤZ‘ξ’nζ,s“Ή,–kΌ,5.5,,,,ƒKƒX,…“Ή,‰Ί…“Ή,R“c,,450 ,‚P’ακ,,40 ,80 ,,‚“x,,,,,,,,,
›,13201 ,6 ,”ª‰¤q,0 ,9 ,‘½–€,“μ‘½–€,”ª‰¤qs,–k–μ’¬‚P‚Q‚Q”Τ‚R,,"167,000 ","161,000 ",3.7 ,153 ,‘δ`,1,1.2,Z‘ξ,LS,2F,,κ”ΚZ‘ξ‚ª‚Ώ•ΐ‚Τω‘¶‚ΜZ‘ξ’nζ,s“Ή,–kΌ,4.5,,,,ƒKƒX,…“Ή,‰Ί…“Ή,”ª‰¤q,,"1,100 ",‚P’ακ,,40 ,80 ,,‚“x,,,,,,,,,
›,13201 ,6 ,”ª‰¤q,0 ,10 ,‘½–€,“μ‘½–€,”ª‰¤qs,qΐ’¬O’–Ϊ‚T‚W‚U”Τ‚S‚T,qΐ’¬‚R|‚R‚S|‚Q,"221,000 ","212,000 ",4.2 ,173 ,,1,1,Z‘ξ,LS,2F,,’†¬‹K–Νκ”ΚZ‘ξ“™‚Μ‘½‚ΆZ‘ξ’nζ,s“Ή,“μ,11,,‘¤“Ή,Ό,ƒKƒX,…“Ή,‰Ί…“Ή,‹‰¤•Π‘q,,500 ,‚Q’†κ,€–h,60 ,200 ,,‚“x,,,,,,,,,
›,13201 ,6 ,”ª‰¤q,0 ,11 ,‘½–€,“μ‘½–€,”ª‰¤qs,•Π‘q’¬‚X‚T‚U”Τ‚QO,,"149,000 ","143,000 ",4.2 ,202 ,,1,1,Z‘ξ,W,2F,,’†‹K–Νκ”ΚZ‘ξ“™‚ª‚Ώ•ΐ‚Τω¬Z‘ξ’nζ,s“Ή,Ό,4,,,,ƒKƒX,…“Ή,‰Ί…“Ή,•Π‘q,,400 ,‚P’ακ,,40 ,80 ,,‚“x,,,“s—§φ,•’Κ,,,,,
›,13201 ,6 ,”ª‰¤q,0 ,12 ,‘½–€,“μ‘½–€,”ª‰¤qs,•Π‘q’¬‚Q‚X‚T”Τ‚P,,"143,000 ","138,000 ",3.6 ,110 ,,1,2,Z‘ξ,W,2F,,κ”ΚZ‘ξA‹¤“―Z‘ξ“™‚ª¬έ‚·‚ιZ‘ξ’nζ,s“Ή,“,4.6,,,,ƒKƒX,…“Ή,‰Ί…“Ή,‹‰¤•Π‘q,,540 ,‚P’ακ,,40 ,80 ,,‚“x,,,,,,,,,
›,13201 ,6 ,”ª‰¤q,0 ,13 ,‘½–€,“μ‘½–€,”ª‰¤qs,‘Ε‰z’¬‚P‚T‚R‚Q”Τ‚P‚P‚O,,"111,000 ","108,000 ",2.8 ,161 ,,1,1,Z‘ξ,W,2F,,’†‹K–Ν‚Μκ”ΚZ‘ξ‚ª‘½‚Ά‚‘δ‚ΜZ‘ξ’nζ,s“Ή,“μ“,4,,,,ƒKƒX,…“Ή,‰Ί…“Ή,–k–μ,,"1,200 ",‚P’ακ,,40 ,80 ,,‚“x,,,,,,,,,
›,13201 ,6 ,”ª‰¤q,0 ,14 ,‘½–€,“μ‘½–€,”ª‰¤qs,U“c’¬l’–Ϊ‚X‚U‚W”Τ‚R‚P,U“c’¬‚S|‚R‚T|‚P‚T,"131,000 ","125,000 ",4.8 ,207 ,,1,1,Z‘ξ,W,2F,,’†‹K–Νκ”ΚZ‘ξ‚ª‚Ώ•ΐ‚Τ‚‘δ‚ΜΥΓ‚ΘZ‘ξ’nζ,s“Ή,–k,6,,,,ƒKƒX,…“Ή,‰Ί…“Ή,Ό”ª‰¤q,,"1,100 ",‚P’ακ,,40 ,80 ,,‚“x,,,,,,,,,
›,13201 ,6 ,”ª‰¤q,0 ,15 ,‘½–€,“μ‘½–€,”ª‰¤qs,U“c’¬κ’–Ϊ‚P‚O‚Q‚O”Τ‚P‚O‚X,U“c’¬‚P|‚P‚Q|‚R,"155,000 ","148,000 ",4.7 ,177 ,,1,1.5,Z‘ξ,W,2F,,κ”ΚZ‘ξ‚Μ’†‚ΙƒAƒp[ƒg‚ª©‚η‚κ‚ιZ‘ξ’nζ,s“Ή,“μ,4,,,,ƒKƒX,…“Ή,‰Ί…“Ή,Ό”ª‰¤q,,700 ,‚PZ‹,€–h,60 ,200 ,,‚“x,,,,,,,,,
›,13201 ,6 ,”ª‰¤q,0 ,16 ,‘½–€,“μ‘½–€,”ª‰¤qs,‘δ’¬“ρ’–Ϊ‚X‚X”Τ‚P‚X,‘δ’¬‚Q|‚Q‚O|‚S,"205,000 ","197,000 ",4.1 ,165 ,,1,1.5,Z‘ξ,W,2F,,κ”ΚZ‘ξ‚Μ‚Ω‚©‹¤“―Z‘ξ“™‚ª©‚η‚κ‚ιZ‘ξ’nζ,s“Ή,“μΌ,6,,,,ƒKƒX,…“Ή,‰Ί…“Ή,Ό”ª‰¤q,,900 ,‚Q’†κ,€–h,60 ,200 ,,‚“x,,,,,,,,,
›,13201 ,6 ,”ª‰¤q,0 ,17 ,‘½–€,“μ‘½–€,”ª‰¤qs,‹Ε’¬“ρ’–Ϊ‚S‚U‚T”Τ‚S‚S,‹Ε’¬‚Q|‚R‚P|‚Q‚X,"113,000 ","110,000 ",2.7 ,135 ,,1,2,Z‘ξ,W,2F,,κ”ΚZ‘ξ“™‚ª‚Ώ•ΐ‚Τ‚‘δ‚ΜZ‘ξ’nζ,“ΉH,“,5,,,,ƒKƒX,…“Ή,‰Ί…“Ή,”ª‰¤q,,"2,300 ",‚P’†κ,€–h,60 ,200 ,,‚“x,,,,,,,,,
›,13201 ,6 ,”ª‰¤q,0 ,18 ,‘½–€,“μ‘½–€,”ª‰¤qs,’†–μγ’¬l’–Ϊ‚R‚W‚S‚R”Τ‚P,’†–μγ’¬‚S|‚Q‚U|‚P‚X,"117,000 ","114,000 ",2.6 ,126 ,,1,1,Z‘ξ,LS,3F,,κ”ΚZ‘ξAƒAƒp[ƒg“™‚ª©‚η‚κ‚ιZ‘ξ’nζ,s“Ή,–k,4,,,,ƒKƒX,…“Ή,‰Ί…“Ή,Ό”ª‰¤q,,"1,800 ",‚P’†κ,€–h,60 ,200 ,,‚“x,,,,,,,,,
›,13201 ,6 ,”ª‰¤q,0 ,19 ,‘½–€,“μ‘½–€,”ª‰¤qs,“μ‘ε‘ς“ρ’–Ϊ‚Q‚O‚U”Τ‚W,,"197,000 ","188,000 ",4.8 ,233 ,,1,2,“X•ά“‹¤“―Z‘ξ,S,3F,,“X•ά•Ή—pZ‘ξ‚β‹¤“―Z‘ξ“™‚ª‚Ώ•ΐ‚ΤZ‘ξ’nζ,“s“Ή,“,16,,,,ƒKƒX,…“Ή,‰Ί…“Ή,“μ‘ε‘ς,,800 ,‚Q’†κ,€–h,60 ,200 ,,‚“x,,,,,,,,,
›,13201 ,6 ,”ª‰¤q,0 ,20 ,‘½–€,“μ‘½–€,”ª‰¤qs,“μ‘ε‘ςκ’–Ϊ‚P‚T”Τ‚R‚S,,"193,000 ","184,000 ",4.9 ,163 ,,1,2,Z‘ξ,W,2F,,κ”ΚZ‘ξ‚Μ‚Ω‚©‚Ι‹¤“―Z‘ξ‚ª©‚η‚κ‚ιZ‘ξ’nζ,s“Ή,“μ“,6,,,,ƒKƒX,…“Ή,‰Ί…“Ή,“μ‘ε‘ς,,950 ,‚Q’†κ,€–h,60 ,200 ,,‚“x,,,,,,,,,
›,13201 ,6 ,”ª‰¤q,0 ,21 ,‘½–€,“μ‘½–€,”ª‰¤qs,–ψ…ΰ_“Ή‚Q‚P‚R‚X”Τ‚P‚Q,,"110,000 ","109,000 ",0.9 ,133 ,,1,2,Z‘ξ,LS,2F,,’†¬‹K–Ν‚Μκ”ΚZ‘ξ‚ª‚Ώ•ΐ‚ΤZ‘ξ’nζ,s“Ή,“μ,6,,,,,…“Ή,‰Ί…“Ή,‘½–€‹«,,"2,300 ",‚P’ακ,,40 ,80 ,,‚“x,,,,,,,,,
›,13201 ,6 ,”ª‰¤q,0 ,22 ,‘½–€,“μ‘½–€,”ª‰¤qs,μϋ’¬‚P‚U‚Q‚O”Τ‚R,,"65,200 ","64,500 ",1.1 ,133 ,,1,1,Z‘ξ,W,2F,,’†¬‹K–Ν‚ΜΛZ‘ξ‚ª‘½‚ΆxO‚ΜZ‘ξ’nζ,s“Ή,“μΌ,4.5,,,,ƒKƒX,…“Ή,‰Ί…“Ή,”ª‰¤q,,"6,700 ",‚P’ακ,,40 ,80 ,,‚“x,,,,,,,,,
›,13201 ,6 ,”ª‰¤q,0 ,23 ,‘½–€,“μ‘½–€,”ª‰¤qs,Ω’¬‚Q‚X‚W”Τ‚W,,"127,000 ","124,000 ",2.4 ,132 ,,1,1.2,Z‘ξ,W,2F,,Z‘ξ‚Μ‚Ω‚©“X•ά“™‚ΰ©‚η‚κ‚ι“s“Ή‰‚Ά‚ΜZ‘ξ’nζ,“s“Ή,–k,10,,,,ƒKƒX,…“Ή,‰Ί…“Ή,‹·Τ,,"1,000 ",‚Q’†κ,€–h,60 ,200 ,,‚“x,,,,,*,13201 ,0 ,93 ,"126,000 "
›,13201 ,6 ,”ª‰¤q,0 ,24 ,‘½–€,“μ‘½–€,”ª‰¤qs,‰Ί—M–Ψ“ρ’–Ϊ‚Q‚V”Τ‚P‚O,,"154,000 ","147,000 ",4.8 ,155 ,,1,1.5,Z‘ξ,W,2F,,κ”ΚZ‘ξA‹¤“―Z‘ξ“™‚ª©‚η‚κ‚ιZ‘ξ’nζ,s“Ή,“μ“,6,,,,ƒKƒX,…“Ή,‰Ί…“Ή,“μ‘ε‘ς,,"1,800 ",‚Q’†κ,€–h,60 ,200 ,,‚“x,,,,,,,,,
›,13201 ,6 ,”ª‰¤q,0 ,25 ,‘½–€,“μ‘½–€,”ª‰¤qs,‹·Τ’¬‚P‚V‚T‚Q”Τ‚T,,"161,000 ","155,000 ",3.9 ,153 ,‘δ`,1.5,1,Z‘ξ,W,2F,,κ”ΚZ‘ξ‚Μ’†‚ΙƒAƒp[ƒg“™‚ª©‚η‚κ‚ιZ‘ξ’nζ,s“Ή,Ό,4,,,,ƒKƒX,…“Ή,‰Ί…“Ή,‚”φ,,800 ,‚P’†κ,€–h,60 ,200 ,,‚“x,,,,,,,,,
›,13201 ,6 ,”ª‰¤q,0 ,26 ,‘½–€,“μ‘½–€,”ª‰¤qs,‘εy›’¬‚P‚P‚P”Τ‚V,,"68,600 ","67,000 ",2.4 ,105 ,,1.2,1,Z‘ξ,W,2F,,κ”ΚZ‘ξ‚Μ’†‚Ι”¨A‹σ’n“™‚ª©‚η‚κ‚ιZ‘ξ’nζ,s“Ή,“,4,,,,ƒKƒX,…“Ή,‰Ί…“Ή,”ª‰¤q,,"6,800 ",‚P’ακ,,40 ,80 ,,‚“x,,,,,,,,,
›,13201 ,6 ,”ª‰¤q,0 ,27 ,‘½–€,“μ‘½–€,”ª‰¤qs,µ‘Z’–Ϊ‚R‚U”Τ‚P‚T,µ‘‚U|‚R‚U|‚P‚T,"167,000 ","161,000 ",3.7 ,188 ,,1,1.5,Z‘ξ,W,2F,,’†‹K–Νκ”ΚZ‘ξ‚ª‘½‚Ά‹ζ‰ζ®‘R‚Ζ‚µ‚½Z‘ξ’nζ,s“Ή,–k,6,,,,ƒKƒX,…“Ή,‰Ί…“Ή,”ª‰¤q‚έ‚Θ‚έ–μ,,"1,800 ",‚P’ακ,€–h,50 ,100 ,,‚“x,,,,,,,,,
›,13201 ,6 ,”ª‰¤q,0 ,28 ,‘½–€,“μ‘½–€,”ª‰¤qs,“’†–μ“ρ\†‚P‚S‚R‚U”Τ‚S,,"127,000 ","124,000 ",2.4 ,160 ,,1,1.2,Z‘ξ,W,2F,,κ”ΚZ‘ξ‚Μ‚Ω‚©‹¤“―Z‘ξ‚ª©‚η‚κ‚ιZ‘ξ’nζ,s“Ή,–k,4,,,,ƒKƒX,…“Ή,‰Ί…“Ή,‘ε’ΛE’ι‹‘εw,,640 ,‚P’ακ,,40 ,80 ,,‚“x,,,,,,,,,
›,13201 ,6 ,”ª‰¤q,0 ,29 ,‘½–€,“μ‘½–€,”ª‰¤qs,ιRθ“ρ’–Ϊ‚P‚O‚X‚T”Τ‚W‚U,ιRθ‚Q|‚Q‚U|‚S,"113,000 ","109,000 ",3.7 ,218 ,,1,1,Z‘ξ,W,2F,,’†‹K–ΝZ‘ξ‚ª‚Ώ•ΐ‚Τ‹ζ‰ζ®‘R‚Ζ‚µ‚½Z‘ξ’nζ,s“Ή,“μ,6,,,,ƒKƒX,…“Ή,‰Ί…“Ή,‚”φ,,"2,000 ",‚P’ακ,,40 ,80 ,,‚“x,,,,,,,,,
›,13201 ,6 ,”ª‰¤q,0 ,30 ,‘½–€,“μ‘½–€,”ª‰¤qs,“θ΄’¬‚R‚P‚W”Τ‚P‚V,,"99,000 ","96,000 ",3.1 ,102 ,,1,2,Z‘ξ,W,2F,,κ”ΚZ‘ξ‚ª‘‚¦‚Β‚Β‚ ‚ι‹ζ‰ζ®‘R‚Ζ‚µ‚½Z‘ξ’nζ,s“Ή,“,5,,,,ƒKƒX,…“Ή,‰Ί…“Ή,”ª‰¤q,,"4,300 ",‚P’ακ,,40 ,80 ,,‚“x,,,,,,,,,
›,13201 ,6 ,”ª‰¤q,0 ,31 ,‘½–€,“μ‘½–€,”ª‰¤qs,Ό›•ϋ’¬‚Q‚U”Τ‚W,,"70,000 ","69,500 ",0.7 ,237 ,‘δ`,1,1.5,Z‘ξ,S,2F,,κ”ΚZ‘ξ‚Μ’†‚Ι“X•ά“™‚ª©‚η‚κ‚ιZ‘ξ’nζ,“s“Ή,–k,9,,,,,…“Ή,‰Ί…“Ή,‚”φ,,"4,500 ",‚Q’†κ,€–h,60 ,200 ,,‚“x,,,,,,,,,
›,13201 ,6 ,”ª‰¤q,0 ,32 ,‘½–€,“μ‘½–€,”ª‰¤qs,³”ª‰¤q’¬O’–Ϊ‚Q‚T‚P‚R”Τ‚P‚X,,"73,000 ","72,000 ",1.4 ,165 ,,1,1.2,Z‘ξ,W,2F,,κ”ΚZ‘ξ‚Μ’†‚Ι‹σ’nA”_’n‚ª¬έ‚·‚ιZ‘ξ’nζ,„“Ή,“μ,4,,,,,…“Ή,‰Ί…“Ή,‚”φ,,"2,400 ",‚P’ακ,,40 ,80 ,,‚“x,,,“s—§φ,•’Κ,,,,,
›,13201 ,6 ,”ª‰¤q,0 ,33 ,‘½–€,“μ‘½–€,”ª‰¤qs,³”ª‰¤q’¬“ρ’–Ϊ‚P‚P‚T‚W”Τ‚P‚O,,"72,500 ","71,600 ",1.3 ,132 ,,1,2,Z‘ξ,W,2F,,κ”ΚZ‘ξ‚Μ‚Ω‚©‹¤“―Z‘ξ“™‚ΰ©‚η‚κ‚ιZ‘ξ’nζ,s“Ή,–k“,4,,,,ƒKƒX,…“Ή,‰Ί…“Ή,‚”φ,,"2,400 ",‚P’ακ,,40 ,80 ,,‚“x,,,,,,,,,
›,13201 ,6 ,”ª‰¤q,0 ,34 ,‘½–€,“μ‘½–€,”ª‰¤qs,‘εy›’¬‚S‚T‚U”Τ‚P‚S,,"85,500 ","83,300 ",2.6 ,167 ,,1,1,Z‘ξ,W,2F,,’†¬‹K–Ν‚Μκ”ΚZ‘ξ‚ª‚Ώ•ΐ‚ΤxO‚ΜZ‘ξ’nζ,s“Ή,“μ,4,,,,ƒKƒX,…“Ή,‰Ί…“Ή,”ª‰¤q,,"4,900 ",‚P’ακ,,40 ,80 ,,‚“x,,,,,,,,,
›,13201 ,6 ,”ª‰¤q,0 ,35 ,‘½–€,“μ‘½–€,”ª‰¤qs,ς’¬‚P‚Q‚U‚U”Τ‚V,,"94,000 ","92,000 ",2.2 ,116 ,,1,1.5,Z‘ξ,W,2F,,κ”ΚZ‘ξ‚Μ’†‚Ι––±“™‚ª©‚η‚κ‚ιZ‘ξ’nζ,s“Ή,–k,6,,,,ƒKƒX,…“Ή,‰Ί…“Ή,”ª‰¤q,,"5,100 ",‚P’†κ,€–h,60 ,200 ,,‚“x,,,,,,,,,
›,13201 ,6 ,”ª‰¤q,0 ,36 ,‘½–€,“μ‘½–€,”ª‰¤qs,μϋ’¬‚P‚W‚X‚O”Τ‚P‚U,,"56,000 ","55,500 ",0.9 ,214 ,,1,1.5,Z‘ξ,W,2F,,’†‹K–Νκ”ΚZ‘ξ‚ª‚Ώ•ΐ‚ΤxO‚ΜZ‘ξ’nζ,s“Ή,“μ“,4,,,,ƒKƒX,…“Ή,‰Ί…“Ή,”ª‰¤q,,"6,800 ",‚P’ακ,,40 ,80 ,,‚“x,,,,,,,,,
›,13201 ,6 ,”ª‰¤q,0 ,37 ,‘½–€,“μ‘½–€,”ª‰¤qs,¬‹{’¬‚U‚X‚W”Τ‚Q‚Q,,"106,000 ","104,000 ",1.9 ,228 ,,1.2,1,Z‘ξ,W,2F,,κ”ΚZ‘ξ‚Μ‚Ω‚©‚Ι”¨“™‚ΰ©‚η‚κ‚ιZ‘ξ’nζ,s“Ή,Ό,4,,,,ƒKƒX,…“Ή,‰Ί…“Ή,¬‹{,,700 ,‚P’ακ,,40 ,80 ,,‚“x,,,,,,,,,
›,13201 ,6 ,”ª‰¤q,0 ,38 ,‘½–€,“μ‘½–€,”ª‰¤qs,‘εa“c’¬µ’–Ϊ‚Q‚Q‚S‚Q”Τ‚U,‘εa“c’¬‚V|‚P‚S|‚V,"125,000 ","121,000 ",3.3 ,191 ,,1.2,1,Z‘ξ,W,2F,,’†‹K–Νκ”ΚZ‘ξAƒAƒp[ƒg“™‚ª©‚η‚κ‚ιZ‘ξ’nζ,s“Ή,–k,4,,,,ƒKƒX,…“Ή,‰Ί…“Ή,”ª‰¤q,,"1,800 ",‚P’ακ,,40 ,80 ,,‚“x,,,,,,,,,
›,13201 ,6 ,”ª‰¤q,0 ,39 ,‘½–€,“μ‘½–€,”ª‰¤qs,–x”V“ΰ“ρ’–Ϊ‚P‚R”Τ‚RO,,"166,000 ","159,000 ",4.4 ,195 ,,1,1,Z‘ξ,W,2F,,’†‹K–Νκ”ΚZ‘ξAƒAƒp[ƒg“™‚ª©‚η‚κ‚ιZ‘ξ’nζ,s“Ή,–kΌ,6,,,,ƒKƒX,…“Ή,‰Ί…“Ή,‹‰¤–x”V“ΰ,,850 ,‚Q’†κ,€–h,60 ,200 ,,‚“x,,,,,,,,,
›,13201 ,6 ,”ª‰¤q,0 ,40 ,‘½–€,“μ‘½–€,”ª‰¤qs,‘ε’Λ‚Q‚S‚O”Τ‚U‚O,,"135,000 ","131,000 ",3.1 ,202 ,,1.2,1,Z‘ξ,W,2F,,’†‹K–Ν‚Μκ”ΚZ‘ξ‚ª‘½‚Ά‹u—Λ’n‚ΜZ‘ξ’nζ,s“Ή,Ό,6,,,,ƒKƒX,…“Ή,‰Ί…“Ή,’†‰›‘εwE–Ύ―‘εw,,"1,300 ",‚P’ακ,,40 ,80 ,,‚“x,,,,,,,,,
›,13201 ,6 ,”ª‰¤q,0 ,41 ,‘½–€,“μ‘½–€,”ª‰¤qs,—Ξ’¬‚Q‚V‚P”Τ‚P‚V,,"149,000 ","143,000 ",4.2 ,142 ,,1,1.5,Z‘ξ,LS,2F,,’†‹K–Νκ”ΚZ‘ξ‚Μ’†‚Ι”¨“™‚ª©‚η‚κ‚ιZ‘ξ’nζ,s“Ή,Ό,5,,,,ƒKƒX,…“Ή,‰Ί…“Ή,R“c,,300 ,‚P’ακ,,40 ,80 ,,‚“x,,,,,,,,,
›,13201 ,6 ,”ª‰¤q,0 ,42 ,‘½–€,“μ‘½–€,”ª‰¤qs,“σ•ª•ϋ’¬‚T‚U‚P”Τ‚P‚V,,"73,500 ","71,800 ",2.4 ,132 ,,1,1.5,Z‘ξ,W,2F,,’†‹K–Ν‚Μκ”ΚZ‘ξ‚ª‘½‚ΆxO‚ΜZ‘ξ’nζ,„“Ή,–kΌ,6,,,,ƒKƒX,…“Ή,‰Ί…“Ή,”ª‰¤q,,"5,500 ",‚P’ακ,,40 ,80 ,,‚“x,,,,,,,,,
›,13201 ,6 ,”ª‰¤q,0 ,43 ,‘½–€,“μ‘½–€,”ª‰¤qs,­“c’¬‚T‚R‚R”Τ‚P‚V,,"150,000 ","145,000 ",3.4 ,142 ,,1,2,Z‘ξ,W,2F,,κ”ΚZ‘ξ‚Μ‚Ω‚©‚ΙƒAƒp[ƒg‚ª©‚η‚κ‚ιZ‘ξ’nζ,s“Ή,–k,6,,,,ƒKƒX,…“Ή,‰Ί…“Ή,‚ί‚¶‚λ‘δ,,850 ,‚P’ακ,€–h,50 ,100 ,,‚“x,,,,,,,,,
›,13201 ,6 ,”ª‰¤q,0 ,44 ,‘½–€,“μ‘½–€,”ª‰¤qs,›“c’¬‚P‚R”Τ‚Q‚O,,"105,000 ","103,000 ",1.9 ,230 ,,1,1,Z‘ξ,W,2F,,’†‹K–Νκ”ΚZ‘ξ‚ª‚Ώ•ΐ‚ΤZ‘ξ’nζ,s“Ή,–kΌ,5,,,,ƒKƒX,…“Ή,‰Ί…“Ή,‚ί‚¶‚λ‘δ,,"1,700 ",‚P’ακ,,40 ,80 ,,‚“x,,,,,,,,,
›,13201 ,6 ,”ª‰¤q,0 ,45 ,‘½–€,“μ‘½–€,”ª‰¤qs,γ—M–Ψ“ρ\ά†‚Q‚Q‚U‚P”Τ‚RO,,"109,000 ","109,000 ",0.0 ,165 ,‘δ`,1,1.2,Z‘ξ,LS,2F,,’†‹K–Νκ”ΚZ‘ξ‚Μ‚Ω‚©”_’n‚ΰ©‚η‚κ‚ιZ‘ξ’nζ,“ΉH,“μΌ,4,,,,,…“Ή,‰Ί…“Ή,“μ‘ε‘ς,,"2,000 ",‚P’ακ,,40 ,80 ,,‚“x,,,,,,,,,
›,13201 ,6 ,”ª‰¤q,0 ,46 ,‘½–€,“μ‘½–€,”ª‰¤qs,qΐ’¬κ’–Ϊ‚T‚T‚Q”Τ‚X,qΐ’¬‚P|‚Q‚V|‚Q‚S,"310,000 ","295,000 ",5.1 ,144 ,,1.5,1,Z‘ξ“––±,RC,4F,,Z‘ξAƒ}ƒ“ƒVƒ‡ƒ“A‰c‹Ζ“™‚ª¬έ‚·‚ιZ‘ξ’nζ,s“Ή,“,8,,,,ƒKƒX,…“Ή,‰Ί…“Ή,”ª‰¤q,,400 ,‚PZ‹,€–h,60 ,200 ,,‚“x,,,,,*,13201 ,0 ,2 ,"301,000 "
›,13201 ,6 ,”ª‰¤q,0 ,47 ,‘½–€,“μ‘½–€,”ª‰¤qs,‚ί‚¶‚λ‘δ“ρ’–Ϊ‚S‚T”Τ‚P‚S,,"150,000 ","144,000 ",4.2 ,219 ,,1,1.2,Z‘ξ,LS,2F,,’†‹K–Νκ”ΚZ‘ξ‚ª‘½‚Ά‹ζ‰ζ®‘R‚Ζ‚µ‚½Z‘ξ’nζ,s“Ή,“μΌ,6,,,,ƒKƒX,…“Ή,‰Ί…“Ή,‚ί‚¶‚λ‘δ,,500 ,‚P’ακ,,40 ,80 ,,‚“x,,,,,*,13201 ,0 ,1 ,"148,000 "
›,13201 ,6 ,”ª‰¤q,0 ,48 ,‘½–€,“μ‘½–€,”ª‰¤qs,‘εa“c’¬l’–Ϊ‚P‚W‚Q‚V”Τ‚T,‘εa“c’¬‚S|‚W|‚W,"181,000 ","173,000 ",4.6 ,174 ,,1,1.2,Z‘ξ,LS,2F,,’†‹K–Νκ”ΚZ‘ξ‚ª‘½‚Ά‹ζ‰ζ®‘R‚Ζ‚µ‚½Z‘ξ’nζ,s“Ή,–k,6,,,,ƒKƒX,…“Ή,‰Ί…“Ή,‹‰¤”ª‰¤q,,"1,500 ",‚PZ‹,€–h,60 ,200 ,,‚“x,,,,,*,13201 ,0 ,21 ,"178,000 "
›,13201 ,6 ,”ª‰¤q,0 ,49 ,‘½–€,“μ‘½–€,”ª‰¤qs,“σμ’¬‚P”Τ‚S‚O,,"143,000 ","138,000 ",3.6 ,113 ,,1,1.5,Z‘ξ,W,2F,,¬‹K–Ν’α‘wZ‘ξ‚Μ‚Ώ•ΐ‚ΤZ‘ξ’nζ,s“Ή,–k“,4,,,,ƒKƒX,…“Ή,‰Ί…“Ή,Ό”ª‰¤q,,"1,500 ",‚PZ‹,€–h,60 ,200 ,,‚“x,,,,,*,13201 ,0 ,40 ,"140,000 "
›,13201 ,6 ,”ª‰¤q,0 ,50 ,‘½–€,“μ‘½–€,”ª‰¤qs,z–K’¬‚P‚Q‚Q”Τ‚T,,"78,000 ","76,000 ",2.6 ,165 ,,1,1,Z‘ξ,W,2F,,’†¬‹K–Ν‚Μκ”ΚZ‘ξ‚ª‘½‚ΆZ‘ξ’nζ,„“Ή,–kΌ,4,,,,ƒKƒX,…“Ή,‰Ί…“Ή,”ª‰¤q,,"5,100 ",‚P’ακ,,40 ,80 ,,‚“x,,,,,*,13201 ,0 ,68 ,"77,000 "
›,13201 ,6 ,”ª‰¤q,0 ,51 ,‘½–€,“μ‘½–€,”ª‰¤qs,‰z–μ‚Q‚U”Τ‚P‚R,,"172,000 ","164,000 ",4.9 ,124 ,,1,2,Z‘ξ,LS,2F,,’†‹K–Νκ”ΚZ‘ξAƒAƒp[ƒg“™‚ª¬έ‚·‚ιZ‘ξ’nζ,s“Ή,“,6,,,,ƒKƒX,…“Ή,‰Ί…“Ή,‹‰¤–x”V“ΰ,,"1,100 ",‚Q’†κ,€–h,60 ,200 ,,‚“x,,,,,*,13201 ,0 ,76 ,"170,000 "
›,13201 ,6 ,”ª‰¤q,0 ,52 ,‘½–€,“μ‘½–€,”ª‰¤qs,“ω—Ά’¬‚Q‚S”Τ‚T,,"165,000 ","160,000 ",3.1 ,132 ,‘δ`,1,1,Z‘ξ,LS,2F,,κ”ΚZ‘ξAƒAƒp[ƒg‚ª©‚η‚κ‚ιZ‘ξ’nζ,s“Ή,“μ“,4,,,,,…“Ή,‰Ί…“Ή,‚”φ,,340 ,‚P’ακ,,40 ,80 ,,‚“x,,,,,,,,,
›,13201 ,6 ,”ª‰¤q,0 ,53 ,‘½–€,“μ‘½–€,”ª‰¤qs,‰‘ς’¬‚P‚Q‚X‚R”Τ‚P,,"229,000 ","218,000 ",5.0 ,196 ,,1,1,Z‘ξ,W,2F,,Z‘ξA“X•άAƒAƒp[ƒg“™‚ª¬έ‚·‚ιω¬Z‘ξ’nζ,s“Ή,–k,5.5,,,,ƒKƒX,…“Ή,‰Ί…“Ή,‚”φ,,350 ,‚PZ‹,€–h,60 ,200 ,,‚“x,,,,,,,,,
›,13201 ,6 ,”ª‰¤q,0 ,54 ,‘½–€,“μ‘½–€,”ª‰¤qs,U“c’¬O’–Ϊ‚V‚X‚V”Τ‚P,U“c’¬‚R|‚P‚T|‚Q‚R,"223,000 ","212,000 ",5.2 ,353 ,,1,1.5,––±“‹¤“―Z‘ξ,RC,5F,,κ”ΚZ‘ξA“X•άA––±“™‚Μ¬έ‚·‚ιZ‘ξ’nζ,s“Ή,–kΌ,11,,,,ƒKƒX,…“Ή,‰Ί…“Ή,Ό”ª‰¤q,,520 ,‚PZ‹,€–h,60 ,200 ,,‚“x,,,,,,,,,
›,13201 ,6 ,”ª‰¤q,0 ,55 ,‘½–€,“μ‘½–€,”ª‰¤qs,“θ΄’¬‚P‚U‚O‚W”Τ‚W,,"70,200 ","69,200 ",1.4 ,188 ,,1.2,1,Z‘ξ,W,2F,,κ”ΚZ‘ξ‚ª‚Ώ•ΐ‚Τ‹ζ‰ζ®‘R‚Ζ‚µ‚½Z‘ξ’nζ,s“Ή,“μΌ,6,,,,ƒKƒX,…“Ή,‰Ί…“Ή,”ª‰¤q,,"5,900 ",‚P’ακ,,40 ,80 ,,‚“x,,,,,,,,,
›,13201 ,6 ,”ª‰¤q,0 ,56 ,‘½–€,“μ‘½–€,”ª‰¤qs,‰Ί‰¶•ϋ’¬‚T‚U‚U”Τ‚Q‚X,,"58,000 ","57,200 ",1.4 ,175 ,‘δ`,1,1.2,Z‘ξ,W,2F,,κ”ΚZ‘ξ‚Μ’†‚Ι”_’n“™‚ΰ©‚η‚κ‚ιZ‘ξ’nζ,s“Ή,–k,5,,,,,…“Ή,‰Ί…“Ή,‚”φ,,"6,100 ",‚P’ακ,,40 ,80 ,,‚“x,,,,,,,,,
›,13201 ,6 ,”ª‰¤q,0 ,57 ,‘½–€,“μ‘½–€,”ª‰¤qs,“θ΄’¬‚T‚T‚T”Τ‚S,,"106,000 ","103,000 ",2.9 ,202 ,,1,1.2,Z‘ξ,W,2F,,κ”ΚZ‘ξA“X•ά“™‚ª¬έ‚·‚ι“s“Ή‰‚Ά‚Μ’nζ,“s“Ή,–kΌ,14,,,,ƒKƒX,…“Ή,‰Ί…“Ή,”ª‰¤q,,"5,200 ",‚Q’†κ,€–h,60 ,200 ,,‚“x,,,,,,,,,
›,13201 ,6 ,”ª‰¤q,0 ,58 ,‘½–€,“μ‘½–€,”ª‰¤qs,’·–[’¬‚P‚S‚W‚P”Τ‚P‚X,,"128,000 ","124,000 ",3.2 ,190 ,,1.5,1,Z‘ξ,LS,2F,,’†‹K–Ν‚Μκ”ΚZ‘ξ‚ª‚Ώ•ΐ‚ΤZ‘ξ’nζ,s“Ή,“μ“,6,,,,ƒKƒX,…“Ή,‰Ί…“Ή,‚”φ,,"1,500 ",‚P’ακ,,40 ,80 ,,‚“x,,,,,,,,,
›,13201 ,6 ,”ª‰¤q,0 ,59 ,‘½–€,“μ‘½–€,”ª‰¤qs,Ω’¬‚P‚W‚Q‚P”Τ‚P‚R‚T,,"71,000 ","70,000 ",1.4 ,160 ,,1,1,Z‘ξ,LS,2F,,κ”ΚZ‘ξ‚ª‚Ώ•ΐ‚ΤXΞ’n‚ΜΥΓ‚ΘZ‘ξ’nζ,s“Ή,“μ“,5,,,,ƒKƒX,…“Ή,‰Ί…“Ή,‚ί‚¶‚λ‘δ,,"2,500 ",‚P’ακ,,40 ,80 ,,‚“x,,,,,,,,,
›,13201 ,6 ,”ª‰¤q,0 ,60 ,‘½–€,“μ‘½–€,”ª‰¤qs,“μ‘ε‘ςl’–Ϊ‚R‚X”Τ‚P‚U,,"157,000 ","152,000 ",3.3 ,192 ,,1,1.5,Z‘ξ,W,2F,,κ”ΚZ‘ξ‚ª‚Ώ•ΐ‚Τ‹ζ‰ζ®‘R‚Ζ‚µ‚½Z‘ξ’nζ,s“Ή,–k,6,,,,ƒKƒX,…“Ή,‰Ί…“Ή,“μ‘ε‘ς,,"1,400 ",‚P’ακ,,40 ,80 ,,‚“x,,,,,,,,,
›,13201 ,6 ,”ª‰¤q,0 ,61 ,‘½–€,“μ‘½–€,”ª‰¤qs,‘ε’Λ‚P‚T‚P‚W”Τ‚QO,,"137,000 ","133,000 ",3.0 ,225 ,,1.2,1,Z‘ξ,W,2F,,κ”ΚZ‘ξ‚Μ‚Ω‚©‚ΙƒAƒp[ƒg“™‚ΰ©‚η‚κ‚ιZ‘ξ’nζ,s“Ή,Ό,4.5,,,,ƒKƒX,…“Ή,‰Ί…“Ή,‘ε’ΛE’ι‹‘εw,,360 ,‚P’ακ,,40 ,80 ,,‚“x,,,,,,,,,
›,13201 ,6 ,”ª‰¤q,0 ,62 ,‘½–€,“μ‘½–€,”ª‰¤qs,’†–μ’¬‚Q‚V‚S‚O”Τ‚P,,"117,000 ","114,000 ",2.6 ,150 ,,1.5,1,Z‘ξ,W,2F,,Z‘ξA“X•άA–‹Ζ“™‚ª¬έ‚·‚ιZ‘ξ’nζ,s“Ή,“μ“,16,,,,,…“Ή,‰Ί…“Ή,”ª‰¤q,,"4,500 ",‚P’†κ,€–h,60 ,200 ,,‚“x,,,,,,,,,
›,13201 ,6 ,”ª‰¤q,0 ,63 ,‘½–€,“μ‘½–€,”ª‰¤qs,‘εa“c’¬κ’–Ϊ‚P‚Q‚V‚V”Τ‚P‚W,‘εa“c’¬‚P|‚Q‚W|‚P‚P,"132,000 ","127,000 ",3.9 ,93 ,‘δ`,1,1.5,Z‘ξ,W,2F,,κ”ΚZ‘ξA‹¤“―Z‘ξ“™‚ª©‚η‚κ‚ιZ‘ξ’nζ,s“Ή,–kΌ,4.5,,,,ƒKƒX,…“Ή,‰Ί…“Ή,‹‰¤”ª‰¤q,,"1,900 ",‚P’ακ,,40 ,80 ,,‚“x,,,,,,,,,
›,13201 ,6 ,”ª‰¤q,0 ,64 ,‘½–€,“μ‘½–€,”ª‰¤qs,γ–μ’¬‚X‚X”Τ‚P‚O,,"201,000 ","194,000 ",3.6 ,198 ,,1,1,Z‘ξ,W,2F,,κ”ΚZ‘ξ‚π’†S‚Ζ‚·‚ι€²ό“ΉH‰‚Ά‚ΜZ‘ξ’nζ,s“Ή,“μ,11,,,,ƒKƒX,…“Ή,‰Ί…“Ή,”ª‰¤q,,"1,200 ",‚PZ‹,€–h,60 ,200 ,,‚“x,,,,,,,,,
›,13201 ,6 ,”ª‰¤q,0 ,65 ,‘½–€,“μ‘½–€,”ª‰¤qs,—Ξ’¬‚W‚X‚R”Τ‚TO,,"152,000 ","147,000 ",3.4 ,166 ,‘δ`,1,1,Z‘ξ,W,2F,,κ”ΚZ‘ξ“™‚ª‚Ώ•ΐ‚ΤΥΓ‚ΘZ‘ξ’nζ,s“Ή,“μΌ,5,,,,ƒKƒX,…“Ή,‰Ί…“Ή,‹‰¤•Π‘q,,600 ,‚P’ακ,,40 ,80 ,,‚“x,,,,,,,,,
›,13201 ,6 ,”ª‰¤q,0 ,66 ,‘½–€,“μ‘½–€,”ª‰¤qs,ηl’¬O’–Ϊ‚S‚V”Τ‚Q‚S,ηl’¬‚R|‚P‚T|‚P‚W,"210,000 ","201,000 ",4.5 ,100 ,,1,1.5,Z‘ξ,W,2F,,κ”ΚZ‘ξ‚Μ‚Ω‚©‚Ι‹¤“―Z‘ξ“™‚ª©‚η‚κ‚ι’nζ,s“Ή,–kΌ,6,,,,ƒKƒX,…“Ή,‰Ί…“Ή,Ό”ª‰¤q,,500 ,€H,€–h,60 ,200 ,,‚“x,,,,,,,,,
›,13201 ,6 ,”ª‰¤q,0 ,67 ,‘½–€,“μ‘½–€,”ª‰¤qs,’J’¬‚X‚O‚V”Τ‚Q,,"92,000 ","89,500 ",2.8 ,244 ,,1.5,1,Z‘ξ,W,2F,,κ”ΚZ‘ξ‚Μ‚Ω‚©‚Ι¬Hκ“™‚ª©‚η‚κ‚ιZ‘ξ’nζ,s“Ή,–k,4,,,,ƒKƒX,…“Ή,‰Ί…“Ή,”ª‰¤q,,"4,400 ",€H,€–h,60 ,200 ,,‚“x,,,,,,,,,
›,13201 ,6 ,”ª‰¤q,0 ,68 ,‘½–€,“μ‘½–€,”ª‰¤qs,–k–μ’¬‚T‚W‚O”Τ‚P‚R,,"188,000 ","180,000 ",4.4 ,194 ,,1,1,Z‘ξ,W,2F,,κ”ΚZ‘ξAƒ}ƒ“ƒVƒ‡ƒ“A‘qΙ“™‚ª¬έ‚·‚ι’nζ,s“Ή,–k,6,,,,ƒKƒX,…“Ή,‰Ί…“Ή,–k–μ,,620 ,€H,€–h,60 ,200 ,,‚“x,,,,,,,,,
›,13201 ,6 ,”ª‰¤q,0 ,69 ,‘½–€,“μ‘½–€,”ª‰¤qs,γμ’¬‚P‚V‚S‚W”Τ‚P,,"32,500 ","32,500 ",0.0 ,144 ,‘δ`,1.2,1,Z‘ξ,W,2F,,”_‰ΖZ‘ξ“™‚ª©‚η‚κ‚ι”_’n‚Μ‘½‚ΆZ‘ξ’nζ,s“Ή,“μΌ,4,,,,,…“Ή,‰Ί…“Ή,”ª‰¤q,,"10,000 ",,,40 ,80 ,,,’²‹ζ,,“s—§φ,•’Κ,,,,,
›,13201 ,6 ,”ª‰¤q,0 ,70 ,‘½–€,“μ‘½–€,”ª‰¤qs,Ό›•ϋ’¬‚T‚U‚R”Τ‚X‚Q,,"45,200 ","45,000 ",0.4 ,150 ,,1,1,Z‘ξ,W,2F,,ω‘¶‚Μκ”ΚZ‘ξ‚ª‚Ώ•ΐ‚Τ‹u—Λ’n‚ΜZ‘ξ’nζ,s“Ή,“μ“,4,,,,ƒKƒX,…“Ή,‰Ί…“Ή,‚”φ,,"4,800 ",‚P’ακ,,30 ,50 ,,‚“x,’²‹ζ,,,,,,,,
›,13201 ,6 ,”ª‰¤q,0 ,71 ,‘½–€,“μ‘½–€,”ª‰¤qs,‚’¬‚P‚Q‚R‚V”Τ‚T,,"53,500 ","53,500 ",0.0 ,208 ,,1,1.5,Z‘ξ,W,2F,,κ”ΚZ‘ξA”_‰ΖZ‘ξ‚Μ‚Ω‚©”_’n“™‚ª©‚η‚κ‚ι’nζ,“s“Ή,–k“,7.2,,,,,…“Ή,‰Ί…“Ή,“H—―,,"1,500 ",,,40 ,80 ,,,’²‹ζ,,“s—§φ,•’Κ,,,,,
›,13201 ,6 ,”ª‰¤q,0 ,72 ,‘½–€,“μ‘½–€,”ª‰¤qs,γ‰¶•ϋ’¬‚P‚O‚O‚R”Τ‚R,,"33,100 ","33,100 ",0.0 ,162 ,‘δ`,1,1,Z‘ξ,W,2F,,κ”ΚZ‘ξA”_‰ΖZ‘ξ‚ªUέ‚·‚ιRΤ‚ΜZ‘ξ’nζ,“s“Ή,“μΌ,7,,,,,…“Ή,,‚”φ,,"7,700 ",,,40 ,80 ,,,’²‹ζ,,,,,,,,
›,13201 ,6 ,”ª‰¤q,0 ,73 ,‘½–€,“μ‘½–€,”ª‰¤qs,‰Ί—M–Ψ\l†‚P‚W‚X‚X”Τ‚R,,"42,200 ","41,800 ",1.0 ,236 ,‘δ`,1.5,1,Z‘ξ,LS,2F,,κ”ΚZ‘ξA”_‰ΖZ‘ξ“™‚Μ‚Ω‚©”_’n‚ª©‚η‚κ‚ι’nζ,s“Ή,“,4.8,,,,,…“Ή,‰Ί…“Ή,–k–μ,,"2,600 ",‚P’ακ,,30 ,50 ,,‚“x,’²‹ζ,,“s—§φ,•’Κ,,,,,
›,13201 ,6 ,”ª‰¤q,3 ,1 ,‘½–€,“μ‘½–€,”ª‰¤qs,‰ΑZ’¬κ’–Ϊ‚R‚X”ΤO,,"19,100 ","19,000 ",0.5 ,"1,472 ",•s®`,1,1.5,”¨,,,,”¨‚ª‘½‚­©‚η‚κ‚ι•½’R‚Θ‘ξ’n©’n’nζ,“ΉH,“μΌ,2.7,,O•ϋH,,,,,”ª‰¤q,,"5,700 ",‚P’ακ,,40 ,80 ,,‚“x,,,,,,,,,
›,13201 ,6 ,”ª‰¤q,3 ,2 ,‘½–€,“μ‘½–€,”ª‰¤qs,’†RO†‚S‚V‚W”Τ,,"21,200 ","21,100 ",0.5 ,677 ,,1.5,1,”¨,,,,”¨‚Μ’†‚Ι”_‰ΖZ‘ξ“™‚ª©‚η‚κ‚ι‹N•‚Μ‚ ‚ι’nζ,“ΉH,“,1.8,,‘¤“Ή,–k,,,,–k–μ,,"2,700 ",‚P’ακ,,40 ,80 ,,‚“x,,,,,,,,,
›,13201 ,6 ,”ª‰¤q,5 ,1 ,‘½–€,“μ‘½–€,”ª‰¤qs,–Ύ_’¬O’–Ϊ‚T‚S‚V”Τ‚S,–Ύ_’¬‚R|‚Q‚O|‚T,"1,750,000 ","1,670,000 ",4.8 ,384 ,•s®`,1,1.2,“X•ά“––±,RC,6F,,’†‚‘w‚Μ“X•άA––±ƒrƒ‹‚ª‘½‚Ά‰w‘O¤‹Ζ’nζ,s“Ή,–kΌ,15,,‘¤“Ή,“μΌ,ƒKƒX,…“Ή,‰Ί…“Ή,‹‰¤”ª‰¤q,,70 ,¤‹Ζ,–h‰Ξ,80 ,600 ,,,,,,,,,,,
›,13201 ,6 ,”ª‰¤q,5 ,2 ,‘½–€,“μ‘½–€,”ª‰¤qs,–x”V“ΰO’–Ϊ‚R‚S”Τ‚PO,,"252,000 ","242,000 ",4.1 ,241 ,‘δ`,1,1.2,“X•ά“‹¤“―Z‘ξ,RC,4F,,Z‘ξA‹¤“―Z‘ξ‚Μ‚Ω‚©“X•ά‚ΰ©‚η‚κ‚ι¤‹Ζ’nζ,s“Ή,–k,9,,‘¤“Ή,Ό,ƒKƒX,…“Ή,‰Ί…“Ή,‹‰¤–x”V“ΰ,,200 ,‹ί¤,€–h,80 ,300 ,,‚“x,,,,,,,,,
›,13201 ,6 ,”ª‰¤q,5 ,3 ,‘½–€,“μ‘½–€,”ª‰¤qs,qΐ’¬l’–Ϊ‚X‚T”Τ‚R,qΐ’¬‚S|‚P‚O|‚P‚T,"545,000 ","520,000 ",4.8 ,125 ,,1,1.5,“X•ά“––±,S,3F,,’†’α‘w“X•άA––±AZ‘ξ“™‚ª¬έ‚·‚ι¤‹Ζ’nζ,s“Ή,“,20,,,,ƒKƒX,…“Ή,‰Ί…“Ή,”ª‰¤q,,160 ,‹ί¤,€–h,80 ,300 ,,‚“x,,,,,,,,,
›,13201 ,6 ,”ª‰¤q,5 ,4 ,‘½–€,“μ‘½–€,”ª‰¤qs,›’¬‚Q‚X”Τ‚Q,,"280,000 ","268,000 ",4.5 ,314 ,,1,1.5,“X•ά“Z‘ξ,RC,3F,,’†‘w“X•άA‹¤“―Z‘ξ“™‚ª¬έ‚·‚ιHό¤‹Ζ’nζ,‘“Ή,“,20,,,,ƒKƒX,…“Ή,‰Ί…“Ή,”ª‰¤q,,600 ,‹ί¤,€–h,80 ,300 ,,,,,,,,,,,
›,13201 ,6 ,”ª‰¤q,5 ,5 ,‘½–€,“μ‘½–€,”ª‰¤qs,³‰΅R’¬O’–Ϊ‚R‚U‚P”Τ‚Q‚V,³‰΅R’¬‚R|‚P‚O|‚P,"245,000 ","235,000 ",4.3 ,389 ,,1,2,“X•ά“‹¤“―Z‘ξ,S,4F,,“X•άA––±A‹¤“―Z‘ξ‚Μ¬έ‚·‚ιHό¤‹Ζ’nζ,s“Ή,“μ,18,,‘¤“Ή,“,ƒKƒX,…“Ή,‰Ί…“Ή,”ª‰¤q,,"1,200 ",‹ί¤,€–h,80 ,300 ,,‚“x,,,,,,,,,
›,13201 ,6 ,”ª‰¤q,5 ,6 ,‘½–€,“μ‘½–€,”ª‰¤qs,ηl’¬“ρ’–Ϊ‚P‚R”Τ‚R‚R,ηl’¬‚Q|‚Q|‚P‚T,"350,000 ","335,000 ",4.5 ,155 ,,1,1.5,“X•ά“––±,SRC,8F,,“X•άA“X•ά“––±‚ª‘½‚Ά‰w‘O”wγ‚Μ¤‹Ζ’nζ,s“Ή,–kΌ,7.3,,,,ƒKƒX,…“Ή,‰Ί…“Ή,Ό”ª‰¤q,,230 ,¤‹Ζ,–h‰Ξ,80 ,600 ,,,,,,,,,,,
›,13201 ,6 ,”ª‰¤q,5 ,7 ,‘½–€,“μ‘½–€,”ª‰¤qs,‚”φ’¬‚P‚T‚W‚R”Τ‚T,,"283,000 ","270,000 ",4.8 ,95 ,,1,1.2,“X•ά“––±,S,4F,1B,’†’α‘w‚Μ“X•ά“™‚ª‚Ώ•ΐ‚Τ‰w‘O‚Μ¤‹Ζ’nζ,s“Ή,“,15,,,,ƒKƒX,…“Ή,‰Ί…“Ή,‚”φ,‹ίΪ,,‹ί¤,€–h,80 ,300 ,,‚“x,,,,,,,,,
›,13201 ,6 ,”ª‰¤q,5 ,8 ,‘½–€,“μ‘½–€,”ª‰¤qs,‘Ε‰z’¬‚R‚S‚S”Τ‚U,,"407,000 ","390,000 ",4.4 ,319 ,,1,2,“X•ά“––±,SRC,8F,1B,“X•άA––±ƒrƒ‹‚ª‚Ώ•ΐ‚Τ‰w‘O¤‹Ζ’nζ,s“Ή,Ό,0,‰w‘OLκ,,,ƒKƒX,…“Ή,‰Ί…“Ή,–k–μ,‰w‘OLκΪ–Κ,,¤‹Ζ,–h‰Ξ,80 ,400 ,,,,,,,,,,,
›,13201 ,6 ,”ª‰¤q,5 ,9 ,‘½–€,“μ‘½–€,”ª‰¤qs,‚ί‚¶‚λ‘δl’–Ϊ‚P”Τ‚RO,,"247,000 ","236,000 ",4.7 ,925 ,,1,1.2,‹βs,S,2F,,“X•άAƒ}ƒ“ƒVƒ‡ƒ““™‚ª¬έ‚·‚ι‹ί—Χ¤‹Ζ’nζ,s“Ή,–kΌ,20,,”w–Κ“Ή,,ƒKƒX,…“Ή,‰Ί…“Ή,‚ί‚¶‚λ‘δ,,130 ,‹ί¤,€–h,80 ,300 ,,,,,,,,,,,
›,13201 ,6 ,”ª‰¤q,5 ,10 ,‘½–€,“μ‘½–€,”ª‰¤qs,‰΅μ’¬‚P‚U”Τ‚R,,"147,000 ","143,000 ",2.8 ,119 ,,1,3,“X•ά“‹¤“―Z‘ξ,S,3F,,“X•άA––±AZ‘ξ“™‚ª¬έ‚·‚ιHό¤‹Ζ’nζ,“s“Ή,–k,11.2,,,,ƒKƒX,…“Ή,‰Ί…“Ή,Ό”ª‰¤q,,"1,200 ",‹ί¤,€–h,80 ,200 ,,‚“x,,,,,,,,,
›,13201 ,6 ,”ª‰¤q,5 ,11 ,‘½–€,“μ‘½–€,”ª‰¤qs,’†’¬‚P‚Q”Τ‚T,’†’¬‚R|‚P‚S,"600,000 ","572,000 ",4.9 ,346 ,,1.2,1,“X•ά“‹¤“―Z‘ξ,RC,12F,,’†‚‘w‚Μ¤‹Ζƒrƒ‹“™‚ª‚Ώ•ΐ‚Τ¤‹Ζ’nζ,s“Ή,“,15,,‘¤“Ή,“μ,ƒKƒX,…“Ή,‰Ί…“Ή,”ª‰¤q,,360 ,¤‹Ζ,–h‰Ξ,80 ,600 ,,,,,,,*,13201 ,5 ,2 ,"583,000 "
›,13201 ,6 ,”ª‰¤q,5 ,12 ,‘½–€,“μ‘½–€,”ª‰¤qs,•ΐ–Ψ’¬‚T‚O‚O”Τ‚P‚Q,•ΐ–Ψ’¬‚W|‚P‚U,"184,000 ","176,000 ",4.5 ,168 ,,1,2,––±“‹¤“―Z‘ξ,S,3F,,“X•ά•Ή—pZ‘ξA––±“™‚ª¬έ‚·‚ιHό¤‹Ζ’nζ,‘“Ή,–kΌ,22,,,,ƒKƒX,…“Ή,‰Ί…“Ή,Ό”ª‰¤q,,"1,000 ",‹ί¤,€–h,80 ,300 ,,‚“x,,,,,*,13201 ,5 ,10 ,"180,000 "
›,13201 ,6 ,”ª‰¤q,5 ,13 ,‘½–€,“μ‘½–€,”ª‰¤qs,–x”V“ΰ“ρ’–Ϊ‚P‚O”Τ‚S,,"214,000 ","207,000 ",3.4 ,225 ,,1,1.5,“X•ά“‹¤“―Z‘ξ,W,2F,,“X•ά•Ή—pZ‘ξ“™‚ª‚Ώ•ΐ‚ΤHό¤‹Ζ’nζ,“s“Ή,–kΌ,36,,,,ƒKƒX,…“Ή,‰Ί…“Ή,‹‰¤–x”V“ΰ,,550 ,€Z‹,€–h,60 ,200 ,,‚“x,,,,,,,,,
›,13201 ,6 ,”ª‰¤q,5 ,14 ,‘½–€,“μ‘½–€,”ª‰¤qs,‘εa“c’¬l’–Ϊ‚P‚W‚S‚X”Τ‚W,‘εa“c’¬‚S|‚Q‚R|‚W,"170,000 ","167,000 ",1.8 ,155 ,‘δ`,1,1.2,––±“‹¤“―Z‘ξ,S,3F,,“X•ά•Ή—pZ‘ξA––±“™‚ª‚Ώ•ΐ‚ΤHό¤‹Ζ’nζ,‘“Ή,Ό,25,,,,,…“Ή,‰Ί…“Ή,‹‰¤”ª‰¤q,,"1,900 ",€Z‹,€–h,60 ,200 ,,‚“x,,,,,,,,,
›,13201 ,6 ,”ª‰¤q,9 ,1 ,‘½–€,“μ‘½–€,”ª‰¤qs,‚‘q’¬‚Q‚P”Τ‚W,,"174,000 ","167,000 ",4.2 ,"1,062 ",,1,1.2,‘qΙ“––±,RC,3F,,’†¬––±A–‹Ζ“™‚ª‚Ώ•ΐ‚ΤH‹Ζ’nζ,s“Ή,–kΌ,18,,,,ƒKƒX,…“Ή,‰Ί…“Ή,–k”ª‰¤q,,540 ,€H,€–h,60 ,200 ,,‚“x,,,,,,,,,
›,13201 ,6 ,”ª‰¤q,9 ,2 ,‘½–€,“μ‘½–€,”ª‰¤qs,Ξμ’¬‚Q‚X‚U‚W”Τ‚XO,,"127,000 ","113,000 ",12.4 ,"8,433 ",,1,1.5,‘qΙ,RC,2F,1B,’†‹K–ΝHκA‘qΙ“™‚Μ‚Ώ•ΐ‚ΤH‹Ζ’c’n,s“Ή,–k“,12,,,,ƒKƒX,…“Ή,‰Ί…“Ή,–k”ª‰¤q,,500 ,Hκ,€–h,60 ,200 ,,,,,,,*,13201 ,9 ,2 ,"120,000 "
›,13202 ,6 ,—§μ,0 ,1 ,‘½–€,–k‘½–€,—§μs,‹Ρ’¬l’–Ϊ‚Q‚Q”Τ‚Q,‹Ρ’¬‚S|‚T|‚W,"406,000 ","382,000 ",6.3 ,171 ,,1,1.2,––±“Z‘ξ,LS,3F,,κ”ΚZ‘ξA––±•tZ‘ξ“™‚ª¬έ‚·‚ιZ‘ξ’nζ,s“Ή,“μ“,5.5,,,,ƒKƒX,…“Ή,‰Ί…“Ή,Ό‘—§,,350 ,‚PZ‹,€–h,60 ,200 ,,‚“x,,,,,,,,,
›,13202 ,6 ,—§μ,0 ,2 ,‘½–€,–k‘½–€,—§μs,•xm©’¬κ’–Ϊ‚S‚P”Τ‚VO,•xm©’¬‚P|‚Q‚O|‚P‚R,"313,000 ","304,000 ",3.0 ,106 ,,1,1.5,Z‘ξ,W,2F,,’†¬‹K–Νκ”ΚZ‘ξA‹¤“―Z‘ξ‚ª©‚η‚κ‚ιZ‘ξ’nζ,s“Ή,–kΌ,5.4,,,,ƒKƒX,…“Ή,‰Ί…“Ή,Ό—§μ,,550 ,‚P’†κ,€–h,60 ,200 ,,‚“x,,,,,,,,,
›,13202 ,6 ,—§μ,0 ,3 ,‘½–€,–k‘½–€,—§μs,‰Hί’¬κ’–Ϊ‚Q‚Q”Τ‚T‚Q@,‰Hί’¬‚P|‚P‚R|‚P‚R,"292,000 ","283,000 ",3.2 ,129 ,,1,1,Z‘ξ,W,2F,,κ”ΚZ‘ξ‚π’†S‚ΙƒAƒp[ƒg‚ΰ©‚η‚κ‚ιZ‘ξ’nζ,„“Ή,“μ,3.8,,,,ƒKƒX,…“Ή,‰Ί…“Ή,Ό‘—§,,550 ,‚P’ακ,,40 ,80 ,,‚“x,,,,,,,,,
›,13202 ,6 ,—§μ,0 ,4 ,‘½–€,–k‘½–€,—§μs,‚Ό’¬κ’–Ϊ‚P‚S‚T”Τ‚P‚P,‚Ό’¬‚P|‚P|‚Q,"395,000 ","380,000 ",3.9 ,164 ,,1,2,Z‘ξ,W,2F,,κ”ΚZ‘ξAƒAƒp[ƒg“™‚ª¬έ‚·‚ιZ‘ξ’nζ,s“Ή,“μΌ,3.6,,,,ƒKƒX,…“Ή,‰Ί…“Ή,—§μ,,900 ,‚P’†κ,€–h,60 ,200 ,,‚“x,,,,,,,,,
›,13202 ,6 ,—§μ,0 ,5 ,‘½–€,–k‘½–€,—§μs,K’¬O’–Ϊ‚X”Τ‚Q‚S,,"247,000 ","240,000 ",2.9 ,155 ,,1,1.5,Z‘ξ,W,2F,,’†‹K–Νκ”ΚZ‘ξ‚ª‘½‚Ά‹ζ‰ζ®‘R‚Ζ‚µ‚½Z‘ξ’nζ,„“Ή,“,4,,,,ƒKƒX,…“Ή,‰Ί…“Ή,ς‘ΜηΩ,,"1,200 ",‚P’ακ,,40 ,80 ,,‚“x,,,,,,,,,
›,13202 ,6 ,—§μ,0 ,6 ,‘½–€,–k‘½–€,—§μs,K’¬ά’–Ϊ‚U‚V”Τ‚Q‚U,,"256,000 ","248,000 ",3.2 ,105 ,,1.5,1,Z‘ξ,W,2F,,κ”ΚZ‘ξ‚Μ‚Ω‚©‹¤“―Z‘ξ‚ΰ©‚η‚κ‚ιZ‘ξ’nζ,s“Ή,Ό,4,,,,ƒKƒX,…“Ή,‰Ί…“Ή,»μµ”Τ,,450 ,‚P’ακ,,40 ,80 ,,‚“x,,,,,,,,,
›,13202 ,6 ,—§μ,0 ,7 ,‘½–€,–k‘½–€,—§μs,Δθ’¬ά’–Ϊ‚P‚Q‚R”Τ‚P‚P,Δθ’¬‚T|‚P‚S|‚P‚U,"205,000 ","196,000 ",4.6 ,112 ,,1,1.5,Z‘ξ,W,2F,,¬‹K–Νκ”ΚZ‘ξ‚ª‚Ώ•ΐ‚ΤZ‘ξ’nζ,s“Ή,–k“,4,,,,ƒKƒX,…“Ή,‰Ί…“Ή,Δθ‘ΜηΩ,,800 ,‚P’ακ,,40 ,80 ,,‚“x,,,,,,,,,
›,13202 ,6 ,—§μ,0 ,8 ,‘½–€,–k‘½–€,—§μs,’¬O’–Ϊ‚T”Τ‚V,’¬‚R|‚Q|‚P‚O,"435,000 ","410,000 ",6.1 ,152 ,,1,2,Z‘ξ,W,2F,,κ”ΚZ‘ξA‹¤“―Z‘ξ“™‚ª¬έ‚·‚ι’nζ,s“Ή,–k“,6.5,,,,ƒKƒX,…“Ή,‰Ί…“Ή,—§μ,,600 ,€H,€–h,60 ,200 ,,‚“x,,,,,,,,,
›,13202 ,6 ,—§μ,0 ,9 ,‘½–€,–k‘½–€,—§μs,”’¬κ’–Ϊ‚P‚T”Τ‚P‚Q,,"263,000 ","254,000 ",3.5 ,110 ,,1,1.2,Z‘ξ,W,2F,,’†¬‹K–Ν‚Μκ”ΚZ‘ξ‚ª‚Ώ•ΐ‚ΤZ‘ξ’nζ,s“Ή,Ό,5,,,,ƒKƒX,…“Ή,‰Ί…“Ή,ς‘ΜηΩ,,540 ,‚P’ακ,,40 ,80 ,,‚“x,,,,,,,,,
›,13202 ,6 ,—§μ,0 ,10 ,‘½–€,–k‘½–€,—§μs,»μ’¬Z’–Ϊ‚R‚P”Τ‚X,,"192,000 ","185,000 ",3.8 ,91 ,,1,1,Z‘ξ,W,2F,,κ”ΚZ‘ξA‹¤“―Z‘ξ‚ª¬έ‚·‚ιZ‘ξ’nζ,„“Ή,“,4.5,,,,ƒKƒX,…“Ή,‰Ί…“Ή,‹Κμγ…,,"1,300 ",‚P’ακ,,40 ,80 ,,‚“x,,,,,,,,,
›,13202 ,6 ,—§μ,0 ,11 ,‘½–€,–k‘½–€,—§μs,γ»’¬O’–Ϊ‚S‚T”Τ‚P‚S,,"177,000 ","171,000 ",3.5 ,130 ,,1,1.5,Z‘ξ,W,2F,,’†¬‹K–Ν‚Μκ”ΚZ‘ξ“™‚ª‚Ώ•ΐ‚ΤZ‘ξ’nζ,s“Ή,“μ“,6,,,,ƒKƒX,…“Ή,‰Ί…“Ή,•‘ »μ,,850 ,‚P’ακ,,40 ,80 ,,‚“x,,,,,,,,,
›,13202 ,6 ,—§μ,0 ,12 ,‘½–€,–k‘½–€,—§μs,Ό»’¬“ρ’–Ϊ‚Q‚W”Τ‚U‚U,,"163,000 ","160,000 ",1.9 ,153 ,,1.5,1,Z‘ξ,W,2F,,’†¬‹K–Ν‚Μκ”ΚZ‘ξ‚ª‚Ώ•ΐ‚ΤZ‘ξ’nζ,„“Ή,“μ,6,,,,ƒKƒX,…“Ή,‰Ί…“Ή,Ό•—§μ,,"1,100 ",‚P’ακ,,40 ,80 ,,‚“x,,,,,,,,,
›,13202 ,6 ,—§μ,0 ,13 ,‘½–€,–k‘½–€,—§μs,κ”Τ’¬O’–Ϊ‚P‚U”Τ‚P‚O,,"171,000 ","165,000 ",3.6 ,202 ,,1,1,Z‘ξ,W,2F,,κ”ΚZ‘ξ‚ª‚Ώ•ΐ‚Τ‹ζ‰ζ®‘R‚Ζ‚µ‚½Z‘ξ’nζ,s“Ή,–k,6,,,,ƒKƒX,…“Ή,‰Ί…“Ή,Ό•—§μ,,"1,100 ",‚P’ακ,,40 ,80 ,,‚“x,,,,,,,,,
›,13202 ,6 ,—§μ,0 ,14 ,‘½–€,–k‘½–€,—§μs,‹Ρ’¬ά’–Ϊ‚P‚U‚V”Τ‚Q‚WO,‹Ρ’¬‚T|‚P‚U|‚V,"343,000 ","322,000 ",6.5 ,114 ,,1.5,1,Z‘ξ,W,2F,,κ”ΚZ‘ξAƒAƒp[ƒg“™‚ª©‚η‚κ‚ιZ‘ξ’nζ,s“Ή,“,4.5,,,,ƒKƒX,…“Ή,‰Ί…“Ή,—§μ,,"1,400 ",‚P’ακ,,40 ,80 ,,‚“x,,,,,*,13202 ,0 ,23 ,"335,000 "
›,13202 ,6 ,—§μ,0 ,15 ,‘½–€,–k‘½–€,—§μs,‰h’¬ά’–Ϊ‚S‚V”Τ‚T,,"261,000 ","252,000 ",3.6 ,181 ,,1,1.5,Z‘ξ,W,2F,,κ”ΚZ‘ξ‚Μ‚Ω‚©ƒAƒp[ƒg“™‚ΰ¬έ‚·‚ιZ‘ξ’nζ,s“Ή,“μΌ,4,,,,ƒKƒX,…“Ή,‰Ί…“Ή,ς‘ΜηΩ,,850 ,‚P’ακ,,40 ,80 ,,‚“x,,,,,*,13202 ,0 ,13 ,"256,000 "
›,13202 ,6 ,—§μ,5 ,1 ,‘½–€,–k‘½–€,—§μs,Δθ’¬“ρ’–Ϊ‚R‚Q‚Q”Τ,Δθ’¬‚Q|‚Q|‚X,"920,000 ","860,000 ",7.0 ,244 ,,1,1.2,“X•άA‹¤“―Z‘ξ“Z‘ξ,RC,5F,,’†‘w‚Μ“X•άƒrƒ‹“™‚ª‘½‚Ά‹ζ‰ζ®‘R‚Ζ‚µ‚½¤‹Ζ’nζ,s“Ή,“μΌ,8,,,,ƒKƒX,…“Ή,‰Ί…“Ή,—§μ,,250 ,¤‹Ζ,–h‰Ξ,80 ,400 ,,,,,,,,,,,
›,13202 ,6 ,—§μ,5 ,2 ,‘½–€,–k‘½–€,—§μs,‹Ρ’¬“ρ’–Ϊ‚P‚O‚P”Τ,‹Ρ’¬‚Q|‚P|‚Q,"2,100,000 ","1,970,000 ",6.6 ,270 ,,1,2,––±,RC,5F,,’†‚‘w‚Μ––±A“X•άƒrƒ‹‚ª‚Ώ•ΐ‚Τ¤‹Ζ’nζ,s“Ή,–k“,12,,,,ƒKƒX,…“Ή,‰Ί…“Ή,—§μ,,250 ,¤‹Ζ,–h‰Ξ,80 ,400 ,,,,,,,*,13202 ,5 ,6 ,"2,030,000 "
›,13202 ,6 ,—§μ,5 ,3 ,‘½–€,–k‘½–€,—§μs,‹Ρ’¬κ’–Ϊ‚P‚Q‚P”Τ‚Q‚PO,‹Ρ’¬‚P|‚P‚V|‚P‚T,"625,000 ","570,000 ",9.6 ,353 ,,1,1.5,“X•ά“––±,S,7F,,“X•άA––±Aƒ}ƒ“ƒVƒ‡ƒ“‚ª¬έ‚·‚ι¤‹Ζ’nζ,“s“Ή,“μ,12,,,,ƒKƒX,…“Ή,‰Ί…“Ή,—§μ,,850 ,¤‹Ζ,–h‰Ξ,80 ,400 ,,,,,,,,,,,
›,13202 ,6 ,—§μ,5 ,4 ,‘½–€,–k‘½–€,—§μs,’¬“ρ’–Ϊ‚Q‚Q‚P”Τ‚V,’¬‚Q|‚R‚Q|‚R,"1,340,000 ","1,210,000 ",10.7 ,295 ,,1,3,“X•άA––±“‹¤“―Z‘ξ,SRC,9F,,’†‚‘w‚Μ“X•ά“––±ƒrƒ‹“™‚ª‚Ώ•ΐ‚Τ¤‹Ζ’nζ,“s“Ή,–kΌ,18,,,,ƒKƒX,…“Ή,‰Ί…“Ή,—§μ,,450 ,¤‹Ζ,–h‰Ξ,80 ,600 ,,,,,,,,,,,
›,13202 ,6 ,—§μ,5 ,5 ,‘½–€,–k‘½–€,—§μs,‚Ό’¬“ρ’–Ϊ‚P‚Q‚O”Τ‚P‚O,‚Ό’¬‚Q|‚Q‚Q|‚P,"630,000 ","575,000 ",9.6 ,181 ,,1,1,“X•άA––±“‹¤“―Z‘ξ,S,4F,,“X•άA––±A‹¤“―Z‘ξ“™‚ª‚Ώ•ΐ‚Τ¤‹Ζ’nζ,“s“Ή,–kΌ,15,,‘¤“Ή,“μΌ,ƒKƒX,…“Ή,‰Ί…“Ή,—§μ,,"1,100 ",¤‹Ζ,–h‰Ξ,80 ,400 ,,‚“x,,,,,,,,,
›,13202 ,6 ,—§μ,5 ,6 ,‘½–€,–k‘½–€,—§μs,’¬“ρ’–Ϊ‚X‚P”Τ‚UO,’¬‚Q|‚V|‚Q‚O,"5,640,000 ","5,470,000 ",3.1 ,245 ,,1,2,“X•ά,SRC,9F,1B,’†‚‘w‚Μ“X•άƒrƒ‹“™‚ª‚Ώ•ΐ‚Τ‰w‘O‚Μ¤‹Ζ’nζ,s“Ή,“μ“,30,,,,ƒKƒX,…“Ή,‰Ί…“Ή,—§μ,,160 ,¤‹Ζ,–h‰Ξ,80 ,600 ,,,,,,,*,13202 ,5 ,1 ,"5,570,000 "
›,13203 ,6 ,•‘ –μ,0 ,1 ,‘½–€,–k‘½–€,•‘ –μs,‹«O’–Ϊ‚R‚Q‚S”Τ‚R‚RO,‹«‚R|‚P‚W|‚S,"530,000 ","507,000 ",4.5 ,149 ,,1,1,Z‘ξ,RC,2F,1B,’†¬‹K–Ν‚Μκ”ΚZ‘ξ“™‚ª‘½‚ΆΥΓ‚ΘZ‘ξ’nζ,“ΉH,“μ,4,,,,ƒKƒX,…“Ή,‰Ί…“Ή,•‘ ‹«,,700 ,‚P’ακ,,40 ,80 ,,‚“x,,,,,,,,,
›,13203 ,6 ,•‘ –μ,0 ,2 ,‘½–€,–k‘½–€,•‘ –μs,Φ‘Ol’–Ϊ‚P‚O‚W‚T”Τ‚P‚Q,Φ‘O‚S|‚V|‚P,"447,000 ","430,000 ",4.0 ,117 ,,1.2,1,Z‘ξ,W,2F,,κ”ΚZ‘ξAƒAƒp[ƒgA”¨“™‚ª¬έ‚·‚ιZ‘ξ’nζ,s“Ή,–kΌ,3.6,,,,ƒKƒX,…“Ή,‰Ί…“Ή,•‘ ‹«,,"1,300 ",‚P’ακ,,40 ,80 ,,‚“x,,,,,,,,,
›,13203 ,6 ,•‘ –μ,0 ,3 ,‘½–€,–k‘½–€,•‘ –μs,‹gΛ›“μ’¬O’–Ϊ‚Q‚T‚Q‚W”Τ‚U‚U,‹gΛ›“μ’¬‚R|‚R‚P|‚P‚P,"756,000 ","713,000 ",6.0 ,291 ,,1,1,Z‘ξ,LS,2F,,’†‹K–Νκ”ΚZ‘ξ“™‚ª‚Ώ•ΐ‚ΤΥΓ‚ΘZ‘ξ’nζ,s“Ή,“μ“,5.4,,,,ƒKƒX,…“Ή,‰Ί…“Ή,‹gΛ›,,"1,300 ",‚P’ακ,,40 ,80 ,,‚“x,,,,,,,,,
›,13203 ,6 ,•‘ –μ,0 ,4 ,‘½–€,–k‘½–€,•‘ –μs,‹«“μ’¬ά’–Ϊ‚V‚R‚U”Τ‚X,‹«“μ’¬‚T|‚S|‚Q‚O,"491,000 ","472,000 ",4.0 ,130 ,,1,1,Z‘ξ,W,2F,,’†‹K–Νκ”ΚZ‘ξ‚Ζ‹¤“―Z‘ξ‚ª‚Ώ•ΐ‚ΤZ‘ξ’nζ,„“Ή,Ό,4,,,,ƒKƒX,…“Ή,‰Ί…“Ή,•‘ ‹«,,"1,100 ",‚P’ακ,,40 ,80 ,,‚“x,,,,,,,,,
›,13203 ,6 ,•‘ –μ,0 ,5 ,‘½–€,–k‘½–€,•‘ –μs,”ª”¦’¬O’–Ϊ‚R‚Q‚O”Τ‚W,”ª”¦’¬‚R|‚Q|‚R‚U,"420,000 ","402,000 ",4.5 ,148 ,,1,2,Z‘ξ,W,2F,,κ”ΚZ‘ξ‚Μ‚Ω‚©ƒAƒp[ƒg‚ΰ©‚η‚κ‚ιZ‘ξ’nζ,„“Ή,“,4,,,,ƒKƒX,…“Ή,‰Ί…“Ή,O‘ι,,"2,100 ",‚P’ακ,,40 ,80 ,,‚“x,,,,,,,,,
›,13203 ,6 ,•‘ –μ,0 ,6 ,‘½–€,–k‘½–€,•‘ –μs,‹gΛ›–k’¬O’–Ϊ‚X‚W‚V”Τ‚Q,‹gΛ›–k’¬‚R|‚P‚R|‚R‚P,"518,000 ","494,000 ",4.9 ,119 ,,1,1,Z‘ξ,W,2F,,¬’†‹K–Ν‚Μκ”ΚZ‘ξAƒAƒp[ƒg‚ª‘½‚ΆZ‘ξ’nζ,„“Ή,“μ“,4,,,,ƒKƒX,…“Ή,‰Ί…“Ή,‹gΛ›,,"2,000 ",‚P’ακ,,40 ,80 ,,‚“x,,,,,,,,,
›,13203 ,6 ,•‘ –μ,0 ,7 ,‘½–€,–k‘½–€,•‘ –μs,‹gΛ›–{’¬l’–Ϊ‚P‚W‚R‚X”Τ‚Q‚RO,‹gΛ›–{’¬‚S|‚Q‚P|‚U,"810,000 ","760,000 ",6.6 ,151 ,,1,1.5,Z‘ξ,W,2F,,’†¬‹K–Ν‚Μκ”ΚZ‘ξ‚Μ‘½‚ΆΥΓ‚ΘZ‘ξ’nζ,s“Ή,–kΌ,4,,,,ƒKƒX,…“Ή,‰Ί…“Ή,‹gΛ›,,"1,000 ",‚P’ακ,€–h,50 ,100 ,,‚“x,,,,,*,13203 ,0 ,1 ,"781,000 "
›,13203 ,6 ,•‘ –μ,0 ,8 ,‘½–€,–k‘½–€,•‘ –μs,‹gΛ›“’¬l’–Ϊ‚V‚T”Τ‚U,‹gΛ›“’¬‚S|‚P‚O|‚X,"590,000 ","561,000 ",5.2 ,132 ,,1,2,Z‘ξ,W,2F,,’†¬‹K–ΝZ‘ξ‚ª‘½‚ΆƒAƒp[ƒg‚ΰ©‚η‚κ‚ιZ‘ξ’nζ,s“Ή,–kΌ,3.9,,,,ƒKƒX,…“Ή,‰Ί…“Ή,Ό‰¬E,,850 ,‚P’ακ,,40 ,80 ,,‚“x,,,,,,,,,
›,13203 ,6 ,•‘ –μ,5 ,1 ,‘½–€,–k‘½–€,•‘ –μs,‹gΛ›“μ’¬O’–Ϊ‚Q‚T‚S‚U”Τ‚S,‹gΛ›“μ’¬‚R|‚Q‚S|‚R,"875,000 ","822,000 ",6.4 ,212 ,‘δ`,1,1.5,––±“‹¤“―Z‘ξ,RC,6F,,“X•ά‚β“X•ά“‹¤“―Z‘ξ“™‚ª¬έ‚·‚ιHό¤‹Ζ’nζ,“s“Ή,–k“,14.5,,,,ƒKƒX,…“Ή,‰Ί…“Ή,‹gΛ›,,900 ,‹ί¤,€–h,80 ,300 ,,‚“x,,,,,,,,,
›,13203 ,6 ,•‘ –μ,5 ,2 ,‘½–€,–k‘½–€,•‘ –μs,‹gΛ›–{’¬κ’–Ϊ‚Q‚O‚V‚P”Τ‚S‚Q“ΰ,‹gΛ›–{’¬‚P|‚X|‚P‚Q,"8,090,000 ","7,480,000 ",8.2 ,198 ,,1,1.2,“X•ά,RC,5F,1B,¬”„“X•ά“™‚ªW‚ά‚ι‰w‘O‚Μ’†S“I¤‹Ζ’nζ,s“Ή,“μ“,7.2,,,,ƒKƒX,…“Ή,‰Ί…“Ή,‹gΛ›,,90 ,¤‹Ζ,–h‰Ξ,80 ,700 ,,‚“x,,,,,*,13203 ,5 ,2 ,"7,750,000 "
›,13203 ,6 ,•‘ –μ,5 ,3 ,‘½–€,–k‘½–€,•‘ –μs,‹gΛ›–{’¬“ρ’–Ϊ‚P‚X‚V‚T”Τ‚PO,‹gΛ›–{’¬‚Q|‚P‚V|‚Q,"1,710,000 ","1,590,000 ",7.5 ,204 ,,1,2,“X•ά,RC,3F,1B,¬”„“X•άAƒ}ƒ“ƒVƒ‡ƒ““™‚ª¬έ‚·‚ι¤‹Ζ’nζ,s“Ή,“μΌ,5.4,,,,ƒKƒX,…“Ή,‰Ί…“Ή,‹gΛ›,,400 ,‹ί¤,€–h,80 ,200 ,,‚“x,,,,,*,13203 ,5 ,4 ,"1,660,000 "
›,13203 ,6 ,•‘ –μ,5 ,4 ,‘½–€,–k‘½–€,•‘ –μs,’†’¬κ’–Ϊ‚R‚O‚U‚X”Τ‚U,’†’¬‚P|‚S|‚S,"1,380,000 ","1,290,000 ",7.0 ,324 ,,1,1,f—Γ“––±,SRC,9F,,’†‚‘w‚Μ“X•ά“––±A‹¤“―Z‘ξ‚ª‘½‚Ά¤‹Ζ’nζ,“s“Ή,–kΌ,16,,‘¤“Ή,–k“,ƒKƒX,…“Ή,‰Ί…“Ή,O‘ι,,300 ,¤‹Ζ,–h‰Ξ,80 ,600 ,,‚“x,,,,,,,,,
›,13203 ,6 ,•‘ –μ,5 ,5 ,‘½–€,–k‘½–€,•‘ –μs,Φ‘OO’–Ϊ‚T‚Q‚U”ΤƒO,Φ‘O‚R|‚S‚P|‚P‚S,"512,000 ","484,000 ",5.8 ,253 ,,1,1.2,“X•ά“‹¤“―Z‘ξ,RC,4F,,“X•άA‹¤“―Z‘ξAHκ“™‚ª¬έ‚·‚ιHό¤‹Ζ’nζ,“s“Ή,–k“,11,,,,ƒKƒX,…“Ή,‰Ί…“Ή,O‘ι,,"2,200 ",‹ί¤,€–h,80 ,200 ,,‚“x,,,,,,,,,
›,13203 ,6 ,•‘ –μ,5 ,6 ,‘½–€,–k‘½–€,•‘ –μs,‹«“ρ’–Ϊ‚T‚O‚S”Τ‚Q‚U,‹«‚Q|‚Q|‚P‚X,"1,280,000 ","1,200,000 ",6.7 ,141 ,‘δ`,1,3,“X•άA––±“‹¤“―Z‘ξ,S,6F,1B,’†‘w‚Μ“X•ά•t‹¤“―Z‘ξ“™‚ª‚Ώ•ΐ‚Τ‰w‘O¤‹Ζ’nζ,s“Ή,“,7.2,,,,ƒKƒX,…“Ή,‰Ί…“Ή,•‘ ‹«,,280 ,¤‹Ζ,–h‰Ξ,80 ,500 ,,‚“x,,,,,,,,,
›,13203 ,6 ,•‘ –μ,5 ,7 ,‘½–€,–k‘½–€,•‘ –μs,‹gΛ›“μ’¬κ’–Ϊ‚Q‚V‚Q‚W”Τ‚X“ΰ,‹gΛ›“μ’¬‚P|‚T|‚T,"3,780,000 ","3,500,000 ",8.0 ,105 ,‘δ`,1,2,“X•άA––±“Z‘ξ,S,6F,,’†‚‘w‚ΜωH“XAG‹ƒrƒ‹‚ª‘½‚Ά‰w‘O‚Μ¤‹Ζ’nζ,s“Ή,–k,7.3,,,,ƒKƒX,…“Ή,‰Ί…“Ή,‹gΛ›,,100 ,¤‹Ζ,–h‰Ξ,80 ,600 ,,‚“x,,,,,*,13203 ,5 ,3 ,"3,640,000 "
›,13204 ,6 ,O‘ι,0 ,1 ,‘½–€,–k‘½–€,O‘ιs,δ‚Μ“ªl’–Ϊ‚R‚W‚X”Τ‚R‚Q,δ‚Μ“ª‚S|‚P‚U|‚S,"694,000 ","661,000 ",5.0 ,193 ,,1,1.5,Z‘ξ,W,2F,,’†‹K–Νκ”ΚZ‘ξ‚ª‚Ώ•ΐ‚ΤΥΓ‚ΘZ‘ξ’nζ,„“Ή,“μΌ,4,,,,ƒKƒX,…“Ή,‰Ί…“Ή,‹gΛ›,,810 ,‚P’ακ,€–h,40 ,80 ,,‚“x,,,,,,,,,
›,13204 ,6 ,O‘ι,0 ,2 ,‘½–€,–k‘½–€,O‘ιs,‰ΊAZ’–Ϊ‚T‚P‚Q”Τ‚U‚S,‰ΊA‚U|‚V|‚R‚R,"457,000 ","439,000 ",4.1 ,146 ,,1,2,Z‘ξ,W,2F,,κ”ΚZ‘ξ‚Μ‚Ω‚©ƒAƒp[ƒg“™‚ΰ©‚η‚κ‚ιZ‘ξ’nζ,s“Ή,Ό,3.5,,,,ƒKƒX,…“Ή,‰Ί…“Ή,O‘ι,,"1,600 ",‚P’ακ,€–h,40 ,80 ,,‚“x,,,,,,,,,
›,13204 ,6 ,O‘ι,0 ,3 ,‘½–€,–k‘½–€,O‘ιs,–΄—η“ρ’–Ϊ‚P‚O‚T‚U”Τ‚S,–΄—η‚Q|‚W|‚Q‚Q,"491,000 ","472,000 ",4.0 ,164 ,,1.2,1,Z‘ξ,W,2F,,’†‹K–Νκ”ΚZ‘ξ‚ª‘½‚Άω¬Z‘ξ’nζ,s“Ή,“μ“,5,,,,ƒKƒX,…“Ή,‰Ί…“Ή,O‘ι‘δ,,800 ,‚P’ακ,,40 ,80 ,,‚“x,,,,,,,,,
›,13204 ,6 ,O‘ι,0 ,4 ,‘½–€,–k‘½–€,O‘ιs,–k–μO’–Ϊ‚T‚X‚P”Τ‚Q‚T,–k–μ‚R|‚P‚P|‚Q,"329,000 ","318,000 ",3.5 ,104 ,,1,1.5,Z‘ξ,W,2F,,’†¬‹K–Νκ”ΚZ‘ξ‚ª‚Ώ•ΐ‚ΤV‹»Z‘ξ’nζ,s“Ή,“,4,,,,ƒKƒX,…“Ή,‰Ί…“Ή,O‘ι‘δ,,"1,800 ",‚P’ακ,,40 ,80 ,,‚“x,,,,,,,,,
›,13204 ,6 ,O‘ι,0 ,5 ,‘½–€,–k‘½–€,O‘ιs,–μθκ’–Ϊ‚S‚O”Τ‚T,–μθ‚P|‚W|‚P‚W,"436,000 ","421,000 ",3.6 ,121 ,,1,2,‹¤“―Z‘ξ,RC,5F,,‹¤“―Z‘ξA“X•άA–‹Ζ“™‚ª¬έ‚·‚ιZ‘ξ’nζ,“s“Ή,–k,9.4,,,,ƒKƒX,…“Ή,‰Ί…“Ή,O‘ι,,"2,500 ",‚PZ‹,€–h,60 ,200 ,,‚“x,,,,,,,,,
›,13204 ,6 ,O‘ι,0 ,6 ,‘½–€,–k‘½–€,O‘ιs,Vμά’–Ϊ‚S‚O‚O”Τ‚P‚W,Vμ‚T|‚P‚V|‚R,"358,000 ","345,000 ",3.8 ,90 ,,1,1.2,Z‘ξ,W,2F,,κ”ΚZ‘ξ‚Μ‚Ω‚©‚Ι‹¤“―Z‘ξ“™‚ª©‚η‚κ‚ιZ‘ξ’nζ,s“Ή,“,5,,,,ƒKƒX,…“Ή,‰Ί…“Ή,εμ,,"2,400 ",‚P’†κ,€–h,60 ,200 ,,‚“x,,,,,,,,,
›,13204 ,6 ,O‘ι,0 ,7 ,‘½–€,–k‘½–€,O‘ιs,’†΄“ρ’–Ϊ‚P‚O‚V”Τ‚P‚O,’†΄‚Q|‚P‚P|‚P‚O,"342,000 ","330,000 ",3.6 ,110 ,,1,1.5,Z‘ξ,W,2F,,¬‹K–Ν‚Μκ”ΚZ‘ξ‚ª‚Ώ•ΐ‚Τω‘¶‚Μ•ªχZ‘ξ’nζ,s“Ή,Ό,5,,,,ƒKƒX,…“Ή,‰Ί…“Ή,εμ,,"1,500 ",‚P’ακ,€–h,40 ,80 ,,‚“x,,,,,,,,,
›,13204 ,6 ,O‘ι,0 ,8 ,‘½–€,–k‘½–€,O‘ιs,‘ε‘ςZ’–Ϊ‚T‚P‚Q”Τ‚T,‘ε‘ς‚U|‚P‚O|‚Q,"257,000 ","248,000 ",3.6 ,92 ,‘δ`,1,1.2,Z‘ξ,W,2F,,Z‘ξ‚Μ’†‚ΙƒAƒp[ƒg‚β‹σ’n‚ª©‚η‚κ‚ιZ‘ξ’nζ,s“Ή,Ό,5,,,,ƒKƒX,…“Ή,‰Ί…“Ή,‘½–,,"1,500 ",‚P’ακ,,40 ,80 ,,‚“x,,,,,,,,,
›,13204 ,6 ,O‘ι,0 ,9 ,‘½–€,–k‘½–€,O‘ιs,δϋO’–Ϊ‚P‚X‚Q”Τ‚P,δϋ‚R|‚P‚P|‚Q‚V,"414,000 ","399,000 ",3.8 ,132 ,,1,1.5,Z‘ξ,W,2F,,’†¬‹K–ΝZ‘ξ‚Μ‚Ω‚©ƒAƒp[ƒg‚ΰ©‚η‚κ‚ιZ‘ξ’nζ,s“Ή,Ό,5,,,,ƒKƒX,…“Ή,‰Ί…“Ή,•‘ ‹«,,"1,100 ",‚P’ακ,,40 ,80 ,,‚“x,,,,,*,13204 ,0 ,3 ,"409,000 "
›,13204 ,6 ,O‘ι,0 ,10 ,‘½–€,–k‘½–€,O‘ιs,‰ΊAl’–Ϊ‚P‚T‚P”Τ‚Q‚S,‰ΊA‚S|‚S|‚P‚X,"555,000 ","533,000 ",4.1 ,175 ,,1,1.5,Z‘ξ,LS,2F,,κ”ΚZ‘ξ“™‚ª‚Ώ•ΐ‚Τ—•Φ«‚Μ—Η‚ΆZ‘ξ’nζ,s“Ή,“,5,,,,ƒKƒX,…“Ή,‰Ί…“Ή,O‘ι,,"1,000 ",‚P’ακ,€–h,50 ,100 ,,‚“x,,,,,,,,,
›,13204 ,6 ,O‘ι,0 ,11 ,‘½–€,–k‘½–€,O‘ιs,γAµ’–Ϊ‚R‚P‚X”Τ‚Q‚R,γA‚V|‚P‚S|‚X,"416,000 ","401,000 ",3.7 ,124 ,,1,1,Z‘ξ,LS,2F,1B,κ”ΚZ‘ξ‚Μ’†‚Ι‹σ’n“™‚ª©‚η‚κ‚ιxO‚ΜZ‘ξ’nζ,s“Ή,“,4,,,,ƒKƒX,…“Ή,‰Ί…“Ή,O‘ι,,"1,800 ",‚P’ακ,,40 ,80 ,,‚“x,,,,,,,,,
›,13204 ,6 ,O‘ι,0 ,12 ,‘½–€,–k‘½–€,O‘ιs,–΄—ηl’–Ϊ‚U‚R‚X”Τ‚P‚S,–΄—η‚S|‚P‚Q|‚Q,"453,000 ","437,000 ",3.7 ,110 ,‘δ`,1,1.5,Z‘ξ,W,2F,,κ”ΚZ‘ξ‚Μ’†‚Ι‹¤“―Z‘ξ“™‚ª©‚η‚κ‚ιZ‘ξ’nζ,s“Ή,–k,5,,,,ƒKƒX,…“Ή,‰Ί…“Ή,δ‚Μ“ªφ‰€,,"1,500 ",‚P’ακ,,40 ,80 ,,‚“x,,,,,*,13204 ,0 ,11 ,"447,000 "
›,13204 ,6 ,O‘ι,0 ,13 ,‘½–€,–k‘½–€,O‘ιs,[‘ε›“ρ’–Ϊ‚S‚O‚T‚W”Τ‚S‚T,[‘ε›‚Q|‚P‚R|‚P‚S,"372,000 ","358,000 ",3.9 ,100 ,,1,1.5,Z‘ξ,W,2F,,κ”ΚZ‘ξ‚ª‘½‚Ά’†‚Ι“X•ά“™‚ªU©‚³‚κ‚ιZ‘ξ’nζ,s“Ή,–k,5.9,,,,ƒKƒX,…“Ή,‰Ί…“Ή,•‘ ‹«,,"1,500 ",‚P’ακ,,40 ,80 ,,‚“x,,,,,,,,,
›,13204 ,6 ,O‘ι,5 ,1 ,‘½–€,–k‘½–€,O‘ιs,‰ΊAO’–Ϊ‚P‚X‚Q”Τ‚XO,‰ΊA‚R|‚P‚Q|‚T,"1,110,000 ","1,040,000 ",6.7 ,404 ,‘δ`,1,1,“X•ά“‹¤“―Z‘ξ,SRC,10F,,’†‚‘w‚Μ“X•ά•tƒ}ƒ“ƒVƒ‡ƒ““™‚ª‚Ώ•ΐ‚Τ¤‹Ζ’nζ,s“Ή,–k“,9,,,,ƒKƒX,…“Ή,‰Ί…“Ή,O‘ι,,450 ,¤‹Ζ,–h‰Ξ,80 ,500 ,,‚“x,,,,,,,,,
›,13204 ,6 ,O‘ι,5 ,2 ,‘½–€,–k‘½–€,O‘ιs,‰ΊAl’–Ϊ‚Q‚U‚S”Τ‚P‚T,‰ΊA‚S|‚P‚U|‚P‚R,"1,090,000 ","1,020,000 ",6.9 ,125 ,,1,1.2,“X•ά“‹¤“―Z‘ξ,RC,3F,,’†‚‘w‚Μ“X•ά“‹¤“―Z‘ξ‚ª‘½‚Ά¤‹Ζ’nζ,s“Ή,“,12,,,,ƒKƒX,…“Ή,‰Ί…“Ή,O‘ι,,750 ,¤‹Ζ,–h‰Ξ,80 ,500 ,,‚“x,,,,,,,,,
›,13204 ,6 ,O‘ι,5 ,3 ,‘½–€,–k‘½–€,O‘ιs,‰ΊAO’–Ϊ‚Q‚T‚U”Τ‚P‚S,‰ΊA‚R|‚Q‚U|‚P‚O,"3,050,000 ","2,840,000 ",7.4 ,224 ,,1,2,“X•ά,S,5F,,’†‚‘w‚Μ“X•άƒrƒ‹“™‚ª‚Ώ•ΐ‚Τ‰w‘O‚Μ¤‹Ζ’nζ,s“Ή,Ό,12,,,,ƒKƒX,…“Ή,‰Ί…“Ή,O‘ι,,150 ,¤‹Ζ,–h‰Ξ,80 ,500 ,,,,,,,*,13204 ,5 ,1 ,"2,950,000 "
›,13205 ,6 ,Β”~,0 ,1 ,‘½–€,Ό‘½–€,Β”~s,‰Ν•Σ’¬κ’–Ϊ‚W‚Q‚S”Τ‚P‚O,,"127,000 ","125,000 ",1.6 ,100 ,,1,1.5,Z‘ξ,W,2F,,κ”ΚZ‘ξ‚Μ’†‚Ι‹¤“―Z‘ξ‚ª©‚η‚κ‚ιZ‘ξ’nζ,s“Ή,–kΌ,4,,,,ƒKƒX,…“Ή,‰Ί…“Ή,‰Ν•Σ,,"1,300 ",€H,€–h,60 ,200 ,,‚“x,,,,,,,,,
›,13205 ,6 ,Β”~,0 ,2 ,‘½–€,Ό‘½–€,Β”~s,”~‹½l’–Ϊ‚U‚O‚W”Τ‚V,,"60,700 ","60,500 ",0.3 ,120 ,,1,1.2,Z‘ξ,W,2F,,κ”ΚZ‘ξ‚Μ’†‚Ι”¨‚ª©‚η‚κ‚ιZ‘ξ’nζ,s“Ή,“,4.2,,,,,…“Ή,‰Ί…“Ή,“ϊόa“c,,900 ,‚P’ακ,,40 ,80 ,,‚“x,,,‘—§φ,•’Κ,,,,,
›,13205 ,6 ,Β”~,0 ,3 ,‘½–€,Ό‘½–€,Β”~s,”¨’†O’–Ϊ‚S‚W‚R”Τ‚Q,,"54,000 ","54,000 ",0.0 ,136 ,,1,2,Z‘ξ,W,2F,,κ”ΚZ‘ξ‚Μ’†‚Ι”¨“™‚ΰ©‚η‚κ‚ιZ‘ξ’nζ,s“Ή,“μ“,4.8,,,,,…“Ή,‰Ί…“Ή,Β”~,,"2,300 ",‚P’ακ,,40 ,80 ,,‚“x,,,,,,,,,
›,13205 ,6 ,Β”~,0 ,4 ,‘½–€,Ό‘½–€,Β”~s,΅›O’–Ϊ‚R‚V‚X”Τ‚T,,"113,000 ","112,000 ",0.9 ,137 ,,1.2,1,Z‘ξ,W,2F,,κ”ΚZ‘ξ‚Μ’†A”¨‚ΰ©‚η‚κ‚ι“s“Ή‰‚Ά‚ΜZ‘ξ’nζ,“s“Ή,–kΌ,7,,,,,…“Ή,‰Ί…“Ή,‰Ν•Σ,,"2,100 ",‚PZ‹,€–h,60 ,150 ,,‚“x,,,,,,,,,
›,13205 ,6 ,Β”~,0 ,5 ,‘½–€,Ό‘½–€,Β”~s,Ό•ª’¬O’–Ϊ‚W‚S”Τ‚P‚T,,"120,000 ","118,000 ",1.7 ,100 ,,1,3,Z‘ξ,W,2F,,κ”ΚZ‘ξ‚Μ‚Ω‚©‚Ι‹¤“―Z‘ξ‚ΰ‘¶‚·‚ιZ‘ξ’nζ,s“Ή,–k,4.3,,,,ƒKƒX,…“Ή,‰Ί…“Ή,Β”~,,620 ,‚PZ‹,€–h,60 ,150 ,,‚“x,,,,,,,,,
›,13205 ,6 ,Β”~,0 ,6 ,‘½–€,Ό‘½–€,Β”~s,γ‚Q‚U‚V”Τ‚P‚T,,"99,600 ","97,700 ",1.9 ,153 ,,1,2,Z‘ξ,LS,2F,,’†¬‹K–Νκ”ΚZ‘ξ‚ª‚Ώ•ΐ‚ΤZ‘ξ’nζ,s“Ή,“μΌ,4,,,,,…“Ή,‰Ί…“Ή,“Β”~,,"1,200 ",‚P’ακ,,40 ,80 ,,‚“x,,,,,,,,,
›,13205 ,6 ,Β”~,0 ,7 ,‘½–€,Ό‘½–€,Β”~s,’·•£O’–Ϊ‚Q‚X‚Q”Τ‚P‚Q,,"72,800 ","72,000 ",1.1 ,117 ,,1,1.5,Z‘ξ,W,2F,,¬‹K–Νκ”ΚZ‘ξ‚ª‚Ώ•ΐ‚ΤZ‘ξ’nζ,s“Ή,–k,5,,,,,…“Ή,‰Ί…“Ή,“Β”~,,"1,500 ",‚P’†κ,€–h,60 ,200 ,,‚“x,,,,,,,,,
›,13205 ,6 ,Β”~,0 ,8 ,‘½–€,Ό‘½–€,Β”~s,΅δO’–Ϊ‚R‚O”Τ‚T‚T,,"93,000 ","92,100 ",1.0 ,120 ,,1,1.2,Z‘ξ,W,2F,,κ”ΚZ‘ξ‚Μ‚Ω‚©‚Ι‹¤“―Z‘ξ“™‚ª©‚η‚κ‚ιZ‘ξ’nζ,s“Ή,–kΌ,6,,,,ƒKƒX,…“Ή,‰Ί…“Ή,¬μ,,"3,000 ",‚P’ακ,€–h,50 ,100 ,,‚“x,,,,,,,,,
›,13205 ,6 ,Β”~,0 ,9 ,‘½–€,Ό‘½–€,Β”~s,V’¬O’–Ϊ‚S‚V”Τ‚P‚T,,"180,000 ","177,000 ",1.7 ,112 ,,1,2,Z‘ξ,W,2F,,κ”ΚZ‘ξ‚ª‘½‚Ά‹ζ‰ζ®—Ο‚ΜZ‘ξ’nζ,s“Ή,Ό,6,,,,ƒKƒX,…“Ή,‰Ί…“Ή,¬μ,,800 ,‚P’†κ,€–h,60 ,150 ,,‚“x,,,,,,,,,
›,13205 ,6 ,Β”~,0 ,10 ,‘½–€,Ό‘½–€,Β”~s,V’¬“ρ’–Ϊ‚Q‚R”Τ‚Q,,"148,000 ","145,000 ",2.1 ,170 ,,1,1,Z‘ξ,W,2F,,’†‹K–Νκ”ΚZ‘ξ‚ª‘½‚Ά‹ζ‰ζ®—Ο‚ΜZ‘ξ’nζ,s“Ή,“,6,,,,ƒKƒX,…“Ή,‰Ί…“Ή,¬μ,,"1,500 ",‚P’†κ,€–h,60 ,150 ,,‚“x,,,,,,,,,
›,13205 ,6 ,Β”~,0 ,11 ,‘½–€,Ό‘½–€,Β”~s,“΅‹΄κ’–Ϊ‚S‚O‚R”Τ‚U,,"65,000 ","64,900 ",0.2 ,188 ,,1,1.5,Z‘ξ,W,2F,,’†‹K–Νκ”ΚZ‘ξ‚Μ’†‚Ι‹σ’n“™‚ª©‚η‚κ‚ιZ‘ξ’nζ,s“Ή,Ό,6,,,,,…“Ή,‰Ί…“Ή,‰Ν•Σ,,"3,500 ",‚P’ακ,,40 ,80 ,,‚“x,,,,,,,,,
›,13205 ,6 ,Β”~,0 ,12 ,‘½–€,Ό‘½–€,Β”~s,t‰ª’¬O’–Ϊ‚S”Τ‚P‚R,,"162,000 ","159,000 ",1.9 ,121 ,,1,1.5,Z‘ξ,W,2F,,κ”ΚZ‘ξ‚Μ’†‚Ι”¨‚ΰc‚ι‹ζ‰ζ®—Ο‚ΜZ‘ξ’nζ,s“Ή,–k,6,,,,ƒKƒX,…“Ή,‰Ί…“Ή,‰Ν•Σ,,800 ,‚P’†κ,€–h,60 ,200 ,,‚“x,,,,,*,13205 ,0 ,8 ,"161,000 "
›,13205 ,6 ,Β”~,0 ,13 ,‘½–€,Ό‘½–€,Β”~s,•‘ςκ’–Ϊ‚P‚O‚W”Τ‚RO,,"42,700 ","42,700 ",0.0 ,209 ,,1.5,1,Z‘ξ,LS,2F,,”¨‚ªUέ‚µAέ—Z‘ξ‚ΖV‹»Z‘ξ‚ª‚ ‚ιZ‘ξ’nζ,s“Ή,“μ,4,,,,,…“Ή,‰Ί…“Ή,“Β”~,,"3,400 ",‚P’ακ,,40 ,80 ,,‚“x,,,,,,,,,
›,13205 ,6 ,Β”~,0 ,14 ,‘½–€,Ό‘½–€,Β”~s,δx“ρ’–Ϊ‚T‚R‚W”Τ‚QO,,"29,100 ","29,100 ",0.0 ,207 ,‘δ`,1.5,1,Z‘ξ,W,2F,,–―‰Ζ“™‚ªUέ‚·‚ιRΤ‚Μω‘¶Z‘ξ’nζ,“s“Ή,“μ“,6,,,,,…“Ή,‰Ί…“Ή,δ›Τ,,"1,800 ",,,40 ,80 ,,,’²‹ζ,,‘—§φ,3ν“Α•Κ,,,,,
›,13205 ,6 ,Β”~,0 ,15 ,‘½–€,Ό‘½–€,Β”~s,¬–Ψ”ª’–Ϊ‚P‚W‚P”Τ‚Q,,"26,800 ","26,800 ",0.0 ,171 ,‘δ`,2.5,1,Z‘ξ,W,2F,,”_‰ΖAκ”ΚZ‘ξ‚ª©‚η‚κ‚ι“s“Ή‰‚Ά‚ΜZ‘ξ’nζ,“s“Ή,“μ,8,,,,,…“Ή,,“Β”~,,"4,600 ",,,40 ,80 ,,,’²‹ζ,,,,,,,,
›,13205 ,6 ,Β”~,0 ,16 ,‘½–€,Ό‘½–€,Β”~s,΅δ“ρ’–Ϊ‚P‚Q‚R‚O”Τ‚R,,"49,200 ","48,300 ",1.9 ,220 ,‘δ`,1,1.5,Z‘ξ,W,2F,,κ”ΚZ‘ξA¬Hκ‚ª©‚η‚κ‚ι”_’n‚Μ‘½‚ΆZ‘ξ’nζ,s“Ή,“μ“,5.5,,‘¤“Ή,“μΌ,,…“Ή,‰Ί…“Ή,¬μ,,"3,700 ",,,40 ,80 ,,,’²‹ζ,,,,,,,,
›,13205 ,6 ,Β”~,5 ,1 ,‘½–€,Ό‘½–€,Β”~s,’‡’¬‚Q‚X‚T”ΤO,,"142,000 ","140,000 ",1.4 ,556 ,,1,3,“X•ά,RC,3F,,¬”„“X•άA‹βs“™‚ª‚Ώ•ΐ‚ΤΓ‚­‚©‚η‚Μ¤‹Ζ’nζ,“s“Ή,“μ,11.2,,”w–Κ“Ή,,ƒKƒX,…“Ή,‰Ί…“Ή,Β”~,,280 ,¤‹Ζ,–h‰Ξ,80 ,500 ,,,,,,,,,,,
›,13205 ,6 ,Β”~,5 ,2 ,‘½–€,Ό‘½–€,Β”~s,–μγ’¬l’–Ϊ‚S”Τ‚T,,"189,000 ","186,000 ",1.6 ,536 ,,1,1.5,––±,S,6F,,’†‘w“X•άƒrƒ‹A––±“™‚ª¬έ‚·‚ιHό¤‹Ζ’nζ,“s“Ή,–k,20,,,,,…“Ή,‰Ί…“Ή,‰Ν•Σ,,580 ,‹ί¤,€–h,80 ,300 ,,‚“x,,,,,,,,,
›,13205 ,6 ,Β”~,5 ,3 ,‘½–€,Ό‘½–€,Β”~s,‰Ν•Σ’¬ά’–Ϊ‚W”Τ‚P,,"206,000 ","202,000 ",2.0 ,157 ,‘δ`,1,1.2,“X•ά“Z‘ξ,RC,3F,,’α‘w“X•άA‹¤“―Z‘ξ“™‚ª¬έ‚·‚ι‰w‘O‚Μ¤‹Ζ’nζ,s“Ή,“,16,,‘¤“Ή,“μΌ,,…“Ή,‰Ί…“Ή,‰Ν•Σ,,140 ,‹ί¤,€–h,80 ,300 ,,‚“x,,,,,,,,,
›,13205 ,6 ,Β”~,5 ,4 ,‘½–€,Ό‘½–€,Β”~s,V’¬“ρ’–Ϊ‚P‚R”Τ‚V,,"166,000 ","163,000 ",1.8 ,206 ,,1,1.5,“X•ά“Z‘ξ,S,3F,,¬”„“X•ά‚Μ‚Ω‚©‚Ι‹¤“―Z‘ξ“™‚ª©‚η‚κ‚ι¤‹Ζ’nζ,“s“Ή,“,20,,,,ƒKƒX,…“Ή,‰Ί…“Ή,¬μ,,"1,100 ",‹ί¤,€–h,80 ,300 ,,‚“x,,,,,,,,,
›,13205 ,6 ,Β”~,9 ,1 ,‘½–€,Ό‘½–€,Β”~s,––L’¬κ’–Ϊ‚S”Τ‚R,,"99,500 ","90,500 ",9.9 ,"3,305 ",,1,1.2,HκA‘qΙ“––±“™,,,,’†‹K–Ν‚ΜHκ“™‚ª‚Ώ•ΐ‚ΤH‹Ζ’nζ,s“Ή,–k“,8,,,,ƒKƒX,…“Ή,‰Ί…“Ή,¬μ,,"1,300 ",Hκ,€–h,60 ,200 ,,,,,,,,,,,
›,13205 ,6 ,Β”~,9 ,2 ,‘½–€,Ό‘½–€,Β”~s,΅δO’–Ϊ‚S”Τ‚Q‚Q,,"109,000 ","103,000 ",5.8 ,"1,769 ",,1.5,1,Hκ“––±,,,,’†¬‹K–Ν‚ΜHκA‘qΙ‚ª‚Ώ•ΐ‚ΤH‹Ζ’nζ,s“Ή,“,8,,,,,…“Ή,‰Ί…“Ή,¬μ,,"2,900 ",H‹Ζ,€–h,60 ,200 ,,,,,,,,,,,
›,13206 ,6 ,•{’†,0 ,1 ,‘½–€,–k‘½–€,•{’†s,”’…‘δO’–Ϊ‚P‚S”Τ‚Q‚T,,"331,000 ","315,000 ",5.1 ,164 ,,1,2,‹¤“―Z‘ξ,W,2F,,κ”ΚZ‘ξ‚Μ‚Ω‚©ƒ}ƒ“ƒVƒ‡ƒ““™‚ΰ©‚η‚κ‚ιZ‘ξ’nζ,s“Ή,“,4,,,,ƒKƒX,…“Ή,‰Ί…“Ή,•‘ –μ‘δ,,730 ,‚P’†κ,€–h,60 ,200 ,,‚“x,,,,,,,,,
›,13206 ,6 ,•{’†,0 ,2 ,‘½–€,–k‘½–€,•{’†s,¥­O’–Ϊ‚P‚U”Τ‚Q‚R,,"270,000 ","260,000 ",3.8 ,124 ,,1,1.5,Z‘ξ,W,2F,,’†‹K–Νκ”ΚZ‘ξ‚ª‚Ώ•ΐ‚Τω¬‚ΜZ‘ξ’nζ,s“Ή,“,4,,,,ƒKƒX,…“Ή,‰Ί…“Ή,¥­,,530 ,‚P’ακ,,40 ,80 ,,‚“x,,,,,,,,,
›,13206 ,6 ,•{’†,0 ,3 ,‘½–€,–k‘½–€,•{’†s,‘½–’¬κ’–Ϊ‚Q‚P”Τ‚R‚S,,"305,000 ","290,000 ",5.2 ,100 ,,1,1.5,Z‘ξ,W,2F,,κ”ΚZ‘ξ‚Μ‚Ω‚©ƒAƒp[ƒg“™‚ΰ©‚η‚κ‚ιZ‘ξ’nζ,„“Ή,“μ,4,,,,ƒKƒX,…“Ή,‰Ί…“Ή,‘½–,,450 ,‚P’ακ,,40 ,80 ,,‚“x,,,,,,,,,
›,13206 ,6 ,•{’†,0 ,4 ,‘½–€,–k‘½–€,•{’†s,΄…‚ª‹u“ρ’–Ϊ‚P‚O”Τ‚Q‚Q,,"410,000 ","380,000 ",7.9 ,134 ,,1,1.5,Z‘ξ,W,2F,,¬‹K–Νκ”ΚZ‘ξ‚ª‚Ώ•ΐ‚ΤZ‘ξ’nζ,s“Ή,“μ,4,,,,ƒKƒX,…“Ή,‰Ί…“Ή,“•{’†,,450 ,‚P’ακ,€–h,50 ,100 ,,‚“x,,,,,,,,,
›,13206 ,6 ,•{’†,0 ,5 ,‘½–€,–k‘½–€,•{’†s,“μ’¬ά’–Ϊ‚P‚U”Τ‚T‚O,,"270,000 ","258,000 ",4.7 ,124 ,,2,1,Z‘ξ,W,2F,,κ”ΚZ‘ξ‚Μ‚Ω‚©‹σ’n“™‚ª©‚η‚κ‚ιZ‘ξ’nζ,s“Ή,“μΌ,4,,,,ƒKƒX,…“Ή,‰Ί…“Ή,’†‰Ν΄,,"1,200 ",‚P’ακ,,40 ,80 ,,‚“x,,,,,,,,,
›,13206 ,6 ,•{’†,0 ,6 ,‘½–€,–k‘½–€,•{’†s,‰—§’¬ά’–Ϊ‚P‚Q”Τ‚Q‚W,,"275,000 ","265,000 ",3.8 ,210 ,,1.2,1,Z‘ξ,W,2F,,’†‹K–Ν’φ“x‚ΜZ‘ξ‚ª®‘R‚Ζ‚Ώ•ΐ‚ΤZ‘ξ’nζ,s“Ή,“μΌ,6,,,,ƒKƒX,…“Ή,‰Ί…“Ή,”ς“c‹‹,,"1,500 ",‚P’ακ,€–h,50 ,100 ,,‚“x,,,,,,,,,
›,13206 ,6 ,•{’†,0 ,7 ,‘½–€,–k‘½–€,•{’†s,–{’¬“ρ’–Ϊ‚P‚O”Τ‚Q‚S,,"397,000 ","373,000 ",6.4 ,109 ,,1,1,Z‘ξ,RC,2F,,’†¬‹K–Νκ”ΚZ‘ξ‚ª‚Ώ•ΐ‚ΤZ‘ξ’nζ,s“Ή,“μ,4,,,,ƒKƒX,…“Ή,‰Ί…“Ή,•{’†–{’¬,,400 ,‚P’†κ,€–h,60 ,200 ,,‚“x,,,,,,,,,
›,13206 ,6 ,•{’†,0 ,8 ,‘½–€,–k‘½–€,•{’†s,V’¬κ’–Ϊ‚T‚T”Τ‚R‚S,,"286,000 ","265,000 ",7.9 ,103 ,,1,1.2,Z‘ξ,W,2F,,κ”ΚZ‘ξ‚Μ‚Ω‚©ƒAƒp[ƒg“™‚ΰ©‚η‚κ‚ιZ‘ξ’nζ,s“Ή,Ό,4,,,,ƒKƒX,…“Ή,‰Ί…“Ή,‘•ª›,,"2,200 ",‚P’ακ,,40 ,80 ,,‚“x,,,,,,,,,
›,13206 ,6 ,•{’†,0 ,9 ,‘½–€,–k‘½–€,•{’†s,”όD’¬O’–Ϊ‚S‚X”Τ‚P‚U,,"345,000 ","328,000 ",5.2 ,148 ,‘δ`,1,1.5,Z‘ξ,W,2F,,’†¬‹K–Ν‚Μκ”ΚZ‘ξ‚ª‘½‚Άω¬Z‘ξ’nζ,s“Ή,–k,4,,,,ƒKƒX,…“Ή,‰Ί…“Ή,•ª”{‰Ν΄,,750 ,‚P’ακ,€–h,50 ,80 ,,‚“x,,,,,,,,,
›,13206 ,6 ,•{’†,0 ,10 ,‘½–€,–k‘½–€,•{’†s,l’JO’–Ϊ‚S‚X”Τ‚Q‚T,,"245,000 ","233,000 ",5.2 ,133 ,,1,1.2,Z‘ξ,W,2F,,’†‹K–Νκ”ΚZ‘ξ‚ª‚Ώ•ΐ‚ΤZ‘ξ’nζ,s“Ή,“μ“,6,,,,ƒKƒX,…“Ή,‰Ί…“Ή,’†‰Ν΄,,"1,700 ",‚P’ακ,,40 ,80 ,,‚“x,,,,,,,,,
›,13206 ,6 ,•{’†,0 ,11 ,‘½–€,–k‘½–€,•{’†s,Ό΄’¬l’–Ϊ‚P‚P”Τ‚P‚TO,,"292,000 ","275,000 ",6.2 ,119 ,,1,1.5,Z‘ξ,W,2F,,’†¬‹K–Ν‚Μκ”ΚZ‘ξ‚ª‚Ώ•ΐ‚ΤZ‘ξ’nζ,s“Ή,“μΌ,5,,,,ƒKƒX,…“Ή,‰Ί…“Ή,’J•Ϋ,,860 ,‚P’ακ,,40 ,80 ,,‚“x,,,,,,,,,
›,13206 ,6 ,•{’†,0 ,12 ,‘½–€,–k‘½–€,•{’†s,”όD’¬“ρ’–Ϊ‚S‚T”Τ‚V,,"347,000 ","330,000 ",5.2 ,165 ,,1,1,Z‘ξ,W,2F,,’†‹K–Νκ”ΚZ‘ξ‚ª‘½‚Ά‹ζ‰ζ®—Ο‚ΜZ‘ξ’nζ,s“Ή,Ό,6,,,,ƒKƒX,…“Ή,‰Ί…“Ή,•ª”{‰Ν΄,,"1,200 ",‚P’ακ,€–h,60 ,150 ,,‚“x,,,,,*,13206 ,0 ,10 ,"340,000 "
›,13206 ,6 ,•{’†,0 ,13 ,‘½–€,–k‘½–€,•{’†s,K’¬κ’–Ϊ‚Q‚T”Τ‚R,,"395,000 ","370,000 ",6.8 ,156 ,,1,1.5,Z‘ξ,W,2F,,κ”ΚZ‘ξAƒAƒp[ƒg“™‚ª©‚η‚κ‚ιZ‘ξ’nζ,s“Ή,“μ,4,,,,ƒKƒX,…“Ή,‰Ί…“Ή,•{’†,,"1,200 ",‚P’ακ,€–h,50 ,100 ,,‚“x,,,,,,,,,
›,13206 ,6 ,•{’†,0 ,14 ,‘½–€,–k‘½–€,•{’†s,“V_’¬l’–Ϊ‚Q‚S”Τ‚P‚S,,"287,000 ","273,000 ",5.1 ,165 ,,1,1,Z‘ξ,W,2F,,κ”ΚZ‘ξAƒAƒp[ƒg‚ª©‚η‚κ‚ιω¬Z‘ξ’nζ,„“Ή,Ό,4,,,,ƒKƒX,…“Ή,‰Ί…“Ή,•{’†,,"2,100 ",‚P’ακ,,40 ,80 ,,‚“x,,,,,,,,,
›,13206 ,6 ,•{’†,0 ,15 ,‘½–€,–k‘½–€,•{’†s,αΌ’¬O’–Ϊ‚Q‚T”Τ‚P‚V,,"345,000 ","323,000 ",6.8 ,186 ,‘δ`,1,1,Z‘ξ,W,2F,,’†‹K–Νκ”ΚZ‘ξ‚ª‚Ώ•ΐ‚ΤZ‘ξ’nζ,s“Ή,Ό,6,,,,ƒKƒX,…“Ή,‰Ί…“Ή,“•{’†,,950 ,‚P’ακ,,40 ,80 ,,‚“x,,,,,*,13206 ,0 ,21 ,"335,000 "
›,13206 ,6 ,•{’†,0 ,16 ,‘½–€,–k‘½–€,•{’†s,—Ξ’¬κ’–Ϊ‚P‚W”Τ‚P‚R,,"490,000 ","466,000 ",5.2 ,115 ,,1,1,Z‘ξ,W,2F,,’†¬‹K–Νκ”ΚZ‘ξ‚ª‘½‚Ά‹ζ‰ζ®‘R‚Ζ‚µ‚½Z‘ξ’nζ,s“Ή,“,8,,,,ƒKƒX,…“Ή,‰Ί…“Ή,•{’†,,900 ,‚PZ‹,€–h,60 ,200 ,,‚“x,,,,,,,,,
›,13206 ,6 ,•{’†,0 ,17 ,‘½–€,–k‘½–€,•{’†s,•‘ ‘δO’–Ϊ‚R‚S”Τ‚Q‚W,,"390,000 ","373,000 ",4.6 ,103 ,,1,1.2,Z‘ξ,W,2F,,κ”ΚZ‘ξ‚Μ‚Ω‚©ƒAƒp[ƒg‚ΰ©‚η‚κ‚ιZ‘ξ’nζ,s“Ή,“,4,,,,ƒKƒX,…“Ή,‰Ί…“Ή,Ό‘•ª›,,450 ,‚P’ακ,,40 ,80 ,,‚“x,,,,,,,,,
›,13206 ,6 ,•{’†,0 ,18 ,‘½–€,–k‘½–€,•{’†s,“μ’¬O’–Ϊ‚R‚P”Τ‚V‚U,,"302,000 ","290,000 ",4.1 ,188 ,,1,1.5,Z‘ξ,W,2F,,’†‹K–Νκ”ΚZ‘ξ‚ª‚Ώ•ΐ‚ΤZ‘ξ’nζ,s“Ή,“μ“,5,,,,ƒKƒX,…“Ή,‰Ί…“Ή,’†‰Ν΄,,750 ,‚P’ακ,,40 ,80 ,,‚“x,,,,,*,13206 ,0 ,25 ,"298,000 "
›,13206 ,6 ,•{’†,0 ,19 ,‘½–€,–k‘½–€,•{’†s,•‘ ‘δκ’–Ϊ‚U”Τ‚U,,"280,000 ","267,000 ",4.9 ,224 ,,1,1,μ‹Ζ“Z‘ξ,S,2F,,κ”ΚZ‘ξA¬‹K–ΝHκ“™‚ª¬έ‚·‚ιZ‘ξ’nζ,s“Ή,“μ,10.1,,,,ƒKƒX,…“Ή,‰Ί…“Ή,–k•{’†,,"1,000 ",€H,€–h,60 ,200 ,,‚“x,,,,,,,,,
›,13206 ,6 ,•{’†,5 ,1 ,‘½–€,–k‘½–€,•{’†s,‹{Ό’¬“ρ’–Ϊ‚P‚V”Τ‚V,,"1,080,000 ","994,000 ",8.7 ,135 ,,1,3,“X•άA––±“Z‘ξ,S,6F,,“X•άA––±ƒrƒ‹‚ª‚Ώ•ΐ‚ΤΓ‚­‚©‚η‚Μ¤‹Ζ’nζ,“s“Ή,–k,20,,,,ƒKƒX,…“Ή,‰Ί…“Ή,•{’†,,430 ,¤‹Ζ,–h‰Ξ,80 ,500 ,,,,,,,,,,,
›,13206 ,6 ,•{’†,5 ,2 ,‘½–€,–k‘½–€,•{’†s,αΌ’¬“ρ’–Ϊ‚R”Τ‚S,,"530,000 ","492,000 ",7.7 ,443 ,,1,3,“X•ά“‹¤“―Z‘ξ,RC,5F,1B,“X•ά•tƒ}ƒ“ƒVƒ‡ƒ“A‰c‹Ζ“™‚Μ¬έHό¤‹Ζ’nζ,‘“Ή,“μ,18,,,,ƒKƒX,…“Ή,‰Ί…“Ή,“•{’†,,350 ,‹ί¤,–h‰Ξ,80 ,300 ,,‚“x,,,,,,,,,
›,13206 ,6 ,•{’†,5 ,3 ,‘½–€,–k‘½–€,•{’†s,αΌ’¬l’–Ϊ‚X”Τ‚P‚Q,,"370,000 ","345,000 ",7.2 ,206 ,,1,1,•Ϋη“––±,S,4F,1B,––±Aƒ}ƒ“ƒVƒ‡ƒ“‚ª¬έ‚·‚ιHό¤‹Ζ’nζ,“s“Ή,Ό,18,,‘¤“Ή,“μ,ƒKƒX,…“Ή,‰Ί…“Ή,“•{’†,,"1,200 ",€Z‹,–h‰Ξ,60 ,300 ,,‚“x,,,,,,,,,
›,13206 ,6 ,•{’†,5 ,4 ,‘½–€,–k‘½–€,•{’†s,‹{Ό’¬ά’–Ϊ‚X”Τ‚SO,,"726,000 ","667,000 ",8.8 ,156 ,,1,2,“X•ά“‹¤“―Z‘ξ,RC,9F,,“X•ά•Ή—pZ‘ξA––±“™‚ª‚Ώ•ΐ‚Τ¤‹Ζ’nζ,“s“Ή,–k,11,,,,ƒKƒX,…“Ή,‰Ί…“Ή,•{’†,,760 ,¤‹Ζ,–h‰Ξ,80 ,500 ,,,,,,,,,,,
›,13206 ,6 ,•{’†,5 ,5 ,‘½–€,–k‘½–€,•{’†s,”όD’¬κ’–Ϊ‚R‚O”Τ‚R,,"485,000 ","450,000 ",7.8 ,165 ,,1,2,––±“‹¤“―Z‘ξ,S,5F,,’†¬‹K–Ν“X•ά“‹¤“―Z‘ξ“™‚©‚η‚Θ‚ιHό¤‹Ζ’nζ,‘“Ή,–k,18,,,,ƒKƒX,…“Ή,‰Ί…“Ή,•ª”{‰Ν΄,,650 ,‹ί¤,–h‰Ξ,80 ,300 ,,‚“x,,,,,,,,,
›,13206 ,6 ,•{’†,5 ,6 ,‘½–€,–k‘½–€,•{’†s,–kR’¬O’–Ϊ‚Q‚R”Τ‚UO,,"317,000 ","304,000 ",4.3 ,184 ,,1,1.5,––±“‹¤“―Z‘ξ,S,2F,,“X•άA––±‚Μ‚Ω‚©Z‘ξ‚ΰ¬έ‚·‚ι‹ί—Χ¤‹Ζ’nζ,s“Ή,“,10,,,,ƒKƒX,…“Ή,‰Ί…“Ή,‘—§,,"1,700 ",‹ί¤,€–h,80 ,200 ,,‚“x,,,,,,,,,
›,13206 ,6 ,•{’†,5 ,7 ,‘½–€,–k‘½–€,•{’†s,‹{’¬κ’–Ϊ‚Q‚R”Τ‚X,,"950,000 ","876,000 ",8.4 ,135 ,,1,1.2,“X•άA––±“‹¤“―Z‘ξ,RC,7F,1B,“X•άA––±Aƒ}ƒ“ƒVƒ‡ƒ““™‚ª¬έ‚·‚ι¤‹Ζ’nζ,s“Ή,Ό,12,,,,ƒKƒX,…“Ή,‰Ί…“Ή,•{’†,,260 ,¤‹Ζ,–h‰Ξ,80 ,500 ,,,,,,,*,13206 ,5 ,3 ,"920,000 "
›,13206 ,6 ,•{’†,5 ,8 ,‘½–€,–k‘½–€,•{’†s,–{h’¬l’–Ϊ‚Q‚V”Τ‚R,,"335,000 ","317,000 ",5.7 ,485 ,,1,1.5,f—Γ“‹¤“―Z‘ξ,S,3F,,Z‘ξA“X•ά“‹¤“―Z‘ξ“™‚ª¬έ‚·‚ιHό¤‹Ζ’nζ,“s“Ή,Ό,28,,,,ƒKƒX,…“Ή,‰Ί…“Ή,Ό•{,,950 ,‚Q’†κ,€–h,60 ,200 ,,‚“x,,,,,,,,,
›,13207 ,6 ,Ί“‡,0 ,1 ,‘½–€,–k‘½–€,Ί“‡s,‹{‘ς’¬“ρ’–Ϊ‚Q‚R‚O”Τ‚R‚Q,‹{‘ς’¬‚Q|‚Q‚O|‚P‚P,"178,000 ","173,000 ",2.9 ,194 ,,1.5,1,Z‘ξ,W,2F,,’†‹K–Νκ”ΚZ‘ξ‚Μ‘½‚Ά‹ζ‰ζ®‘R‚Ζ‚µ‚½Z‘ξ’nζ,s“Ή,–kΌ,6,,,,ƒKƒX,…“Ή,‰Ί…“Ή,Ί“‡,,"1,400 ",‚P’ακ,€–h,50 ,100 ,,‚“x,,,,,,,,,
›,13207 ,6 ,Ί“‡,0 ,2 ,‘½–€,–k‘½–€,Ί“‡s,‹Κμ’¬ά’–Ϊ‚X‚P‚V”Τ‚T,‹Κμ’¬‚T|‚T|‚Q‚V,"220,000 ","215,000 ",2.3 ,130 ,,1,2,Z‘ξ,LS,2F,,’†¬‹K–Νκ”ΚZ‘ξ‚ª‚Ώ•ΐ‚ΤZ‘ξ’nζ,s“Ή,“μΌ,4,,,,ƒKƒX,…“Ή,‰Ί…“Ή,“’†_,,900 ,‚P’ακ,,40 ,80 ,,‚“x,,,,,,,,,
›,13207 ,6 ,Ί“‡,0 ,3 ,‘½–€,–k‘½–€,Ί“‡s,‘ε_’¬O’–Ϊ‚T‚T‚V”Τ‚P‚P,‘ε_’¬‚R|‚P‚O|‚P‚Q,"140,000 ","135,000 ",3.7 ,125 ,,2,1,Z‘ξ,W,2F,,¬‹K–Νκ”ΚZ‘ξ“™‚ª‚Ώ•ΐ‚ΤZ‘ξ’nζ,„“Ή,“,5,,,,,…“Ή,‰Ί…“Ή,Ί“‡,,"1,700 ",‚P’ακ,,40 ,80 ,,‚“x,,,,,,,,,
›,13207 ,6 ,Ί“‡,0 ,4 ,‘½–€,–k‘½–€,Ί“‡s,Ό΄’¬κ’–Ϊ‚R‚T‚T‚U”Τ‚P‚R‚O,Ό΄’¬‚P|‚R‚S|‚P‚Q,"225,000 ","219,000 ",2.7 ,110 ,,1.2,1,Z‘ξ,W,2F,,’†¬‹K–Ν‚Μκ”ΚZ‘ξ‚π’†S‚Ζ‚·‚ιZ‘ξ’nζ,s“Ή,–kΌ,4,,,,ƒKƒX,…“Ή,‰Ί…“Ή,Ί“‡,,650 ,‚P’ακ,,40 ,80 ,,‚“x,,,,,,,,,
›,13207 ,6 ,Ί“‡,0 ,5 ,‘½–€,–k‘½–€,Ί“‡s,”q“‡’¬l’–Ϊ‚W‚U‚W”Τ‚T,”q“‡’¬‚S|‚P‚S|‚T,"128,000 ","123,000 ",4.1 ,96 ,,1,1.5,Z‘ξ,W,2F,,¬‹K–Νκ”ΚZ‘ξ‚ª‚Ώ•ΐ‚ΤZ‘ξ’nζ,„“Ή,–k“,4.5,,,,ƒKƒX,…“Ή,‰Ί…“Ή,Ί“‡,,"1,900 ",‚P’ακ,,40 ,80 ,,‚“x,,,,,,,,,
›,13207 ,6 ,Ί“‡,0 ,6 ,‘½–€,–k‘½–€,Ί“‡s,’z’n’¬’‡•½‚Q‚S‚X”Τ‚R‚R,,"258,000 ","252,000 ",2.4 ,110 ,,1,2,Z‘ξ,W,2F,,κ”ΚZ‘ξ‚β‹¤“―Z‘ξ“™‚ª‚Ώ•ΐ‚ΤZ‘ξ’nζ,“ΉH,–k“,5,,,,ƒKƒX,…“Ή,‰Ί…“Ή,’†_,,560 ,‚P’†κ,€–h,60 ,200 ,,‚“x,,,,,,,,,
›,13207 ,6 ,Ί“‡,0 ,7 ,‘½–€,–k‘½–€,Ί“‡s,—Ξ’¬l’–Ϊ‚Q‚U‚O‚S”Τ‚V,,"175,000 ","170,000 ",2.9 ,165 ,,1,2.5,’z’†,,,,κ”ΚZ‘ξ‚ª‚Ώ•ΐ‚Ρό•Σ‚Ι”_’n‚ΰ‚ ‚ιZ‘ξ’nζ,s“Ή,“μ“,5.4,,,,ƒKƒX,…“Ή,‰Ί…“Ή,”q“‡,,"1,200 ",‚P’ακ,,40 ,80 ,,‚“x,,,,,,,,,
›,13207 ,6 ,Ί“‡,0 ,8 ,‘½–€,–k‘½–€,Ί“‡s,’†_’¬“ρ’–Ϊ‚S‚Q‚W”Τ‚T,’†_’¬‚Q|‚R‚T|‚R‚T,"172,000 ","167,000 ",3.0 ,115 ,,1,2,Z‘ξ,W,2F,,κ”ΚZ‘ξ‚ª‘½‚­‹¤“―Z‘ξ‚ΰ‘¶‚·‚ιZ‘ξ’nζ,s“Ή,–k,5.3,,,,ƒKƒX,…“Ή,‰Ί…“Ή,’†_,,"1,300 ",‚P’ακ,,40 ,80 ,,‚“x,,,,,,,,,
›,13207 ,6 ,Ί“‡,0 ,9 ,‘½–€,–k‘½–€,Ί“‡s,Ίa’¬l’–Ϊ‚Q‚T‚O”Τ‚S‚Q,Ίa’¬‚S|‚P‚O|‚P‚U,"261,000 ","255,000 ",2.4 ,108 ,,1,2,Z‘ξ,W,2F,,κ”ΚZ‘ξ‚Μ‚Ω‚©‹¤“―Z‘ξ‚ΰ‚έ‚η‚κ‚ιZ‘ξ’nζ,s“Ή,Ό,4,,,,ƒKƒX,…“Ή,‰Ί…“Ή,Ί“‡,,480 ,‚PZ‹,€–h,60 ,200 ,,‚“x,,,,,*,13207 ,0 ,12 ,"258,000 "
›,13207 ,6 ,Ί“‡,0 ,10 ,‘½–€,–k‘½–€,Ί“‡s,•“‡’¬O’–Ϊ‚P‚S‚T‚T”Τ‚R‚V,•“‡’¬‚R|‚P‚O|‚R‚W,"130,000 ","125,000 ",4.0 ,115 ,,1,1.5,Z‘ξ,W,2F,,κ”ΚZ‘ξ‚Μ‚Ω‚©‹¤“―Z‘ξ“™‚ª¬έ‚·‚ιZ‘ξ’nζ,s“Ή,–k,4.7,,,,ƒKƒX,…“Ή,‰Ί…“Ή,“’†_,,"1,700 ",€H,€–h,60 ,200 ,,‚“x,,,,,,,,,
›,13207 ,6 ,Ί“‡,5 ,1 ,‘½–€,–k‘½–€,Ί“‡s,Ό΄’¬l’–Ϊ‚R‚W‚R‚W”Τ‚Q“ΰ,Ό΄’¬‚S|‚P‚S|‚P‚O,"270,000 ","263,000 ",2.7 ,150 ,,1.2,1,––±,RC,3F,,’†¬‹K–Ν‚Μ“ϊ—p•i¬”„“X•ά“™‚ª‚Ώ•ΐ‚Τ¤‹Ζ’nζ,s“Ή,“μΌ,9.3,,,,ƒKƒX,…“Ή,‰Ί…“Ή,”q“‡,,100 ,‹ί¤,€–h,80 ,300 ,,‚“x,,,,,,,,,
›,13207 ,6 ,Ί“‡,5 ,2 ,‘½–€,–k‘½–€,Ί“‡s,’©“ϊ’¬O’–Ϊ‚P‚O‚R‚V”Τ‚UO,’©“ϊ’¬‚R|‚V|‚P‚W,"268,000 ","262,000 ",2.3 ,206 ,,1,1,“X•ά“Z‘ξ,RC,3F,,“X•άA‹¤“―Z‘ξ“™‚ª‚Ώ•ΐ‚ΤHό¤‹Ζ’nζ,s“Ή,–k,16,,,,ƒKƒX,…“Ή,‰Ί…“Ή,’†_,,300 ,‹ί¤,€–h,80 ,300 ,,‚“x,,,,,,,,,
›,13207 ,6 ,Ί“‡,5 ,3 ,‘½–€,–k‘½–€,Ί“‡s,Ίa’¬ά’–Ϊ‚Q‚Q‚W”Τ‚W,Ίa’¬‚T|‚P‚O|‚P‚V,"460,000 ","445,000 ",3.4 ,196 ,,1,1.5,“X•ά“‹¤“―Z‘ξ,RC,6F,,’†‘w‚Μ“X•άA––±ƒrƒ‹‚ª‚Ώ•ΐ‚Τ‰w‘O¤‹Ζ’nζ,s“Ή,–k,0,‰w‘OLκ,,,ƒKƒX,…“Ή,‰Ί…“Ή,Ί“‡,‰w‘OLκΪ–Κ,,¤‹Ζ,–h‰Ξ,80 ,400 ,,,,,,,*,13207 ,5 ,1 ,"450,000 "
›,13207 ,6 ,Ί“‡,9 ,1 ,‘½–€,–k‘½–€,Ί“‡s,•‘ –μO’–Ϊ‚R‚T”Τ,•‘ –μ‚R|‚Q|‚Q‚O,"166,000 ","158,000 ",5.1 ,575 ,,1.5,1,μ‹Ζ“––±,S,3F,,‘ε’†‹K–ΝHκAμ‹Ζ“™‚ª‚Ώ•ΐ‚ΤH‹Ζ’nζ,s“Ή,“μΌ,6,,,,,…“Ή,‰Ί…“Ή,’†_,,"1,300 ",€H,€–h,60 ,200 ,,‚“x,,,,,,,,,
›,13208 ,6 ,’²•z,0 ,1 ,‘½–€,–k‘½–€,’²•zs,’²•zƒP‹uκ’–Ϊ‚P‚U”Τ‚Q‚R,,"480,000 ","445,000 ",7.9 ,165 ,,1,1,Z‘ξ,LS,2F,,κ”ΚZ‘ξ‚Μ‚Ω‚©‚ΙƒAƒp[ƒg“™‚ª©‚η‚κ‚ιZ‘ξ’nζ,s“Ή,“μΌ,5.2,,,,ƒKƒX,…“Ή,‰Ί…“Ή,’²•z,,"1,000 ",‚P’ακ,€–h,50 ,100 ,,‚“x,,,,,*,13208 ,0 ,13 ,"457,000 "
›,13208 ,6 ,’²•z,0 ,2 ,‘½–€,–k‘½–€,’²•zs,Ό‚Β‚Β‚¶ƒP‹u“ρ’–Ϊ‚P‚P”Τ‚T,,"487,000 ","451,000 ",8.0 ,209 ,,1,1,Z‘ξ,W,2F,,’†‹K–Νκ”ΚZ‘ξ‚ª‘½‚Ά‹ζ‰ζ®‘R‚Ζ‚µ‚½Z‘ξ’nζ,s“Ή,“μ,6,,,,ƒKƒX,…“Ή,‰Ί…“Ή,‚Β‚Β‚¶ƒ–‹u,,490 ,‚P’ακ,,40 ,80 ,,‚“x,,,,,,,,,
›,13208 ,6 ,’²•z,0 ,3 ,‘½–€,–k‘½–€,’²•zs,“όΤ’¬“ρ’–Ϊ‚Q‚O”Τ‚P‚W,,"341,000 ","322,000 ",5.9 ,200 ,,1,1.2,Z‘ξ,W,2F,,’†‹K–Ν‚Μκ”ΚZ‘ξ‚ª‚Ώ•ΐ‚Τ•ªχZ‘ξ’nζ,„“Ή,–kΌ,4.5,,,,ƒKƒX,…“Ή,‰Ί…“Ή,εμ,,"1,700 ",‚P’ακ,,40 ,80 ,,‚“x,,,,,,,,,
›,13208 ,6 ,’²•z,0 ,4 ,‘½–€,–k‘½–€,’²•zs,Ό‚Β‚Β‚¶ƒP‹ul’–Ϊ‚P‚S”Τ‚P‚V,,"432,000 ","411,000 ",5.1 ,120 ,,1,1.2,Z‘ξ,W,2F,,¬‹K–Νκ”ΚZ‘ξ“™‚ª‘½‚Ά—•Φ«‚Μ—Η‚ΆZ‘ξ’nζ,s“Ή,–kΌ,5,,,,ƒKƒX,…“Ή,‰Ί…“Ή,‚Β‚Β‚¶ƒ–‹u,,300 ,‚P’ακ,,40 ,80 ,,‚“x,,,,,,,,,
›,13208 ,6 ,’²•z,0 ,5 ,‘½–€,–k‘½–€,’²•zs,Ό‚Β‚Β‚¶ƒP‹uκ’–Ϊ‚T‚V”Τ‚V‚O,,"405,000 ","385,000 ",5.2 ,164 ,,1,1.5,Z‘ξ,W,2F,,’†‹K–Νκ”ΚZ‘ξ‚ª‚Ώ•ΐ‚ΤΥΓ‚Θ•ªχZ‘ξ’nζ,s“Ή,“μ,5,,,,ƒKƒX,…“Ή,‰Ί…“Ή,‚Β‚Β‚¶ƒ–‹u,,"1,100 ",‚P’ακ,,40 ,80 ,,‚“x,,,,,,,,,
›,13208 ,6 ,’²•z,0 ,6 ,‘½–€,–k‘½–€,’²•zs,[‘ε›“μ’¬ά’–Ϊ‚Q‚Q”Τ‚P‚O,,"285,000 ","275,000 ",3.6 ,110 ,,1.5,1,Z‘ξ,W,2F,,κ”ΚZ‘ξ‚Ι‹σ’n“™‚ΰ©‚η‚κ‚ιxO‚ΜZ‘ξ’nζ,s“Ή,“μ“,4,,,,ƒKƒX,…“Ή,‰Ί…“Ή,‚Β‚Β‚¶ƒ–‹u,,"2,400 ",‚P’ακ,,40 ,80 ,,‚“x,,,,,,,,,
›,13208 ,6 ,’²•z,0 ,7 ,‘½–€,–k‘½–€,’²•zs,[‘ε›–k’¬ά’–Ϊ‚S”Τ‚Q‚R,,"265,000 ","256,000 ",3.5 ,208 ,,1,1,Z‘ξ,LS,2F,,’†¬‹K–Νκ”ΚZ‘ξ‚Ι‹σ’n“™‚ΰc‚ιxO‚ΜZ‘ξ’nζ,s“Ή,“μ“,4,,,,ƒKƒX,…“Ή,‰Ί…“Ή,’²•z,,"3,300 ",‚P’ακ,,40 ,80 ,,‚“x,,,,,,,,,
›,13208 ,6 ,’²•z,0 ,8 ,‘½–€,–k‘½–€,’²•zs,[‘ε›“’¬Z’–Ϊ‚Q‚X”Τ‚P‚X,,"280,000 ","270,000 ",3.7 ,161 ,,1,1.2,Z‘ξ,LS,2F,,’†‹K–Νκ”ΚZ‘ξ‚ª‘½‚Ά‹ζ‰ζ®‘R‚Ζ‚µ‚½Z‘ξ’nζ,s“Ή,“μ“,4,,,,ƒKƒX,…“Ή,‰Ί…“Ή,’²•z,,"3,800 ",‚P’ακ,,40 ,80 ,,‚“x,,,,,*,13208 ,0 ,9 ,"275,000 "
›,13208 ,6 ,’²•z,0 ,9 ,‘½–€,–k‘½–€,’²•zs,’²•zƒP‹uκ’–Ϊ‚Q‚W”Τ‚S,,"528,000 ","489,000 ",8.0 ,119 ,,1,1.2,Z‘ξ,W,2F,,’†¬κ”ΚZ‘ξ‚ª‚Ώ•ΐ‚Τ‹ζ‰ζ®‘R‚Ζ‚µ‚½Z‘ξ’nζ,s“Ή,“μ,4,,,,ƒKƒX,…“Ή,‰Ί…“Ή,’²•z,,600 ,‚P’ακ,€–h,50 ,100 ,,‚“x,,,,,,,,,
›,13208 ,6 ,’²•z,0 ,10 ,‘½–€,–k‘½–€,’²•zs,‹e–μ‘δ“ρ’–Ϊ‚X”Τ‚R‚Q,,"402,000 ","383,000 ",5.0 ,166 ,,1,1.5,Z‘ξ,W,2F,,’†‹K–Νκ”ΚZ‘ξ‚ª‘½‚Άπ’Κ•Φ‚ΘZ‘ξ’nζ,s“Ή,“μ“,6,,,,ƒKƒX,…“Ή,‰Ί…“Ή,Δθ,,500 ,‚P’ακ,,40 ,80 ,,‚“x,,,,,,,,,
›,13208 ,6 ,’²•z,0 ,11 ,‘½–€,–k‘½–€,’²•zs,¬“‡’¬O’–Ϊ‚P‚V”Τ‚P‚S,,"430,000 ","410,000 ",4.9 ,123 ,,1,1.5,Z‘ξ,W,2F,,κ”ΚZ‘ξ‚ΙƒAƒp[ƒg“™‚ΰ©‚η‚κ‚ιZ‘ξ’nζ,s“Ή,–k“,4.5,,,,ƒKƒX,…“Ή,‰Ί…“Ή,’²•z,,820 ,‚P’ακ,,40 ,80 ,,‚“x,,,,,,,,,
›,13208 ,6 ,’²•z,0 ,12 ,‘½–€,–k‘½–€,’²•zs,‘—Μ’¬ά’–Ϊ‚P‚W”Τ‚WO,,"415,000 ","397,000 ",4.5 ,208 ,,1,1.5,Z‘ξ,LS,2F,,’†‹K–Νκ”ΚZ‘ξAƒAƒp[ƒg‚ª‚Ώ•ΐ‚ΤZ‘ξ’nζ,s“Ή,“,5,,,,ƒKƒX,…“Ή,‰Ί…“Ή,•z“c,,350 ,‚P’ακ,€–h,50 ,100 ,,‚“x,,,,,,,,,
›,13208 ,6 ,’²•z,0 ,13 ,‘½–€,–k‘½–€,’²•zs,εμ’¬O’–Ϊ‚U”Τ‚Q‚R,,"490,000 ","450,000 ",8.9 ,203 ,,1,1,Z‘ξ,W,2F,,’†‹K–Νκ”ΚZ‘ξ‚ª‘½‚Άπ’Κ•Φ‚ΘZ‘ξ’nζ,s“Ή,Ό,4,,,,ƒKƒX,…“Ή,‰Ί…“Ή,εμ,,400 ,‚P’ακ,,40 ,80 ,,‚“x,,,,,*,13208 ,0 ,29 ,"465,000 "
›,13208 ,6 ,’²•z,0 ,14 ,‘½–€,–k‘½–€,’²•zs,•xm©’¬κ’–Ϊ‚Q‚R”Τ‚T,,"311,000 ","298,000 ",4.4 ,133 ,,1,2,Z‘ξ,LS,2F,,’†¬‹K–Ν‚ΜZ‘ξ‚ª‚Ώ•ΐ‚ΤZ‘ξ’nζ,s“Ή,“μΌ,4,,,,ƒKƒX,…“Ή,‰Ί…“Ή,Ό’²•z,,660 ,‚P’ακ,,40 ,80 ,,‚“x,,,,,,,,,
›,13208 ,6 ,’²•z,0 ,15 ,‘½–€,–k‘½–€,’²•zs,‰ΊΞ΄O’–Ϊ‚Q‚X”Τ‚U,,"353,000 ","337,000 ",4.7 ,106 ,,1,1.5,Z‘ξ,W,2F,,κ”ΚZ‘ξAƒAƒp[ƒg“™‚ª©‚η‚κ‚ιZ‘ξ’nζ,s“Ή,“μ“,4,,,,ƒKƒX,…“Ή,‰Ί…“Ή,Ό’²•z,,800 ,‚P’ακ,,40 ,80 ,,‚“x,,,,,,,,,
›,13208 ,6 ,’²•z,0 ,16 ,‘½–€,–k‘½–€,’²•zs,Δθκ’–Ϊ‚T‚O”Τ‚X,,"348,000 ","330,000 ",5.5 ,287 ,,1,2.5,μ‹Ζ“‹¤“―Z‘ξ,S,3F,,μ‹ΖAƒAƒp[ƒgAκ”ΚZ‘ξ‚ª¬έ‚·‚ιZ‘ξ’nζ,s“Ή,–kΌ,4.8,,,,ƒKƒX,…“Ή,‰Ί…“Ή,Δθ,,800 ,€H,€–h,60 ,200 ,,‚“x,,,,,,,,,
›,13208 ,6 ,’²•z,5 ,1 ,‘½–€,–k‘½–€,’²•zs,Ό‚Β‚Β‚¶ƒP‹uO’–Ϊ‚R‚S”Τ‚SO,,"695,000 ","660,000 ",5.3 ,83 ,,1,1,“X•ά“Z‘ξ,S,3F,,¬‹K–ΝA’†’α‘w‚Μ“X•ά‚ª‚Ώ•ΐ‚Τ‰w‘O‚Μ¤‹Ζ’nζ,s“Ή,–k,4,,,,ƒKƒX,…“Ή,‰Ί…“Ή,‚Β‚Β‚¶ƒ–‹u,,120 ,¤‹Ζ,–h‰Ξ,80 ,400 ,,,,,,,,,,,
›,13208 ,6 ,’²•z,5 ,2 ,‘½–€,–k‘½–€,’²•zs,”ς“c‹‹κ’–Ϊ‚Q‚T”Τ‚Q‚R,,"510,000 ","480,000 ",6.3 ,200 ,,1,1.5,‹¤“―Z‘ξ““X•ά,RC,3F,,“X•άAƒ}ƒ“ƒVƒ‡ƒ““™‚ª‚Ώ•ΐ‚Τ‰w‘O¤‹Ζ’nζ,s“Ή,“,22,,,,ƒKƒX,…“Ή,‰Ί…“Ή,”ς“c‹‹,,130 ,‹ί¤,€–h,80 ,200 ,,‚“x,,,,,,,,,
›,13208 ,6 ,’²•z,5 ,3 ,‘½–€,–k‘½–€,’²•zs,•z“cl’–Ϊ‚P‚X”Τ‚P‚P,,"1,370,000 ","1,300,000 ",5.4 ,234 ,,1.2,1,“X•άA––±“‹¤“―Z‘ξ“™,SRC,9F,1B,“X•ά“‹¤“―Z‘ξ“™‚ª‚Ώ•ΐ‚Τ‰w‘O‚Μ¤‹Ζ’nζ,s“Ή,Ό,18,,‘¤“Ή,“μ,ƒKƒX,…“Ή,‰Ί…“Ή,’²•z,,300 ,¤‹Ζ,–h‰Ξ,80 ,500 ,,,,,,,*,13208 ,5 ,3 ,"1,350,000 "
›,13208 ,6 ,’²•z,5 ,4 ,‘½–€,–k‘½–€,’²•zs,‘—Μ’¬l’–Ϊ‚W”Τ‚UO,,"750,000 ","700,000 ",7.1 ,237 ,•s®`,1,2,“X•ά“––±,RC,5F,1B,“X•άA“X•ά“‹¤“―Z‘ξ“™‚ª‚Ώ•ΐ‚Τ‰w‘O¤‹Ζ’nζ,“s“Ή,–k“,16,,,,ƒKƒX,…“Ή,‰Ί…“Ή,‘—Μ,,130 ,¤‹Ζ,–h‰Ξ,80 ,400 ,,,,,,,,,,,
›,13208 ,6 ,’²•z,5 ,5 ,‘½–€,–k‘½–€,’²•zs,Δθκ’–Ϊ‚U”Τ‚PO,,"413,000 ","390,000 ",5.9 ,446 ,,1,1.2,––±A‘qΙ“‹¤“―Z‘ξ,RC,3F,1B,“X•ά“‹¤“―Z‘ξA‰c‹Ζ‚ª¬έ‚·‚ιHό¤‹Ζ’nζ,‘“Ή,“μ“,18,,‘¤“Ή,“μΌ,ƒKƒX,…“Ή,‰Ί…“Ή,Δθ,,370 ,€Z‹,€–h,60 ,200 ,,‚“x,,,,,,,,,
›,13209 ,6 ,’¬“c,0 ,1 ,‘½–€,“μ‘½–€,’¬“cs,‹ΰXZ’–Ϊ‚P‚R‚O‚W”Τ‚S‚T,‹ΰX‚U|‚P‚U|‚R,"134,000 ","131,000 ",2.3 ,200 ,,1.2,1,Z‘ξ,W,2F,,’†‹K–Νκ”ΚZ‘ξ‚ª‚Ώ•ΐ‚ΤΥΓ‚ΘZ‘ξ’nζ,s“Ή,–k,6,,,,ƒKƒX,…“Ή,‰Ί…“Ή,’¬“c,,"2,700 ",‚P’ακ,,40 ,80 ,,‚“x,,,,,,,,,
›,13209 ,6 ,’¬“c,0 ,2 ,‘½–€,“μ‘½–€,’¬“cs,“μ‚Β‚­‚µ–μl’–Ϊ‚U”Τ‚Q‚V,,"211,000 ","202,000 ",4.5 ,221 ,,1,1,Z‘ξ,W,2F,,’†‹K–ΝZ‘ξ‚ª‚Ώ•ΐ‚Τ‹ζ‰ζ®‘R‚Ζ‚µ‚½Z‘ξ’nζ,s“Ή,“μ“,5,,,,ƒKƒX,…“Ή,‰Ί…“Ή,‚·‚Έ‚©‚―‘δ,,700 ,‚P’ακ,,40 ,80 ,,‚“x,,,,,,,,,
›,13209 ,6 ,’¬“c,0 ,3 ,‘½–€,“μ‘½–€,’¬“cs,‹ΰX“ρ’–Ϊ‚U‚O‚X”Τ‚R,‹ΰX‚Q|‚P‚X|‚U,"185,000 ","181,000 ",2.2 ,125 ,‘δ`,1,2,Z‘ξ,W,2F,,κ”ΚZ‘ξ‚Μ‚Ω‚©ƒAƒp[ƒg“™‚ΰ©‚η‚κ‚ιZ‘ξ’nζ,s“Ή,“μ“,6,,,,ƒKƒX,…“Ή,‰Ί…“Ή,’¬“c,,"1,800 ",‚P’ακ,,40 ,80 ,,‚“x,,,,,,,,,
›,13209 ,6 ,’¬“c,0 ,4 ,‘½–€,“μ‘½–€,’¬“cs,΄’¬“c“ρ’–Ϊ‚P‚R‚Q‚V”Τ‚P‚R,΄’¬“c‚Q|‚Q‚V|‚Q‚U,"233,000 ","224,000 ",4.0 ,97 ,,1.2,1,Z‘ξ,W,2F,,κ”ΚZ‘ξ‚Μ‚Ω‚©‚ΙƒAƒp[ƒg“™‚ª©‚η‚κ‚ιZ‘ξ’nζ,s“Ή,–kΌ,4,,,,ƒKƒX,…“Ή,‰Ί…“Ή,’¬“c,,"1,000 ",‚Q’†κ,€–h,50 ,150 ,,‚“x,,,,,,,,,
›,13209 ,6 ,’¬“c,0 ,5 ,‘½–€,“μ‘½–€,’¬“cs,¬R’¬“ρ\O†‚Q‚U‚P‚X”Τ‚P‚OO,,"158,000 ","154,000 ",2.6 ,104 ,,1,1.5,Z‘ξ,W,2F,,κ”ΚZ‘ξ‚Μ‚Ω‚©‚ΙƒAƒp[ƒg“™‚ΰ©‚η‚κ‚ιZ‘ξ’nζ,s“Ή,–k“,3.6,,,,,…“Ή,‰Ί…“Ή,‘½–€‹«,,500 ,‚P’ακ,,40 ,80 ,,‚“x,,,,,,,,,
›,13209 ,6 ,’¬“c,0 ,6 ,‘½–€,“μ‘½–€,’¬“cs,Ό¬£“ρ’–Ϊ‚Q‚P‚T‚S”Τ‚P‚P‚Q,Ό¬£‚Q|‚R‚T|‚T,"160,000 ","159,000 ",0.6 ,258 ,,1.5,1,Z‘ξ,W,2F,,’†‹K–Νκ”ΚZ‘ξ‚ª‚Ώ•ΐ‚ΤΥΓ‚ΘZ‘ξ’nζ,s“Ή,–k,6.5,,,,ƒKƒX,…“Ή,‰Ί…“Ή,¬£,,"1,300 ",‚P’ακ,,40 ,80 ,,‚“x,,,,,,,,,
›,13209 ,6 ,’¬“c,0 ,7 ,‘½–€,“μ‘½–€,’¬“cs,“‹Κμw‰€κ’–Ϊ‚R‚T‚V‚V”Τ‚P‚V‚T,“‹Κμw‰€‚P|‚R‚Q|‚P‚T,"149,000 ","148,000 ",0.7 ,207 ,‘δ`,1,1,Z‘ξ,W,2F,,’†‹K–Νκ”ΚZ‘ξ‚ª‚Ώ•ΐ‚ΤΥΓ‚ΘZ‘ξ’nζ,s“Ή,Ό,5,,,,ƒKƒX,…“Ή,‰Ί…“Ή,‹Κμw‰€‘O,,"1,300 ",‚P’ακ,,40 ,80 ,,‚“x,,,,,,,,,
›,13209 ,6 ,’¬“c,0 ,8 ,‘½–€,“μ‘½–€,’¬“cs,‚ƒ–β“ρ’–Ϊ‚P‚T‚X‚W”Τ‚R‚P,‚ƒ–β‚Q|‚Q‚U|‚R,"156,000 ","156,000 ",0.0 ,148 ,,1,1.2,Z‘ξ,W,2F,,’†‹K–Ν‚Μκ”ΚZ‘ξ‚ª‘½‚Ά‚‘δ‚ΜZ‘ξ’nζ,s“Ή,–kΌ,4,,,,ƒKƒX,…“Ή,‰Ί…“Ή,’¬“c,,"1,300 ",‚P’ακ,,40 ,80 ,,‚“x,,,,,,,,,
›,13209 ,6 ,’¬“c,0 ,9 ,‘½–€,“μ‘½–€,’¬“cs,‘΄’¬β‰Ί‚S‚W‚O”Τ‚P‚Q‚P,,"86,800 ","87,200 ",-0.5 ,143 ,‘δ`,1,1.2,Z‘ξ,W,2F,,’†‹K–Νκ”ΚZ‘ξ‚ª‘½‚Ά‚‘δ‚ΜZ‘ξ’nζ,s“Ή,Ό,5.5,,,,ƒKƒX,…“Ή,‰Ί…“Ή,‘΄,,"1,300 ",‚P’ακ,,40 ,80 ,,‚“x,,,,,,,,,
›,13209 ,6 ,’¬“c,0 ,10 ,‘½–€,“μ‘½–€,’¬“cs,“μ¬£Z’–Ϊ‚P‚O”Τ‚P‚Q,,"222,000 ","213,000 ",4.2 ,138 ,,1,1.5,Z‘ξ,RC,2F,,κ”ΚZ‘ξ‚ª‘½‚­‚Ώ•ΐ‚Τ‹ζ‰ζ®‘R‚Ζ‚µ‚½Z‘ξ’nζ,s“Ή,“μ,6,,,,ƒKƒX,…“Ή,‰Ί…“Ή,¬£,,600 ,‚P’ακ,,50 ,100 ,,‚“x,,,,,,,,,
›,13209 ,6 ,’¬“c,0 ,11 ,‘½–€,“μ‘½–€,’¬“cs,X–μO’–Ϊ‚V‚P‚Q”Τ‚P‚P,X–μ‚R|‚T|‚P‚W,"241,000 ","231,000 ",4.3 ,134 ,,1,1.5,Z‘ξ,W,2F,,κ”ΚZ‘ξ‚ª‚Ώ•ΐ‚ΤΥΓ‚ΘZ‘ξ’nζ,s“Ή,“μ,4,,,,ƒKƒX,…“Ή,‰Ί…“Ή,¬“c‹}’¬“c,,"1,200 ",‚P’ακ,,40 ,80 ,,‚“x,,,,,,,,,
›,13209 ,6 ,’¬“c,0 ,12 ,‘½–€,“μ‘½–€,’¬“cs,‘΄’¬ΫR•\‚P‚V‚O‚P”Τ‚VO,,"114,000 ","113,000 ",0.9 ,214 ,,1.5,1,Z‘ξ,W,2F,,κ”ΚZ‘ξ‚ΙƒAƒp[ƒg‚ª©‚η‚κ‚ιZ‘ξ’nζ,s“Ή,Ό,4,,,,ƒKƒX,…“Ή,‰Ί…“Ή,‘΄,,800 ,‚P’ακ,,40 ,80 ,,‚“x,,,,,,,,,
›,13209 ,6 ,’¬“c,0 ,13 ,‘½–€,“μ‘½–€,’¬“cs,’ίμ“ρ’–Ϊ‚P‚U”Τ‚P‚U,,"163,000 ","160,000 ",1.9 ,231 ,,1,1.5,Z‘ξ,W,2F,1B,’†‹K–Νκ”ΚZ‘ξ‚ª‘½‚Ά‹ζ‰ζ®‘R‚Ζ‚µ‚½Z‘ξ’nζ,s“Ή,“μ“,6,,,,ƒKƒX,…“Ή,‰Ί…“Ή,’ίμ,,"1,300 ",‚P’ακ,,50 ,100 ,,‚“x,,,,,*,13209 ,0 ,44 ,"161,000 "
›,13209 ,6 ,’¬“c,0 ,14 ,‘½–€,“μ‘½–€,’¬“cs,Ό¬£κ’–Ϊ‚Q‚U‚W‚U”Τ‚W‚R,Ό¬£‚P|‚P‚O|‚U,"122,000 ","122,000 ",0.0 ,169 ,,1,1.2,Z‘ξ,W,2F,,’†‹K–Νκ”ΚZ‘ξ‚ª‘½‚Ά‚‘δ‚Μ•ªχZ‘ξ’nζ,s“Ή,–kΌ,4,,,,ƒKƒX,…“Ή,‰Ί…“Ή,¬£,,"1,900 ",‚P’ακ,,40 ,80 ,,‚“x,,,,,,,,,
›,13209 ,6 ,’¬“c,0 ,15 ,‘½–€,“μ‘½–€,’¬“cs,®’¬O’–Ϊ‚U‚W‚P”Τ‚S,®’¬‚R|‚P‚X|‚W,"166,000 ","164,000 ",1.2 ,252 ,,1,1.2,Z‘ξ,W,2F,,’†‹K–Ν‚Μκ”ΚZ‘ξ‚ª‘½‚ΆZ‘ξ’nζ,s“Ή,–k,4,,,,ƒKƒX,…“Ή,‰Ί…“Ή,¬“c‹}’¬“c,,"1,900 ",‚P’ακ,,40 ,80 ,,‚“x,,,,,,,,,
›,13209 ,6 ,’¬“c,0 ,16 ,‘½–€,“μ‘½–€,’¬“cs,–Ψ‘]“O’–Ϊ‚X‚V‚R”Τ‚S,–Ψ‘]“‚R|‚P‚W|‚R‚X,"146,000 ","144,000 ",1.4 ,122 ,,1,1.2,Z‘ξ,W,2F,,¬‹K–Νκ”ΚZ‘ξ‚ª‘½‚­©‚η‚κ‚ιZ‘ξ’nζ,s“Ή,–k“,4.6,,,,ƒKƒX,…“Ή,‰Ί…“Ή,Γ•£,,"1,400 ",‚P’ακ,,40 ,80 ,,‚“x,,,,,,,,,
›,13209 ,6 ,’¬“c,0 ,17 ,‘½–€,“μ‘½–€,’¬“cs,–{’¬“c\Z†‚Q‚O‚S‚W”Τ‚T‚P,,"136,000 ","136,000 ",0.0 ,209 ,,1,1,Z‘ξ,W,2F,,’†‹K–Νκ”ΚZ‘ξ‚ª‘½‚Ά‹ζ‰ζ®‘R‚Ζ‚µ‚½Z‘ξ’nζ,s“Ή,“μ,4,,,,ƒKƒX,…“Ή,‰Ί…“Ή,¬“c‹}’¬“c,,"2,600 ",‚P’ακ,,40 ,80 ,,‚“x,,,,,,,,,
›,13209 ,6 ,’¬“c,0 ,18 ,‘½–€,“μ‘½–€,’¬“cs,‹Κμw‰€O’–Ϊ‚R‚U‚X‚O”Τ‚U‚T,‹Κμw‰€‚R|‚Q‚P|‚Q,"177,000 ","174,000 ",1.7 ,209 ,‘δ`,1.2,1,Z‘ξ,W,2F,,’†‹K–Νκ”ΚZ‘ξ‚ª‘½‚Ά‚‘δ‚ΜZ‘ξ’nζ,s“Ή,“,6,,,,ƒKƒX,…“Ή,‰Ί…“Ή,‹Κμw‰€‘O,,"1,000 ",‚P’ακ,,40 ,80 ,,‚“x,,,,,,,,,
›,13209 ,6 ,’¬“c,0 ,19 ,‘½–€,“μ‘½–€,’¬“cs,“μ‘ε’J\Z†‚P‚R‚W‚U”Τ‚U,,"147,000 ","146,000 ",0.7 ,156 ,,1,1.2,Z‘ξ,W,2F,,’†¬‹K–Ν‚Μκ”ΚZ‘ξ‚ª‚Ώ•ΐ‚ΤZ‘ξ’nζ,s“Ή,“μ,4,,,,ƒKƒX,…“Ή,‰Ί…“Ή,¬“c‹}’¬“c,,"1,400 ",‚P’ακ,,40 ,80 ,,‚“x,,,,,,,,,
›,13209 ,6 ,’¬“c,0 ,20 ,‘½–€,“μ‘½–€,’¬“cs,¬R’¬‚T‚O‚Q‚O”Τ‚X,,"138,000 ","135,000 ",2.2 ,150 ,,1,1.5,Z‘ξ,LS,2F,,ΛZ‘ξ‚ª‚Ώ•ΐ‚Τ‹ζ‰ζ®‘R‚Ζ‚µ‚½Z‘ξ’nζ,s“Ή,–k,6,,,,ƒKƒX,…“Ή,‰Ί…“Ή,‘½–€‹«,,"1,500 ",‚P’ακ,,50 ,100 ,,‚“x,,,,,,,,,
›,13209 ,6 ,’¬“c,0 ,21 ,‘½–€,“μ‘½–€,’¬“cs,–Ψ‘]Όκ’–Ϊ‚P‚W‚W‚O”Τ‚P‚S,–Ψ‘]Ό‚P|‚Q‚O|‚T,"160,000 ","157,000 ",1.9 ,225 ,,1,1.2,Z‘ξ,W,2F,,’†‹K–Νκ”ΚZ‘ξ‚ª‘½‚Ά‹ζ‰ζ®‘R‚Ζ‚µ‚½Z‘ξ’nζ,s“Ή,“μΌ,8,,,,ƒKƒX,…“Ή,‰Ί…“Ή,Γ•£,,"1,200 ",‚P’ακ,,40 ,80 ,,‚“x,,,,,*,13209 ,0 ,20 ,"159,000 "
›,13209 ,6 ,’¬“c,0 ,22 ,‘½–€,“μ‘½–€,’¬“cs,’ίΤκ’–Ϊ‚W”Τ‚P‚T,,"249,000 ","236,000 ",5.5 ,187 ,,1,1.2,Z‘ξ,W,2F,,’†‹K–Νκ”ΚZ‘ξ‚ª‚Ώ•ΐ‚ΤΥΓ‚ΘZ‘ξ’nζ,s“Ή,–k,6,,,,ƒKƒX,…“Ή,‰Ί…“Ή,“μ’¬“cƒOƒ‰ƒ“ƒxƒ[ƒp[ƒN,,350 ,‚P’ακ,,50 ,100 ,,‚“x,,,,,,,,,
›,13209 ,6 ,’¬“c,0 ,23 ,‘½–€,“μ‘½–€,’¬“cs,}t’¬O†‚U‚P‚R”Τ‚P‚O,,"95,300 ","95,400 ",-0.1 ,221 ,,1,1.2,Z‘ξ,W,2F,,’†‹K–Νκ”ΚZ‘ξ‚ª‘½‚ΆΥΓ‚ΘZ‘ξ’nζ,s“Ή,“μ“,6,,,,ƒKƒX,…“Ή,‰Ί…“Ή,•£–μ•Σ,,"3,000 ",‚P’ακ,,40 ,80 ,,‚“x,,,,,,,,,
›,13209 ,6 ,’¬“c,0 ,24 ,‘½–€,“μ‘½–€,’¬“cs,O—Φ’¬κ†‚R‚P”Τ‚R‚T,,"157,000 ","155,000 ",1.3 ,233 ,,1,1.2,Z‘ξ,W,2F,,κ”ΚZ‘ξ‚ª‚Ώ•ΐ‚Τ‹ζ‰ζ®‘R‚Ζ‚µ‚½Z‘ξ’nζ,s“Ή,“,4,,,,ƒKƒX,…“Ή,‰Ί…“Ή,`¶,,"1,100 ",‚P’ακ,,40 ,80 ,,‚“x,,,,,,,,,
›,13209 ,6 ,’¬“c,0 ,25 ,‘½–€,“μ‘½–€,’¬“cs,‹Κμw‰€l’–Ϊ‚R‚X‚Q‚V”Τ‚R,‹Κμw‰€‚S|‚Q|‚R,"196,000 ","192,000 ",2.1 ,231 ,,1,1.5,Z‘ξ,W,2F,,’†‹K–Νκ”ΚZ‘ξ‚ª‘½‚ΆΥΓ‚ΘZ‘ξ’nζ,s“Ή,“μ“,5,,,,ƒKƒX,…“Ή,‰Ί…“Ή,‹Κμw‰€‘O,,550 ,‚P’ακ,,40 ,80 ,,‚“x,,,,,,,,,
›,13209 ,6 ,’¬“c,0 ,26 ,‘½–€,“μ‘½–€,’¬“cs,‘ε‘ ’¬‘ε‘ ‚Q‚T‚X”Τ‚V,,"161,000 ","156,000 ",3.2 ,148 ,,1,2,Z‘ξ,LS,2F,,¬‹K–Νκ”ΚZ‘ξAƒAƒp[ƒg“™‚ª©‚η‚κ‚ιZ‘ξ’nζ,s“Ή,“μΌ,6,,,,ƒKƒX,…“Ή,‰Ί…“Ή,’ίμ,,"1,200 ",‚P’ακ,,40 ,80 ,,‚“x,,,,,,,,,
›,13209 ,6 ,’¬“c,0 ,27 ,‘½–€,“μ‘½–€,’¬“cs,‹ΰXκ’–Ϊ‚W‚X”Τ‚VO,‹ΰX‚P|‚P‚W|‚P‚T,"219,000 ","214,000 ",2.3 ,175 ,,1,1.2,Z‘ξ,W,2F,,κ”ΚZ‘ξ‚Μ‚Ω‚©‚ΙƒAƒp[ƒg‚ΰ©‚η‚κ‚ιZ‘ξ’nζ,s“Ή,–kΌ,4,,,,ƒKƒX,…“Ή,‰Ί…“Ή,’¬“c,,900 ,‚P’ακ,,40 ,80 ,,‚“x,,,,,,,,,
›,13209 ,6 ,’¬“c,0 ,28 ,‘½–€,“μ‘½–€,’¬“cs,‚Β‚­‚µ–μκ’–Ϊ‚Q‚R”Τ‚Q‚U,,"218,000 ","208,000 ",4.8 ,236 ,‘δ`,1,1,Z‘ξ,LS,2F,,’†‹K–Νκ”ΚZ‘ξ‚ª‚Ώ•ΐ‚ΤΥΓ‚ΘZ‘ξ’nζ,s“Ή,“μ,5,,,,ƒKƒX,…“Ή,‰Ί…“Ή,‚Β‚­‚µ–μ,,300 ,‚P’ακ,,40 ,80 ,,‚“x,,,,,*,13209 ,0 ,39 ,"214,000 "
›,13209 ,6 ,’¬“c,0 ,29 ,‘½–€,“μ‘½–€,’¬“cs,LΡ“ρ’–Ϊ‚P‚T”Τ‚S,,"114,000 ","113,000 ",0.9 ,179 ,,1,2,Z‘ξ,W,2F,,κ”ΚZ‘ξ‚Μ’†‚Ι‹σ’n“™‚ª©‚η‚κ‚ιZ‘ξ’nζ,s“Ή,–kΌ,4,,,,ƒKƒX,…“Ή,‰Ί…“Ή,’ίμ,,"2,100 ",‚P’ακ,,40 ,80 ,,‚“x,,,,,,,,,
›,13209 ,6 ,’¬“c,0 ,30 ,‘½–€,“μ‘½–€,’¬“cs,‹Κμw‰€l’–Ϊ‚R‚T‚W‚R”Τ‚X‚U,‹Κμw‰€‚S|‚Q‚O|‚Q‚V,"175,000 ","173,000 ",1.2 ,175 ,‘δ`,1,1,Z‘ξ,LS,2F,,’†‹K–Νκ”ΚZ‘ξ‚ª‹ζ‰ζ®‘R‚Ζ‚Ώ•ΐ‚ΤZ‘ξ’nζ,s“Ή,“μ,6,,,,ƒKƒX,…“Ή,‰Ί…“Ή,‹Κμw‰€‘O,,"1,100 ",‚P’ακ,,40 ,80 ,,‚“x,,,,,*,13209 ,0 ,70 ,"174,000 "
›,13209 ,6 ,’¬“c,0 ,31 ,‘½–€,“μ‘½–€,’¬“cs,ªέκ’–Ϊ‚P‚P”Τ‚P‚T,,"146,000 ","144,000 ",1.4 ,150 ,,1,1.5,Z‘ξ,W,2F,,κ”ΚZ‘ξ‚π’†S‚Ζ‚·‚ι‹ζ‰ζ®‘R‚Ζ‚µ‚½Z‘ξ’nζ,s“Ή,–kΌ,6,,,,ƒKƒX,…“Ή,‰Ί…“Ή,•£–μ•Σ,,"1,900 ",‚P’ακ,,50 ,100 ,,‚“x,,,,,,,,,
›,13209 ,6 ,’¬“c,0 ,32 ,‘½–€,“μ‘½–€,’¬“cs,Rθ’¬\l†‚Q‚O‚Q‚O”Τ‚P,,"119,000 ","118,000 ",0.8 ,142 ,‘δ`,1,1.5,Z‘ξ,LS,2F,,κ”ΚZ‘ξ‚Μ‚Ω‚©”_’nA‹σ’n“™‚ª©‚η‚κ‚ιZ‘ξ’nζ,s“Ή,Ό,4.2,,,,,…“Ή,‰Ί…“Ή,Γ•£,,"2,200 ",‚P’ακ,,40 ,80 ,,‚“x,,,,,,,,,
›,13209 ,6 ,’¬“c,0 ,33 ,‘½–€,“μ‘½–€,’¬“cs,‰Ί¬R“c’¬ό‘δ‚S‚O‚P‚S”Τ‚Q‚R,,"82,600 ","82,600 ",0.0 ,150 ,,1,2,Z‘ξ,W,2F,,’†‹K–Νκ”ΚZ‘ξ‚ª‘½‚Ά‹ζ‰ζ®—Ο‚ΜZ‘ξ’nζ,s“Ή,“μ“,6,,,,ƒKƒX,…“Ή,‰Ί…“Ή,•£–μ•Σ,,"3,000 ",‚P’ακ,,40 ,80 ,,‚“x,,,,,,,,,
›,13209 ,6 ,’¬“c,0 ,34 ,‘½–€,“μ‘½–€,’¬“cs,γ¬R“c’¬‚R‚O‚Q‚V”Τ‚U,,"81,400 ","81,400 ",0.0 ,140 ,,1,1.5,Z‘ξ,W,2F,,‹u—Λ’n‚Ι’α‘wZ‘ξ‚ª‚Ώ•ΐ‚ΤZ‘ξ’nζ,s“Ή,“,5,,,,ƒKƒX,…“Ή,‰Ί…“Ή,•£–μ•Σ,,"3,500 ",‚P’ακ,,50 ,100 ,,‚“x,,,,,,,,,
›,13209 ,6 ,’¬“c,0 ,35 ,‘½–€,“μ‘½–€,’¬“cs,‹ΰX“κ’–Ϊ‚P‚P‚T‚Q”Τ‚W,‹ΰX“‚P|‚Q‚P|‚R,"150,000 ","147,000 ",2.0 ,132 ,,1,1,Z‘ξ,W,2F,,κ”ΚZ‘ξ‚Μ‚Ω‚©‚ΙƒAƒp[ƒg“™‚ª©‚η‚κ‚ιZ‘ξ’nζ,„“Ή,–k,4,,,,,…“Ή,‰Ί…“Ή,’¬“c,,"1,700 ",‚P’ακ,,40 ,80 ,,‚“x,,,,,,,,,
›,13209 ,6 ,’¬“c,0 ,36 ,‘½–€,“μ‘½–€,’¬“cs,–Ψ‘]“κ’–Ϊ‚S‚V‚Q”Τ‚P‚TO,–Ψ‘]“‚P|‚Q‚O|‚T,"157,000 ","154,000 ",1.9 ,92 ,,1.2,1,Z‘ξ,W,2F,,¬‹K–Ν‚ΜZ‘ξAƒAƒp[ƒg“™‚ª¬έ‚·‚ιZ‘ξ’nζ,s“Ή,“μΌ,4,,,,ƒKƒX,…“Ή,‰Ί…“Ή,Γ•£,,"1,200 ",‚P’ακ,,40 ,80 ,,‚“x,,,,,,,,,
›,13209 ,6 ,’¬“c,0 ,37 ,‘½–€,“μ‘½–€,’¬“cs,–Ψ‘]Όά’–Ϊ‚P‚S‚O‚P”Τ‚V,–Ψ‘]Ό‚T|‚Q‚Q|‚Q‚S,"143,000 ","141,000 ",1.4 ,173 ,‘δ`,1.2,1,Z‘ξ,W,2F,,’†‹K–Ν‚Μκ”ΚZ‘ξ‚ª‘½‚ΆΥΓ‚Θ•ªχZ‘ξ’nζ,„“Ή,–k“,5,,,,,…“Ή,‰Ί…“Ή,Γ•£,,"1,900 ",‚P’ακ,,40 ,80 ,,‚“x,,,,,,,,,
›,13209 ,6 ,’¬“c,0 ,38 ,‘½–€,“μ‘½–€,’¬“cs,–{’¬“c‰³ά†‚R‚O‚Q‚Q”Τ‚Q‚R,,"103,000 ","104,000 ",-1.0 ,181 ,,1,2,Z‘ξ,W,2F,,κ”ΚZ‘ξ‚ª‚Ώ•ΐ‚ΤXΞ’n‚ΜZ‘ξ’nζ,„“Ή,“μ,4,,,,ƒKƒX,…“Ή,‰Ί…“Ή,’¬“c,,"3,900 ",‚P’ακ,,40 ,80 ,,‚“x,,,,,,,,,
›,13209 ,6 ,’¬“c,0 ,39 ,‘½–€,“μ‘½–€,’¬“cs,^υ›’¬\κ†‚P‚P‚X‚O”Τ‚S,,"95,800 ","95,800 ",0.0 ,130 ,•s®`,1,1,Z‘ξ,W,2F,,Z‘ξAƒAƒp[ƒgA’“Τκ“™‚ª¬έ‚·‚ιZ‘ξ’nζ,s“Ή,–kΌ,6.3,,,,,…“Ή,‰Ί…“Ή,’ίμ,,"3,500 ",‚P’ακ,,40 ,80 ,,‚“x,,,,,,,,,
›,13209 ,6 ,’¬“c,0 ,40 ,‘½–€,“μ‘½–€,’¬“cs,’†’¬“ρ’–Ϊ‚T‚S‚X”Τ‚TO,’†’¬‚Q|‚Q‚O|‚P‚T,"332,000 ","314,000 ",5.7 ,209 ,,1,2,Z‘ξ,W,2F,,’†‹K–Νκ”ΚZ‘ξ‚Μ’†‚ΙƒAƒp[ƒg“™‚Μ‚ ‚ιZ‘ξ’nζ,s“Ή,–k“,5.5,,,,ƒKƒX,…“Ή,‰Ί…“Ή,¬“c‹}’¬“c,,"1,100 ",‚Q’†κ,€–h,60 ,200 ,,‚“x,,,,,*,13209 ,0 ,5 ,"323,000 "
›,13209 ,6 ,’¬“c,0 ,41 ,‘½–€,“μ‘½–€,’¬“cs,‘΄’¬’†ƒP’JΛ‚W‚T‚V”Τ‚S‚P,,"115,000 ","113,000 ",1.8 ,165 ,,1,2,Z‘ξ,W,2F,,’†‹K–ΝZ‘ξ‚ª‘½‚Ά‹ζ‰ζ®‘R‚Ζ‚µ‚½Z‘ξ’nζ,s“Ή,–k,5,,,,ƒKƒX,…“Ή,‰Ί…“Ή,‘΄,,450 ,‚P’ακ,,40 ,80 ,,‚“x,,,,,*,13209 ,0 ,13 ,"114,000 "
›,13209 ,6 ,’¬“c,0 ,42 ,‘½–€,“μ‘½–€,’¬“cs,¬–μH’¬•μ‹«‚Q‚V‚O‚O”Τ‚T,,"50,000 ","50,300 ",-0.6 ,106 ,‘δ`,1,1.5,Z‘ξ,W,2F,,κ”ΚZ‘ξ‚ª©‚η‚κ‚ι”_’n‚Μ‘½‚ΆZ‘ξ’nζ,s“Ή,“μΌ,5.5,,,,,…“Ή,,‹‰¤‰iR,,"3,300 ",,,40 ,80 ,,,’²‹ζ,,,,,,,,
›,13209 ,6 ,’¬“c,0 ,43 ,‘½–€,“μ‘½–€,’¬“cs,γ¬R“c’¬\“ρ†‚P‚T‚Q‚S”Τ‚Q,,"38,400 ","38,600 ",-0.5 ,464 ,•s®`,1,2,Z‘ξ,W,2F,,”_‰ΖZ‘ξ‚ª©‚η‚κ‚ιR‚ ‚Ά‚ΜZ‘ξ’nζ,“s“Ή,Ό,3.1,,,,,…“Ή,,•£–μ•Σ,,"4,100 ",,,40 ,80 ,,,’²‹ζ,,,,,,,,
›,13209 ,6 ,’¬“c,3 ,1 ,‘½–€,“μ‘½–€,’¬“cs,γ¬R“c’¬“ρ\†‚Q‚W‚R‚P”Τ‚P,,"22,300 ","22,300 ",0.0 ,909 ,•s®`,1,1.2,”¨,,,,”_’n‚Μ’†‚Ι”_‰ΖZ‘ξ‚ª©‚η‚κ‚ι‘ξ’n©’n’nζ,s“Ή,“μΌ,1.8,,,,,…“Ή,‰Ί…“Ή,•£–μ•Σ,,"3,800 ",‚P’ακ,,40 ,80 ,,‚“x,,,,,,,,,
›,13209 ,6 ,’¬“c,3 ,2 ,‘½–€,“μ‘½–€,’¬“cs,LΡ’¬Z†‚T‚T‚W”Τ,,"37,000 ","37,000 ",0.0 ,912 ,‘δ`,1,1.5,”¨,,,,”_’n‚Μ’†‚Ικ”ΚZ‘ξ“™‚ª©‚η‚κ‚ιX“Ή”wγ‚Μ’nζ,s“Ή,Ό,1.5,,,,,,,’ίμ,,"1,800 ",‚P’ακ,,40 ,80 ,,‚“x,,,,,,,,,
›,13209 ,6 ,’¬“c,5 ,1 ,‘½–€,“μ‘½–€,’¬“cs,X–μκ’–Ϊ‚P‚R‚V‚W”Τ‚R,X–μ‚P|‚R‚V|‚P‚P,"1,220,000 ","1,180,000 ",3.4 ,166 ,‘δ`,1,2,“X•άA––±“Z‘ξ,RC,7F,1B,’†‚‘w‚Μ“X•άA––±ƒrƒ‹“™‚ª‚Ώ•ΐ‚Τ¤‹Ζ’nζ,“s“Ή,–k“,11.5,,,,ƒKƒX,…“Ή,‰Ί…“Ή,¬“c‹}’¬“c,,150 ,¤‹Ζ,–h‰Ξ,80 ,600 ,,,,,,,,,,,
›,13209 ,6 ,’¬“c,5 ,2 ,‘½–€,“μ‘½–€,’¬“cs,‘΄’¬ΫR•\‚P‚U‚U‚V”Τ‚R,,"125,000 ","123,000 ",1.6 ,133 ,,1,1.5,“X•ά,W,2F,,“X•άAκ”ΚZ‘ξ“™‚ª¬έ‚·‚ιHό¤‹Ζ’nζ,“s“Ή,–k“,12,,,,,…“Ή,,‘΄,,850 ,‚Q’†κ,€–h,60 ,200 ,,‚“x,,,,,,,,,
›,13209 ,6 ,’¬“c,5 ,3 ,‘½–€,“μ‘½–€,’¬“cs,΄’¬“cl’–Ϊ‚P‚R‚P”Τ‚Q,΄’¬“c‚S|‚P‚U|‚Q‚P,"423,000 ","407,000 ",3.9 ,408 ,,1,1,“X•άA––±“Z‘ξ,RC,3F,,¬‹K–ΝωH“X“™‚ª‚Ώ•ΐ‚Τ‹ί—Χ¤‹Ζ’nζ,s“Ή,“μ“,9.5,,‘¤“Ή,“μΌ,ƒKƒX,…“Ή,‰Ί…“Ή,’¬“c,,670 ,‹ί¤,–h‰Ξ,80 ,400 ,,,,,,,,,,,
›,13209 ,6 ,’¬“c,5 ,4 ,‘½–€,“μ‘½–€,’¬“cs,X–μ“ρ’–Ϊ‚W‚P‚W”Τ‚Q,X–μ‚Q|‚Q‚V|‚P‚Q,"403,000 ","384,000 ",4.9 ,149 ,,1,1.2,“X•ά“––±,S,3F,,“X•άƒrƒ‹A––±ƒrƒ‹“™‚ª‚Ώ•ΐ‚ΤHό¤‹Ζ’nζ,“s“Ή,–k“,12,,,,ƒKƒX,…“Ή,‰Ί…“Ή,¬“c‹}’¬“c,,850 ,‹ί¤,€–h,80 ,300 ,,,,,,,,,,,
›,13209 ,6 ,’¬“c,5 ,5 ,‘½–€,“μ‘½–€,’¬“cs,“μ¬£κ’–Ϊ‚W”Τ‚P‚R,,"302,000 ","291,000 ",3.8 ,319 ,‘δ`,1,1.5,“X•άA––±“‹¤“―Z‘ξ,S,4F,,’†‘w“X•άA––±ƒrƒ‹“™‚ª‚Ώ•ΐ‚Τ‹ί—Χ¤‹Ζ’nζ,s“Ή,“μ,18,,,,ƒKƒX,…“Ή,‰Ί…“Ή,¬£,,250 ,‹ί¤,€–h,80 ,200 ,,‚“x,,,,,,,,,
›,13209 ,6 ,’¬“c,5 ,6 ,‘½–€,“μ‘½–€,’¬“cs,’†’¬κ’–Ϊ‚S‚V‚Q”Τ‚TO,’†’¬‚P|‚Q‚T|‚X,"356,000 ","340,000 ",4.7 ,238 ,,1.5,1,––±,RC,3F,,¬‹K–Ν‚Θ––±ƒrƒ‹‚ª‘½‚ΆHό¤‹Ζ’nζ,“s“Ή,–k“,16,,,,ƒKƒX,…“Ή,‰Ί…“Ή,¬“c‹}’¬“c,,750 ,‹ί¤,–h‰Ξ,80 ,400 ,,,,,,,,,,,
›,13209 ,6 ,’¬“c,5 ,7 ,‘½–€,“μ‘½–€,’¬“cs,¬£‚ª‹u“ρ’–Ϊ‚Q‚T”Τ‚P‚P,,"306,000 ","294,000 ",4.1 ,131 ,,1.2,1,“X•ά“Z‘ξ,W,2F,,¬‹K–Ν‚Θ¬”„“X•ά‚ª‘½‚Ά‰w‘O‚Μ¤‹Ζ’nζ,s“Ή,“μ,9,,,,ƒKƒX,…“Ή,‰Ί…“Ή,¬£,,150 ,‹ί¤,€–h,80 ,200 ,,‚“x,,,,,*,13209 ,5 ,5 ,"300,000 "
›,13209 ,6 ,’¬“c,5 ,8 ,‘½–€,“μ‘½–€,’¬“cs,΄’¬“cZ’–Ϊ‚V‚W‚Q”Τ‚TO,΄’¬“c‚U|‚R|‚X,"2,890,000 ","2,790,000 ",3.6 ,692 ,,1,1.5,“X•ά“––±,RC,4F,1B,‹ΰ—Z‹@ΦA’†‚‘w“X•άƒrƒ‹‚ª‘½‚Ά‰w‘O‚Μ¤‹Ζ’nζ,“ΉH,–k“,12,,,,ƒKƒX,…“Ή,‰Ί…“Ή,¬“c‹}’¬“c,,120 ,¤‹Ζ,–h‰Ξ,80 ,700 ,,,,,,,*,13209 ,5 ,9 ,"2,850,000 "
›,13209 ,6 ,’¬“c,5 ,9 ,‘½–€,“μ‘½–€,’¬“cs,X–μZ’–Ϊ‚R‚T‚W”Τ‚RO,,"207,000 ","203,000 ",2.0 ,264 ,,1,1.5,“X•ά“––±,S,3F,,“X•άA–‹Ζ‚Μ‚Ω‚©‹σ’n‚ΰ©‚η‚κ‚ιHό¤‹Ζ’nζ,s“Ή,“μΌ,16,,,,,…“Ή,‰Ί…“Ή,¬“c‹}’¬“c,,"1,500 ",€Z‹,€–h,60 ,200 ,,‚“x,,,,,,,,,
›,13209 ,6 ,’¬“c,5 ,10 ,‘½–€,“μ‘½–€,’¬“cs,‘ε‘ ’¬‘ε‘ ‚Q‚U‚T”Τ‚P‚Q,,"172,000 ","169,000 ",1.8 ,288 ,,1,1.5,“X•ά“‹¤“―Z‘ξ,S,3F,,“X•άAκ”ΚZ‘ξ“™‚ª¬έ‚·‚ιHό¤‹Ζ’nζ,“s“Ή,–k“,12,,,,,…“Ή,,’ίμ,,"1,200 ",€Z‹,€–h,60 ,200 ,,‚“x,,,,,*,13209 ,5 ,13 ,"170,000 "
›,13209 ,6 ,’¬“c,5 ,11 ,‘½–€,“μ‘½–€,’¬“cs,–μ’Γ“c’¬•ΐ–Ψ‚P‚W‚T‚Q”Τ‚R,,"120,000 ","119,000 ",0.8 ,132 ,‘δ`,1,1,“X•ά“––±,W,2F,,“s“Ή‰‚Ά‚Μ“X•άA‰c‹ΖAZ‘ξ“™‚ª¬έ‚·‚ι’nζ,“s“Ή,“μ,20,,,,ƒKƒX,…“Ή,‰Ί…“Ή,’ίμ,,"4,700 ",€Z‹,€–h,60 ,200 ,,‚“x,,,,,,,,,
›,13210 ,6 ,¬‹ΰδ,0 ,1 ,‘½–€,–k‘½–€,¬‹ΰδs,‘O΄’¬O’–Ϊ‚P‚T‚O‚R”Τ‚W,‘O΄’¬‚R|‚Q‚O|‚X,"342,000 ","331,000 ",3.3 ,220 ,,1.5,1,Z‘ξ,W,2F,,’†¬‹K–Ν‚Μκ”ΚZ‘ξAƒAƒp[ƒg‚ª‘½‚ΆZ‘ξ’nζ,s“Ή,Ό,4,,,,ƒKƒX,…“Ή,‰Ί…“Ή,•‘ ¬‹ΰδ,,900 ,‚P’ακ,,50 ,80 ,,‚“x,,,,,,,,,
›,13210 ,6 ,¬‹ΰδ,0 ,2 ,‘½–€,–k‘½–€,¬‹ΰδs,Ρδ“μ’¬O’–Ϊ‚T‚S‚W”Τ‚X,Ρδ“μ’¬‚R|‚R|‚Q‚P,"334,000 ","323,000 ",3.4 ,188 ,,1,1.2,Z‘ξ,W,2F,,’†¬‹K–Ν‚Μκ”ΚZ‘ξ‚ª‘½‚Άω¬Z‘ξ’nζ,s“Ή,“,4,,,,ƒKƒX,…“Ή,‰Ί…“Ή,•‘ ¬‹ΰδ,,"1,200 ",‚P’ακ,,40 ,80 ,,‚“x,,,,,,,,,
›,13210 ,6 ,¬‹ΰδ,0 ,3 ,‘½–€,–k‘½–€,¬‹ΰδs,—Ξ’¬l’–Ϊ‚Q‚X‚R‚T”Τ‚Q‚R,—Ξ’¬‚S|‚V|‚S,"397,000 ","384,000 ",3.4 ,223 ,,1,1.5,Z‘ξ,W,2F,,’†‹K–Ν‚Μκ”ΚZ‘ξ‚ª‘½‚Άω¬‚ΜZ‘ξ’nζ,s“Ή,Ό,4,,,,ƒKƒX,…“Ή,‰Ί…“Ή,•‘ ¬‹ΰδ,,"1,000 ",‚P’ακ,,50 ,80 ,,‚“x,,,,,,,,,
›,13210 ,6 ,¬‹ΰδ,0 ,4 ,‘½–€,–k‘½–€,¬‹ΰδs,“’¬κ’–Ϊ‚R‚T”Τ‚P‚RO,“’¬‚P|‚P‚O|‚S,"346,000 ","336,000 ",3.0 ,148 ,,1,2,Z‘ξ,W,2F,,’†‹K–Νκ”ΚZ‘ξ‚ª®‘R‚Ζ‚Ώ•ΐ‚ΤZ‘ξ’nζ,s“Ή,“μ,6,,,,ƒKƒX,…“Ή,‰Ί…“Ή,V¬‹ΰδ,,750 ,‚P’ακ,€–h,50 ,100 ,,‚“x,,,,,,,,,
›,13210 ,6 ,¬‹ΰδ,0 ,5 ,‘½–€,–k‘½–€,¬‹ΰδs,–{’¬ά’–Ϊ‚P‚V‚Q‚W”Τ‚S‚O,–{’¬‚T|‚S|‚Q‚O,"490,000 ","466,000 ",5.2 ,124 ,,1,1.5,Z‘ξ,W,2F,,’†¬‹K–Ν‚Μκ”ΚZ‘ξ‚ª‚Ώ•ΐ‚ΤZ‘ξ’nζ,s“Ή,–k,6,,,,ƒKƒX,…“Ή,‰Ί…“Ή,•‘ ¬‹ΰδ,,700 ,‚P’ακ,,50 ,80 ,,‚“x,,,,,,,,,
›,13210 ,6 ,¬‹ΰδ,0 ,6 ,‘½–€,–k‘½–€,¬‹ΰδs,–μ’¬“ρ’–Ϊ‚Q‚P‚X”Τ‚P‚Q‚X,–μ’¬‚Q|‚S|‚P‚V,"372,000 ","360,000 ",3.3 ,150 ,,1.2,1,Z‘ξ,W,2F,,’†‹K–Νκ”ΚZ‘ξ‚ΰ©‚η‚κ‚ιω¬‚ΜZ‘ξ’nζ,s“Ή,“,4,,,,ƒKƒX,…“Ή,‰Ί…“Ή,“¬‹ΰδ,,"1,100 ",‚P’ακ,,40 ,80 ,,‚“x,,,,,,,,,
›,13210 ,6 ,¬‹ΰδ,0 ,7 ,‘½–€,–k‘½–€,¬‹ΰδs,‘O΄’¬l’–Ϊ‚U‚W‚T”Τ‚R‚T,‘O΄’¬‚S|‚P‚T|‚P‚O,"290,000 ","281,000 ",3.2 ,145 ,,1,1.5,Z‘ξ,W,2F,,κ”ΚZ‘ξ‚Μ‚Ω‚©‚ΙƒAƒp[ƒg‚ª©‚η‚κ‚ιZ‘ξ’nζ,s“Ή,“μΌ,4.2,,,,ƒKƒX,…“Ή,‰Ί…“Ή,•‘ ¬‹ΰδ,,"1,400 ",‚P’ακ,,40 ,80 ,,‚“x,,,,,,,,,
›,13210 ,6 ,¬‹ΰδ,0 ,8 ,‘½–€,–k‘½–€,¬‹ΰδs,Ρδ–k’¬O’–Ϊ‚X‚S‚R”Τ‚Q‚Q,Ρδ–k’¬‚R|‚P‚U|‚R,"326,000 ","316,000 ",3.2 ,235 ,,1,1.2,Z‘ξ,W,2F,,’†‹K–Ν‚Μκ”ΚZ‘ξ‚ª‚Ώ•ΐ‚ΤΥΓ‚ΘZ‘ξ’nζ,s“Ή,“μ,5.5,,,,ƒKƒX,…“Ή,‰Ί…“Ή,•‘ ¬‹ΰδ,,"1,700 ",‚P’ακ,€–h,50 ,100 ,,‚“x,,,,,,,,,
›,13210 ,6 ,¬‹ΰδ,0 ,9 ,‘½–€,–k‘½–€,¬‹ΰδs,’†’¬O’–Ϊ‚Q‚P‚Q‚X”Τ‚V,’†’¬‚R|‚P‚S|‚P‚T,"406,000 ","392,000 ",3.6 ,181 ,,1,1.5,Z‘ξ,W,2F,,κ”ΚZ‘ξ‚Μ‚Ω‚©‚ΙƒAƒp[ƒg“™‚ΰ©‚η‚κ‚ιZ‘ξ’nζ,s“Ή,Ό,5,,,,ƒKƒX,…“Ή,‰Ί…“Ή,•‘ ¬‹ΰδ,,900 ,‚P’ακ,€–h,50 ,100 ,,‚“x,,,,,*,13210 ,0 ,8 ,"400,000 "
›,13210 ,6 ,¬‹ΰδ,5 ,1 ,‘½–€,–k‘½–€,¬‹ΰδs,–{’¬κ’–Ϊ‚P‚W‚W‚P”Τ‚P‚P,–{’¬‚P|‚P‚W|‚X,"1,740,000 ","1,630,000 ",6.7 ,119 ,,1,3.5,“X•ά,S,7F,,‚‘w‚Μ“X•άƒrƒ‹“™‚ª‚Ώ•ΐ‚Τ‰w‘O‚Μ¤‹Ζ’nζ,“s“Ή,Ό,16,,,,ƒKƒX,…“Ή,‰Ί…“Ή,•‘ ¬‹ΰδ,,100 ,¤‹Ζ,–h‰Ξ,80 ,500 ,,,,,,,,,,,
›,13210 ,6 ,¬‹ΰδ,5 ,2 ,‘½–€,–k‘½–€,¬‹ΰδs,–{’¬O’–Ϊ‚Q‚T‚X‚P”Τ‚P‚SO,–{’¬‚R|‚W|‚U,"570,000 ","541,000 ",5.4 ,230 ,‘δ`,2,1,“X•ά“‹¤“―Z‘ξ,S,3F,,“X•άAƒ}ƒ“ƒVƒ‡ƒ““™‚ª¬έ‚·‚ι‹ί—Χ¤‹Ζ’nζ,“s“Ή,Ό,16,,,,ƒKƒX,…“Ή,‰Ί…“Ή,•‘ ¬‹ΰδ,,560 ,‹ί¤,–h‰Ξ,80 ,300 ,,‚“x,,,,,*,13210 ,5 ,2 ,"550,000 "
›,13211 ,6 ,¬•½,0 ,1 ,‘½–€,–k‘½–€,¬•½s,‰Τ¬‹ΰδ“μ’¬“ρ’–Ϊ‚P‚P‚P‚S”Τ‚R‚Q,‰Τ¬‹ΰδ“μ’¬‚Q|‚T|‚U,"276,000 ","269,000 ",2.6 ,160 ,,1,1.2,Z‘ξ,LS,2F,,’†‹K–Ν‚Μκ”ΚZ‘ξ‚ª‘½‚ΆZ‘ξ’nζ,„“Ή,Ό,5,,,,ƒKƒX,…“Ή,‰Ί…“Ή,‰Τ¬‹ΰδ,,750 ,‚P’ακ,,40 ,80 ,,‚“x,,,,,,,,,
›,13211 ,6 ,¬•½,0 ,2 ,‘½–€,–k‘½–€,¬•½s,γ…“μ’¬O’–Ϊ‚U‚P‚T”Τ‚UO,γ…“μ’¬‚R|‚V|‚P‚W,"285,000 ","278,000 ",2.5 ,164 ,,1.2,1,Z‘ξ,LS,2F,,’†‹K–Νκ”ΚZ‘ξ‚ª‚Ώ•ΐ‚ΤΥΓ‚ΘZ‘ξ’nζ,„“Ή,“,4,,,,ƒKƒX,…“Ή,‰Ί…“Ή,‘•ª›,,"1,900 ",‚P’ακ,,40 ,80 ,,‚“x,,,,,,,,,
›,13211 ,6 ,¬•½,0 ,3 ,‘½–€,–k‘½–€,¬•½s,’Γ“c’¬κ’–Ϊ‚P‚S‚U‚O”Τ‚W,’Γ“c’¬‚P|‚U|‚T,"257,000 ","250,000 ",2.8 ,129 ,,1,1,Z‘ξ,LS,2F,,κ”ΚZ‘ξ“™‚ª‚Ώ•ΐ‚Τ‹ζ‰ζ‚ª®‘R‚Ζ‚µ‚½Z‘ξ’nζ,“ΉH,Ό,4,,,,ƒKƒX,…“Ή,‰Ί…“Ή,‘ι‚Μ‘δ,,440 ,‚P’ακ,,40 ,80 ,,‚“x,,,,,*,13211 ,0 ,19 ,"254,000 "
›,13211 ,6 ,¬•½,0 ,4 ,‘½–€,–k‘½–€,¬•½s,‰Τ¬‹ΰδά’–Ϊ‚T‚U‚V”Τ‚W‚O,‰Τ¬‹ΰδ‚T|‚T‚T|‚Q‚Q,"257,000 ","250,000 ",2.8 ,123 ,,1,2,Z‘ξ,W,2F,,κ”ΚZ‘ξ‚Μ‚Ω‚©‹¤“―Z‘ξ‚ΰ©‚η‚κ‚ιZ‘ξ’nζ,s“Ή,Ό,4,,,,ƒKƒX,…“Ή,‰Ί…“Ή,‰Τ¬‹ΰδ,,"1,000 ",‚P’ακ,,40 ,80 ,,‚“x,,,,,,,,,
›,13211 ,6 ,¬•½,0 ,5 ,‘½–€,–k‘½–€,¬•½s,‰Τ¬‹ΰδκ’–Ϊ‚W‚O‚V”Τ‚X,‰Τ¬‹ΰδ‚P|‚P‚T|‚P‚O,"339,000 ","328,000 ",3.4 ,240 ,,1,1.2,Z‘ξ,W,2F,,κ”ΚZ‘ξ‚Μ‚Ω‚©ƒAƒp[ƒg“™‚ª©‚η‚κ‚ιZ‘ξ’nζ,s“Ή,“,4,,,,ƒKƒX,…“Ή,‰Ί…“Ή,‰Τ¬‹ΰδ,,300 ,‚P’†κ,€–h,60 ,200 ,,‚“x,,,,,*,13211 ,0 ,4 ,"332,000 "
›,13211 ,6 ,¬•½,0 ,6 ,‘½–€,–k‘½–€,¬•½s,’†“‡’¬‚Q‚T”Τ‚R‚P,’†“‡’¬‚P‚W|‚S,"206,000 ","201,000 ",2.5 ,120 ,,1,1,Z‘ξ,W,2F,,’†‹K–Νκ”ΚZ‘ξ‚ª‚Ώ•ΐ‚ΤZ‘ξ’nζ,s“Ή,Ό,5,,,,ƒKƒX,…“Ή,‰Ί…“Ή,“‘εas,,430 ,‚P’ακ,,40 ,80 ,,‚“x,,,,,,,,,
›,13211 ,6 ,¬•½,0 ,7 ,‘½–€,–k‘½–€,¬•½s,‘εΐ’¬“ρ’–Ϊ‚S‚V‚V”Τ‚U,‘εΐ’¬‚Q|‚S‚T|‚T,"207,000 ","202,000 ",2.5 ,143 ,,1.2,1,Z‘ξ,W,2F,,’†‹K–Ν‚Μκ”ΚZ‘ξ‚ª‘½‚ΆZ‘ξ’nζ,s“Ή,“μΌ,6,,,,ƒKƒX,…“Ή,‰Ί…“Ή,¬•½,,"1,300 ",‚P’ακ,,40 ,80 ,,‚“x,,,,,,,,,
›,13211 ,6 ,¬•½,0 ,8 ,‘½–€,–k‘½–€,¬•½s,”ό‰€’¬O’–Ϊ‚R‚R‚X”Τ‚Q,”ό‰€’¬‚R|‚X|‚P‚V,"271,000 ","263,000 ",3.0 ,178 ,,1,1.5,Z‘ξ,W,2F,,’†‹K–ΝZ‘ξ‚ª‘½‚Άω‘¶‚ΜZ‘ξ’nζ,s“Ή,“,5.4,,,,ƒKƒX,…“Ή,‰Ί…“Ή,¬•½,,250 ,‚P’ακ,,40 ,80 ,,‚“x,,,,,,,,,
›,13211 ,6 ,¬•½,0 ,9 ,‘½–€,–k‘½–€,¬•½s,w‰€“’¬κ’–Ϊ‚T‚R”Τ‚P‚Q,w‰€“’¬‚P|‚W|‚Q‚O,"281,000 ","273,000 ",2.9 ,165 ,,1,2,Z‘ξ,LS,2F,,κ”ΚZ‘ξ‚Ζ‹¤“―Z‘ξ‚ª‚Ώ•ΐ‚ΤZ‘ξ’nζ,s“Ή,–k,5.5,,,,ƒKƒX,…“Ή,‰Ί…“Ή,κ‹΄w‰€,,480 ,‚P’ακ,,40 ,80 ,,‚“x,,,,,,,,,
›,13211 ,6 ,¬•½,0 ,10 ,‘½–€,–k‘½–€,¬•½s,w‰€Ό’¬O’–Ϊ‚P‚U‚Q‚R”Τ‚R,w‰€Ό’¬‚R|‚P‚X|‚P‚Q,"271,000 ","262,000 ",3.4 ,165 ,,1,2,Z‘ξ,W,2F,,κ”ΚZ‘ξ‚ª‘½‚­©‚η‚κ‚ιZ‘ξ’nζ,“ΉH,–k,4,,,,ƒKƒX,…“Ή,‰Ί…“Ή,κ‹΄w‰€,,750 ,‚P’ακ,,40 ,80 ,,‚“x,,,,,,,,,
›,13211 ,6 ,¬•½,0 ,11 ,‘½–€,–k‘½–€,¬•½s,γ…–{’¬κ’–Ϊ‚P‚R‚O‚O”Τ‚P‚T,γ…–{’¬‚P|‚P‚W|‚X,"254,000 ","247,000 ",2.8 ,116 ,,1,1.2,Z‘ξ,W,2F,,’†¬‹K–Ν‚Μκ”ΚZ‘ξ‚ª‘½‚ΆZ‘ξ’nζ,s“Ή,Ό,6,,,,ƒKƒX,…“Ή,‰Ί…“Ή,‘ι‚Μ‘δ,,400 ,‚P’ακ,,40 ,80 ,,‚“x,,,,,,,,,
›,13211 ,6 ,¬•½,0 ,12 ,‘½–€,–k‘½–€,¬•½s,’‡’¬‚U‚T‚Q”Τ‚S,,"259,000 ","252,000 ",2.8 ,165 ,,1,2,μ‹Ζ“Z‘ξ,S,5F,,“X•άA‹¤“―Z‘ξ“™‚Μ‚Ώ•ΐ‚Τ“s“Ή‰‚Ά‚Μ¬έ’nζ,“s“Ή,–k,11.8,,,,ƒKƒX,…“Ή,‰Ί…“Ή,Β”~X“Ή,,400 ,‚Q’†κ,€–h,40 ,200 ,,‚“x,,,,,,,,,
›,13211 ,6 ,¬•½,0 ,13 ,‘½–€,–k‘½–€,¬•½s,‰h’¬“ρ’–Ϊ‚R‚T”Τ‚P‚S,‰h’¬‚Q|‚R‚P|‚Q‚V,"212,000 ","206,000 ",2.9 ,140 ,,1,1.5,Z‘ξ,W,3F,,’†‹K–Νκ”ΚZ‘ξ‚ª‘½‚Ά‹ζ‰ζ®‘R‚Ζ‚µ‚½Z‘ξ’nζ,s“Ή,“μ,6,,,,ƒKƒX,…“Ή,‰Ί…“Ή,¬μ,,"1,500 ",‚P’ακ,€–h,60 ,150 ,,‚“x,,,,,,,,,
›,13211 ,6 ,¬•½,0 ,14 ,‘½–€,–k‘½–€,¬•½s,¬μΌ’¬O’–Ϊ‚Q‚Q‚P‚V”Τ‚T‚S,¬μΌ’¬‚R|‚P‚T|‚S,"240,000 ","234,000 ",2.6 ,117 ,,1,1,Z‘ξ,W,3F,,’†¬‹K–Νκ”ΚZ‘ξ‚ª‚Ώ•ΐ‚ΤZ‘ξ’nζ,s“Ή,–k,4,,,,ƒKƒX,…“Ή,‰Ί…“Ή,¬μ,,500 ,‚P’†κ,€–h,60 ,200 ,,‚“x,,,,,,,,,
›,13211 ,6 ,¬•½,0 ,15 ,‘½–€,–k‘½–€,¬•½s,γ…V’¬κ’–Ϊ‚P‚R‚W‚P”Τ‚P‚P,γ…V’¬‚P|‚P‚R|‚S‚X,"193,000 ","187,000 ",3.2 ,110 ,,1,2,Z‘ξ,W,2F,,κ”ΚZ‘ξ‚ª‚Ώ•ΐ‚Τ‹ζ‰ζ®‘R‚Ζ‚µ‚½Z‘ξ’nζ,s“Ή,“μ“,6,,,,ƒKƒX,…“Ή,‰Ί…“Ή,“‘εas,,"1,300 ",‚P’ακ,,40 ,80 ,,‚“x,,,,,,,,,
›,13211 ,6 ,¬•½,0 ,16 ,‘½–€,–k‘½–€,¬•½s,¬μ’¬κ’–Ϊ‚T‚S‚X”Τ‚P‚Q,,"203,000 ","198,000 ",2.5 ,115 ,,1,1,Z‘ξ,W,2F,,κ”ΚZ‘ξ‚ª‚Ώ•ΐ‚Τ‹ζ‰ζ®‘R‚Ζ‚µ‚½Z‘ξ’nζ,s“Ή,Ό,6,,,,ƒKƒX,…“Ή,‰Ί…“Ή,“‘εas,,"1,300 ",‚P’ακ,,40 ,80 ,,‚“x,,,,,,,,,
›,13211 ,6 ,¬•½,5 ,1 ,‘½–€,–k‘½–€,¬•½s,‰Τ¬‹ΰδ“μ’¬κ’–Ϊ‚P‚O‚U”Τ‚X,‰Τ¬‹ΰδ“μ’¬‚P|‚P‚R|‚Q‚O,"379,000 ","369,000 ",2.7 ,84 ,,1,3,“X•ά“Z‘ξ,S,3F,,“X•ά•t‹¤“―Z‘ξ‚Μ‘½‚Ά‰w“μ‘¤‚Μ¤‹Ζ’nζ,s“Ή,“,9,,,,ƒKƒX,…“Ή,‰Ί…“Ή,‰Τ¬‹ΰδ,,350 ,¤‹Ζ,–h‰Ξ,80 ,400 ,,‚“x,,,,,*,13211 ,5 ,2 ,"374,000 "
›,13211 ,6 ,¬•½,5 ,2 ,‘½–€,–k‘½–€,¬•½s,¬μΌ’¬l’–Ϊ‚Q‚Q‚P‚V”Τ‚P‚P‚P,¬μΌ’¬‚S|‚Q‚W|‚T,"290,000 ","281,000 ",3.2 ,99 ,,1,1,“X•ά“Z‘ξ,S,3F,,¬”„“X•ά“™‚ª‚Ώ•ΐ‚Τ‰w–k‘¤‚Μ¤‹Ζ’nζ,s“Ή,–k,10,,,,ƒKƒX,…“Ή,‰Ί…“Ή,¬μ,,380 ,¤‹Ζ,–h‰Ξ,80 ,400 ,,‚“x,,,,,,,,,
›,13211 ,6 ,¬•½,5 ,3 ,‘½–€,–k‘½–€,¬•½s,w‰€Ό’¬κ’–Ϊ‚P‚Q‚R‚P”Τ‚QO,w‰€Ό’¬‚P|‚Q‚P|‚P‚V,"341,000 ","332,000 ",2.7 ,131 ,,1.2,1,“X•ά“‹¤“―Z‘ξ,RC,5F,,’†¬‹K–Ν‚Μ“X•άƒrƒ‹“™‚ª‚Ώ•ΐ‚Τ‰w‘O‚Μ¤‹Ζ’nζ,s“Ή,“,9,,,,ƒKƒX,…“Ή,‰Ί…“Ή,κ‹΄w‰€,,180 ,¤‹Ζ,–h‰Ξ,80 ,400 ,,‚“x,,,,,,,,,
›,13212 ,6 ,“ϊ–μ,0 ,1 ,‘½–€,“μ‘½–€,“ϊ–μs,‚”¦‚P‚O‚P‚T”Τ‚P‚V,,"285,000 ","272,000 ",4.8 ,138 ,,1,1.5,Z‘ξ,W,2F,,κ”ΚZ‘ξAƒAƒp[ƒg‚ª‚Ώ•ΐ‚ΤΥΓ‚ΘZ‘ξ’nζ,s“Ή,“μΌ,6,,,,ƒKƒX,…“Ή,‰Ί…“Ή,‚”¦•s“®,,700 ,‚P’ακ,,50 ,100 ,,‚“x,,,,,,,,,
›,13212 ,6 ,“ϊ–μ,0 ,2 ,‘½–€,“μ‘½–€,“ϊ–μs,•S‘‚X‚V‚P”Τ‚U‚Q,,"114,000 ","109,000 ",4.6 ,213 ,,1,1,Z‘ξ,W,2F,,’†‹K–Ν‚Μκ”ΚZ‘ξ‚ª‘½‚Ά‹ζ‰ζ®‘R‚Ζ‚µ‚½Z‘ξ’nζ,s“Ή,–k,5,,,,ƒKƒX,…“Ή,‰Ί…“Ή,‚”¦•s“®,,"2,100 ",‚P’ακ,,40 ,80 ,,‚“x,,,“s—§φ,•’Κ,,,,,
›,13212 ,6 ,“ϊ–μ,0 ,3 ,‘½–€,“μ‘½–€,“ϊ–μs,“μ•½Z’–Ϊ‚Q‚O”Τ‚P‚T,,"210,000 ","197,000 ",6.6 ,141 ,,1,1.5,Z‘ξ,W,2F,,’†¬‹K–Νκ”ΚZ‘ξ‚ª‘½‚ΆZ‘ξ’nζ,s“Ή,–kΌ,6,,,,ƒKƒX,…“Ή,‰Ί…“Ή,“μ•½,,220 ,‚P’ακ,,40 ,80 ,,‚“x,,,,,*,13212 ,0 ,21 ,"205,000 "
›,13212 ,6 ,“ϊ–μ,0 ,4 ,‘½–€,“μ‘½–€,“ϊ–μs,‘εβγκ’–Ϊ‚U”Τ‚X,,"258,000 ","245,000 ",5.3 ,174 ,,1,1.5,Z‘ξ,W,2F,,’†‹K–Ν‚Μκ”ΚZ‘ξ‚ª‘½‚Ά‚‘δ‚ΜZ‘ξ’nζ,s“Ή,“,4,,,,ƒKƒX,…“Ή,‰Ί…“Ή,“ϊ–μ,,530 ,‚P’ακ,,50 ,100 ,,‚“x,,,,,,,,,
›,13212 ,6 ,“ϊ–μ,0 ,5 ,‘½–€,“μ‘½–€,“ϊ–μs,O‘ςl’–Ϊ‚P‚S”Τ‚U,,"223,000 ","212,000 ",5.2 ,215 ,,1,1,Z‘ξ,LS,2F,,’†‹K–Ν‚Μκ”ΚZ‘ξ‚ª‘½‚Ά‹ζ‰ζ®‘R‚Ζ‚µ‚½Z‘ξ’nζ,s“Ή,“μ“,5,,,,ƒKƒX,…“Ή,‰Ί…“Ή,‚”¦•s“®,,750 ,‚P’ακ,,40 ,80 ,,‚“x,,,“s—§φ,•’Κ,,,,,
›,13212 ,6 ,“ϊ–μ,0 ,6 ,‘½–€,“μ‘½–€,“ϊ–μs,®‚ª‹uκ’–Ϊ‚P‚P”Τ‚U,,"253,000 ","241,000 ",5.0 ,106 ,,1,1,Z‘ξ,W,2F,,κ”ΚZ‘ξ‚Μ‚Ω‚©‚ΙƒAƒp[ƒg“™‚ª©‚η‚κ‚ιZ‘ξ’nζ,s“Ή,“μΌ,6,,,,ƒKƒX,…“Ή,‰Ί…“Ή,–L“c,,940 ,‚P’ακ,,50 ,100 ,,‚“x,,,,,,,,,
›,13212 ,6 ,“ϊ–μ,0 ,7 ,‘½–€,“μ‘½–€,“ϊ–μs,“μ•½κ’–Ϊ‚R‚O”Τ‚S,,"157,000 ","152,000 ",3.3 ,233 ,,1,1.5,Z‘ξ,LS,2F,,’†‹K–Νκ”ΚZ‘ξ‚ª‘½‚Ά‹ζ‰ζ®‘R‚Ζ‚µ‚½Z‘ξ’nζ,s“Ή,“μ,5,,,,ƒKƒX,…“Ή,‰Ί…“Ή,‚”¦•s“®,,750 ,‚P’ακ,,40 ,80 ,,‚“x,,,“s—§φ,•’Κ,,,,,
›,13212 ,6 ,“ϊ–μ,0 ,8 ,‘½–€,“μ‘½–€,“ϊ–μs,“•½R“ρ’–Ϊ‚Q‚U”Τ‚V,,"187,000 ","180,000 ",3.9 ,192 ,,1,1.5,Z‘ξ,W,2F,,’†‹K–Νκ”ΚZ‘ξ‚ª‘½‚Ά‹ζ‰ζ®‘R‚Ζ‚µ‚½Z‘ξ’nζ,s“Ή,“μ“,5,,,,ƒKƒX,…“Ή,‰Ί…“Ή,–L“c,,"1,400 ",‚P’ακ,,40 ,80 ,,‚“x,,,,,,,,,
›,13212 ,6 ,“ϊ–μ,0 ,9 ,‘½–€,“μ‘½–€,“ϊ–μs,–θ›“ρ’–Ϊ‚P‚O”Τ‚W,,"240,000 ","228,000 ",5.3 ,162 ,‘δ`,1,1.2,Z‘ξ,W,2F,,’†‹K–Ν‚Μκ”ΚZ‘ξ‚Μ‘½‚Ά‹ζ‰ζ®‘R‚Ζ‚µ‚½Z‘ξ’nζ,s“Ή,–kΌ,6,,,,ƒKƒX,…“Ή,‰Ί…“Ή,–θ›,,400 ,‚P’ακ,,50 ,100 ,,‚“x,,,,,,,,,
›,13212 ,6 ,“ϊ–μ,0 ,10 ,‘½–€,“μ‘½–€,“ϊ–μs,•½RZ’–Ϊ‚Q‚V”Τ‚P‚T,,"74,000 ","72,000 ",2.8 ,135 ,,1,1.5,Z‘ξ,W,2F,,κ”ΚZ‘ξAƒAƒp[ƒg‚ª‚Ώ•ΐ‚ΤXΞ’n‚ΜZ‘ξ’nζ,“ΉH,Ό,4,,,,ƒKƒX,…“Ή,‰Ί…“Ή,•½Rι¬φ‰€,,900 ,‚P’ακ,,40 ,80 ,,‚“x,,,“s—§φ,•’Κ,,,,,
›,13212 ,6 ,“ϊ–μ,0 ,11 ,‘½–€,“μ‘½–€,“ϊ–μs,–L“cl’–Ϊ‚P‚X”Τ‚R‚U,,"264,000 ","253,000 ",4.3 ,132 ,,1,1.5,Z‘ξ,W,2F,,¬‹K–Νκ”ΚZ‘ξ‚ª‚Ώ•ΐ‚ΤZ‘ξ’nζ,s“Ή,–k“,5,,,,ƒKƒX,…“Ή,,–L“c,,500 ,‚P’ακ,,50 ,100 ,,‚“x,,,,,,,,,
›,13212 ,6 ,“ϊ–μ,0 ,12 ,‘½–€,“μ‘½–€,“ϊ–μs,‘½–€•½Z’–Ϊ‚Q”Τ‚P‚T,,"276,000 ","265,000 ",4.2 ,160 ,,1,2,Z‘ξ,W,2F,,’†‹K–Ν‚Μκ”ΚZ‘ξ‚ª‚Ώ•ΐ‚ΤΥΓ‚ΘZ‘ξ’nζ,s“Ή,–k,6,,,,ƒKƒX,…“Ή,‰Ί…“Ή,–L“c,,"1,300 ",‚P’ακ,,50 ,100 ,,‚“x,,,,,,,,,
›,13212 ,6 ,“ϊ–μ,0 ,13 ,‘½–€,“μ‘½–€,“ϊ–μs,‰h’¬l’–Ϊ‚P‚P”Τ‚P‚OO,,"216,000 ","206,000 ",4.9 ,165 ,,1,1.5,Z‘ξ,W,2F,,κ”ΚZ‘ξAƒAƒp[ƒg“™‚ª‚Ώ•ΐ‚ΤZ‘ξ’nζ,s“Ή,–k,4,,,,ƒKƒX,…“Ή,‰Ί…“Ή,“ϊ–μ,,800 ,‚P’ακ,,40 ,80 ,,‚“x,,,,,,,,,
›,13212 ,6 ,“ϊ–μ,0 ,14 ,‘½–€,“μ‘½–€,“ϊ–μs,‘ε“ϊ–μ‚P‚S‚Q‚O”Τ‚SO,,"232,000 ","221,000 ",5.0 ,130 ,,2,1,Z‘ξ,LS,2F,,’†‹K–Νκ”ΚZ‘ξ‚ª‘¶‚·‚ι‹ζ‰ζ®—’†‚ΜZ‘ξ’nζ,s“Ή,“μΌ,5,,,,ƒKƒX,…“Ή,‰Ί…“Ή,bBX“Ή,,350 ,‚P’ακ,,50 ,100 ,,‚“x,,,,,,,,,
›,13212 ,6 ,“ϊ–μ,0 ,15 ,‘½–€,“μ‘½–€,“ϊ–μs,“μ•½“ρ’–Ϊ‚P‚X”Τ‚U,,"120,000 ","115,000 ",4.3 ,196 ,,1,1,Z‘ξ,W,2F,,κ”ΚZ‘ξ‚ª‚Ώ•ΐ‚Τ‹ζ‰ζ®‘R‚Ζ‚µ‚½Z‘ξ’nζ,s“Ή,“μ,5,,,,ƒKƒX,…“Ή,‰Ί…“Ή,“μ•½,,980 ,‚P’ακ,,40 ,80 ,,‚“x,,,“s—§φ,•’Κ,,,,,
›,13212 ,6 ,“ϊ–μ,0 ,16 ,‘½–€,“μ‘½–€,“ϊ–μs,_–Ύl’–Ϊ‚Q‚S”Τ‚S,,"267,000 ","253,000 ",5.5 ,149 ,,1,1.2,Z‘ξ,W,2F,,κ”ΚZ‘ξAƒAƒp[ƒg“™‚ª©‚η‚κ‚ιZ‘ξ’nζ,s“Ή,–k“,6,,,,ƒKƒX,…“Ή,‰Ί…“Ή,“ϊ–μ,,800 ,‚P’ακ,,50 ,100 ,,‚“x,,,,,*,13212 ,0 ,25 ,"260,000 "
›,13212 ,6 ,“ϊ–μ,5 ,1 ,‘½–€,“μ‘½–€,“ϊ–μs,“ϊ–μ–{’¬O’–Ϊ‚P‚P”Τ‚XO,,"485,000 ","470,000 ",3.2 ,195 ,,1,1.5,“X•ά“––±,RC,4F,1B,’†‘w‚Μ¬”„“X•άAωH“X“™‚ª‘½‚Ά‰w‘O‚Μ¤‹Ζ’nζ,s“Ή,–kΌ,12,,,,ƒKƒX,…“Ή,‰Ί…“Ή,“ϊ–μ,‹ίΪ,,¤‹Ζ,–h‰Ξ,80 ,400 ,,,,,,,,,,,
›,13212 ,6 ,“ϊ–μ,5 ,2 ,‘½–€,“μ‘½–€,“ϊ–μs,“μ•½µ’–Ϊ‚U”Τ‚S‚P,,"265,000 ","256,000 ",3.5 ,88 ,,1,2,“X•άA––±“Z‘ξ,S,3F,1B,¬”„“X•ά“™‚ª‚Ώ•ΐ‚Τ‰w‚Ι‹ί‚Ά‹ί—Χ¤‹Ζ’nζ,s“Ή,“μΌ,8.5,,,,,…“Ή,‰Ί…“Ή,“μ•½,,80 ,‹ί¤,€–h,80 ,200 ,,‚“x,,,,,,,,,
›,13212 ,6 ,“ϊ–μ,5 ,3 ,‘½–€,“μ‘½–€,“ϊ–μs,Ξ“c“ρ’–Ϊ‚X”Τ‚Q‚O,,"272,000 ","262,000 ",3.8 ,201 ,,1,2,“X•ά“Z‘ξ,LS,2F,,“X•άA‹¤“―Z‘ξ“™‚ª¬έ‚·‚ιHό¤‹Ζ’nζ,‘“Ή,–k,28,,,,ƒKƒX,…“Ή,‰Ί…“Ή,–θ›,,250 ,€Z‹,€–h,60 ,200 ,,‚“x,,,,,,,,,
›,13213 ,6 ,“‘ΊR,0 ,1 ,‘½–€,–k‘½–€,“‘ΊRs,–{’¬O’–Ϊ‚Q‚O”Τ‚W‚SO,,"222,000 ","215,000 ",3.3 ,184 ,,1.2,1,Z‘ξ,W,2F,,’†¬‹K–Νκ”ΚZ‘ξ‚ª‚Ώ•ΐ‚ΤZ‘ξ’nζ,s“Ή,“,4,,,,ƒKƒX,…“Ή,‰Ί…“Ή,“‘ΊR,,820 ,‚P’ακ,€–h,50 ,100 ,,‚“x,,,,,,,,,
›,13213 ,6 ,“‘ΊR,0 ,2 ,‘½–€,–k‘½–€,“‘ΊRs,‰¶‘½’¬O’–Ϊ‚S‚O”Τ‚Q‚Q,,"208,000 ","202,000 ",3.0 ,113 ,,1,1.5,Z‘ξ,W,2F,,’†¬‹K–Ν‚Μκ”ΚZ‘ξ‚ª‚Ώ•ΐ‚ΤΥΓ‚ΘZ‘ξ’nζ,s“Ή,–k,5,,,,ƒKƒX,…“Ή,‰Ί…“Ή,‹v•Δμ,,920 ,‚P’ακ,€–h,50 ,100 ,,‚“x,,,,,,,,,
›,13213 ,6 ,“‘ΊR,0 ,3 ,‘½–€,–k‘½–€,“‘ΊRs,‹v•Δμ’¬“ρ’–Ϊ‚X”Τ‚P‚V,,"179,000 ","173,000 ",3.5 ,142 ,,1,1.2,Z‘ξ,W,2F,,’†¬‹K–Ν‚Μκ”ΚZ‘ξ‚ª‚Ώ•ΐ‚ΤΥΓ‚ΘZ‘ξ’nζ,„“Ή,“μΌ,4,,,,ƒKƒX,…“Ή,‰Ί…“Ή,“‘ΊR,,"1,500 ",‚P’ακ,€–h,50 ,100 ,,‚“x,,,,,,,,,
›,13213 ,6 ,“‘ΊR,0 ,4 ,‘½–€,–k‘½–€,“‘ΊRs,H’Γ’¬O’–Ϊ‚R‚R”Τ‚Q‚P,,"171,000 ","165,000 ",3.6 ,132 ,,1,1,Z‘ξ,W,2F,,’†¬‹K–Νκ”ΚZ‘ξ‚ª‚Ώ•ΐ‚ΤZ‘ξ’nζ,„“Ή,“μ,4.5,,,,ƒKƒX,…“Ή,‰Ί…“Ή,VH’Γ,,"1,400 ",‚P’ακ,€–h,50 ,100 ,,‚“x,,,,,,,,,
›,13213 ,6 ,“‘ΊR,0 ,5 ,‘½–€,–k‘½–€,“‘ΊRs,Β—t’¬O’–Ϊ‚Q‚S”Τ‚R‚R,,"172,000 ","167,000 ",3.0 ,119 ,,1,2,Z‘ξ,W,2F,,’†¬‹K–Ν‚Μκ”ΚZ‘ξ‚ª‚Ώ•ΐ‚ΤΥΓ‚ΘZ‘ξ’nζ,s“Ή,“μ“,5,,,,ƒKƒX,…“Ή,‰Ί…“Ή,VH’Γ,,"1,300 ",‚P’ακ,€–h,50 ,100 ,,‚“x,,,,,,,,,
›,13213 ,6 ,“‘ΊR,0 ,6 ,‘½–€,–k‘½–€,“‘ΊRs,‰h’¬O’–Ϊ‚S”Τ‚P‚T,,"281,000 ","273,000 ",2.9 ,215 ,,1,1,Z‘ξ,S,3F,,’†‹K–Νκ”ΚZ‘ξ‚ª‘½‚­‰w‘O¤‹Ζ’n‚Ι‹ί‚ΆZ‘ξ’nζ,s“Ή,–k,4,,,,ƒKƒX,…“Ή,‰Ί…“Ή,‹v•Δμ,,400 ,‚PZ‹,€–h,60 ,300 ,,‚“x,,,,,*,13213 ,0 ,1 ,"275,000 "
›,13213 ,6 ,“‘ΊR,0 ,7 ,‘½–€,–k‘½–€,“‘ΊRs,‰¶‘½’¬ά’–Ϊ‚R”Τ‚S‚P,,"179,000 ","172,000 ",4.1 ,103 ,,1,1.5,Z‘ξ,W,2F,,’†¬‹K–Νκ”ΚZ‘ξ‚ª‘½‚ΆZ‘ξ’nζ,“ΉH,–kΌ,4,,,,ƒKƒX,…“Ή,‰Ί…“Ή,‹v•Δμ,,"1,400 ",‚P’ακ,€–h,50 ,100 ,,‚“x,,,,,*,13213 ,0 ,3 ,"175,000 "
›,13213 ,6 ,“‘ΊR,0 ,8 ,‘½–€,–k‘½–€,“‘ΊRs,z–K’¬κ’–Ϊ‚R‚U”Τ‚R,,"178,000 ","173,000 ",2.9 ,204 ,,1,1.2,Z‘ξ,LS,2F,,’†¬‹K–Νκ”ΚZ‘ξ‚ª‘½‚ΆZ‘ξ’nζ,s“Ή,–k“,4,,,,,…“Ή,‰Ί…“Ή,“‘ΊR,,"1,500 ",‚P’ακ,€–h,50 ,100 ,,‚“x,,,,,,,,,
›,13213 ,6 ,“‘ΊR,0 ,9 ,‘½–€,–k‘½–€,“‘ΊRs,–μϋ’¬“ρ’–Ϊ‚Q‚T”Τ‚S‚V,,"189,000 ","184,000 ",2.7 ,119 ,,2,1,Z‘ξ,W,2F,,κ”ΚZ‘ξ‚Μ‚Ω‚©ƒAƒp[ƒg“™‚ΰ©‚η‚κ‚ιZ‘ξ’nζ,„“Ή,–k,4.5,,,,ƒKƒX,…“Ή,‰Ί…“Ή,“‘ΊR,,"1,200 ",‚P’ακ,€–h,50 ,100 ,,‚“x,,,,,,,,,
›,13213 ,6 ,“‘ΊR,0 ,10 ,‘½–€,–k‘½–€,“‘ΊRs,•xm©’¬O’–Ϊ‚W”Τ‚S‚V,,"187,000 ","182,000 ",2.7 ,171 ,,1,1.2,Z‘ξ,W,2F,,’†‹K–Νκ”ΚZ‘ξ‚ª‚Ώ•ΐ‚ΤZ‘ξ’nζ,s“Ή,“μ,5,,,,ƒKƒX,…“Ή,‰Ί…“Ή,”ªβ,,"1,300 ",‚P’ακ,€–h,50 ,100 ,,‚“x,,,,,,,,,
›,13213 ,6 ,“‘ΊR,0 ,11 ,‘½–€,–k‘½–€,“‘ΊRs,•xm©’¬l’–Ϊ‚W”Τ‚R‚U,,"175,000 ","170,000 ",2.9 ,208 ,,1,1,Z‘ξ,W,2F,,’†‹K–Νκ”ΚZ‘ξ‚ª‘½‚ΆΥΓ‚ΘZ‘ξ’nζ,s“Ή,Ό,5,,,,ƒKƒX,…“Ή,‰Ί…“Ή,•‘ ‘εa,,"1,000 ",‚P’ακ,€–h,50 ,100 ,,‚“x,,,,,,,,,
›,13213 ,6 ,“‘ΊR,0 ,12 ,‘½–€,–k‘½–€,“‘ΊRs,”‹R’¬κ’–Ϊ‚Q‚S”Τ‚Q,,"264,000 ","257,000 ",2.7 ,105 ,,1,1.2,Z‘ξ,W,2F,,κ”ΚZ‘ξ‚Μ’†‚ΙƒAƒp[ƒg“™‚ª©‚η‚κ‚ιZ‘ξ’nζ,s“Ή,Ό,5.5,,,,ƒKƒX,…“Ή,‰Ί…“Ή,¬•½,,430 ,‚P’ακ,€–h,50 ,100 ,,‚“x,,,,,,,,,
›,13213 ,6 ,“‘ΊR,5 ,1 ,‘½–€,–k‘½–€,“‘ΊRs,‰h’¬κ’–Ϊ‚U”Τ‚W,,"359,000 ","348,000 ",3.2 ,82 ,,1,1.5,“X•άA––±“Z‘ξ,S,4F,,¬”„“X•άA‹¤“―Z‘ξ“™‚ª‚Ώ•ΐ‚Τ‰w‘O¤‹Ζ’nζ,s“Ή,“μΌ,8,,,,ƒKƒX,…“Ή,‰Ί…“Ή,‹v•Δμ,,140 ,¤‹Ζ,–h‰Ξ,80 ,400 ,,,,,,,*,13213 ,5 ,3 ,"353,000 "
›,13213 ,6 ,“‘ΊR,5 ,2 ,‘½–€,–k‘½–€,“‘ΊRs,H’Γ’¬ά’–Ϊ‚W”Τ‚S‚T,,"344,000 ","334,000 ",3.0 ,160 ,,1.2,1,“X•ά“Z‘ξ,S,3F,1B,“X•άA‹βs“™‚ª‚Ώ•ΐ‚ΤH’Γ‰w‚Ι‹ί‚Ά¤‹Ζ’nζ,“s“Ή,–kΌ,7.2,,,,ƒKƒX,…“Ή,‰Ί…“Ή,H’Γ,,90 ,‹ί¤,€–h,80 ,300 ,,‚“x,,,,,,,,,
›,13213 ,6 ,“‘ΊR,5 ,3 ,‘½–€,–k‘½–€,“‘ΊRs,–{’¬“ρ’–Ϊ‚R”Τ‚U‚X,,"423,000 ","410,000 ",3.2 ,566 ,,1,1,––±,RC,4F,,’†‘w‚Μ“X•άA––±ƒrƒ‹“™‚ª‘½‚Ά‰w‘O‚Μ¤‹Ζ’nζ,s“Ή,–k,0,‰w‘OLκ,O•ϋH,,ƒKƒX,…“Ή,‰Ί…“Ή,“‘ΊR,‰w‘OLκΪ–Κ,,¤‹Ζ,–h‰Ξ,80 ,400 ,,,,,,,,,,,
›,13214 ,6 ,‘•ª›,0 ,1 ,‘½–€,–k‘½–€,‘•ª›s,“³’¬O’–Ϊ‚Q‚R‚W‚Q”Τ‚U,“³’¬‚R|‚R‚R|‚S,"372,000 ","362,000 ",2.8 ,246 ,,1,1,Z‘ξ,W,2F,,’†‹K–Νκ”ΚZ‘ξ‚ª‘½‚ΆΥΓ‚ΘZ‘ξ’nζ,s“Ή,“μ,4,,,,ƒKƒX,…“Ή,‰Ί…“Ή,‘•ª›,,700 ,‚P’ακ,,40 ,80 ,,‚“x,,,,,,,,,
›,13214 ,6 ,‘•ª›,0 ,2 ,‘½–€,–k‘½–€,‘•ª›s,–{‘½O’–Ϊ‚P‚R‚R”Τ‚T,–{‘½‚R|‚U|‚R‚S,"325,000 ","319,000 ",1.9 ,159 ,,1,1.5,Z‘ξ,W,2F,,κ”ΚZ‘ξ‚Μ’†‚ΙƒAƒp[ƒg“™‚ª©‚η‚κ‚ιZ‘ξ’nζ,s“Ή,“,4.5,,,,ƒKƒX,…“Ή,‰Ί…“Ή,‘•ª›,,"1,200 ",‚P’ακ,€–h,50 ,100 ,,‚“x,,,,,*,13214 ,0 ,5 ,"322,000 "
›,13214 ,6 ,‘•ª›,0 ,3 ,‘½–€,–k‘½–€,‘•ª›s,“—φƒPEO’–Ϊ‚P‚Q”Τ‚R‚W,,"303,000 ","290,000 ",4.5 ,127 ,,1,1.5,Z‘ξ,W,2F,,κ”ΚZ‘ξAƒAƒp[ƒg“™‚ª¬έ‚·‚ιZ‘ξ’nζ,s“Ή,–kΌ,4,,,,ƒKƒX,…“Ή,‰Ί…“Ή,‘•ª›,,"1,300 ",‚PZ‹,€–h,60 ,200 ,,‚“x,,,,,,,,,
›,13214 ,6 ,‘•ª›,0 ,4 ,‘½–€,–k‘½–€,‘•ª›s,“ϊ‹g’¬κ’–Ϊ‚S‚S”Τ‚T‚O,,"321,000 ","312,000 ",2.9 ,123 ,,1,2,Z‘ξ,W,2F,,’†¬‹K–Ν‚Μκ”ΚZ‘ξ‚ª‚Ώ•ΐ‚ΤZ‘ξ’nζ,s“Ή,–kΌ,5,,,,ƒKƒX,…“Ή,‰Ί…“Ή,Ό‘•ª›,,"1,000 ",‚P’ακ,,40 ,80 ,,‚“x,,,,,,,,,
›,13214 ,6 ,‘•ª›,0 ,5 ,‘½–€,–k‘½–€,‘•ª›s,“ϊ‹g’¬O’–Ϊ‚P‚P”Τ‚R‚O,,"310,000 ","295,000 ",5.1 ,167 ,,1,1.2,Z‘ξ,W,2F,,κ”ΚZ‘ξ‚βƒAƒp[ƒg‚ª‚Ώ•ΐ‚ΤZ‘ξ’nζ,s“Ή,–kΌ,6,,,,ƒKƒX,…“Ή,‰Ί…“Ή,Ό‘•ª›,,"1,400 ",‚P’ακ,,40 ,80 ,,‚“x,,,,,,,,,
›,13214 ,6 ,‘•ª›,0 ,6 ,‘½–€,–k‘½–€,‘•ª›s,Ό—φƒPEl’–Ϊ‚Q‚P”Τ‚R,,"288,000 ","276,000 ",4.3 ,158 ,,1.5,1,Z‘ξ,W,2F,,’†¬‹K–Ν‚Μκ”ΚZ‘ξ‚π’†S‚Ζ‚·‚ιΥΓ‚ΘZ‘ξ’nζ,s“Ή,“μ“,3.6,,,,ƒKƒX,…“Ή,‰Ί…“Ή,—φƒ–E,,340 ,‚P’ακ,,40 ,80 ,,‚“x,,,,,,,,,
›,13214 ,6 ,‘•ª›,0 ,7 ,‘½–€,–k‘½–€,‘•ª›s,Λ‘q“ρ’–Ϊ‚V”Τ‚P‚T,,"281,000 ","271,000 ",3.7 ,118 ,,1,1.2,Z‘ξ,W,2F,,κ”ΚZ‘ξ‚ª‘½‚Άs–π’Κ‚θ–k‘¤”wγ‚ΜZ‘ξ’nζ,s“Ή,“μΌ,4,,,,ƒKƒX,…“Ή,‰Ί…“Ή,—φƒ–E,,600 ,‚P’ακ,€–h,50 ,100 ,,‚“x,,,,,,,,,
›,13214 ,6 ,‘•ª›,0 ,8 ,‘½–€,–k‘½–€,‘•ª›s,Ό’¬“ρ’–Ϊ‚Q‚T”Τ‚T,,"250,000 ","240,000 ",4.2 ,213 ,,1,1,Z‘ξ,W,2F,,’†‹K–Νκ”ΚZ‘ξ‚ª‘½‚Ά‚‘δ‚ΜΥΓ‚ΘZ‘ξ’nζ,s“Ή,Ό,4,,,,ƒKƒX,…“Ή,‰Ί…“Ή,‘—§,,"1,500 ",‚P’ακ,€–h,50 ,100 ,,‚“x,,,,,,,,,
›,13214 ,6 ,‘•ª›,0 ,9 ,‘½–€,–k‘½–€,‘•ª›s,V’¬“ρ’–Ϊ‚S”Τ‚Q‚W,,"225,000 ","216,000 ",4.2 ,150 ,,1,1,Z‘ξ,W,2F,,κ”ΚZ‘ξ‚Μ‚Ω‚©‚Ι‹σ’n“™‚ª©‚η‚κ‚ιZ‘ξ’nζ,s“Ή,“,4,,,,ƒKƒX,…“Ή,‰Ί…“Ή,‘—§,,"2,200 ",‚P’ακ,€–h,50 ,100 ,,‚“x,,,,,,,,,
›,13214 ,6 ,‘•ª›,5 ,1 ,‘½–€,–k‘½–€,‘•ª›s,–{’¬“ρ’–Ϊ‚R‚R‚S”Τ‚P‚S,–{’¬‚Q|‚P‚O|‚T,"1,730,000 ","1,600,000 ",8.1 ,120 ,,1,2,“X•ά“––±,SRC,4F,1B,’†‘w‚Μ“X•άƒrƒ‹“™‚ª‚Ώ•ΐ‚Τ‰w‘O‚Μ¤‹Ζ’nζ,s“Ή,Ό,12.5,,,,ƒKƒX,…“Ή,‰Ί…“Ή,‘•ª›,,130 ,¤‹Ζ,–h‰Ξ,80 ,500 ,,,,,,,*,13214 ,5 ,1 ,"1,680,000 "
›,13214 ,6 ,‘•ª›,5 ,2 ,‘½–€,–k‘½–€,‘•ª›s,“μ’¬O’–Ϊ‚Q‚V‚O‚O”Τ‚T‚PO,“μ’¬‚R|‚P‚U|‚T,"1,020,000 ","958,000 ",6.5 ,90 ,‘δ`,1,3,“X•ά,RC,6F,1B,’†‘w‚Μ“X•άƒrƒ‹“™‚ª‚Ώ•ΐ‚Τ‰w‘O‚Μ¤‹Ζ’nζ,“s“Ή,–kΌ,12,,”w–Κ“Ή,,ƒKƒX,…“Ή,‰Ί…“Ή,‘•ª›,,150 ,¤‹Ζ,–h‰Ξ,80 ,500 ,,,,,,,,,,,
›,13215 ,6 ,‘—§,0 ,1 ,‘½–€,–k‘½–€,‘—§s,“κ’–Ϊ‚P‚U”Τ‚R,,"530,000 ","505,000 ",5.0 ,231 ,,1,1.5,Z‘ξ,W,2F,,κ”ΚZ‘ξA‹¤“―Z‘ξA“X•ά“™‚ª¬έ‚·‚ι’nζ,s“Ή,“μ,5.5,,,,ƒKƒX,…“Ή,‰Ί…“Ή,‘—§,,450 ,‚Q’†κ,€–h,60 ,200 ,,‚“x,,,,,,,,,
›,13215 ,6 ,‘—§,0 ,2 ,‘½–€,–k‘½–€,‘—§s,’†κ’–Ϊ‚P‚R”Τ‚P‚O‚X,,"442,000 ","410,000 ",7.8 ,132 ,,1,2.5,Z‘ξ,W,2F,,κ”ΚZ‘ξ‚Μ‚Ω‚©‚Ι‹¤“―Z‘ξ‚ΰ‚ ‚ιZ‘ξ’nζ,s“Ή,Ό,5.5,,,,ƒKƒX,…“Ή,‰Ί…“Ή,‘—§,,900 ,‚P’ακ,€–h,50 ,100 ,,‚“x,,,,,,,,,
›,13215 ,6 ,‘—§,0 ,3 ,‘½–€,–k‘½–€,‘—§s,Ό“ρ’–Ϊ‚Q‚W”Τ‚Q‚W,,"390,000 ","368,000 ",6.0 ,166 ,,1,2,Z‘ξ,W,2F,,’†¬‹K–Νκ”ΚZ‘ξ‹y‚ΡƒAƒp[ƒg‚ΰ‘¶‚·‚ιZ‘ξ’nζ,s“Ή,–k,5.5,,,,ƒKƒX,…“Ή,‰Ί…“Ή,‘—§,,"1,200 ",‚P’ακ,€–h,50 ,100 ,,‚“x,,,,,,,,,
›,13215 ,6 ,‘—§,0 ,4 ,‘½–€,–k‘½–€,‘—§s,“O’–Ϊ‚P‚Q”Τ‚Q‚X,,"418,000 ","388,000 ",7.7 ,117 ,,1,2,Z‘ξ,W,2F,,κ”ΚZ‘ξ‚Μ‚Ω‚©‚ΙƒAƒp[ƒg‚ª©‚η‚κ‚ιZ‘ξ’nζ,s“Ή,“μ,5.5,,,,ƒKƒX,…“Ή,‰Ί…“Ή,‘—§,,"1,200 ",‚P’ακ,€–h,50 ,100 ,,‚“x,,,,,*,13215 ,0 ,11 ,"399,000 "
›,13215 ,6 ,‘—§,0 ,5 ,‘½–€,–k‘½–€,‘—§s,‘ε’J•Ϋ’†•υ‰Ί‚U‚X‚O‚U”Τ‚PO,,"275,000 ","258,000 ",6.6 ,262 ,,1,2,‹¤“―Z‘ξ“‘qΙ,RC,4F,1B,κ”ΚZ‘ξAƒAƒp[ƒgA“X•ά“™‚ª¬έ‚·‚ι’nζ,s“Ή,Ό,12,,,,ƒKƒX,…“Ή,‰Ί…“Ή,–ξμ,,180 ,‚PZ‹,€–h,60 ,300 ,,‚“x,,,,,,,,,
›,13215 ,6 ,‘—§,0 ,6 ,‘½–€,–k‘½–€,‘—§s,‘ε’J•ΫI΄‚T‚W‚U‚S”Τ‚TO,,"218,000 ","210,000 ",3.8 ,131 ,,1,1.5,Z‘ξ,W,2F,,¬‹K–Ν‚Μκ”ΚZ‘ξ‚ª‘½‚ΆXΞ‚Μ‚ ‚ιZ‘ξ’nζ,s“Ή,“μ,6,,,,ƒKƒX,…“Ή,‰Ί…“Ή,’J•Ϋ,,700 ,‚P’ακ,,40 ,80 ,,‚“x,,,,,,,,,
›,13215 ,6 ,‘—§,5 ,1 ,‘½–€,–k‘½–€,‘—§s,•xm©‘δ“ρ’–Ϊ‚Q”Τ‚Q,,"438,000 ","414,000 ",5.8 ,201 ,,1,1.5,“X•ά“‹¤“―Z‘ξ,RC,4F,,“X•ά“‹¤“―Z‘ξ“™‚ª©‚η‚κ‚ι¤‹Ζ’nζ,“s“Ή,“,16,,,,ƒKƒX,…“Ή,‰Ί…“Ή,’J•Ϋ,,500 ,‹ί¤,–h‰Ξ,80 ,400 ,,,,,,,,,,,
›,13218 ,6 ,•¶,0 ,1 ,‘½–€,Ό‘½–€,•¶s,‘εFμ–k‚W‚T‚R”Τ‚P‚WO,,"182,000 ","180,000 ",1.1 ,123 ,,1,2,Z‘ξ,W,2F,,’†¬‹K–Ν‚Μκ”ΚZ‘ξ‚ª‚Ώ•ΐ‚ΤZ‘ξ’nζ,s“Ή,–kΌ,5,,,,ƒKƒX,…“Ή,‰Ί…“Ή,‹•l,,450 ,‚P’ακ,€–h,40 ,80 ,,‚“x,,,,,*,13218 ,0 ,3 ,"181,000 "
›,13218 ,6 ,•¶,0 ,2 ,‘½–€,Ό‘½–€,•¶s,“μ“c‰€κ’–Ϊ‚X”Τ‚Q‚Q,,"144,000 ","143,000 ",0.7 ,166 ,,1,1.5,Z‘ξ,W,2F,,κ”ΚZ‘ξ“™‚ª‚Ώ•ΐ‚Τ‹ζ‰ζ®‘R‚Ζ‚µ‚½Z‘ξ’nζ,s“Ή,–k,8,,,,ƒKƒX,…“Ή,‰Ί…“Ή,Fμ,,800 ,‚P’ακ,€–h,50 ,150 ,,‚“x,,,,,,,,,
›,13218 ,6 ,•¶,0 ,3 ,‘½–€,Ό‘½–€,•¶s,‰Α”ό•½κ’–Ϊ‚Q‚S”Τ‚P‚W,,"175,000 ","173,000 ",1.2 ,159 ,,1,1.2,Z‘ξ,LS,1F,,κ”ΚZ‘ξ“™‚ª‚Ώ•ΐ‚Τ‹ζ‰ζ®—Ο‚ΜZ‘ξ’nζ,s“Ή,“μ“,6,,,,ƒKƒX,…“Ή,‰Ί…“Ή,•¶,,"1,100 ",‚P’ακ,€–h,50 ,150 ,,‚“x,,,,,,,,,
›,13218 ,6 ,•¶,0 ,4 ,‘½–€,Ό‘½–€,•¶s,u–Ξ‚P‚P‚S”Τ‚T,,"189,000 ","186,000 ",1.6 ,147 ,,1,1.5,Z‘ξ,W,2F,,κ”ΚZ‘ξA‹¤“―Z‘ξ“™‚ª©‚η‚κ‚ιZ‘ξ’nζ,s“Ή,–kΌ,6,,,,ƒKƒX,…“Ή,‰Ί…“Ή,‹•l,,400 ,‚P’†κ,€–h,60 ,200 ,,‚“x,,,,,,,,,
›,13218 ,6 ,•¶,0 ,5 ,‘½–€,Ό‘½–€,•¶s,‘εFμ•‘ –μ‚P‚S‚P‚S”Τ‚T‚U,,"154,000 ","152,000 ",1.3 ,101 ,,1.2,1,Z‘ξ,W,2F,,κ”ΚZ‘ξ‚Μ‚Ω‚©ƒAƒp[ƒg“™‚ΰ©‚η‚κ‚ιZ‘ξ’nζ,„“Ή,“μΌ,4,,,,,…“Ή,‰Ί…“Ή,”q“‡,,700 ,‚P’ακ,€–h,40 ,80 ,,‚“x,,,,,,,,,
›,13218 ,6 ,•¶,5 ,1 ,‘½–€,Ό‘½–€,•¶s,–{’¬‚P‚P‚W”Τ‚PO,,"328,000 ","320,000 ",2.5 ,268 ,,1,1,“X•ά“‹¤“―Z‘ξ,S,7F,,’†’α‘w‚Μ“X•άƒrƒ‹“™‚ª‚Ώ•ΐ‚Τ‰w‹ί‚­‚Μ¤‹Ζ’nζ,s“Ή,–kΌ,16,,,,ƒKƒX,…“Ή,‰Ί…“Ή,•¶,,160 ,¤‹Ζ,–h‰Ξ,80 ,500 ,,,,,,,*,13218 ,5 ,3 ,"324,000 "
›,13218 ,6 ,•¶,5 ,2 ,‘½–€,Ό‘½–€,•¶s,u–Ξ‚Q‚O‚Q”Τ‚U,,"206,000 ","202,000 ",2.0 ,206 ,,1,1.5,“X•ά“Z‘ξ,S,2F,,¬‹K–Ν‚Μ¬”„“X•ά“™‚ª‚Ώ•ΐ‚Τω¬¤‹Ζ’nζ,s“Ή,–k“,6,,,,ƒKƒX,…“Ή,‰Ί…“Ή,•¶,,500 ,¤‹Ζ,–h‰Ξ,80 ,400 ,,,,,,,,,,,
›,13218 ,6 ,•¶,5 ,3 ,‘½–€,Ό‘½–€,•¶s,‘ε•¶•‘ –μ‚Q‚S‚V‚V”Τ‚UO,,"137,000 ","134,000 ",2.2 ,264 ,,1,1,“X•ά“Z‘ξ,W,2F,1B,¬”„“X•ά“™‚ª‚Ώ•ΐ‚Τ‘“Ή‰‚Ά‚Μ¤‹Ζ’nζ,‘“Ή,“,22,,,,ƒKƒX,…“Ή,‰Ί…“Ή,‹•l,,800 ,‹ί¤,€–h,80 ,300 ,,‚“x,,,,,,,,,
›,13219 ,6 ,],0 ,1 ,‘½–€,–k‘½–€,]s,βΛ–kκ’–Ϊ‚P‚P‚S‚V”Τ‚S‚P,βΛ–k‚P|‚U|‚V,"382,000 ","361,000 ",5.8 ,132 ,,1,2,Z‘ξ,W,2F,,κ”ΚZ‘ξAƒAƒp[ƒg‚ª©‚η‚κ‚ιZ‘ξ’nζ,s“Ή,–k,4,,,,ƒKƒX,…“Ή,‰Ί…“Ή,μ‘½©,,740 ,‚P’ακ,,40 ,80 ,,‚“x,,,,,*,13219 ,0 ,6 ,"378,000 "
›,13219 ,6 ,],0 ,2 ,‘½–€,–k‘½–€,]s,³aςO’–Ϊ‚Q‚U‚T‚T”Τ‚U,³aς‚R|‚P|‚Q‚P,"384,000 ","363,000 ",5.8 ,110 ,,1,1.5,Z‘ξ,W,2F,,κ”ΚZ‘ξAƒAƒp|ƒg“™‚ª©‚η‚κ‚ιZ‘ξ’nζ,s“Ή,–k,5,,,,ƒKƒX,…“Ή,‰Ί…“Ή,aς‘½–€μ,,240 ,‚P’ακ,,40 ,80 ,,‚“x,,,,,,,,,
›,13219 ,6 ,],0 ,3 ,‘½–€,–k‘½–€,]s,’†aςά’–Ϊ‚R‚Q‚W”Τ‚Q‚Q,’†aς‚T|‚P‚X|‚P‚W,"310,000 ","300,000 ",3.3 ,109 ,‘δ`,1,1.2,Z‘ξ,W,2F,,κ”ΚZ‘ξ‚Μ‚Ω‚©ƒAƒp[ƒg“™‚ΰ‚έ‚η‚κ‚ιZ‘ξ’nζ,s“Ή,Ό,4,,,,ƒKƒX,…“Ή,‰Ί…“Ή,‘—Μ,,"1,400 ",‚P’ακ,,40 ,80 ,,‚“x,,,,,,,,,
›,13219 ,6 ,],0 ,4 ,‘½–€,–k‘½–€,]s,“aςκ’–Ϊ‚Q‚S‚T‚O”Τ‚SO,“aς‚P|‚R‚S|‚R‚U,"403,000 ","380,000 ",6.1 ,96 ,‘δ`,1,2.5,Z‘ξ,S,3F,,’†‹K–Νκ”ΚZ‘ξAƒAƒp[ƒg“™‚ª©‚η‚κ‚ιZ‘ξ’nζ,s“Ή,Ό,4,,,,ƒKƒX,…“Ή,‰Ί…“Ή,],,360 ,‚P’†κ,€–h,60 ,200 ,,‚“x,,,,,,,,,
›,13219 ,6 ,],0 ,5 ,‘½–€,–k‘½–€,]s,’–•ϋO’–Ϊ‚T‚Q‚W”Τ‚P‚P,’–•ϋ‚R|‚Q‚S|‚P‚O,"365,000 ","345,000 ",5.8 ,148 ,‘δ`,1,2,Z‘ξ,W,2F,,’†‹K–Νκ”ΚZ‘ξAƒAƒp[ƒg“™‚ª©‚η‚κ‚ιZ‘ξ’nζ,s“Ή,“,10,,,,ƒKƒX,…“Ή,‰Ί…“Ή,aς‘½–€μ,,300 ,‚P’ακ,,40 ,80 ,,‚“x,,,,,,,,,
›,13219 ,6 ,],5 ,1 ,‘½–€,–k‘½–€,]s,“aςO’–Ϊ‚Q‚U‚R‚P”Τ‚U,“aς‚R|‚P‚Q|‚P‚O,"447,000 ","426,000 ",4.9 ,52 ,,1,3,“X•ά“Z‘ξ,S,4F,,¬‹K–Ν‚Θ“X•ά“Z‘ξ‚ª‚Ώ•ΐ‚Τ¤‹Ζ’nζ,s“Ή,–k“,5,,,,ƒKƒX,…“Ή,‰Ί…“Ή,aς‘½–€μ,,80 ,‹ί¤,€–h,80 ,300 ,,‚“x,,,,,,,,,
›,13220 ,6 ,“‘εa,0 ,1 ,‘½–€,–k‘½–€,“‘εas,‹·Rά’–Ϊ‚P‚U‚P‚S”Τ‚P‚X,,"143,000 ","140,000 ",2.1 ,119 ,,1.2,1,Z‘ξ,W,2F,,κ”ΚZ‘ξ‚Μ‚Ω‚©ƒAƒp[ƒg“™‚ΰ©‚η‚κ‚ιZ‘ξ’nζ,s“Ή,Ό,5,,,,ƒKƒX,…“Ή,‰Ί…“Ή,•‘ ‘εa,,"1,200 ",‚P’ακ,,40 ,80 ,,‚“x,,,,,,,,,
›,13220 ,6 ,“‘εa,0 ,2 ,‘½–€,–k‘½–€,“‘εas,γ–k‘δO’–Ϊ‚S‚T‚X”Τ‚R,,"219,000 ","214,000 ",2.3 ,196 ,,1,1,Z‘ξ,LS,2F,,κ”ΚZ‘ξA“X•ά“™‚ª¬έ‚·‚ι“s“Ή‰‚Ά‚ΜZ‘ξ’nζ,“s“Ή,“,22,,,,,…“Ή,‰Ί…“Ή,χX“Ή,,130 ,‚PZ‹,€–h,60 ,200 ,,‚“x,,,,,,,,,
›,13220 ,6 ,“‘εa,0 ,3 ,‘½–€,–k‘½–€,“‘εas,“μXZ’–Ϊ‚U‚S”Τ‚V,,"218,000 ","213,000 ",2.3 ,158 ,,1,1.5,Z‘ξ,W,2F,,’†‹K–Νκ”ΚZ‘ξ‚ª‚Ώ•ΐ‚ΤΥΓ‚ΘZ‘ξ’nζ,s“Ή,Ό,5,,,,ƒKƒX,…“Ή,‰Ί…“Ή,“‘εas,,600 ,‚P’ακ,€–h,50 ,100 ,,‚“x,,,,,,,,,
›,13220 ,6 ,“‘εa,0 ,4 ,‘½–€,–k‘½–€,“‘εas,Ξ”Θ“ρ’–Ϊ‚P‚O‚S‚S”Τ‚W‚Q,,"84,000 ","83,000 ",1.2 ,240 ,,1,1.2,Z‘ξ,W,2F,,’†‹K–Ν‚Μκ”ΚZ‘ξ‚ª‚Ώ•ΐ‚ΤΥΓ‚ΘZ‘ξ’nζ,s“Ή,“μ“,6,,,,ƒKƒX,…“Ή,‰Ί…“Ή,•‘ ‘εa,,"1,800 ",‚P’ακ,,40 ,60 ,,‚“x,,,“s—§φ,•’Κ,,,,,
›,13220 ,6 ,“‘εa,0 ,5 ,‘½–€,–k‘½–€,“‘εas,’†‰›l’–Ϊ‚X‚U‚T”Τ‚P‚W‚V,,"180,000 ","176,000 ",2.3 ,202 ,,1,1.2,Z‘ξ,RC,2F,,’†‹K–Ν‚Μκ”ΚZ‘ξ‚ª‘½‚Ά®‘R‚Ζ‚µ‚½•ªχZ‘ξ’nζ,s“Ή,Ό,4,,,,ƒKƒX,…“Ή,‰Ί…“Ή,γ–k‘δ,,"1,200 ",‚P’ακ,€–h,50 ,100 ,,‚“x,,,,,,,,,
›,13220 ,6 ,“‘εa,0 ,6 ,‘½–€,–k‘½–€,“‘εas,πEl’–Ϊ‚P‚S‚W‚Q”Τ‚T,,"146,000 ","143,000 ",2.1 ,114 ,‘δ`,1,1.5,Z‘ξ,W,2F,,κ”ΚZ‘ξ‚Μ’†‚Ι‹σ’n“™‚ª©‚η‚κ‚ιZ‘ξ’nζ,s“Ή,“,4.6,,,,ƒKƒX,…“Ή,‰Ί…“Ή,γ–k‘δ,,"1,100 ",‚P’ακ,,40 ,80 ,,‚“x,,,,,,,,,
›,13220 ,6 ,“‘εa,0 ,7 ,‘½–€,–k‘½–€,“‘εas,‘ •~“ρ’–Ϊ‚R‚U‚P”Τ‚T,,"142,000 ","139,000 ",2.2 ,168 ,,1,1.5,Z‘ξ,W,2F,,κ”ΚZ‘ξ‚Μ‚Ω‚©‚Ι“X•ά“™‚ΰ©‚η‚κ‚ιZ‘ξ’nζ,“s“Ή,–k,9,,,,ƒKƒX,…“Ή,‰Ί…“Ή,γ–k‘δ,,"1,200 ",‚Q’†κ,€–h,60 ,200 ,,‚“x,,,,,,,,,
›,13220 ,6 ,“‘εa,0 ,8 ,‘½–€,–k‘½–€,“‘εas,γ–k‘δκ’–Ϊ‚W‚W‚U”Τ‚S,,"200,000 ","196,000 ",2.0 ,208 ,,1.2,1,Z‘ξ,LS,2F,,‹ζ‰ζ®‘R‚Ζ‚µ‚½’†‹K–Νκ”ΚZ‘ξ‚ª‚Ώ•ΐ‚Τ’nζ,s“Ή,Ό,6,,,,ƒKƒX,…“Ή,‰Ί…“Ή,γ–k‘δ,,550 ,‚P’ακ,€–h,50 ,100 ,,‚“x,,,,,,,,,
›,13220 ,6 ,“‘εa,0 ,9 ,‘½–€,–k‘½–€,“‘εas,“μXκ’–Ϊ‚R‚V”Τ‚Q,,"219,000 ","214,000 ",2.3 ,127 ,,1.2,1,Z‘ξ,W,2F,,κ”ΚZ‘ξ“™‚ª‚Ώ•ΐ‚Τ‹ζ‰ζ®‘R‚Ζ‚µ‚½Z‘ξ’nζ,s“Ή,“μ“,4,,,,ƒKƒX,…“Ή,‰Ί…“Ή,“‘εas,,850 ,‚P’ακ,€–h,50 ,100 ,,‚“x,,,,,*,13220 ,0 ,6 ,"217,000 "
›,13220 ,6 ,“‘εa,0 ,10 ,‘½–€,–k‘½–€,“‘εas,΄…Z’–Ϊ‚P‚P‚W‚S”Τ‚R,,"151,000 ","148,000 ",2.0 ,163 ,‘δ`,1,2,Z‘ξ,W,2F,,’†¬‹K–Νκ”ΚZ‘ξ‚ª‘½‚ΆZ‘ξ’nζ,s“Ή,–k,3.8,,,,ƒKƒX,…“Ή,‰Ί…“Ή,•‘ ‘εa,,"1,300 ",‚P’ακ,,40 ,80 ,,‚“x,,,,,,,,,
›,13220 ,6 ,“‘εa,5 ,1 ,‘½–€,–k‘½–€,“‘εas,‹·RO’–Ϊ‚P‚R‚P‚P”Τ‚S,,"170,000 ","168,000 ",1.2 ,285 ,,1,2.5,“X•ά“Z‘ξ,W,2F,,“s“Ή‰‚Ά‚Ι“X•ά•Ή—pZ‘ξ‚ª©‚η‚κ‚ι‹ί—Χ¤‹Ζ’nζ,“s“Ή,“μ“,9,,,,ƒKƒX,…“Ή,‰Ί…“Ή,•‘ ‘εa,,500 ,‹ί¤,€–h,80 ,200 ,,‚“x,,,,,,,,,
,13220 ,6 ,“‘εa,5 ,2 ,‘½–€,–k‘½–€,“‘εas,“μX“ρ’–Ϊ‚P”Τ‚U,,"208,000 ",,,231 ,‘δ`,1,2.5,“X•ά“Z‘ξ,RC,3F,,“X•άA•a‰@“™‚ª¬έ‚·‚ιHό‰‚Ά‚Μ‹ί—Χ¤‹Ζ’nζ,“s“Ή,–k“,11,,”w–Κ“Ή,,ƒKƒX,…“Ή,‰Ί…“Ή,“‘εas,,"1,100 ",‹ί¤,€–h,80 ,300 ,,‚“x,,,,,,,,,
›,13221 ,6 ,΄£,0 ,1 ,‘½–€,–k‘½–€,΄£s,–μ‰–κ’–Ϊ‚P‚U‚W”Τ‚P‚R,,"203,000 ","198,000 ",2.5 ,211 ,,1,1,Z‘ξ,W,2F,,’†¬‹K–Νκ”ΚZ‘ξ‚ª‘½‚ΆZ‘ξ’nζ,s“Ή,Ό,4,,,,ƒKƒX,…“Ή,‰Ί…“Ή,H’Γ,,700 ,‚P’ακ,€–h,50 ,100 ,,‚“x,,,,,,,,,
›,13221 ,6 ,΄£,0 ,2 ,‘½–€,–k‘½–€,΄£s,”~‰€O’–Ϊ‚P‚U‚P‚O”Τ‚P‚O,”~‰€‚R|‚P‚V|‚R,"206,000 ","201,000 ",2.5 ,116 ,,1,2,Z‘ξ,W,2F,,’†¬‹K–Νκ”ΚZ‘ξ‚ª‘½‚ΆZ‘ξ’nζ,s“Ή,“μ,4.5,,,,ƒKƒX,…“Ή,‰Ί…“Ή,H’Γ,,820 ,‚P’†κ,€–h,60 ,200 ,,‚“x,,,,,,,,,
›,13221 ,6 ,΄£,0 ,3 ,‘½–€,–k‘½–€,΄£s,ΌR“ρ’–Ϊ‚X‚V‚V”Τ‚R‚PO,ΌR‚Q|‚W|‚U,"292,000 ","286,000 ",2.1 ,173 ,,1,1.2,Z‘ξ,LS,2F,,κ”ΚZ‘ξ‚Ιƒ}ƒ“ƒVƒ‡ƒ“‚ª¬έ‚·‚ιZ‘ξ’nζ,s“Ή,“μ“,6.3,,,,ƒKƒX,…“Ή,‰Ί…“Ή,΄£,,460 ,‚P’†κ,€–h,60 ,200 ,,‚“x,,,,,*,13221 ,0 ,1 ,"288,000 "
›,13221 ,6 ,΄£,0 ,4 ,‘½–€,–k‘½–€,΄£s,’†—Άl’–Ϊ‚V‚O‚P”Τ‚R‚W,,"154,000 ","151,000 ",2.0 ,202 ,,1,1,Z‘ξ,W,2F,,’†‹K–Νκ”ΚZ‘ξ‚ª‘½‚Ά®‘R‚Ζ‚µ‚½Z‘ξ’nζ,s“Ή,“μ,6,,,,ƒKƒX,…“Ή,‰Ί…“Ή,΄£,,"2,000 ",‚P’ακ,€–h,50 ,100 ,,‚“x,,,,,,,,,
,13221 ,6 ,΄£,0 ,5 ,‘½–€,–k‘½–€,΄£s,’†—ΆO’–Ϊ‚P‚V‚R‚P”Τ‚UO,,"207,000 ",,,207 ,‘δ`,1,1.5,“X•ά“‹¤“―Z‘ξ,S,3F,,“X•άA‹¤“―Z‘ξA”_’n“™‚ª¬έ‚·‚ι‰“ΉZ‘ξ’nζ,“s“Ή,Ό,9.5,,,,,…“Ή,‰Ί…“Ή,΄£,,900 ,‚Q’†κ,€–h,60 ,200 ,,‚“x,,,,,,,,,
›,13221 ,6 ,΄£,0 ,6 ,‘½–€,–k‘½–€,΄£s,‰Ί΄Λκ’–Ϊ‚R‚U‚V”Τ‚U,,"156,000 ","152,000 ",2.6 ,198 ,,1.2,1,Z‘ξ,W,2F,,κ”ΚZ‘ξ‚β”_‰ΖZ‘ξ‚ª‘½‚­©σ‚―‚η‚κ‚ιZ‘ξ’nζ,s“Ή,“,6,,,,ƒKƒX,…“Ή,‰Ί…“Ή,΄£,,"2,300 ",‚P’ακ,€–h,50 ,100 ,,‚“x,,,,,,,,,
›,13221 ,6 ,΄£,0 ,7 ,‘½–€,–k‘½–€,΄£s,’†΄Λκ’–Ϊ‚U‚O‚Q”Τ‚P‚P,,"221,000 ","216,000 ",2.3 ,109 ,,1,1.5,Z‘ξ,W,2F,,’†¬‹K–Νκ”ΚZ‘ξ‚Μ‚Ω‚©”_’n‚ΰ©‚η‚κ‚ιZ‘ξ’nζ,s“Ή,“μΌ,5,,,,ƒKƒX,…“Ή,‰Ί…“Ή,΄£,,900 ,‚P’ακ,€–h,50 ,100 ,,‚“x,,,,,,,,,
›,13221 ,6 ,΄£,0 ,8 ,‘½–€,–k‘½–€,΄£s,ΌRO’–Ϊ‚P‚Q‚W‚R”Τ‚T‚VO,ΌR‚R|‚Q‚U|‚P,"238,000 ","232,000 ",2.6 ,100 ,,1,1,Z‘ξ,W,2F,,’†¬‹K–Νκ”ΚZ‘ξ‚ª‚Ώ•ΐ‚ΤZ‘ξ’nζ,s“Ή,“μΌ,4.5,,,,ƒKƒX,…“Ή,‰Ί…“Ή,΄£,,900 ,‚P’ακ,€–h,50 ,100 ,,‚“x,,,,,,,,,
›,13221 ,6 ,΄£,0 ,9 ,‘½–€,–k‘½–€,΄£s,’†΄Λ“ρ’–Ϊ‚U‚R‚U”Τ‚R‚S,,"195,000 ","190,000 ",2.6 ,230 ,,1.2,1,Z‘ξ,W,2F,,’†‹K–Νκ”ΚZ‘ξ’†S‚Μ‹ζ‰ζ®‘R‚Ζ‚µ‚½Z‘ξ’nζ,s“Ή,–k“,4,,,,ƒKƒX,…“Ή,‰Ί…“Ή,΄£,,"1,500 ",‚P’ακ,€–h,50 ,100 ,,‚“x,,,,,,,,,
›,13221 ,6 ,΄£,0 ,10 ,‘½–€,–k‘½–€,΄£s,’†—Άά’–Ϊ‚P‚O‚S”Τ‚P‚S,,"152,000 ","149,000 ",2.0 ,106 ,,1,1.5,Z‘ξ,W,2F,,κ”ΚZ‘ξ‚π’†S‚Ι‹¤“―Z‘ξ‚ΰU©‚³‚κ‚ιZ‘ξ’nζ,s“Ή,–k“,5,,,,ƒKƒX,…“Ή,‰Ί…“Ή,΄£,,"2,700 ",€H,€–h,60 ,200 ,,‚“x,,,,,,,,,
›,13221 ,6 ,΄£,5 ,1 ,‘½–€,–k‘½–€,΄£s,³’¬κ’–Ϊ‚Q”Τ,³’¬‚P|‚Q|‚P‚P,"483,000 ","470,000 ",2.8 ,914 ,‘δ`,2,1,“X•ά“––±,SRC,7F,,‚‘w‚Μ“X•άA––±“™‚ª‚Ώ•ΐ‚Τ‰w‘O‚Μ¤‹Ζ’nζ,s“Ή,Ό,0,‰w‘OLκ,‘¤“Ή,–k,ƒKƒX,…“Ή,‰Ί…“Ή,΄£,‰w‘OLκΪ–Κ,,¤‹Ζ,–h‰Ξ,80 ,500 ,,,,,,,,,,,
›,13221 ,6 ,΄£,5 ,2 ,‘½–€,–k‘½–€,΄£s,ΌRκ’–Ϊ‚X‚X‚V”Τ‚S,ΌR‚P|‚P‚P|‚P‚Q,"444,000 ","433,000 ",2.5 ,389 ,‘δ`,1,1.2,“X•ά“––±,SRC,5F,1B,¬”„“X•άAωH“X•ά‚Μ‘½‚Ά‰w‘O¤‹Ζ’nζ,s“Ή,“μ“,6,,,,ƒKƒX,…“Ή,‰Ί…“Ή,΄£,,80 ,¤‹Ζ,–h‰Ξ,80 ,400 ,,,,,,,*,13221 ,5 ,1 ,"437,000 "
›,13222 ,6 ,“‹v—―•Δ,0 ,1 ,‘½–€,–k‘½–€,“‹v—―•Δs,‹ΰR’¬“ρ’–Ϊ‚T‚V‚U”Τ‚Q‚O,‹ΰR’¬‚Q|‚P‚W|‚V,"192,000 ","187,000 ",2.7 ,110 ,,1.5,1,Z‘ξ,W,2F,,¬‹K–Νκ”ΚZ‘ξAƒAƒp[ƒg“™‚ª¬έ‚·‚ιZ‘ξ’nζ,„“Ή,–k,4,,,,ƒKƒX,…“Ή,‰Ί…“Ή,“‹v—―•Δ,,"1,500 ",‚P’ακ,,40 ,80 ,,‚“x,,,,,,,,,
›,13222 ,6 ,“‹v—―•Δ,0 ,2 ,‘½–€,–k‘½–€,“‹v—―•Δs,‰Ί—Ά“ρ’–Ϊ‚P‚O‚P‚R”Τ‚P‚X,‰Ί—Ά‚Q|‚P‚P|‚R,"172,000 ","168,000 ",2.4 ,110 ,,1,1.5,Z‘ξ,W,2F,,κ”ΚZ‘ξ‚Μ‚Ω‚©ό•Σ‚Ι‚Ν”_’n‚ΰc‚ιZ‘ξ’nζ,s“Ή,“μΌ,5,,,,ƒKƒX,…“Ή,‰Ί…“Ή,΄£,,"2,400 ",‚P’ακ,,40 ,80 ,,‚“x,,,,,,,,,
›,13222 ,6 ,“‹v—―•Δ,0 ,3 ,‘½–€,–k‘½–€,“‹v—―•Δs,‘O‘ςά’–Ϊ‚Q‚X”Τ‚Q,‘O‘ς‚T|‚Q‚X|‚Q‚P,"203,000 ","198,000 ",2.5 ,264 ,,1,1,Z‘ξ,W,2F,,’†‹K–Νκ”ΚZ‘ξ‚ª‘½‚Ά‹ζ‰ζ®‘R‚Ζ‚µ‚½Z‘ξ’nζ,s“Ή,“,6,,,,ƒKƒX,…“Ή,‰Ί…“Ή,‰Τ¬‹ΰδ,,"2,000 ",‚P’ακ,€–h,60 ,150 ,,‚“x,,,,,*,13222 ,0 ,11 ,"200,000 "
›,13222 ,6 ,“‹v—―•Δ,0 ,4 ,‘½–€,–k‘½–€,“‹v—―•Δs,“μ‘ςO’–Ϊ‚P‚X‚O”Τ‚VO,“μ‘ς‚R|‚P‚R|‚P‚O,"198,000 ","194,000 ",2.1 ,108 ,,1,1.5,Z‘ξ,W,2F,,¬‹K–Νκ”ΚZ‘ξ‚β”_‰ΖZ‘ξ‚ª©‚η‚κ‚ιZ‘ξ’nζ,s“Ή,“μ“,6.3,,,,ƒKƒX,…“Ή,‰Ί…“Ή,“‹v—―•Δ,,"1,400 ",‚P’ακ,,30 ,60 ,,‚“x,,,,,,,,,
›,13222 ,6 ,“‹v—―•Δ,0 ,5 ,‘½–€,–k‘½–€,“‹v—―•Δs,’†‰›’¬“ρ’–Ϊ‚P‚R‚R‚O”Τ‚Q‚R,’†‰›’¬‚Q|‚P‚P|‚Q‚Q,"212,000 ","206,000 ",2.9 ,126 ,,1.5,1,Z‘ξ,LS,2F,,κ”ΚZ‘ξAƒAƒp[ƒg“™‚ª¬έ‚·‚ιZ‘ξ’nζ,s“Ή,Ό,5,,,,ƒKƒX,…“Ή,‰Ί…“Ή,“‹v—―•Δ,,"1,500 ",‚P’ακ,,40 ,80 ,,‚“x,,,,,,,,,
›,13222 ,6 ,“‹v—―•Δ,0 ,6 ,‘½–€,–k‘½–€,“‹v—―•Δs,–μ‰Ξ~O’–Ϊ‚P‚S‚V‚V”Τ‚X‚T,–μ‰Ξ~‚R|‚Q‚O|‚P‚S,"187,000 ","183,000 ",2.2 ,136 ,,1,1.2,Z‘ξ,W,2F,,’†‹K–Ν‚Μκ”ΚZ‘ξ‚ª‘½‚ΆZ‘ξ’nζ,s“Ή,“μΌ,4,,,,ƒKƒX,…“Ή,‰Ί…“Ή,΄£,,"1,800 ",‚P’ακ,,40 ,80 ,,‚“x,,,,,,,,,
›,13222 ,6 ,“‹v—―•Δ,0 ,7 ,‘½–€,–k‘½–€,“‹v—―•Δs,’†‰›’¬O’–Ϊ‚P‚T‚R‚X”Τ‚Q‚P,’†‰›’¬‚R|‚Q‚R|‚P‚U,"182,000 ","177,000 ",2.8 ,115 ,,1,1.2,Z‘ξ,W,2F,,κ”ΚZ‘ξ‚Μ‚Ω‚©”_’n‚ΰ©‚η‚κ‚ιZ‘ξ’nζ,s“Ή,“μ“,5,,,,ƒKƒX,…“Ή,‰Ί…“Ή,“‹v—―•Δ,,"2,100 ",‚P’ακ,,40 ,80 ,,‚“x,,,,,,,,,
›,13222 ,6 ,“‹v—―•Δ,0 ,8 ,‘½–€,–k‘½–€,“‹v—―•Δs,‘O‘ςκ’–Ϊ‚X‚S‚O”Τ‚P‚T,‘O‘ς‚P|‚S|‚S‚Q,"189,000 ","184,000 ",2.7 ,110 ,,1,2,Z‘ξ,W,2F,,κ”ΚZ‘ξ‚Μ‚Ω‚©ό•Σ‚Ι‚Ν”_’n‚ΰc‚ιZ‘ξ’nζ,s“Ή,Ό,6,,,,ƒKƒX,…“Ή,‰Ί…“Ή,‰Τ¬‹ΰδ,,"2,700 ",‚P’ακ,,40 ,80 ,,‚“x,,,,,,,,,
›,13222 ,6 ,“‹v—―•Δ,0 ,9 ,‘½–€,–k‘½–€,“‹v—―•Δs,Vμ’¬κ’–Ϊ‚X‚S”Τ‚P‚X,Vμ’¬‚P|‚P‚Q|‚R,"286,000 ","279,000 ",2.5 ,115 ,,1,1.2,Z‘ξ,W,2F,,κ”ΚZ‘ξAƒAƒp[ƒg“™‚ª¬έ‚·‚ιZ‘ξ’nζ,s“Ή,–k,5,,,,ƒKƒX,…“Ή,‰Ί…“Ή,“‹v—―•Δ,,400 ,‚P’ακ,,40 ,80 ,,‚“x,,,,,*,13222 ,0 ,5 ,"282,000 "
›,13222 ,6 ,“‹v—―•Δ,0 ,10 ,‘½–€,–k‘½–€,“‹v—―•Δs,–φE“ρ’–Ϊ‚P‚Q‚T”Τ‚W,–φE‚Q|‚P‚T|‚Q‚R,"182,000 ","178,000 ",2.2 ,102 ,,1,1.5,Z‘ξ,W,2F,,¬‹K–Νκ”ΚZ‘ξ‚ª®‘R‚Ζ‚Ώ•ΐ‚ΤZ‘ξ’nζ,„“Ή,–k“,4.5,,,,ƒKƒX,…“Ή,‰Ί…“Ή,¬•½,,"1,600 ",‚P’ακ,,40 ,80 ,,‚“x,,,,,,,,,
›,13222 ,6 ,“‹v—―•Δ,0 ,11 ,‘½–€,–k‘½–€,“‹v—―•Δs,¬Rκ’–Ϊ‚P‚O‚W”Τ‚RO,¬R‚P|‚V|‚W,"230,000 ","224,000 ",2.7 ,131 ,,1,1.5,Z‘ξ,W,2F,,’†¬‹K–Νκ”ΚZ‘ξ‚ª‘½‚ΆZ‘ξ’nζ,s“Ή,–kΌ,5.4,,,,ƒKƒX,…“Ή,‰Ί…“Ή,“‹v—―•Δ,,730 ,‚P’ακ,,40 ,80 ,,‚“x,,,,,,,,,
›,13222 ,6 ,“‹v—―•Δ,5 ,1 ,‘½–€,–k‘½–€,“‹v—―•Δs,K’¬O’–Ϊ‚P‚P‚U‚S”Τ‚P‚P,K’¬‚R|‚S|‚S,"249,000 ","243,000 ",2.5 ,190 ,,1,2,“X•ά“‹¤“―Z‘ξ,LS,2F,,“X•ά•Ή—pZ‘ξ“™‚ª‚Ώ•ΐ‚ΤHό¤‹Ζ’nζ,s“Ή,“μ“,9.7,,,,ƒKƒX,…“Ή,‰Ί…“Ή,“‹v—―•Δ,,"1,200 ",‹ί¤,€–h,80 ,200 ,,‚“x,,,,,,,,,
›,13222 ,6 ,“‹v—―•Δ,5 ,2 ,‘½–€,–k‘½–€,“‹v—―•Δs,–{’¬κ’–Ϊ‚S”Τ‚U,–{’¬‚P|‚S|‚P,"536,000 ","522,000 ",2.7 ,"1,422 ",,1,1,––±,SRC,8F,1B,’†‚‘w‚Μ“X•ά“‹¤“―Z‘ξ‚ª‚Ώ•ΐ‚Τ‰w‘O¤‹Ζ’nζ,s“Ή,–k“,0,‰w‘OLκ,O•ϋH,,ƒKƒX,…“Ή,‰Ί…“Ή,“‹v—―•Δ,‰w‘OLκΪ–Κ,,¤‹Ζ,–h‰Ξ,80 ,400 ,,,,,,,,,,,
›,13223 ,6 ,•‘ ‘ΊR,0 ,1 ,‘½–€,–k‘½–€,•‘ ‘ΊRs,‘ε“μκ’–Ϊ‚X‚V”Τ‚Q,,"147,000 ","144,000 ",2.1 ,198 ,,1,1.2,Z‘ξ,W,2F,,’†‹K–ΝZ‘ξAƒAƒp[ƒg“™‚Μ¬έ‚·‚ιZ‘ξ’nζ,s“Ή,“μ,6,,,,,…“Ή,‰Ί…“Ή,•‘ »μ,,"1,700 ",‚P’ακ,,40 ,80 ,,‚“x,,,,,,,,,
›,13223 ,6 ,•‘ ‘ΊR,0 ,2 ,‘½–€,–k‘½–€,•‘ ‘ΊRs,Oƒc–Ψά’–Ϊ‚P‚X”Τ‚P‚Q,,"52,000 ","52,000 ",0.0 ,156 ,‘δ`,1.2,1,Z‘ξ,W,2F,,κ”ΚZ‘ξ‚Μ‚Ω‚©‹σ’n“™‚ΰ©‚η‚κ‚ιR‚ΜZ‘ξ’nζ,s“Ή,–kΌ,4,,,,,…“Ή,‰Ί…“Ή,•‘ »μ,,"4,700 ",‚P’ακ,,30 ,50 ,,‚“x,’²‹ζ,,,,,,,,
›,13223 ,6 ,•‘ ‘ΊR,0 ,3 ,‘½–€,–k‘½–€,•‘ ‘ΊRs,’†“΅ά’–Ϊ‚S‚T”Τ‚VO,,"120,000 ","118,000 ",1.7 ,340 ,,1,1.5,Z‘ξ,W,2F,,κ”ΚZ‘ξ“™‚ª‚Ώ•ΐ‚ΤΒ”~X“Ή‰‚Ά‚ΜZ‘ξ’nζ,“s“Ή,“μΌ,8,,,,,…“Ή,‰Ί…“Ή,γ–k‘δ,,"1,700 ",‚PZ‹,€–h,60 ,200 ,,‚“x,,,,,,,,,
›,13223 ,6 ,•‘ ‘ΊR,0 ,4 ,‘½–€,–k‘½–€,•‘ ‘ΊRs,Ι“ή•½ά’–Ϊ‚R‚O”Τ‚R‚P,,"120,000 ","118,000 ",1.7 ,110 ,,1,2,Z‘ξ,W,2F,,κ”ΚZ‘ξ‚ª‘½‚­©‚η‚κ‚ιZ‘ξ’nζ,s“Ή,–k,5,,,,ƒKƒX,…“Ή,‰Ί…“Ή,Ό•—§μ,,"2,100 ",‚P’ακ,,40 ,80 ,,‚“x,,,,,,,,,
›,13223 ,6 ,•‘ ‘ΊR,0 ,5 ,‘½–€,–k‘½–€,•‘ ‘ΊRs,c–x“ρ’–Ϊ‚R”Τ‚P‚O,,"115,000 ","113,000 ",1.8 ,110 ,,1,1.2,Z‘ξ,W,2F,,¬‹K–Νκ”ΚZ‘ξ‚ª‘½‚­©‚η‚κ‚ιZ‘ξ’nζ,s“Ή,“,5,,,,,…“Ή,‰Ί…“Ή,Ό•—§μ,,"3,000 ",‚P’ακ,,40 ,80 ,,‚“x,,,,,,,,,
›,13223 ,6 ,•‘ ‘ΊR,0 ,6 ,‘½–€,–k‘½–€,•‘ ‘ΊRs,Oƒc–Ψκ’–Ϊ‚P‚W”Τ‚S,,"105,000 ","103,000 ",1.9 ,231 ,,1,2.5,Z‘ξ,W,2F,,’†‹K–Νκ”ΚZ‘ξ‚Μ’†‚Ι‹σ’n“™‚ª©‚η‚κ‚ιZ‘ξ’nζ,s“Ή,“,4.5,,,,,…“Ή,‰Ί…“Ή,Ό•—§μ,,"3,900 ",‚P’ακ,,40 ,80 ,,‚“x,,,,,,,,,
›,13223 ,6 ,•‘ ‘ΊR,0 ,7 ,‘½–€,–k‘½–€,•‘ ‘ΊRs,‰|“ρ’–Ϊ‚P‚W”Τ‚Q,,"137,000 ","134,000 ",2.2 ,139 ,,1,1,Z‘ξ,W,2F,,’†¬‹K–Ν‚Μκ”ΚZ‘ξ‚ª‘½‚Άω¬Z‘ξ’nζ,s“Ή,Ό,6,,,,ƒKƒX,…“Ή,‰Ί…“Ή,•‘ »μ,,"2,300 ",‚P’ακ,,40 ,80 ,,‚“x,,,,,,,,,
›,13223 ,6 ,•‘ ‘ΊR,0 ,8 ,‘½–€,–k‘½–€,•‘ ‘ΊRs,‘ε“μκ’–Ϊ‚P‚T‚W”Τ‚P,,"161,000 ","158,000 ",1.9 ,113 ,‘δ`,1,2,Z‘ξ,W,2F,,κ”ΚZ‘ξAƒAƒp[ƒg“™‚ª¬έ‚·‚ιZ‘ξ’nζ,s“Ή,“,5.5,,,,,…“Ή,‰Ί…“Ή,•‘ »μ,,"1,000 ",‚P’†κ,€–h,60 ,200 ,,‚“x,,,,,*,13223 ,0 ,1 ,"159,000 "
›,13223 ,6 ,•‘ ‘ΊR,0 ,9 ,‘½–€,–k‘½–€,•‘ ‘ΊRs,’†‰›κ’–Ϊ‚Q‚U”Τ‚Q,,"117,000 ","115,000 ",1.7 ,109 ,,1,1.5,Z‘ξ,W,2F,,κ”ΚZ‘ξ‚Μ‚Ω‚©‚ΙƒAƒp[ƒg“™‚ΰ©‚η‚κ‚ιZ‘ξ’nζ,“ΉH,–kΌ,6,,,,,…“Ή,‰Ί…“Ή,•‘ »μ,,"3,400 ",‚P’ακ,,40 ,80 ,,‚“x,,,,,,,,,
›,13223 ,6 ,•‘ ‘ΊR,5 ,1 ,‘½–€,–k‘½–€,•‘ ‘ΊRs,‘ε“μκ’–Ϊ‚P‚R‚Q”Τ‚S,,"158,000 ","155,000 ",1.9 ,160 ,,1,2,“X•ά,W,1F,,’†‹K–Ν‚Μ“X•άA––±“™‚ª‚Ώ•ΐ‚ΤHό¤‹Ζ’nζ,“s“Ή,“μΌ,12,,,,,…“Ή,‰Ί…“Ή,•‘ »μ,,"1,700 ",‹ί¤,€–h,80 ,200 ,,‚“x,,,,,,,,,
›,13223 ,6 ,•‘ ‘ΊR,5 ,2 ,‘½–€,–k‘½–€,•‘ ‘ΊRs,Ι“ή•½ά’–Ϊ‚R‚X”Τ‚U,,"129,000 ","126,000 ",2.4 ,396 ,,1,1.5,“X•ά,W,1F,,’†¬‹K–Ν‚Μ“X•ά“™‚ª‚Ώ•ΐ‚ΤHό¤‹Ζ’nζ,“s“Ή,“,10.6,,,,,…“Ή,‰Ί…“Ή,Ό•—§μ,,"2,100 ",‹ί¤,€–h,80 ,200 ,,‚“x,,,,,,,,,
›,13224 ,6 ,‘½–€,0 ,1 ,‘½–€,“μ‘½–€,‘½–€s,Aυ›O’–Ϊ‚R‚T”Τ‚P‚Q,,"140,000 ","140,000 ",0.0 ,247 ,‘δ`,1,1,Z‘ξ,LS,2F,,’†‹K–Νκ”ΚZ‘ξ‚ª‚Ώ•ΐ‚Τ‚‘δ‚Μ•ªχZ‘ξ’nζ,s“Ή,–k,4.5,,,,ƒKƒX,…“Ή,‰Ί…“Ή,ΉΦχƒ–‹u,,"1,700 ",‚P’ακ,,40 ,80 ,,‚“x,,,“s—§φ,•’Κ,,,,,
›,13224 ,6 ,‘½–€,0 ,2 ,‘½–€,“μ‘½–€,‘½–€s,ΦΛO’–Ϊ‚P‚R”Τ‚Q,,"207,000 ","201,000 ",3.0 ,124 ,,2,1,Z‘ξ,W,2F,,’†¬‹K–ΝZ‘ξ‚Μ‚Ω‚©‹¤“―Z‘ξ“™‚Μ¬έ‚·‚ι’nζ,s“Ή,–k“,4,,,,ƒKƒX,…“Ή,‰Ί…“Ή,ΉΦχƒ–‹u,,800 ,‚P’ακ,,40 ,80 ,,‚“x,,,“s—§φ,•’Κ,,,,,
›,13224 ,6 ,‘½–€,0 ,3 ,‘½–€,“μ‘½–€,‘½–€s,‘ε“›•ϋZ†‚V‚T‚X”Τ‚P,,"168,000 ","166,000 ",1.2 ,146 ,‘δ`,1,1.2,Z‘ξ,W,2F,,κ”ΚZ‘ξ‚Μ‚Ω‚©ƒAƒp[ƒg“™‚ª©‚η‚κ‚ιZ‘ξ’nζ,s“Ή,–k“,8.8,,,,ƒKƒX,…“Ή,‰Ί…“Ή,ΉΦχƒ–‹u,,"1,700 ",‚P’ακ,,40 ,80 ,,‚“x,,,“s—§φ,•’Κ,,,,,
›,13224 ,6 ,‘½–€,0 ,4 ,‘½–€,“μ‘½–€,‘½–€s,‰iRά’–Ϊ‚Q‚T”Τ‚P‚O,,"142,000 ","141,000 ",0.7 ,202 ,,1,1.5,Z‘ξ,LS,2F,,’†‹K–Νκ”ΚZ‘ξ‚ª‘½‚Ά‹ζ‰ζ®‘R‚Ζ‚µ‚½Z‘ξ’nζ,s“Ή,“μ“,6,,,,ƒKƒX,…“Ή,‰Ί…“Ή,‹‰¤‰iR,,"1,900 ",‚P’ακ,,40 ,80 ,,‚“x,,,,,,,,,
›,13224 ,6 ,‘½–€,0 ,5 ,‘½–€,“μ‘½–€,‘½–€s,κƒm‹{l’–Ϊ‚P‚R”Τ‚P‚R,,"287,000 ","276,000 ",4.0 ,211 ,,1.2,1,Z‘ξ,W,2F,,’†‹K–Νκ”ΚZ‘ξ‚ª‘½‚Ά‹ζ‰ζ®‘R‚Ζ‚µ‚½Z‘ξ’nζ,s“Ή,“μ,4,,,,ƒKƒX,…“Ή,‰Ί…“Ή,ΉΦχƒ–‹u,,680 ,‚P’ακ,,40 ,80 ,,‚“x,,,“s—§φ,•’Κ,*,13224 ,0 ,8 ,"282,000 "
›,13224 ,6 ,‘½–€,0 ,6 ,‘½–€,“μ‘½–€,‘½–€s,’ί–qκ’–Ϊ‚P‚Q”Τ‚P‚P,,"217,000 ","209,000 ",3.8 ,258 ,,1,1.2,Z‘ξ,W,2F,,’†‹K–Νκ”ΚZ‘ξ‚Μ‚Ω‚©‹¤“―Z‘ξ‚ΰ‘½‚ΆZ‘ξ’nζ,s“Ή,–kΌ,6,,,,ƒKƒX,…“Ή,‰Ί…“Ή,‹‰¤‘½–€ƒZƒ“ƒ^[,,900 ,‚Q’†κ,€–h,60 ,200 ,,‚“x,,,,,,,,,
›,13224 ,6 ,‘½–€,0 ,7 ,‘½–€,“μ‘½–€,‘½–€s,ξ“c‚P‚P‚V‚S”Τ‚Q,,"188,000 ","181,000 ",3.9 ,259 ,,1,1,Z‘ξ,W,2F,,’†¬‹K–Ν‚Μκ”ΚZ‘ξ‚ª‚Ώ•ΐ‚ΤZ‘ξ’nζ,s“Ή,“μ“,6,,,,ƒKƒX,…“Ή,‰Ί…“Ή,‹‰¤‰iR,,900 ,‚Q’†κ,€–h,60 ,200 ,,‚“x,,,,,,,,,
›,13224 ,6 ,‘½–€,0 ,8 ,‘½–€,“μ‘½–€,‘½–€s,ΉƒP‹uO’–Ϊ‚T‚T”Τ‚W,,"169,000 ","169,000 ",0.0 ,207 ,,1,1.5,Z‘ξ,W,2F,,’†‹K–Νκ”ΚZ‘ξ‚ª‘½‚Ά‹ζ‰ζ®‘R‚Ζ‚µ‚½Z‘ξ’nζ,s“Ή,“μ,6,,,,ƒKƒX,…“Ή,‰Ί…“Ή,‹‰¤‰iR,,"1,300 ",‚P’ακ,,40 ,80 ,,‚“x,,,“s—§φ,•’Κ,,,,,
›,13224 ,6 ,‘½–€,0 ,9 ,‘½–€,“μ‘½–€,‘½–€s,χƒP‹u“ρ’–Ϊ‚P‚S”Τ‚R,,"158,000 ","156,000 ",1.3 ,355 ,,1,1.2,Z‘ξ,W,2F,,’†‹K–Ν‚Μκ”ΚZ‘ξ‚ª‚Ώ•ΐ‚ΤΥΓ‚ΘZ‘ξ’nζ,s“Ή,–kΌ,5,,,,ƒKƒX,…“Ή,‰Ί…“Ή,ΉΦχƒ–‹u,,"1,900 ",‚P’ακ,,40 ,80 ,,‚“x,,,“s—§φ,•’Κ,,,,,
›,13224 ,6 ,‘½–€,0 ,10 ,‘½–€,“μ‘½–€,‘½–€s,‘εa“cά†‚S‚V‚Q”Τ‚RO,,"157,000 ","155,000 ",1.3 ,267 ,,1.2,1,Z‘ξ,W,2F,,κ”ΚZ‘ξAƒAƒp[ƒgA”¨“™‚ª¬έ‚·‚ιZ‘ξ’nζ,s“Ή,“,6,,,,ƒKƒX,…“Ή,‰Ί…“Ή,ΉΦχƒ–‹u,,"2,400 ",‚P’ακ,,40 ,80 ,,‚“x,,,,,,,,,
›,13224 ,6 ,‘½–€,0 ,11 ,‘½–€,“μ‘½–€,‘½–€s,‘εa“c“ρ\†‚P‚V‚X‚O”Τ‚Q‚T,,"144,000 ","141,000 ",2.1 ,101 ,,1,1,Z‘ξ,W,2F,,¬‹K–Ν‚Μκ”ΚZ‘ξ‚Μ‚Ω‚©‹σ’n‚ΰ©‚η‚κ‚ιZ‘ξ’nζ,„“Ή,–kΌ,4,,,,ƒKƒX,…“Ή,‰Ί…“Ή,ΉΦχƒ–‹u,,"1,300 ",‚P’ακ,,40 ,80 ,,‚“x,,,,,,,,,
›,13224 ,6 ,‘½–€,0 ,12 ,‘½–€,“μ‘½–€,‘½–€s,χƒP‹uκ’–Ϊ‚S‚O”Τ‚P‚Q,,"162,000 ","160,000 ",1.3 ,309 ,,1,1,Z‘ξ,W,2F,,’†‹K–ΝZ‘ξ‚ª‚Ώ•ΐ‚Τ‹ζ‰ζ®‘R‚Ζ‚µ‚½Z‘ξ’nζ,s“Ή,“μ“,6,,,,ƒKƒX,…“Ή,‰Ί…“Ή,ΉΦχƒ–‹u,,"1,100 ",‚P’ακ,,40 ,80 ,,‚“x,,,“s—§φ,•’Κ,,,,,
›,13224 ,6 ,‘½–€,0 ,13 ,‘½–€,“μ‘½–€,‘½–€s,ΦΛά’–Ϊ‚Q‚T”Τ‚Q‚Q,,"204,000 ","196,000 ",4.1 ,263 ,,1,1.2,Z‘ξ,W,2F,,κ”ΚZ‘ξAƒAƒp[ƒg“™‚ª¬έ‚·‚ιω¬Z‘ξ’nζ,“s“Ή,“μ“,10,,,,ƒKƒX,…“Ή,‰Ί…“Ή,ΉΦχƒ–‹u,,850 ,‚Q’†κ,€–h,60 ,200 ,,‚“x,,,“s—§φ,•’Κ,,,,,
›,13224 ,6 ,‘½–€,0 ,14 ,‘½–€,“μ‘½–€,‘½–€s,ξ“c‚W‚R‚W”Τ‚P,,"201,000 ","193,000 ",4.1 ,157 ,,1,2.5,Z‘ξ,LS,2F,,Z‘ξAƒAƒp[ƒg‚ª¬έ‚·‚ι‹ζ‰ζ®—Ο‚ΜZ‘ξ’nζ,s“Ή,“μ“,6,,,,ƒKƒX,…“Ή,‰Ί…“Ή,‹‰¤‘½–€ƒZƒ“ƒ^[,,"1,100 ",‚PZ‹,€–h,60 ,200 ,,‚“x,,,,,*,13224 ,0 ,18 ,"198,000 "
›,13224 ,6 ,‘½–€,5 ,1 ,‘½–€,“μ‘½–€,‘½–€s,ΦΛ“ρ’–Ϊ‚S‚O”Τ‚Q‚V,,"886,000 ","820,000 ",8.0 ,224 ,‘δ`,1.2,1,––±,RC,6F,,’†‚‘w‚Μ“X•άA––±ƒrƒ‹“™‚ª¬έ‚·‚ι¤‹Ζ’nζ,s“Ή,Ό,18,,,,ƒKƒX,…“Ή,‰Ί…“Ή,ΉΦχƒ–‹u,,100 ,¤‹Ζ,–h‰Ξ,80 ,500 ,,,,,“s—§φ,•’Κ,,,,,
›,13224 ,6 ,‘½–€,5 ,2 ,‘½–€,“μ‘½–€,‘½–€s,ΦΛκ’–Ϊ‚P‚P”Τ‚X,,"792,000 ","735,000 ",7.8 ,220 ,‘δ`,2,1,“X•ά“––±,S,6F,,’†‚‘w‚Μ“X•άA––±ƒrƒ‹“™‚ª‚Ώ•ΐ‚Τ¤‹Ζ’nζ,“s“Ή,“μ,29,,,,ƒKƒX,…“Ή,‰Ί…“Ή,ΉΦχƒ–‹u,,100 ,¤‹Ζ,–h‰Ξ,80 ,500 ,,,,,“s—§φ,•’Κ,*,13224 ,5 ,5 ,"763,000 "
›,13224 ,6 ,‘½–€,5 ,3 ,‘½–€,“μ‘½–€,‘½–€s,“‚–Ψ“cκ’–Ϊ‚P”Τ‚Q,,"242,000 ","231,000 ",4.8 ,192 ,,1,1,‹¤“―Z‘ξ,S,3F,,“X•ά“‹¤“―Z‘ξA’“Τκ“™‚ª¬έ‚·‚ι¤‹Ζ’nζ,“s“Ή,“,20,,,,ƒKƒX,…“Ή,‰Ί…“Ή,“‚–Ψ“c,,160 ,‹ί¤,€–h,80 ,300 ,,‚“x,,,,,,,,,
›,13224 ,6 ,‘½–€,5 ,4 ,‘½–€,“μ‘½–€,‘½–€s,R‰¤‰Ίκ’–Ϊ‚P‚R”Τ‚P‚X,,"252,000 ","241,000 ",4.6 ,224 ,,1,1,“X•άA––±“‹¤“―Z‘ξ,RC,5F,,’†‘w‚Μ“X•ά“‹¤“―Z‘ξA––±“™‚Μ‘½‚Ά¤‹Ζ’nζ,“s“Ή,“μ,36,,,,ƒKƒX,…“Ή,‰Ί…“Ή,‹‰¤‘½–€ƒZƒ“ƒ^[,,550 ,‹ί¤,€–h,80 ,300 ,,‚“x,,,,,,,,,
›,13224 ,6 ,‘½–€,5 ,5 ,‘½–€,“μ‘½–€,‘½–€s,ξ“c‚P‚Q‚X‚T”Τ‚Q,,"224,000 ","215,000 ",4.2 ,320 ,,1,1.2,“X•ά“––±,S,2F,,“X•ά“––±A‹¤“―Z‘ξ“™‚ª‘½‚ΆHό¤‹Ζ’nζ,“s“Ή,–kΌ,36,,,,,…“Ή,‰Ί…“Ή,‹‰¤‰iR,,780 ,€Z‹,€–h,60 ,300 ,,‚“x,,,“s—§φ,•’Κ,,,,,
›,13224 ,6 ,‘½–€,5 ,6 ,‘½–€,“μ‘½–€,‘½–€s,‰iR“ρ’–Ϊ‚Q‚U”Τ‚P‚S,,"175,000 ","172,000 ",1.7 ,381 ,,1,1,“X•ά“Z‘ξ,W,2F,,“X•άAƒ}ƒ“ƒVƒ‡ƒ““™‚Μ¬έ‚·‚ιHό¤‹Ζ’nζ,“s“Ή,Ό,28,,,,,…“Ή,‰Ί…“Ή,‹‰¤‰iR,,"1,000 ",€Z‹,€–h,60 ,200 ,,‚“x,,,,,,,,,
›,13225 ,6 ,ξι,0 ,1 ,‘½–€,“μ‘½–€,ξιs,ό—z‘δ“ρ’–Ϊ‚S”Τ‚T‚O,,"242,000 ","232,000 ",4.3 ,181 ,,1,1,Z‘ξ,LS,2F,,κ”ΚZ‘ξ‚ª‚Ώ•ΐ‚Τ‹ζ‰ζ®‘R‚Ζ‚µ‚½Z‘ξ’nζ,s“Ή,“μ“,6,,,,ƒKƒX,…“Ή,‰Ί…“Ή,ξι,,"1,200 ",‚P’ακ,,40 ,80 ,,‚“x,,,,,,,,,
›,13225 ,6 ,ξι,0 ,2 ,‘½–€,“μ‘½–€,ξιs,‘ε–ξ–μϋª•ϋ‚Q‚X‚W‚R”Τ‚W,,"267,000 ","260,000 ",2.7 ,125 ,,1,2.5,‹¤“―Z‘ξ,W,2F,,κ”ΚZ‘ξAƒAƒp[ƒg‚Μ‚Ω‚©”¨‚ΰ©‚η‚κ‚ιZ‘ξ’nζ,s“Ή,–k,6,,,,ƒKƒX,…“Ή,‰Ί…“Ή,‹‰¤‚ζ‚έ‚¤‚θƒ‰ƒ“ƒh,,850 ,‚P’ακ,,40 ,80 ,,‚“x,,,,,,,,,
›,13225 ,6 ,ξι,0 ,3 ,‘½–€,“μ‘½–€,ξιs,‘ε–ξ–μϋΌ—t‚Q‚O‚X‚X”Τ‚WO,,"245,000 ","237,000 ",3.4 ,163 ,,1,1.5,Z‘ξ,W,2F,,’†¬‹K–Ν‚Μκ”ΚZ‘ξ‚ª‘½‚ΆZ‘ξ’nζ,s“Ή,“μΌ,4,,,,ƒKƒX,…“Ή,‰Ί…“Ή,‹‰¤‚ζ‚έ‚¤‚θƒ‰ƒ“ƒh,,700 ,‚P’ακ,,40 ,80 ,,‚“x,,,,,,,,,
›,13225 ,6 ,ξι,0 ,4 ,‘½–€,“μ‘½–€,ξιs,‘ε–ξ–μϋ’†“‡‚R‚V”Τ‚X,,"260,000 ","255,000 ",2.0 ,109 ,,1,2,Z‘ξ,W,2F,,¬‹K–Ν‚Θκ”ΚZ‘ξ‚ª‚Ώ•ΐ‚ΤZ‘ξ’nζ,„“Ή,Ό,5,,,,ƒKƒX,…“Ή,‰Ί…“Ή,–ξ–μϋ,,870 ,‚P’ακ,,40 ,80 ,,‚“x,,,,,,,,,
›,13225 ,6 ,ξι,0 ,5 ,‘½–€,“μ‘½–€,ξιs,‘ε“’·ΐκ†‚S‚U”Τ‚V,,"251,000 ","245,000 ",2.4 ,175 ,,1,1.5,Z‘ξ,W,2F,,κ”ΚZ‘ξAƒAƒp[ƒg‚ª©‚η‚κ‚ιZ‘ξ’nζ,“ΉH,–k“,4,,,,ƒKƒX,…“Ή,‰Ί…“Ή,ξι’·ΐ,,500 ,‚P’ακ,,40 ,80 ,,‚“x,,,,,,,,,
›,13225 ,6 ,ξι,0 ,6 ,‘½–€,“μ‘½–€,ξιs,‘ε‘εΫκ†‚P‚P‚Q”Τ‚RO,,"305,000 ","299,000 ",2.0 ,135 ,,1,3,“X•ά“Z‘ξ,W,2F,,Z‘ξA“X•ά“™‚ª‘¶‚·‚ι—•Φ«‚Μ—Η‚Ά¬έZ‘ξ’nζ,s“Ή,“,4.3,,,,ƒKƒX,…“Ή,‰Ί…“Ή,ξι’·ΐ,,300 ,‚Q’†κ,€–h,60 ,200 ,,‚“x,,,,,,,,,
›,13225 ,6 ,ξι,0 ,7 ,‘½–€,“μ‘½–€,ξιs,‘ε‰—§γΦ‚R‚X‚U”Τ‚Q‚X,,"254,000 ","246,000 ",3.3 ,120 ,,1,2,Z‘ξ,W,2F,,’†‹K–Νκ”ΚZ‘ξ‚ª‚Ώ•ΐ‚ΤZ‘ξ’nζ,s“Ή,–k“,6,,,,ƒKƒX,…“Ή,‰Ί…“Ή,ξι’·ΐ,,"1,000 ",‚P’ακ,,40 ,80 ,,‚“x,,,,,,,,,
›,13225 ,6 ,ξι,0 ,8 ,‘½–€,“μ‘½–€,ξιs,‘εβ•l“ρ†‚P‚P‚O”Τ‚R,,"216,000 ","213,000 ",1.4 ,198 ,‘δ`,1,2,“X•ά“Z‘ξ,W,2F,,κ”ΚZ‘ξ‚Μ‚Ω‚©–‹Ζ“™‚ª¬έ‚·‚ιZ‘ξ’nζ,“s“Ή,–kΌ,20,,,,,…“Ή,‰Ί…“Ή,ξι,,"1,200 ",‚Q’†κ,€–h,60 ,200 ,,‚“x,,,,,,,,,
›,13225 ,6 ,ξι,0 ,9 ,‘½–€,“μ‘½–€,ξιs,‘ε–ξ–μϋ’†“‡‚R‚V‚T‚O”Τ‚S‚TO,,"311,000 ","300,000 ",3.7 ,132 ,,1,1.2,Z‘ξ,W,2F,,κ”ΚZ‘ξ‚βƒAƒp[ƒg“™‚ª©‚η‚κ‚ιZ‘ξ’nζ,s“Ή,“μΌ,12,,,,ƒKƒX,…“Ή,‰Ί…“Ή,–ξ–μϋ,,300 ,‚Q’†κ,€–h,60 ,200 ,,‚“x,,,,,,,,,
›,13225 ,6 ,ξι,0 ,10 ,‘½–€,“μ‘½–€,ξιs,•½”φ“ρ’–Ϊ‚U‚Q”Τ‚P‚P,,"184,000 ","175,000 ",5.1 ,155 ,,1,2,Z‘ξ,W,2F,,’†‹K–Νκ”ΚZ‘ξ‚ª‚Ώ•ΐ‚ΤZ‘ξ’nζ,s“Ή,Ό,5,,,,ƒKƒX,…“Ή,‰Ί…“Ή,V•S‡ƒ–‹u,,"1,600 ",‚P’ακ,,40 ,80 ,,‚“x,,,,,,,,,
›,13225 ,6 ,ξι,0 ,11 ,‘½–€,“μ‘½–€,ξιs,’·•τ“ρ’–Ϊ‚Q‚T”Τ‚P‚OO,,"200,000 ","193,000 ",3.6 ,206 ,,1,1.5,Z‘ξ,W,2F,,’†‹K–Νκ”ΚZ‘ξ‚ª‹ζ‰ζ®‘R‚Ζ‚Ώ•ΐ‚ΤZ‘ξ’nζ,s“Ή,–k,6,,,,ƒKƒX,…“Ή,‰Ί…“Ή,α—t‘δ,,"1,500 ",‚P’ακ,€–h,50 ,100 ,,‚“x,,,,,,,,,
›,13225 ,6 ,ξι,0 ,12 ,‘½–€,“μ‘½–€,ξιs,‘ε“’·ΐl†‚P‚Q‚W‚R”Τ‚S,,"295,000 ","289,000 ",2.1 ,118 ,,1.2,1,Z‘ξ,LS,2F,,κ”ΚZ‘ξAƒAƒp[ƒg“™‚ª©‚η‚κ‚ιZ‘ξ’nζ,s“Ή,–k,7,,‘¤“Ή,“,ƒKƒX,…“Ή,‰Ί…“Ή,ξι’·ΐ,,370 ,‚P’ακ,,40 ,80 ,,‚“x,,,,,*,13225 ,0 ,11 ,"290,000 "
›,13225 ,6 ,ξι,0 ,13 ,‘½–€,“μ‘½–€,ξιs,‘ε‰—§ξ‰Χ“‡‚P‚V‚P‚U”Τ‚R,,"255,000 ","248,000 ",2.8 ,128 ,,1,1.2,Z‘ξ,W,2F,,κ”ΚZ‘ξ‚βƒAƒp[ƒg“™‚Μ‚Ώ•ΐ‚ΤZ‘ξ’nζ,s“Ή,“μΌ,4,,,,ƒKƒX,…“Ή,‰Ί…“Ή,–ξ–μϋ,,950 ,€H,€–h,60 ,200 ,,‚“x,,,,,,,,,
›,13225 ,6 ,ξι,0 ,14 ,‘½–€,“μ‘½–€,ξιs,•½”φl’–Ϊ‚U‚V”Τ‚X,,"229,000 ","225,000 ",1.8 ,135 ,,1,2,Z‘ξ,W,2F,,κ”ΚZ‘ξ‚ª®‘R‚Ζ‚Ώ•ΐ‚ΤΛZ‘ξ’nζ,s“Ή,–k,6,,,,ƒKƒX,…“Ή,‰Ί…“Ή,I•½,,950 ,‚P’ακ,€–h,50 ,100 ,,‚“x,,,,,,,,,
›,13225 ,6 ,ξι,5 ,1 ,‘½–€,“μ‘½–€,ξιs,‘ε“’·ΐl†‚P‚O‚S‚O”Τ‚S,,"362,000 ","352,000 ",2.8 ,145 ,,1,2,“X•ά“‹¤“―Z‘ξ,S,3F,,’α‘w‚Μ“X•ά•t‹¤“―Z‘ξ‚ª‘½‚­©‚η‚κ‚ι¤‹Ζ’nζ,“s“Ή,“μΌ,28,,,,ƒKƒX,…“Ή,‰Ί…“Ή,ξι’·ΐ,,200 ,‹ί¤,€–h,80 ,300 ,,‚“x,,,,,,,,,
›,13225 ,6 ,ξι,5 ,2 ,‘½–€,“μ‘½–€,ξιs,‘ε‘εΫ”ª†‚P‚O‚R‚O”Τ‚P,i‚Q‚QX‹ζ‘ε‘εΫ‚P‚O‚R‚O”Τ‚Pj,"305,000 ","292,000 ",4.5 ,121 ,‘δ`,1.5,1,“X•ά“‹¤“―Z‘ξ,RC,4F,,’†’α‘w“X•ά“Z‘ξA‹¤“―Z‘ξ‚ª‘½‚Ά‹ί—Χ¤‹Ζ’nζ,“s“Ή,“μ,28,,,,ƒKƒX,…“Ή,‰Ί…“Ή,“μ‘½–€,,150 ,‹ί¤,€–h,80 ,300 ,,‚“x,,,,,*,13225 ,5 ,2 ,"300,000 "
›,13225 ,6 ,ξι,5 ,3 ,‘½–€,“μ‘½–€,ξιs,‘ε“’·ΐµ†‚Q‚P‚O‚V”Τ‚X,,"333,000 ","323,000 ",3.1 ,126 ,,1,2,“X•ά“Z‘ξ,W,3F,,––±AωH“X“™‚ª¬έ‚·‚ι“s“Ή‰‚Ά‚Μ¤‹Ζ’nζ,“s“Ή,“μ,25,,,,ƒKƒX,…“Ή,‰Ί…“Ή,ξι,,730 ,€Z‹,€–h,60 ,200 ,,‚“x,,,,,,,,,
›,13227 ,6 ,‰H‘Ί,0 ,1 ,‘½–€,Ό‘½–€,‰H‘Ίs,‰H“O’–Ϊ‚S‚R‚Q”Τ‚P‚V,‰H“‚R|‚P‚R|‚P‚Q,"137,000 ","136,000 ",0.7 ,165 ,,1,1.5,Z‘ξ,W,2F,,’α‘wκ”ΚZ‘ξ“™‚ª©‚η‚κ‚ιω‘¶‚ΜZ‘ξ’nζ,s“Ή,“μ,4,,,,,…“Ή,‰Ί…“Ή,‰H‘Ί,,650 ,‚P’ακ,,40 ,80 ,,‚“x,,,,,,,,,
›,13227 ,6 ,‰H‘Ί,0 ,2 ,‘½–€,Ό‘½–€,‰H‘Ίs,_–Ύ‘δκ’–Ϊ‚P‚T”Τ‚TO,,"191,000 ","189,000 ",1.1 ,163 ,,1.2,1,Z‘ξ,W,2F,,κ”ΚZ‘ξ“™‚ª‚Ώ•ΐ‚Τ‹ζ‰ζ®—Ο‚ΜZ‘ξ’nζ,s“Ή,“μΌ,6,,,,,…“Ή,‰Ί…“Ή,‰H‘Ί,,570 ,‚P’†κ,€–h,60 ,200 ,,‚“x,,,,,,,,,
›,13227 ,6 ,‰H‘Ί,0 ,3 ,‘½–€,Ό‘½–€,‰H‘Ίs,•xm©•½“ρ’–Ϊ‚Q‚P”Τ‚P‚P,,"169,000 ","167,000 ",1.2 ,165 ,,1,2,Z‘ξ,W,2F,,“X•άAZ‘ξ‚ª¬έ‚·‚ι²ό“ΉH‰‚Ά‚Μ’nζ,“s“Ή,“μ“,18,,,,,…“Ή,‰Ί…“Ή,‰H‘Ί,,"1,300 ",‚P’†κ,€–h,60 ,200 ,,‚“x,,,,,,,,,
›,13227 ,6 ,‰H‘Ί,0 ,4 ,‘½–€,Ό‘½–€,‰H‘Ίs,‰H‰Α”ό“ρ’–Ϊ‚Q‚T‚W‚P”Τ‚PO,‰H‰Α”ό‚Q|‚P‚W|‚V,"128,000 ","126,000 ",1.6 ,143 ,‘δ`,1,1,Z‘ξ,W,2F,,¬‹K–Νκ”ΚZ‘ξ‚ª‘½‚Άω¬Z‘ξ’nζ,s“Ή,–k,4,,,,,…“Ή,‰Ί…“Ή,‰H‘Ί,,"1,400 ",‚P’ακ,,40 ,80 ,,‚“x,,,,,,,,,
›,13227 ,6 ,‰H‘Ί,0 ,5 ,‘½–€,Ό‘½–€,‰H‘Ίs,‰H‰Α”όl’–Ϊ‚P‚P‚W‚U”Τ‚R,‰H‰Α”ό‚S|‚P‚R|‚Q‚O,"105,000 ","104,000 ",1.0 ,195 ,,1,1.2,Z‘ξ,W,2F,,κ”ΚZ‘ξA”_‰ΖZ‘ξA”_’n‚ª©‚η‚κ‚ιZ‘ξ’nζ,s“Ή,“,4.5,,,,,…“Ή,‰Ί…“Ή,‰H‘Ί,,"1,600 ",‚P’ακ,,40 ,80 ,,‚“x,,,,,,,,,
›,13227 ,6 ,‰H‘Ί,5 ,1 ,‘½–€,Ό‘½–€,‰H‘Ίs,—Ξƒ–‹uκ’–Ϊ‚P‚S”Τ‚S,,"187,000 ","183,000 ",2.2 ,196 ,,1,1.5,“X•ά“––±,S,3F,,“X•ά‚Ζ––±“™‚ª©‚η‚κ‚ιXH‰‚Ά‚Μ¤‹Ζ’nζ,s“Ή,“μΌ,16,,,,,…“Ή,‰Ί…“Ή,‰H‘Ί,,650 ,‹ί¤,€–h,80 ,300 ,,‚“x,,,,,*,13227 ,5 ,1 ,"185,000 "
›,13227 ,6 ,‰H‘Ί,5 ,2 ,‘½–€,Ό‘½–€,‰H‘Ίs,¬μ‘δκ’–Ϊ‚R”Τ‚X,,"287,000 ","281,000 ",2.1 ,140 ,,2,1,“X•ά“––±,S,3F,,“X•ά“‹¤“―Z‘ξA“X•ά“™‚ª¬έ‚·‚ι‰w‘O¤‹Ζ’nζ,“s“Ή,“,20,,,,,…“Ή,‰Ί…“Ή,¬μ,,100 ,¤‹Ζ,–h‰Ξ,80 ,400 ,,,,,,,,,,,
›,13227 ,6 ,‰H‘Ί,9 ,1 ,‘½–€,Ό‘½–€,‰H‘Ίs,_–Ύ‘δl’–Ϊ‚S”Τ‚P‚UO,,"115,000 ","106,000 ",8.5 ,"2,315 ",,1,2.5,Hκ,,,,’†‹K–ΝHκ‚Μ‚Ω‚©‚ΙZ‘ξ‚ΰ©‚η‚κ‚ιH‹Ζ’nζ,s“Ή,“μΌ,8,,,,,…“Ή,‰Ί…“Ή,‰H‘Ί,,"1,800 ",€H,€–h,60 ,200 ,,‚“x,,,,,,,,,
›,13228 ,6 ,‚ ‚«‚ι–μ,0 ,1 ,‘½–€,Ό‘½–€,‚ ‚«‚ι–μs,γ‘γp’†Ϋ‚R‚O‚T”Τ‚Q‚R,,"102,000 ","101,000 ",1.0 ,146 ,,1.2,1,Z‘ξ,W,2F,,’†¬‹K–Νκ”ΚZ‘ξ‚ª‘½‚ΆΥΓ‚ΘZ‘ξ’nζ,s“Ή,“μΌ,4,,,,,…“Ή,‰Ί…“Ή,Hμ,,"1,200 ",‚P’ακ,,40 ,80 ,,‚“x,,,,,,,,,
›,13228 ,6 ,‚ ‚«‚ι–μ,0 ,2 ,‘½–€,Ό‘½–€,‚ ‚«‚ι–μs,‹ΐ¬Ό•½‚T‚R‚R”Τ‚P‚V,,"54,600 ","54,600 ",0.0 ,118 ,,1,2.5,Z‘ξ,W,2F,,κ”ΚZ‘ξ‚Μ’†‚Ι–‹Ζ“™‚ΰ©‚η‚κ‚ιZ‘ξ’nζ,s“Ή,–kΌ,4,,,,,…“Ή,‰Ί…“Ή,Hμ,,"1,900 ",‚Q’ακ,€–h,50 ,100 ,,‚“x,,,“s—§φ,•’Κ,,,,,
›,13228 ,6 ,‚ ‚«‚ι–μ,0 ,3 ,‘½–€,Ό‘½–€,‚ ‚«‚ι–μs,‰JΤΰV“c‚S‚P‚T”Τ‚P‚T,,"122,000 ","121,000 ",0.8 ,132 ,,1,1.2,Z‘ξ,W,2F,,κ”ΚZ‘ξ‚ª‘½‚Ά‚β‚β‹ζ‰ζ®‘R‚Ζ‚µ‚½Z‘ξ’nζ,„“Ή,Ό,6,,,,,…“Ή,‰Ί…“Ή,Hμ,,680 ,‚P’ακ,€–h,50 ,80 ,,‚“x,,,,,*,13228 ,0 ,4 ,"122,000 "
›,13228 ,6 ,‚ ‚«‚ι–μ,0 ,4 ,‘½–€,Ό‘½–€,‚ ‚«‚ι–μs,–μ•Σ‰΅‚P‚P‚U‚R”Τ‚P‚V,,"118,000 ","117,000 ",0.9 ,124 ,‘δ`,1,1.2,Z‘ξ,W,2F,,κ”ΚZ‘ξ‚Μ‚Ω‚©‚Ι”¨“™‚ª©‚η‚κ‚ιZ‘ξ’nζ,„“Ή,“,5,,,,,…“Ή,‰Ί…“Ή,“H—―,,900 ,‚P’ακ,,40 ,80 ,,‚“x,,,,,,,,,
›,13228 ,6 ,‚ ‚«‚ι–μ,0 ,5 ,‘½–€,Ό‘½–€,‚ ‚«‚ι–μs,‘‰Τ‘δ‰Ίƒ^‚P‚R‚Q‚U”Τ‚P‚S,,"97,700 ","96,700 ",1.0 ,118 ,,1,2,Z‘ξ,W,2F,,κ”ΚZ‘ξ‚Μ’†‚ΙƒAƒp[ƒg‚ª©‚η‚κ‚ιZ‘ξ’nζ,s“Ή,“,4,,,,,…“Ή,‰Ί…“Ή,•¶,,"1,700 ",‚P’ακ,,40 ,80 ,,‚“x,,,,,,,,,
›,13228 ,6 ,‚ ‚«‚ι–μ,0 ,6 ,‘½–€,Ό‘½–€,‚ ‚«‚ι–μs,–ϋ•½Άς–μ‚P‚W”Τ‚P‚O,,"128,000 ","126,000 ",1.6 ,101 ,,1.5,1,Z‘ξ,W,2F,,κ”ΚZ‘ξ‚ª‘½‚­A‰w‚Ι‹ί‚Άω‘¶‚ΜZ‘ξ’nζ,„“Ή,Ό,4.5,,,,,…“Ή,‰Ί…“Ή,Hμ,,240 ,‚P’ακ,€–h,50 ,80 ,,‚“x,,,,,,,,,
›,13228 ,6 ,‚ ‚«‚ι–μ,0 ,7 ,‘½–€,Ό‘½–€,‚ ‚«‚ι–μs,ά“ϊs΄ƒ–’JΛ‚R‚V‚U”Τ‚R,,"84,000 ","82,800 ",1.4 ,181 ,,1,1.5,Z‘ξ,W,2F,,κ”ΚZ‘ξA‹¤“―Z‘ξ“™‚ª‚Ώ•ΐ‚ΤZ‘ξ’nζ,s“Ή,Ό,5.2,,,,,…“Ή,‰Ί…“Ή,•‘ ά“ϊs,,680 ,‚P’ακ,€–h,50 ,100 ,,‚“x,,,,,,,,,
›,13228 ,6 ,‚ ‚«‚ι–μ,0 ,8 ,‘½–€,Ό‘½–€,‚ ‚«‚ι–μs,Ι“ή‘O΄‚P‚Q‚T‚W”Τ‚Q‚V,,"92,500 ","91,800 ",0.8 ,154 ,,1.2,1,Z‘ξ,W,2F,,’†¬‹K–Ν‚Μκ”ΚZ‘ξ‚ª‚Ώ•ΐ‚ΤZ‘ξ’nζ,s“Ή,“,4.5,,,,,…“Ή,‰Ί…“Ή,•‘ ‘Λ,,600 ,‚P’ακ,,40 ,80 ,,‚“x,,,,,,,,,
›,13228 ,6 ,‚ ‚«‚ι–μ,0 ,9 ,‘½–€,Ό‘½–€,‚ ‚«‚ι–μs,—―΄“‚R‚Q”Τ‚Q,,"61,000 ","60,700 ",0.5 ,131 ,,1,1.2,Z‘ξ,W,2F,,κ”ΚZ‘ξ‚Μ‚Ω‚©”¨“™‚ΰ©‚η‚κ‚ιZ‘ξ’nζ,s“Ή,“μ,6,,,,,…“Ή,‰Ί…“Ή,•‘ ά“ϊs,,"1,500 ",‚P’ακ,,40 ,80 ,,‚“x,,,“s—§φ,•’Κ,,,,,
›,13228 ,6 ,‚ ‚«‚ι–μ,0 ,10 ,‘½–€,Ό‘½–€,‚ ‚«‚ι–μs,›¶’†‚P‚Q‚O‚T”Τ‚R,,"43,100 ","43,100 ",0.0 ,98 ,,1,1,Z‘ξ,W,2F,,κ”ΚZ‘ξ‚ª©‚η‚κ‚ι”_’n‚Μ‘½‚ΆZ‘ξ’nζ,„“Ή,“μ“,5,,,,,…“Ή,,Hμ,,"3,300 ",,,40 ,80 ,,,’²‹ζ,,,,,,,,
›,13228 ,6 ,‚ ‚«‚ι–μ,0 ,11 ,‘½–€,Ό‘½–€,‚ ‚«‚ι–μs,‰³’Γ‰Χ“cq‚V‚S‚U”Τ‚P,,"25,900 ","25,900 ",0.0 ,350 ,‘δ`,1,1,Z‘ξ,B,2F,,κ”ΚZ‘ξ‚Μ‚Ω‚©“X•ά“™‚ΰ©‚η‚κ‚ι“s“Ή‰‚Ά‚Μ’nζ,“s“Ή,–kΌ,9.9,,O•ϋH,,,…“Ή,,•‘ ά“ϊs,,"5,100 ",,,40 ,80 ,,,’²‹ζ,,,,,,,,
›,13228 ,6 ,‚ ‚«‚ι–μ,5 ,1 ,‘½–€,Ό‘½–€,‚ ‚«‚ι–μs,Hμά’–Ϊ‚X”Τ‚Q‚O,,"167,000 ","166,000 ",0.6 ,413 ,,1,1,“X•ά“‹¤“―Z‘ξ,S,2F,,’α‘w“X•άA“X•ά“‹¤“―Z‘ξ“™‚ª‘½‚ΆHό¤‹Ζ’nζ,‘“Ή,Ό,16,,,,,…“Ή,‰Ί…“Ή,Hμ,,800 ,€Z‹,€–h,60 ,300 ,,‚“x,,,,,,,,,
›,13228 ,6 ,‚ ‚«‚ι–μ,5 ,2 ,‘½–€,Ό‘½–€,‚ ‚«‚ι–μs,ά“ϊs’†h‚P‚W”Τ‚P,,"99,500 ","98,800 ",0.7 ,685 ,‘δ`,1,2,“X•ά,S,3F,1B,¬”„“X•άA‹βs“™‚ª‚Ώ•ΐ‚Τ¤‹Ζ’nζ,“s“Ή,“μ“,18,,,,,…“Ή,‰Ί…“Ή,•‘ ά“ϊs,,700 ,‹ί¤,€–h,80 ,300 ,,‚“x,,,,,,,,,
›,13229 ,6 ,Ό“‹,0 ,1 ,‘½–€,–k‘½–€,Ό“‹s,’JΛ’¬O’–Ϊ‚Q‚W‚V‚V”Τ‚R‚R,’JΛ’¬‚R|‚S|‚P‚S,"281,000 ","271,000 ",3.7 ,132 ,,1,1.5,Z‘ξ,W,2F,,¬‹K–Νκ”ΚZ‘ξ‚ª‚Ώ•ΐ‚ΤZ‘ξ’nζ,„“Ή,“,4,,,,ƒKƒX,…“Ή,‰Ί…“Ή,‚Π‚Ξ‚θƒ–‹u,,"1,200 ",‚P’ακ,,40 ,80 ,,‚“x,,,,,,,,,
›,13229 ,6 ,Ό“‹,0 ,2 ,‘½–€,–k‘½–€,Ό“‹s,“c–³’¬l’–Ϊ‚P‚V‚R‚W”Τ‚P‚S,“c–³’¬‚S|‚W|‚P‚Q,"384,000 ","371,000 ",3.5 ,179 ,,1,1.2,Z‘ξ,LS,2F,,κ”ΚZ‘ξAƒAƒp[ƒgA––±‚ª¬έ‚·‚ιZ‘ξ’nζ,s“Ή,–kΌ,4,,,,ƒKƒX,…“Ή,‰Ί…“Ή,“c–³,,530 ,‚PZ‹,€–h,60 ,200 ,,‚“x,,,,,*,13229 ,0 ,1 ,"375,000 "
›,13229 ,6 ,Ό“‹,0 ,3 ,‘½–€,–k‘½–€,Ό“‹s,“μ’¬l’–Ϊ‚W‚W‚R”Τ‚Q‚V,“μ’¬‚S|‚P‚S|‚P‚R,"325,000 ","314,000 ",3.5 ,220 ,,1.5,1,Z‘ξ,W,2F,,’†‹K–Ν‚Μκ”ΚZ‘ξ‚ª‚Ώ•ΐ‚ΤΥΓ‚ΘZ‘ξ’nζ,„“Ή,Ό,4,,,,ƒKƒX,…“Ή,‰Ί…“Ή,“c–³,,600 ,‚P’ακ,€–h,50 ,100 ,,‚“x,,,,,,,,,
›,13229 ,6 ,Ό“‹,0 ,4 ,‘½–€,–k‘½–€,Ό“‹s,ς’¬l’–Ϊ‚Q‚Q‚R‚V”Τ‚S,ς’¬‚S|‚T|‚R,"253,000 ","244,000 ",3.7 ,161 ,,1.2,1,Z‘ξ,W,2F,,’†¬‹K–Ν‚Μκ”ΚZ‘ξAƒAƒp[ƒg‚ª‘½‚ΆZ‘ξ’nζ,s“Ή,Ό,4.5,,,,ƒKƒX,…“Ή,‰Ί…“Ή,‚Π‚Ξ‚θƒ–‹u,,"1,500 ",‚P’ακ,,40 ,80 ,,‚“x,,,,,*,13229 ,0 ,20 ,"248,000 "
›,13229 ,6 ,Ό“‹,0 ,5 ,‘½–€,–k‘½–€,Ό“‹s,ό‘δ’¬l’–Ϊ‚P‚Q‚R‚P”Τ‚S‚W,ό‘δ’¬‚S|‚P‚R|‚S‚O,"324,000 ","312,000 ",3.8 ,113 ,,1,1.5,Z‘ξ,W,2F,,’†¬‹K–Ν‚Μκ”ΚZ‘ξ‚ª‚Ώ•ΐ‚ΤZ‘ξ’nζ,s“Ή,“μΌ,5,,,,ƒKƒX,…“Ή,‰Ί…“Ή,“c–³,,"1,100 ",‚P’ακ,,40 ,80 ,,‚“x,,,,,,,,,
›,13229 ,6 ,Ό“‹,0 ,6 ,‘½–€,–k‘½–€,Ό“‹s,Ό΄’¬“ρ’–Ϊ‚P‚W‚T‚P”Τ‚S‚V,Ό΄’¬‚Q|‚U|‚X,"251,000 ","244,000 ",2.9 ,117 ,,1,1,Z‘ξ,W,2F,,¬‹K–Νκ”ΚZ‘ξ‚Μ‚Ω‚©‚Ι”_’n‚ª©‚η‚κ‚ιZ‘ξ’nζ,s“Ή,–k,5,,,,ƒKƒX,…“Ή,‰Ί…“Ή,“c–³,,"1,200 ",‚P’ακ,,40 ,80 ,,‚“x,,,,,,,,,
›,13229 ,6 ,Ό“‹,0 ,7 ,‘½–€,–k‘½–€,Ό“‹s,–k’¬ά’–Ϊ‚X‚W‚S”Τ‚SO,–k’¬‚T|‚P‚P|‚Q‚Q,"243,000 ","236,000 ",3.0 ,171 ,,1,1,Z‘ξ,W,2F,,κ”ΚZ‘ξ‚ª‘½‚ΆΒ‹«‚Μ‚ζ‚ΆZ‘ξ’nζ,„“Ή,“,4,,,,ƒKƒX,…“Ή,‰Ί…“Ή,•Ϋ’J,,"1,200 ",‚P’ακ,,40 ,80 ,,‚“x,,,,,,,,,
›,13229 ,6 ,Ό“‹,0 ,8 ,‘½–€,–k‘½–€,Ό“‹s,“’¬l’–Ϊ‚P‚Q‚O”Τ‚Q‚R,“’¬‚S|‚V|‚U,"321,000 ","309,000 ",3.9 ,171 ,,1,1.5,Z‘ξ,W,2F,,’†‹K–Νκ”ΚZ‘ξ‚ª‘½‚ΆΥΓ‚ΘZ‘ξ’nζ,„“Ή,–k,4,,,,ƒKƒX,…“Ή,‰Ί…“Ή,•Ϋ’J,,750 ,‚P’ακ,€–h,50 ,100 ,,‚“x,,,,,,,,,
›,13229 ,6 ,Ό“‹,0 ,9 ,‘½–€,–k‘½–€,Ό“‹s,‰h’¬κ’–Ϊ‚T‚P‚Q”Τ‚WO,‰h’¬‚P|‚R|‚P‚W,"260,000 ","252,000 ",3.2 ,92 ,,1,1,Z‘ξ,W,3F,,’†¬‹K–Ν‚Μκ”ΚZ‘ξ‚ª‚Ώ•ΐ‚ΤZ‘ξ’nζ,„“Ή,–k,4.5,,,,ƒKƒX,…“Ή,‰Ί…“Ή,‚Π‚Ξ‚θƒ–‹u,,"1,400 ",‚P’ακ,,40 ,80 ,,‚“x,,,,,,,,,
›,13229 ,6 ,Ό“‹,0 ,10 ,‘½–€,–k‘½–€,Ό“‹s,’†’¬l’–Ϊ‚Q‚O‚P‚P”Τ‚Q‚S,’†’¬‚S|‚R|‚Q‚T,"273,000 ","265,000 ",3.0 ,188 ,,1,1.2,Z‘ξ,W,2F,,κ”ΚZ‘ξ‚ª‘½‚ΆΒ‹«‚Μ—Η‚ΆZ‘ξ’nζ,„“Ή,Ό,4,,,,ƒKƒX,…“Ή,‰Ί…“Ή,“•©,,"1,200 ",‚P’ακ,€–h,50 ,100 ,,‚“x,,,,,,,,,
›,13229 ,6 ,Ό“‹,0 ,11 ,‘½–€,–k‘½–€,Ό“‹s,ς’¬“ρ’–Ϊ‚P‚V‚Q‚Q”Τ‚W,ς’¬‚Q|‚P‚X|‚R,"262,000 ","253,000 ",3.6 ,133 ,,1.5,1,Z‘ξ,W,2F,,’†‹K–Νκ”ΚZ‘ξ‚ª‘½‚Ά‹ζ‰ζ®‘R‚Ζ‚µ‚½Z‘ξ’nζ,„“Ή,“,5,,,,ƒKƒX,…“Ή,‰Ί…“Ή,Ό•–φ‘ς,,"1,400 ",‚P’ακ,€–h,50 ,100 ,,‚“x,,,,,,,,,
›,13229 ,6 ,Ό“‹,0 ,12 ,‘½–€,–k‘½–€,Ό“‹s,–φ‘ςά’–Ϊ‚P‚S”Τ‚R‚P,–φ‘ς‚T|‚P‚O|‚T,"293,000 ","284,000 ",3.2 ,100 ,,1,1,Z‘ξ,W,2F,,¬‹K–Ν‚Μκ”ΚZ‘ξ‚ª‘½‚­‹ζ‰ζ®‘R‚Ζ‚µ‚½Z‘ξ’nζ,s“Ή,“μ,5,,,,ƒKƒX,…“Ή,‰Ί…“Ή,Ό•–φ‘ς,,"1,000 ",‚P’ακ,,40 ,80 ,,‚“x,,,,,,,,,
›,13229 ,6 ,Ό“‹,0 ,13 ,‘½–€,–k‘½–€,Ό“‹s,V’¬l’–Ϊ‚S‚R‚Q”Τ‚S‚U,V’¬‚S|‚P‚Q|‚R‚U,"320,000 ","308,000 ",3.9 ,165 ,,1,1.2,Z‘ξ,W,2F,,’†‹K–Νκ”ΚZ‘ξ‚ª‚Ώ•ΐ‚ΤΥΓ‚ΘZ‘ξ’nζ,s“Ή,–k,6,,,,ƒKƒX,…“Ή,‰Ί…“Ή,•‘ ‹«,,"1,700 ",‚P’ακ,€–h,50 ,100 ,,‚“x,,,,,,,,,
›,13229 ,6 ,Ό“‹,0 ,14 ,‘½–€,–k‘½–€,Ό“‹s,‚Π‚Ξ‚θ‚ª‹u–kκ’–Ϊ‚Q‚T‚O‚R”Τ‚P‚O,‚Π‚Ξ‚θ‚ª‹u–k‚P|‚R|‚P‚S,"350,000 ","338,000 ",3.6 ,110 ,,1,1.2,Z‘ξ,LS,2F,,’†‹K–Νκ”ΚZ‘ξ‚ª‘½‚­©‚η‚κ‚ιZ‘ξ’nζ,„“Ή,Ό,5,,,,ƒKƒX,…“Ή,‰Ί…“Ή,‚Π‚Ξ‚θƒ–‹u,,500 ,‚P’ακ,,40 ,80 ,,‚“x,,,,,,,,,
›,13229 ,6 ,Ό“‹,5 ,1 ,‘½–€,–k‘½–€,Ό“‹s,“c–³’¬l’–Ϊ‚S‚O‚R”Τ‚S‚O,“c–³’¬‚S|‚Q‚W|‚P‚S,"894,000 ","845,000 ",5.8 ,156 ,•s®`,1,1.5,“X•ά“––±,S,5F,1B,’†‹K–Ν‚Μ“X•άƒrƒ‹“™‚ª‚Ώ•ΐ‚Τ‰w‘O‚Μ¤‹Ζ’nζ,s“Ή,“μ“,16,,‘¤“Ή,“μΌ,ƒKƒX,…“Ή,‰Ί…“Ή,“c–³,,210 ,¤‹Ζ,–h‰Ξ,80 ,500 ,,,,,,,*,13229 ,5 ,1 ,"865,000 "
›,13229 ,6 ,Ό“‹,5 ,2 ,‘½–€,–k‘½–€,Ό“‹s,“c–³’¬l’–Ϊ‚P‚V‚P‚W”Τ‚W,“c–³’¬‚S|‚Q‚O|‚P‚Q,"392,000 ","380,000 ",3.2 ,130 ,,1,1.5,“X•ά“Z‘ξ,RC,5F,,’†’α‘w‚Μ“X•ά“™‚ª‚Ώ•ΐ‚Τ“s“Ή‰‚Ά‚Μ¤‹Ζ’nζ,“s“Ή,–k,9.7,,,,ƒKƒX,…“Ή,‰Ί…“Ή,“c–³,,600 ,‹ί¤,€–h,80 ,300 ,,‚“x,,,,,,,,,
›,13229 ,6 ,Ό“‹,5 ,3 ,‘½–€,–k‘½–€,Ό“‹s,‚Π‚Ξ‚θ‚ª‹u–kl’–Ϊ‚P‚T‚T‚P”Τ‚Q‚O,‚Π‚Ξ‚θ‚ª‹u–k‚S|‚P|‚R‚Q,"633,000 ","598,000 ",5.9 ,149 ,,1,1.5,“X•ά,S,3F,,ωH“XA¬”„“X•ά“™‚ª¬έ‚·‚ι‰w‚Ι‹ί‚Ά¤‹Ζ’nζ,s“Ή,“,5.7,,,,ƒKƒX,…“Ή,‰Ί…“Ή,‚Π‚Ξ‚θƒ–‹u,,130 ,¤‹Ζ,–h‰Ξ,80 ,400 ,,,,,,,,,,,
›,13229 ,6 ,Ό“‹,5 ,4 ,‘½–€,–k‘½–€,Ό“‹s,•xm’¬l’–Ϊ‚V‚Q‚X”Τ‚Q‚XO,•xm’¬‚S|‚P‚R|‚Q‚S,"464,000 ","449,000 ",3.3 ,225 ,•s®`,1.2,1,‹βs,S,2F,,“ϊ—p•i¬”„“X•ά“™‚ª‚Ώ•ΐ‚Τ‰w‘OHό¤‹Ζ’nζ,s“Ή,Ό,16,,,,ƒKƒX,…“Ή,‰Ί…“Ή,“•©,,120 ,¤‹Ζ,–h‰Ξ,80 ,400 ,,,,,,,,,,,
›,13303 ,6 ,•δ,0 ,1 ,‘½–€,Ό‘½–€,Ό‘½–€S•δ’¬,‘ε” ªƒPθh“‚Q‚R‚U‚T”Τ‚S,,"108,000 ","106,000 ",1.9 ,93 ,,1,1.5,Z‘ξ,W,2F,,κ”ΚZ‘ξ‚Μ‚Ω‚©‚Ι‹σ’n‚ª©‚η‚κ‚ιω¬Z‘ξ’nζ,’¬“Ή,–kΌ,4,,,,,…“Ή,‰Ί…“Ή,” ªƒPθ,,700 ,‚P’ακ,,40 ,80 ,,‚“x,,,,,*,13303 ,0 ,3 ,"107,000 "
›,13303 ,6 ,•δ,0 ,2 ,‘½–€,Ό‘½–€,Ό‘½–€S•δ’¬,‘ε” ªƒPθ’r‰τ‚θ‚V‚S‚O”Τ‚Q‚Q,,"92,100 ","91,000 ",1.2 ,132 ,‘δ`,1,1.5,Z‘ξ,W,2F,,’†‹K–Νκ”ΚZ‘ξ‚ª‘½‚ΆxO‚ΜZ‘ξ’nζ,’¬“Ή,Ό,5.5,,,,,…“Ή,‰Ί…“Ή,” ªƒPθ,,900 ,‚P’ακ,,40 ,80 ,,‚“x,,,,,,,,,
›,13303 ,6 ,•δ,0 ,3 ,‘½–€,Ό‘½–€,Ό‘½–€S•δ’¬,‘εΞ”¨‹g–μx‚P‚W‚R‚U”Τ‚Q,,"96,400 ","95,000 ",1.5 ,181 ,‘δ`,1.5,1,Z‘ξ,W,2F,,κ”ΚZ‘ξ‚Μ‚Ω‚©”_‰Ζ‚ª¬έ‚·‚ιω‘¶‚ΜZ‘ξ’nζ,’¬“Ή,“μ“,4.5,,,,,…“Ή,‰Ί…“Ή,” ªƒPθ,,"1,100 ",‚P’ακ,,40 ,80 ,,‚“x,,,,,,,,,
›,13303 ,6 ,•δ,0 ,4 ,‘½–€,Ό‘½–€,Ό‘½–€S•δ’¬,‘ε“aƒP’J‰|“ΰμ“Y‚W‚O‚S”Τ‚U,,"105,000 ","103,000 ",1.9 ,166 ,,1.2,1,Z‘ξ,W,2F,,κ”ΚZ‘ξ‚Μ’†‚Ι‹σ’n“™‚ª©‚η‚κ‚ιZ‘ξ’nζ,’¬“Ή,“μ,5.5,,,,,…“Ή,‰Ί…“Ή,” ªƒPθ,,"1,700 ",‚P’ακ,,40 ,80 ,,‚“x,,,,,,,,,
›,13303 ,6 ,•δ,0 ,5 ,‘½–€,Ό‘½–€,Ό‘½–€S•δ’¬,‘ε‹ξ`•xmRξ‰Χ—Ρ‚R‚W‚U”Τ‚P‚W,,"71,800 ","70,400 ",2.0 ,115 ,,1,2,Z‘ξ,W,2F,,κ”ΚZ‘ξ‚Μ‚Ω‚©”_’n“™‚ΰ©‚η‚κ‚ιZ‘ξ’nζ,’¬“Ή,“μ,5.5,,,,,…“Ή,‰Ί…“Ή,” ªƒPθ,,"1,600 ",‚P’ακ,,40 ,80 ,,‚“x,,,,,,,,,
›,13303 ,6 ,•δ,0 ,6 ,‘½–€,Ό‘½–€,Ό‘½–€S•δ’¬,‘ε” ªƒPθhΌ‚S‚O‚X”Τ‚Q,i” ªƒPθ‰wΌ‚P‚PX‹ζ‚R‚S‚V|‚S‚Rj,"128,000 ","125,000 ",2.4 ,130 ,,1,1.5,Z‘ξ,W,2F,,κ”ΚZ‘ξ‚ª‘‚¦‚Β‚Β‚ ‚ι‹ζ‰ζ®—’†‚ΜZ‘ξ’nζ,‹ζ‰ζXH,–k,6,,,,,…“Ή,‰Ί…“Ή,” ªƒPθ,,200 ,‚P’ακ,€–h,50 ,100 ,,‚“x,,,,,,,,,
›,13303 ,6 ,•δ,5 ,1 ,‘½–€,Ό‘½–€,Ό‘½–€S•δ’¬,‘ε” ªƒPθh“‚Q‚R‚U‚X”Τ‚P,,"129,000 ","127,000 ",1.6 ,463 ,,1.5,1,––±“‹¤“―Z‘ξ,RC,4F,,‹βsA“X•ά•Ή—p‹¤“―Z‘ξ“™‚ª‚Ώ•ΐ‚Τ¤‹Ζ’nζ,’¬“Ή,“μ“,16,,‘¤“Ή,“μΌ,,…“Ή,‰Ί…“Ή,” ªƒPθ,,720 ,‹ί¤,€–h,80 ,200 ,,‚“x,,,,,,,,,
›,13303 ,6 ,•δ,9 ,1 ,‘½–€,Ό‘½–€,Ό‘½–€S•δ’¬,‘ε“ρ–{–Ψ“’Mƒmϋ‚S‚Q‚U”Τ,,"68,000 ","65,000 ",4.6 ,"2,644 ",‘δ`,1,1.5,Hκ,,,,HκA‘qΙA–‹Ζ“™‚ª©‚η‚κ‚ιH‹Ζ’nζ,’¬“Ή,–k,12.8,,O•ϋH,,,…“Ή,‰Ί…“Ή,” ªƒPθ,,"2,400 ",H‹Ζ,€–h,60 ,200 ,,,,,,,,,,,
›,13305 ,6 ,“ϊ‚Μo,0 ,1 ,‘½–€,Ό‘½–€,Ό‘½–€S“ϊ‚Μo’¬,‘ε•½δ’†–μ‚Q‚P‚X‚U”Τ‚P‚U‚V,,"62,700 ","61,800 ",1.5 ,162 ,,1,1.5,Z‘ξ,W,2F,,’†‹K–Νκ”ΚZ‘ξ‚ª‚Ώ•ΐ‚Τ‹u—Λ’n‚ΜZ‘ξ’nζ,’¬“Ή,“μ,5,,,,ƒKƒX,…“Ή,‰Ί…“Ή,•‘ ‘Λ,,"1,500 ",‚P’ακ,,40 ,80 ,,‚“x,,,,,,,,,
›,13305 ,6 ,“ϊ‚Μo,0 ,2 ,‘½–€,Ό‘½–€,Ό‘½–€S“ϊ‚Μo’¬,‘ε‘ε‹v–μK_‚Q‚P‚V‚W”Τ‚R,,"63,200 ","62,900 ",0.5 ,133 ,,1,1,Z‘ξ,W,2F,,’†¬‹K–Ν‚Μκ”ΚZ‘ξ‚ª‚Ώ•ΐ‚ΤZ‘ξ’nζ,’¬“Ή,“,5,,,,,…“Ή,‰Ί…“Ή,•‘ ά“ϊs,,"2,000 ",‚P’ακ,,40 ,80 ,,‚“x,,,,,,,,,
,13305 ,6 ,“ϊ‚Μo,0 ,3 ,‘½–€,Ό‘½–€,Ό‘½–€S“ϊ‚Μo’¬,‘ε•½δO‹g–μh’Κ‚P‚R‚S‚O”Τ‚Q,,"82,000 ",,,115 ,,1.5,1,Z‘ξ,W,2F,,¬‹K–Ν‚Μκ”ΚZ‘ξ“™‚ª‚Ώ•ΐ‚ΤZ‘ξ’nζ,“ΉH,“,5,,”w–Κ“Ή,,,…“Ή,‰Ί…“Ή,•‘ ψ“c,,"1,400 ",‚P’ακ,,40 ,80 ,,‚“x,,,,,,,,,
›,13305 ,6 ,“ϊ‚Μo,0 ,4 ,‘½–€,Ό‘½–€,Ό‘½–€S“ϊ‚Μo’¬,‘ε‘ε‹v–μΧ”φ‚R‚Q‚Q‚O”Τ‚R,,"34,700 ","34,700 ",0.0 ,234 ,‘δ`,1.5,1,Z‘ξ,W,2F,,κ”ΚZ‘ξA”_‰Ζ‚ª©‚η‚κ‚ι“s“Ή‰‚Ά‚ΜZ‘ξ’nζ,“s“Ή,“μ,7.3,,,,,…“Ή,‰Ί…“Ή,•‘ ά“ϊs,,"3,700 ",,,40 ,80 ,,,’²‹ζ,,,,,,,,
›,13307 ,6 ,w΄,0 ,1 ,‘½–€,Ό‘½–€,Ό‘½–€Sw΄‘Ί,“μ‹½‚X‚S‚X”Τ‚PO,,"19,200 ","19,200 ",0.0 ,464 ,,1,1.2,Z‘ξ,W,2F,,”_‰ΖZ‘ξ“™‚ª©‚η‚κ‚ι“s“Ή‰‚Ά‚ΜZ‘ξ’nζ,“s“Ή,“μ“,8.7,,‘¤“Ή,“μΌ,,…“Ή,‰Ί…“Ή,•‘ ά“ϊs,,"14,000 ",,,,,,,“svO,,‘—§φ,•’Κ,,,,,
›,13307 ,6 ,w΄,0 ,2 ,‘½–€,Ό‘½–€,Ό‘½–€Sw΄‘Ί,_Λ‚V‚W‚P‚T”Τ‚Q,,"15,500 ","15,500 ",0.0 ,171 ,,1,1,Z‘ξ,W,2F,,κ”ΚZ‘ξA”_‰ΖZ‘ξ“™‚ª©‚η‚κ‚ιZ‘ξ’nζ,‘Ί“Ή,“μΌ,7.5,,‘¤“Ή,–kΌ,,…“Ή,‰Ί…“Ή,•‘ ά“ϊs,,"13,000 ",,,,,,,“svO,,‘—§φ,•’Κ,,,,,
›,13307 ,6 ,w΄,0 ,3 ,‘½–€,Ό‘½–€,Ό‘½–€Sw΄‘Ί,γ³‹½‚S‚P‚U”Τ‚Q,,"23,600 ","23,600 ",0.0 ,139 ,,1,2,Z‘ξ,W,2F,,“s“Ή‰‚Ά‚Ικ”ΚZ‘ξA‹σ’n“™‚ª©‚η‚κ‚ιZ‘ξ’nζ,“s“Ή,“μ,8,,,,,…“Ή,‰Ί…“Ή,•‘ ά“ϊs,,"8,100 ",,,,,,,“svO,,‘—§φ,•’Κ,,,,,
›,13308 ,6 ,‰‘½–€,0 ,1 ,‘½–€,Ό‘½–€,Ό‘½–€S‰‘½–€’¬,•Xμ’·”¨‚V‚R‚O”Τ‚SO,,"27,700 ","27,700 ",0.0 ,119 ,‘δ`,1,1.5,Z‘ξ,W,2F,,’†‹K–ΝZ‘ξ‚Μ‘ΌA“X•ά“™‚ΰU©‚³‚κ‚ιZ‘ξ’nζ,“s“Ή,–k“,8,,‘¤“Ή,“μ,,…“Ή,‰Ί…“Ή,‰‘½–€,,550 ,,,,,,,“svO,,‘—§φ,•’Κ,,,,,
›,13308 ,6 ,‰‘½–€,0 ,2 ,‘½–€,Ό‘½–€,Ό‘½–€S‰‘½–€’¬,’IΰV’†‰Δ’n‚S‚S‚X”Τ‚RO,,"23,300 ","23,300 ",0.0 ,201 ,‘δ`,2,1,Z‘ξ,W,2F,,’†‹K–ΝZ‘ξ‚Μ‚Ω‚©”¨‚ΰc‚ιZ‘ξ’nζ,’¬“Ή,–k,3,,‘¤“Ή,“,,…“Ή,‰Ί…“Ή,”µƒm‘ƒ,,400 ,,,,,,,“svO,,‘—§φ,•’Κ,,,,,
›,13308 ,6 ,‰‘½–€,5 ,1 ,‘½–€,Ό‘½–€,Ό‘½–€S‰‘½–€’¬,¬’O”g“μƒm΄‚V‚X”Τ‚P,,"29,600 ","29,600 ",0.0 ,105 ,,1,3,“X•ά“Z‘ξ,W,2F,,¬”„“X•ά‚ΖZ‘ξ‚ª¬έ‚·‚ι¤‹Ζ’nζ,‘“Ή,–k,10,,‘¤“Ή,“,,…“Ή,‰Ί…“Ή,Γ—Ά,,200 ,,,,,,,“svO,,‘—§φ,•’Κ,,,,,
›,13308 ,6 ,‰‘½–€,5 ,2 ,‘½–€,Ό‘½–€,Ό‘½–€S‰‘½–€’¬,•Xμ“μ•Xμ‚P‚S‚P‚V”Τ‚P,,"34,200 ","34,200 ",0.0 ,216 ,,1,1.5,“X•ά“Z‘ξ,RC,2F,,X“Ή‰‚Ά‚Μ¬”„“X•ά“™‚ª‘½‚ΆHό¤‹Ζ’nζ,‘“Ή,“μ“,12.3,,,,,…“Ή,‰Ί…“Ή,‰‘½–€,,400 ,,,,,,,“svO,,‘—§φ,•’Κ,,,,,
›,13361 ,6 ,‘ε“‡,0 ,1 ,“‡‚µ‚ε,“‡•”,‘ε“‡’¬,·–Ψ’n‚P‚V‚O”Τ‚P,,"6,900 ","7,000 ",-1.4 ,377 ,•s®`,1.5,1,Z‘ξ,W,1F,,¬‹K–Ν‚Θκ”ΚZ‘ξ‚ª‘½‚ΆΓ‚­‚©‚η‚ΜZ‘ξ’nζ,’¬“Ή,“μ,5,,,,,…“Ή,,·–Ψ’n“όϋ’β,,200 ,,,70 ,200 ,,,i“sj,,,,,,,,
›,13361 ,6 ,‘ε“‡,0 ,2 ,“‡‚µ‚ε,“‡•”,‘ε“‡’¬,‰ª“cγƒmR‚P‚V‚P”Τ‚Q,,"7,100 ","7,100 ",0.0 ,152 ,,1,1.5,Z‘ξ,W,2F,,¬‹K–Ν‚Θκ”ΚZ‘ξ‚ª‘½‚ΆΓ‚­‚©‚η‚ΜZ‘ξ’nζ,“s“Ή,Ό,6,,”w–Κ“Ή,,,…“Ή,,’Λ‚Μ–{’β,,150 ,,,70 ,200 ,,,i“sj,,,,,,,,
›,13361 ,6 ,‘ε“‡,0 ,3 ,“‡‚µ‚ε,“‡•”,‘ε“‡’¬,–μ‘‚P‚O‚V”Τ,,"6,700 ","6,700 ",0.0 ,297 ,,1,2.5,Z‘ξ,W,1F,,¬‹K–Νκ”ΚZ‘ξ‚ª‘½‚ΆXΞ’n‚Μω¬Z‘ξ’nζ,’¬“Ή,Ό,4.1,,,,,…“Ή,,–μ‘’β,,160 ,,,70 ,200 ,,,i“sj,,,,,,,,
›,13361 ,6 ,‘ε“‡,5 ,1 ,“‡‚µ‚ε,“‡•”,‘ε“‡’¬,·–Ψ’n‚T‚S”Τ‚P,,"9,600 ","9,700 ",-1.0 ,369 ,,1,2,“X•ά“Z‘ξ,W,2F,,¬‹K–Ν‚Θ“X•ά“™‚ª“_έ‚·‚ι“s“Ή‰‚Ά‚Μ¤‹Ζ’nζ,“s“Ή,–k,10,,,,,…“Ή,,·–Ψ’n’†‰›’β,,70 ,,,70 ,200 ,,,i“sj,,,,,,,,
›,13361 ,6 ,‘ε“‡,5 ,2 ,“‡‚µ‚ε,“‡•”,‘ε“‡’¬,³’¬l’–Ϊ‚P”Τ‚V,,"31,800 ","31,800 ",0.0 ,344 ,,1,1,“X•ά,RC,2F,,“X•άA―φ“™‚ª©‚η‚κ‚ι“s“Ή‰‚Ά‚Μ¤‹Ζ’nζ,“s“Ή,Ό,16,,,,,…“Ή,,³’¬`,,380 ,¤‹Ζ,–h‰Ξ,80 ,400 ,,,i“sj,,,,,,,,
›,13363 ,6 ,V“‡,0 ,1 ,“‡‚µ‚ε,“‡•”,V“‡‘Ί,–{‘Ίά’–Ϊ‚U‚O‚Q”Τ,–{‘Ί‚T|‚S|‚X,"7,100 ","7,100 ",0.0 ,864 ,,1,2,Z‘ξ,RC,2F,,κ”ΚZ‘ξA–―hA“X•ά“™‚ª¬έ‚·‚ιZ‘ξ’nζ,‘Ί“Ή,“μ,7,,,,,…“Ή,‰Ί…“Ή,V“‡`,,"1,300 ",,,70 ,200 ,,,i“sj,,,,,,,,
›,13363 ,6 ,V“‡,0 ,2 ,“‡‚µ‚ε,“‡•”,V“‡‘Ί,®ª“‡‚T”ΤO,,"5,100 ","5,100 ",0.0 ,667 ,,1,1.5,Z‘ξ,W,1F,,–―h“™‚π“‚Λ‚½Z‘ξ‚ª‘½‚ΆCέ‚Ι‹ί‚ΆZ‘ξ’nζ,‘Ί“Ή,“μ,4,,,,,…“Ή,,–μ•`,,"1,700 ",,,,,,,“svO,,‘—§φ,•’Κ,,,,,
›,13363 ,6 ,V“‡,5 ,1 ,“‡‚µ‚ε,“‡•”,V“‡‘Ί,–{‘Ίά’–Ϊ‚S‚U‚W”Τ‚P,–{‘Ί‚T|‚T|‚P‚V,"9,300 ","9,300 ",0.0 ,721 ,,1,1.2,“X•ά“Z‘ξ,RC,2F,,“X•άA–―h“™‚ª¬έ‚µ‚Δ‚Ά‚ι¤‹Ζ’nζ,‘Ί“Ή,–k“,6,,‘¤“Ή,–kΌ,,…“Ή,‰Ί…“Ή,V“‡`,,"1,500 ",,,70 ,200 ,,,i“sj,,,,,,,,
›,13364 ,6 ,_’Γ“‡,0 ,1 ,“‡‚µ‚ε,“‡•”,_’Γ“‡‘Ί,‚P‚P‚V‚X”Τ,,"7,300 ","7,300 ",0.0 ,223 ,,1,2.5,Z‘ξ,RC,2F,,κ”ΚZ‘ξ‚Μ‚Ω‚©‚Ι–―hA“X•ά‚ΰ¬έ‚·‚ιZ‘ξ’nζ,‘Ί“Ή,–kΌ,3.2,,‘¤“Ή,“μΌ,,…“Ή,‰Ί…“Ή,ƒzƒeƒ‹_’ΓΩ‘O’β,,270 ,,,70 ,200 ,,,i“sj,,,,,,,,
›,13364 ,6 ,_’Γ“‡,0 ,2 ,“‡‚µ‚ε,“‡•”,_’Γ“‡‘Ί,‚Q‚P‚W”Τ,,"6,500 ","6,500 ",0.0 ,181 ,‘δ`,1.5,1,Z‘ξ,RC,2F,,κ”ΚZ‘ξ‚Μ‚Ω‚©A–―hA—·Ω‚ΰ©‚η‚κ‚ιZ‘ξ’nζ,“s“Ή,“μ“,4.9,,,,,…“Ή,‰Ί…“Ή,_’Γ“‡`’β,,800 ,,,70 ,200 ,,,i“sj,,‘—§φ,•’Κ,,,,,
›,13364 ,6 ,_’Γ“‡,5 ,1 ,“‡‚µ‚ε,“‡•”,_’Γ“‡‘Ί,‚P‚P‚Q”Τ,,"9,700 ","9,700 ",0.0 ,185 ,,1,1.5,––±,RC,2F,,“X•άA––±A—·Ω“™‚ª‚Ώ•ΐ‚Τ¤‹Ζ’nζ,“s“Ή,“μ,6.5,,,,,…“Ή,‰Ί…“Ή,_’Γ“‡`’β,,450 ,,,70 ,200 ,,,i“sj,,,,,,,,
›,13381 ,6 ,O‘ξ,0 ,1 ,“‡‚µ‚ε,“‡•”,O‘ξ‘Ί,’Ψ“c‚R‚O‚U‚U”Τ,,"8,200 ","8,200 ",0.0 ,266 ,•s®`,2,1,Z‘ξ,W,1F,,κ”ΚZ‘ξ‚ª‘½‚ΆΓ‚­‚©‚η‚ΜZ‘ξ’nζ,“s“Ή,“μ“,7,,,,,…“Ή,,’Ψ“c’β,,250 ,,,70 ,200 ,,,i“sj,,,,,,,,
›,13381 ,6 ,O‘ξ,0 ,2 ,“‡‚µ‚ε,“‡•”,O‘ξ‘Ί,Ιƒ–’J‚T‚R‚P”Τ‚Q,,"6,200 ","6,200 ",0.0 ,435 ,•s®`,2,1,Z‘ξ,W,1F,,κ”ΚZ‘ξ‚Μ‚Ω‚©‚Ι‹σ’n“™‚ª©‚η‚κ‚ιZ‘ξ’nζ,‘Ί“Ή,“μ,3,,,,,…“Ή,,‰ª’λ’β,,130 ,,,70 ,200 ,,,i“sj,,,,,,,,
›,13381 ,6 ,O‘ξ,5 ,1 ,“‡‚µ‚ε,“‡•”,O‘ξ‘Ί,’Ψ“c‚Q‚X‚X‚V”Τ‚R,,"10,800 ","10,800 ",0.0 ,127 ,‘δ`,1.5,1,“X•ά,W,2F,,“X•ά‚Μ‚Ω‚©‚ΙZ‘ξ‚ΰ©‚η‚κ‚ι“s“Ή‰‚Ά‚Μ¤‹Ζ’nζ,“s“Ή,–kΌ,16,,,,,…“Ή,,‹’Ψ“c¬wZ‘O’β,‹ίΪ,,,,70 ,200 ,,,i“sj,,,,,,,,
›,13401 ,6 ,”ªδ,0 ,1 ,“‡‚µ‚ε,“‡•”,”ªδ’¬,Oª‚S‚T‚P‚T”Τ‚P,,"12,800 ","12,800 ",0.0 ,691 ,,1,2,Z‘ξ,RC,2F,,Z‘ξ‚Ζ‹σ’n‚ª¬έ‚·‚ι‹ζ‰ζ®‘R‚Ζ‚µ‚½Z‘ξ’nζ,’¬“Ή,“μ“,5,,,,,…“Ή,,•xm’†‘O’β,,250 ,,,70 ,200 ,,,i“sj,,‘—§φ,•’Κ,,,,,
›,13401 ,6 ,”ªδ,0 ,2 ,“‡‚µ‚ε,“‡•”,”ªδ’¬,––‹g‚Q‚U‚O‚W”ΤO,,"5,000 ","5,000 ",0.0 ,900 ,,1,1.5,Z‘ξ,W,1F,,κ”ΚZ‘ξ“™‚ªUέ‚·‚ιΓ‚­‚©‚η‚ΜZ‘ξ’nζ,’¬“Ή,“μ,5.4,,,,,…“Ή,,––‹g’β,,150 ,,,70 ,200 ,,,i“sj,,,,,,,,
›,13401 ,6 ,”ªδ,5 ,1 ,“‡‚µ‚ε,“‡•”,”ªδ’¬,‘ε‰κ‹½‚P‚Q‚T‚T”Τ‚P,,"25,000 ","25,000 ",0.0 ,455 ,,1,3.5,“X•ά,RC,1F,,“X•άAκ”ΚZ‘ξ“™‚ª¬έ‚·‚ι“s“Ή‰‚Ά‚Μ¤‹Ζ’nζ,“s“Ή,–kΌ,13,,,,,…“Ή,,‘ε¬‘O’β,,50 ,,,70 ,200 ,,,i“sj,,,,,,,,
›,13401 ,6 ,”ªδ,5 ,2 ,“‡‚µ‚ε,“‡•”,”ªδ’¬,Oª‚W‚P‚O”Τ,,"15,000 ","15,000 ",0.0 ,483 ,•s®`,1,1,–―h,RC,3F,,–―hA“X•άAΛZ‘ξ“™‚Μ¬έ’nζ,“s“Ή,“μ“,13,,,,,…“Ή,,_–©’β,,60 ,,,70 ,200 ,,,i“sj,,,,,,,,
›,13421 ,6 ,¬}΄,0 ,1 ,“‡‚µ‚ε,“‡•”,¬}΄‘Ί,•ƒ“‡ξ‰Y‚R‚R”Τ‚P‚X,,"18,000 ","18,000 ",0.0 ,228 ,‘δ`,1.2,1,Z‘ξ,LS,2F,,κ”ΚZ‘ξA–―h“™‚ª‚Ώ•ΐ‚Τ‚‘δ‚ΜZ‘ξ’nζ,‘Ί“Ή,“μΌ,6.3,,‘¤“Ή,–kΌ,,…“Ή,‰Ί…“Ή,π—¬ƒZƒ“ƒ^[’β,,150 ,,,70 ,200 ,,,i“sj,,,,,,,,
›,13421 ,6 ,¬}΄,0 ,2 ,“‡‚µ‚ε,“‡•”,¬}΄‘Ί,•ƒ“‡‰‘Ί‚P‚O”Τ‚X,,"26,200 ","26,200 ",0.0 ,134 ,,1,2,Z‘ξ,W,1F,,κ”ΚZ‘ξ‚Μ‚Ω‚©―Ι“™‚ΰ©‚η‚κ‚ιZ‘ξ’nζ,‘Ί“Ή,“μ“,4.7,,,,,…“Ή,‰Ί…“Ή,‰‘Ί’β,,190 ,,,70 ,200 ,,,i“sj,,,,,,,,
›,13421 ,6 ,¬}΄,0 ,3 ,“‡‚µ‚ε,“‡•”,¬}΄‘Ί,•κ“‡³’n‚X‚X”Τ‚P,,"15,500 ","15,500 ",0.0 ,350 ,‘δ`,1.5,1,Z‘ξ,RC,2F,,―φA“X•ά“™‚Μ’†S{έ‚Ι—ΧΪ‚·‚ιZ‘ξ’nζ,‘Ί“Ή,“,5.8,,,,,…“Ή,‰Ί…“Ή,‰«`,,350 ,,,70 ,200 ,,,i“sj,,,,,,,,
›,13421 ,6 ,¬}΄,0 ,4 ,“‡‚µ‚ε,“‡•”,¬}΄‘Ί,•κ“‡Γ‘ς‚Q‚U”Τ‚T,,"11,600 ","11,600 ",0.0 ,257 ,‘δ`,1.5,1,Z‘ξ,W,2F,,κ”ΚZ‘ξ‚Μ‚Ω‚©–―h“™‚ΰ©‚η‚κ‚ιZ‘ξ’nζ,‘Ί“Ή,–k,6,,,,,…“Ή,‰Ί…“Ή,‰«`,,290 ,,,70 ,200 ,,,i“sj,,,,,,,,
›,13421 ,6 ,¬}΄,0 ,5 ,“‡‚µ‚ε,“‡•”,¬}΄‘Ί,•ƒ“‡‹{”V•l“Ή‚T”Τ‚P‚V,,"30,000 ","30,000 ",0.0 ,309 ,,1,1.5,Z‘ξ,LS,2F,,’†‹K–Νκ”ΚZ‘ξ“™‚ª‚Ώ•ΐ‚Τ‚‘δ‚ΜZ‘ξ’nζ,‘Ί“Ή,“,6,,,,,…“Ή,‰Ί…“Ή,“ρ©‘δV“sZ’β,‹ίΪ,,,,70 ,200 ,,,i“sj,,,,,,,,
›,13421 ,6 ,¬}΄,3 ,1 ,“‡‚µ‚ε,“‡•”,¬}΄‘Ί,•ƒ“‡“ρq‚V”Τ‚P,,"5,800 ","5,800 ",0.0 ,"7,244 ",‘δ`,1,1,”¨,,,,”_’nAR—Ρ‚ª¬έ‚·‚ι‚‘δ‚Μ‘ξ’n©’n’nζ,”_“Ή,–k“,5,,,,,…“Ή,,”_‹ΖƒZƒ“ƒ^[’β,,550 ,,,70 ,200 ,,,i“sj,,,,,,,,
›,13421 ,6 ,¬}΄,3 ,2 ,“‡‚µ‚ε,“‡•”,¬}΄‘Ί,•κ“‡Γ‘ς‚S‚R”Τ‚P,,"2,000 ","2,000 ",0.0 ,"1,579 ",•s®`,1,1,R—ΡA΄–μ,,,,”_’nAR—Ρ“™‚ª¬έ‚·‚ιΌXΞ‚Μ‘ξ’n©’n’nζ,”_“Ή,Ό,5,,,,,,,‰«`,,"1,100 ",,,70 ,200 ,,,i“sj,,,,,,,,
›,13421 ,6 ,¬}΄,5 ,1 ,“‡‚µ‚ε,“‡•”,¬}΄‘Ί,•ƒ“‡“’¬‚V‚V”Τ,,"62,000 ","62,000 ",0.0 ,234 ,,1,3,“X•ά,S,2F,,ωH“XA“yY“X“™‚ª‚Ώ•ΐ‚Τ¤‹Ζ’nζ,‘Ί“Ή,“μ“,5.2,,,,,…“Ή,‰Ί…“Ή,Β“”‘δ“όϋ’β,,150 ,,,70 ,200 ,,,i“sj,,,,,,,,
,,,,,,,,,,,,,,,,,,,,,,,,,,,,,,,,,,,,,,,,,,,,,,,,,
